{
  "type": "FeatureCollection",
  "features": [
    {
      "geometry": {
        "coordinates": [
          [
            [
              [
                -74.52806,
                -11.35042
              ],
              [
                -74.5290684,
                -11.3494062
              ],
              [
                -74.5298781,
                -11.3491522
              ],
              [
                -74.5335934,
                -11.347987
              ],
              [
                -74.5346232,
                -11.3480324
              ],
              [
                -74.5357619,
                -11.348417
              ],
              [
                -74.5366469,
                -11.3488417
              ],
              [
                -74.5378775,
                -11.3488897
              ],
              [
                -74.5398461,
                -11.3485912
              ],
              [
                -74.5412254,
                -11.3484006
              ],
              [
                -74.5423411,
                -11.3483519
              ],
              [
                -74.5445289,
                -11.3483919
              ],
              [
                -74.5458675,
                -11.348417
              ],
              [
                -74.5476131,
                -11.3483214
              ],
              [
                -74.5486924,
                -11.3477625
              ],
              [
                -74.5493476,
                -11.3472229
              ],
              [
                -74.55008,
                -11.3460665
              ],
              [
                -74.5506197,
                -11.3451992
              ],
              [
                -74.5512557,
                -11.3447945
              ],
              [
                -74.5521615,
                -11.3446596
              ],
              [
                -74.5535199,
                -11.3446357
              ],
              [
                -74.5575711,
                -11.3452436
              ],
              [
                -74.5591492,
                -11.3453862
              ],
              [
                -74.56205,
                -11.3456059
              ],
              [
                -74.5638476,
                -11.3458652
              ],
              [
                -74.5644582,
                -11.346504
              ],
              [
                -74.5650884,
                -11.3473592
              ],
              [
                -74.5666189,
                -11.348147
              ],
              [
                -74.5671364,
                -11.348822
              ],
              [
                -74.5676767,
                -11.3502401
              ],
              [
                -74.5685095,
                -11.3526484
              ],
              [
                -74.5694772,
                -11.3530085
              ],
              [
                -74.5707815,
                -11.3530661
              ],
              [
                -74.5726957,
                -11.3536161
              ],
              [
                -74.573461,
                -11.3542914
              ],
              [
                -74.5739111,
                -11.3557994
              ],
              [
                -74.5740686,
                -11.3567671
              ],
              [
                -74.573641,
                -11.35796
              ],
              [
                -74.5736185,
                -11.3587927
              ],
              [
                -74.5745187,
                -11.3602332
              ],
              [
                -74.5754191,
                -11.3616061
              ],
              [
                -74.5755091,
                -11.3621912
              ],
              [
                -74.5750742,
                -11.364459
              ],
              [
                -74.5751875,
                -11.3653809
              ],
              [
                -74.5755374,
                -11.3659685
              ],
              [
                -74.5773134,
                -11.3680244
              ],
              [
                -74.5788439,
                -11.3685645
              ],
              [
                -74.5801342,
                -11.3682645
              ],
              [
                -74.5853859,
                -11.3644532
              ],
              [
                -74.5866195,
                -11.3639417
              ],
              [
                -74.5875532,
                -11.3635546
              ],
              [
                -74.5883779,
                -11.3632126
              ],
              [
                -74.5899917,
                -11.3629796
              ],
              [
                -74.5915084,
                -11.362406
              ],
              [
                -74.5938941,
                -11.360761
              ],
              [
                -74.5949165,
                -11.3604749
              ],
              [
                -74.5959257,
                -11.3604854
              ],
              [
                -74.5977119,
                -11.3606391
              ],
              [
                -74.5982679,
                -11.3606235
              ],
              [
                -74.6021347,
                -11.3605156
              ],
              [
                -74.6042612,
                -11.3606581
              ],
              [
                -74.6057016,
                -11.3605239
              ],
              [
                -74.6073725,
                -11.3598132
              ],
              [
                -74.6099969,
                -11.3594025
              ],
              [
                -74.610721,
                -11.3589054
              ],
              [
                -74.6121011,
                -11.3575481
              ],
              [
                -74.611845,
                -11.3572085
              ],
              [
                -74.6115856,
                -11.3564519
              ],
              [
                -74.6112749,
                -11.3551081
              ],
              [
                -74.6109375,
                -11.3537909
              ],
              [
                -74.6108709,
                -11.3517076
              ],
              [
                -74.6107209,
                -11.3502911
              ],
              [
                -74.6105209,
                -11.3491077
              ],
              [
                -74.6111707,
                -11.3461247
              ],
              [
                -74.6112982,
                -11.3444317
              ],
              [
                -74.6117107,
                -11.3431252
              ],
              [
                -74.6117484,
                -11.3430096
              ],
              [
                -74.6116879,
                -11.342835
              ],
              [
                -74.6114542,
                -11.3427416
              ],
              [
                -74.6102375,
                -11.3423416
              ],
              [
                -74.6091542,
                -11.3416917
              ],
              [
                -74.6089876,
                -11.3412084
              ],
              [
                -74.6090376,
                -11.3406251
              ],
              [
                -74.6093709,
                -11.3379254
              ],
              [
                -74.6098209,
                -11.3351255
              ],
              [
                -74.6106709,
                -11.3326922
              ],
              [
                -74.6105875,
                -11.3316757
              ],
              [
                -74.6101875,
                -11.3308757
              ],
              [
                -74.6094042,
                -11.3298259
              ],
              [
                -74.6084711,
                -11.329076
              ],
              [
                -74.6083044,
                -11.3286425
              ],
              [
                -74.6086044,
                -11.3275594
              ],
              [
                -74.6099209,
                -11.3257095
              ],
              [
                -74.6107541,
                -11.3243596
              ],
              [
                -74.6111114,
                -11.3235039
              ],
              [
                -74.6108875,
                -11.3223097
              ],
              [
                -74.6101042,
                -11.3203932
              ],
              [
                -74.6096209,
                -11.3190766
              ],
              [
                -74.6086544,
                -11.3169435
              ],
              [
                -74.608071,
                -11.3160601
              ],
              [
                -74.6072711,
                -11.314927
              ],
              [
                -74.6069544,
                -11.3133104
              ],
              [
                -74.6068045,
                -11.3123437
              ],
              [
                -74.6064045,
                -11.3104772
              ],
              [
                -74.6061045,
                -11.3093607
              ],
              [
                -74.6050379,
                -11.3080607
              ],
              [
                -74.6046046,
                -11.3074609
              ],
              [
                -74.6040376,
                -11.3067487
              ],
              [
                -74.6034046,
                -11.3063446
              ],
              [
                -74.6023299,
                -11.3060774
              ],
              [
                -74.6012551,
                -11.3058101
              ],
              [
                -74.5996382,
                -11.3055776
              ],
              [
                -74.5973717,
                -11.3047776
              ],
              [
                -74.5958885,
                -11.3040112
              ],
              [
                -74.5949514,
                -11.3032927
              ],
              [
                -74.5944095,
                -11.3029735
              ],
              [
                -74.5941232,
                -11.3025351
              ],
              [
                -74.5949965,
                -11.3014732
              ],
              [
                -74.595169,
                -11.3010166
              ],
              [
                -74.5955219,
                -11.2992947
              ],
              [
                -74.5959719,
                -11.2980281
              ],
              [
                -74.5960311,
                -11.2970682
              ],
              [
                -74.5959164,
                -11.2962882
              ],
              [
                -74.5956584,
                -11.2957261
              ],
              [
                -74.5949121,
                -11.294758
              ],
              [
                -74.5934597,
                -11.2926849
              ],
              [
                -74.5933756,
                -11.2921585
              ],
              [
                -74.5934704,
                -11.2908957
              ],
              [
                -74.5933172,
                -11.2905534
              ],
              [
                -74.5930284,
                -11.2903064
              ],
              [
                -74.5918706,
                -11.2899801
              ],
              [
                -74.5912709,
                -11.2899486
              ],
              [
                -74.5887485,
                -11.2903652
              ],
              [
                -74.5880077,
                -11.2905116
              ],
              [
                -74.5874027,
                -11.2906311
              ],
              [
                -74.5864724,
                -11.2905314
              ],
              [
                -74.5855586,
                -11.2902656
              ],
              [
                -74.5847279,
                -11.2899997
              ],
              [
                -74.583515,
                -11.2892356
              ],
              [
                -74.58242,
                -11.2889687
              ],
              [
                -74.5816075,
                -11.288961
              ],
              [
                -74.5799762,
                -11.2894681
              ],
              [
                -74.5762547,
                -11.2900995
              ],
              [
                -74.5754756,
                -11.2902272
              ],
              [
                -74.573015,
                -11.2906311
              ],
              [
                -74.5700982,
                -11.2915595
              ],
              [
                -74.5679481,
                -11.2917235
              ],
              [
                -74.5660166,
                -11.2917599
              ],
              [
                -74.5648945,
                -11.2915274
              ],
              [
                -74.5641895,
                -11.291336
              ],
              [
                -74.5638066,
                -11.2913731
              ],
              [
                -74.5635215,
                -11.2914121
              ],
              [
                -74.5633691,
                -11.2912794
              ],
              [
                -74.5632364,
                -11.29042
              ],
              [
                -74.5626114,
                -11.2887774
              ],
              [
                -74.5613807,
                -11.2860077
              ],
              [
                -74.5611514,
                -11.2854915
              ],
              [
                -74.5601674,
                -11.2842707
              ],
              [
                -74.5578715,
                -11.2820112
              ],
              [
                -74.5575935,
                -11.2818757
              ],
              [
                -74.5555357,
                -11.2808726
              ],
              [
                -74.553808,
                -11.2806264
              ],
              [
                -74.5528422,
                -11.2805352
              ],
              [
                -74.5499085,
                -11.279533
              ],
              [
                -74.5481227,
                -11.2787495
              ],
              [
                -74.545353,
                -11.2773829
              ],
              [
                -74.5438041,
                -11.2761437
              ],
              [
                -74.5432534,
                -11.2755081
              ],
              [
                -74.5429987,
                -11.2747834
              ],
              [
                -74.5428965,
                -11.2741395
              ],
              [
                -74.5426014,
                -11.2722807
              ],
              [
                -74.5424967,
                -11.271311
              ],
              [
                -74.5421091,
                -11.2705414
              ],
              [
                -74.5410964,
                -11.2692056
              ],
              [
                -74.5409039,
                -11.2687399
              ],
              [
                -74.5410525,
                -11.2672515
              ],
              [
                -74.5409979,
                -11.2656115
              ],
              [
                -74.5410345,
                -11.2649737
              ],
              [
                -74.5415801,
                -11.2640137
              ],
              [
                -74.5433669,
                -11.2628417
              ],
              [
                -74.543877,
                -11.2621859
              ],
              [
                -74.5441321,
                -11.2612565
              ],
              [
                -74.5446059,
                -11.2606187
              ],
              [
                -74.5452984,
                -11.2598534
              ],
              [
                -74.5456081,
                -11.2596985
              ],
              [
                -74.5460636,
                -11.2594707
              ],
              [
                -74.5462459,
                -11.2591427
              ],
              [
                -74.5462686,
                -11.2589245
              ],
              [
                -74.546337,
                -11.2582681
              ],
              [
                -74.5465921,
                -11.2577761
              ],
              [
                -74.5476672,
                -11.2568105
              ],
              [
                -74.5482321,
                -11.2559357
              ],
              [
                -74.5487605,
                -11.2545326
              ],
              [
                -74.549289,
                -11.2535669
              ],
              [
                -74.5500141,
                -11.2521126
              ],
              [
                -74.5501089,
                -11.2514896
              ],
              [
                -74.5500179,
                -11.2511251
              ],
              [
                -74.548882,
                -11.249264
              ],
              [
                -74.5486394,
                -11.2486101
              ],
              [
                -74.5486511,
                -11.2481732
              ],
              [
                -74.5488447,
                -11.2473732
              ],
              [
                -74.5488687,
                -11.2466814
              ],
              [
                -74.5487787,
                -11.2460959
              ],
              [
                -74.5484871,
                -11.2452941
              ],
              [
                -74.5475647,
                -11.2435305
              ],
              [
                -74.5471232,
                -11.2430835
              ],
              [
                -74.546501,
                -11.2425061
              ],
              [
                -74.5461184,
                -11.2415769
              ],
              [
                -74.5460819,
                -11.2401556
              ],
              [
                -74.5461184,
                -11.2396819
              ],
              [
                -74.5461366,
                -11.239208
              ],
              [
                -74.5462641,
                -11.2386067
              ],
              [
                -74.5468107,
                -11.2372765
              ],
              [
                -74.5473391,
                -11.2354179
              ],
              [
                -74.5475214,
                -11.2348895
              ],
              [
                -74.5479222,
                -11.2347255
              ],
              [
                -74.5480566,
                -11.2346432
              ],
              [
                -74.5482502,
                -11.2345251
              ],
              [
                -74.5482867,
                -11.2342335
              ],
              [
                -74.5482321,
                -11.2338509
              ],
              [
                -74.5480566,
                -11.2335766
              ],
              [
                -74.5479415,
                -11.2333967
              ],
              [
                -74.547649,
                -11.2329396
              ],
              [
                -74.5467925,
                -11.2320651
              ],
              [
                -74.5437022,
                -11.2312724
              ],
              [
                -74.5427147,
                -11.2309087
              ],
              [
                -74.5419455,
                -11.2306256
              ],
              [
                -74.5408705,
                -11.2300789
              ],
              [
                -74.5403785,
                -11.2298785
              ],
              [
                -74.5398317,
                -11.229769
              ],
              [
                -74.539358,
                -11.2298785
              ],
              [
                -74.5386839,
                -11.2302611
              ],
              [
                -74.5377899,
                -11.2303472
              ],
              [
                -74.5371714,
                -11.2304069
              ],
              [
                -74.5367887,
                -11.2306437
              ],
              [
                -74.5364467,
                -11.2310629
              ],
              [
                -74.5352601,
                -11.2320216
              ],
              [
                -74.5333266,
                -11.2327392
              ],
              [
                -74.5322515,
                -11.2327757
              ],
              [
                -74.5316684,
                -11.2329032
              ],
              [
                -74.5307175,
                -11.2341362
              ],
              [
                -74.5305111,
                -11.2342209
              ],
              [
                -74.5301377,
                -11.2342881
              ],
              [
                -74.5294089,
                -11.2347072
              ],
              [
                -74.5289534,
                -11.2353086
              ],
              [
                -74.5284431,
                -11.2365476
              ],
              [
                -74.5276414,
                -11.2385521
              ],
              [
                -74.5269854,
                -11.2396819
              ],
              [
                -74.5264022,
                -11.2403196
              ],
              [
                -74.5260014,
                -11.2407751
              ],
              [
                -74.525801,
                -11.2414311
              ],
              [
                -74.525801,
                -11.2425061
              ],
              [
                -74.5257827,
                -11.2432715
              ],
              [
                -74.5254912,
                -11.2436724
              ],
              [
                -74.5247441,
                -11.2442372
              ],
              [
                -74.5242704,
                -11.2444012
              ],
              [
                -74.5234139,
                -11.2444012
              ],
              [
                -74.5226304,
                -11.2444924
              ],
              [
                -74.5220837,
                -11.2448021
              ],
              [
                -74.5217237,
                -11.245221
              ],
              [
                -74.5211909,
                -11.2458409
              ],
              [
                -74.518957,
                -11.2472617
              ],
              [
                -74.5171456,
                -11.2488837
              ],
              [
                -74.516854,
                -11.2492665
              ],
              [
                -74.5167629,
                -11.2496674
              ],
              [
                -74.516854,
                -11.2504509
              ],
              [
                -74.5159611,
                -11.2519817
              ],
              [
                -74.5149954,
                -11.2525465
              ],
              [
                -74.513319,
                -11.2528016
              ],
              [
                -74.512236,
                -11.2528752
              ],
              [
                -74.5117155,
                -11.2529109
              ],
              [
                -74.5105857,
                -11.2525646
              ],
              [
                -74.5095289,
                -11.2522367
              ],
              [
                -74.5083626,
                -11.2522002
              ],
              [
                -74.5064399,
                -11.2523914
              ],
              [
                -74.5049091,
                -11.252583
              ],
              [
                -74.5035344,
                -11.2526522
              ],
              [
                -74.5024022,
                -11.2525712
              ],
              [
                -74.5012751,
                -11.2523066
              ],
              [
                -74.5004119,
                -11.2522106
              ],
              [
                -74.4929775,
                -11.2526557
              ],
              [
                -74.4894712,
                -11.2523157
              ],
              [
                -74.4872426,
                -11.2519447
              ],
              [
                -74.4869351,
                -11.2516427
              ],
              [
                -74.4865312,
                -11.2512461
              ],
              [
                -74.4865856,
                -11.2505959
              ],
              [
                -74.4870927,
                -11.2463469
              ],
              [
                -74.4869232,
                -11.2454477
              ],
              [
                -74.4866794,
                -11.2441544
              ],
              [
                -74.4864291,
                -11.2427146
              ],
              [
                -74.4861432,
                -11.2404009
              ],
              [
                -74.4862732,
                -11.237931
              ],
              [
                -74.4859872,
                -11.2361111
              ],
              [
                -74.4854412,
                -11.2345252
              ],
              [
                -74.4855001,
                -11.2341657
              ],
              [
                -74.4856752,
                -11.2330954
              ],
              [
                -74.4856232,
                -11.2319515
              ],
              [
                -74.4848952,
                -11.2301835
              ],
              [
                -74.4821135,
                -11.2254259
              ],
              [
                -74.4813595,
                -11.224282
              ],
              [
                -74.4804496,
                -11.22345
              ],
              [
                -74.4792796,
                -11.2227741
              ],
              [
                -74.4776417,
                -11.2223061
              ],
              [
                -74.4769659,
                -11.2221761
              ],
              [
                -74.4762899,
                -11.2221241
              ],
              [
                -74.475666,
                -11.2221241
              ],
              [
                -74.4744729,
                -11.2223832
              ],
              [
                -74.4732444,
                -11.222596
              ],
              [
                -74.471451,
                -11.2229067
              ],
              [
                -74.4672869,
                -11.2230019
              ],
              [
                -74.4648836,
                -11.2229544
              ],
              [
                -74.4630884,
                -11.222848
              ],
              [
                -74.4620102,
                -11.2227461
              ],
              [
                -74.4600527,
                -11.2223869
              ],
              [
                -74.4585126,
                -11.2218079
              ],
              [
                -74.4563809,
                -11.2208331
              ],
              [
                -74.4557049,
                -11.2207032
              ],
              [
                -74.454912,
                -11.2209631
              ],
              [
                -74.4534097,
                -11.2215089
              ],
              [
                -74.4522009,
                -11.2219482
              ],
              [
                -74.4499835,
                -11.2224445
              ],
              [
                -74.4478045,
                -11.2229322
              ],
              [
                -74.4472707,
                -11.2228849
              ],
              [
                -74.4447885,
                -11.2226642
              ],
              [
                -74.4425819,
                -11.2219995
              ],
              [
                -74.4422945,
                -11.2218847
              ],
              [
                -74.4371302,
                -11.2198224
              ],
              [
                -74.4353994,
                -11.2193971
              ],
              [
                -74.4347989,
                -11.2193555
              ],
              [
                -74.4313377,
                -11.2205909
              ],
              [
                -74.4284637,
                -11.2215844
              ],
              [
                -74.4274171,
                -11.2216021
              ],
              [
                -74.4262816,
                -11.2211585
              ],
              [
                -74.4251462,
                -11.2197392
              ],
              [
                -74.4250221,
                -11.219012
              ],
              [
                -74.424947,
                -11.2178715
              ],
              [
                -74.4249301,
                -11.21778
              ],
              [
                -74.4249099,
                -11.21734
              ],
              [
                -74.42471,
                -11.21688
              ],
              [
                -74.4245721,
                -11.21652
              ],
              [
                -74.4244965,
                -11.2163649
              ],
              [
                -74.4244311,
                -11.2163051
              ],
              [
                -74.424391,
                -11.2162685
              ],
              [
                -74.423944,
                -11.2160854
              ],
              [
                -74.4239284,
                -11.216079
              ],
              [
                -74.4232564,
                -11.2162026
              ],
              [
                -74.4229314,
                -11.2163946
              ],
              [
                -74.4226212,
                -11.216764
              ],
              [
                -74.4220894,
                -11.2178127
              ],
              [
                -74.4218419,
                -11.2179557
              ],
              [
                -74.421757,
                -11.2180047
              ],
              [
                -74.42124,
                -11.2179752
              ],
              [
                -74.4205457,
                -11.2176724
              ],
              [
                -74.4195487,
                -11.2170667
              ],
              [
                -74.4187954,
                -11.2162544
              ],
              [
                -74.4178279,
                -11.2150356
              ],
              [
                -74.4174069,
                -11.2147994
              ],
              [
                -74.4170367,
                -11.2147116
              ],
              [
                -74.4167125,
                -11.2146959
              ],
              [
                -74.4162617,
                -11.2147986
              ],
              [
                -74.4157081,
                -11.2149249
              ],
              [
                -74.415083,
                -11.214947
              ],
              [
                -74.4144525,
                -11.2149692
              ],
              [
                -74.4125617,
                -11.2147845
              ],
              [
                -74.4116584,
                -11.2146069
              ],
              [
                -74.4113926,
                -11.2144941
              ],
              [
                -74.4110846,
                -11.2143636
              ],
              [
                -74.4105897,
                -11.2139574
              ],
              [
                -74.4096,
                -11.2131596
              ],
              [
                -74.4089132,
                -11.2129824
              ],
              [
                -74.4085809,
                -11.2129811
              ],
              [
                -74.4083461,
                -11.2130177
              ],
              [
                -74.408241,
                -11.2130341
              ],
              [
                -74.4072735,
                -11.2138022
              ],
              [
                -74.4066235,
                -11.2140681
              ],
              [
                -74.406077,
                -11.2141494
              ],
              [
                -74.4052505,
                -11.2140696
              ],
              [
                -74.4050061,
                -11.214046
              ],
              [
                -74.4032704,
                -11.213721
              ],
              [
                -74.402433,
                -11.2137944
              ],
              [
                -74.4019631,
                -11.2139352
              ],
              [
                -74.4013417,
                -11.2142344
              ],
              [
                -74.4011655,
                -11.2143192
              ],
              [
                -74.4008626,
                -11.2143414
              ],
              [
                -74.4003605,
                -11.2142232
              ],
              [
                -74.3998139,
                -11.2138317
              ],
              [
                -74.3991196,
                -11.2130562
              ],
              [
                -74.3990422,
                -11.213014
              ],
              [
                -74.3987281,
                -11.2128422
              ],
              [
                -74.3984696,
                -11.2128422
              ],
              [
                -74.398056,
                -11.2129899
              ],
              [
                -74.3970397,
                -11.2136755
              ],
              [
                -74.3965124,
                -11.2140312
              ],
              [
                -74.3958402,
                -11.214275
              ],
              [
                -74.3945995,
                -11.214467
              ],
              [
                -74.3939716,
                -11.214467
              ],
              [
                -74.3907667,
                -11.2134756
              ],
              [
                -74.3902044,
                -11.2133015
              ],
              [
                -74.388677,
                -11.2126455
              ],
              [
                -74.3872285,
                -11.2121035
              ],
              [
                -74.3859729,
                -11.211424
              ],
              [
                -74.3848871,
                -11.210582
              ],
              [
                -74.3845252,
                -11.2101759
              ],
              [
                -74.3842076,
                -11.2088537
              ],
              [
                -74.3842961,
                -11.2071476
              ],
              [
                -74.3842002,
                -11.206025
              ],
              [
                -74.3839122,
                -11.2045479
              ],
              [
                -74.3835651,
                -11.2035655
              ],
              [
                -74.3828265,
                -11.2027974
              ],
              [
                -74.3819919,
                -11.2020515
              ],
              [
                -74.3804409,
                -11.200914
              ],
              [
                -74.3795102,
                -11.200434
              ],
              [
                -74.3779297,
                -11.1997914
              ],
              [
                -74.376231,
                -11.1994074
              ],
              [
                -74.3741925,
                -11.1987279
              ],
              [
                -74.3721836,
                -11.1980482
              ],
              [
                -74.3703816,
                -11.1970144
              ],
              [
                -74.3697167,
                -11.1964161
              ],
              [
                -74.3693917,
                -11.1958179
              ],
              [
                -74.3682765,
                -11.1937424
              ],
              [
                -74.3672867,
                -11.192051
              ],
              [
                -74.3655732,
                -11.1891115
              ],
              [
                -74.3649012,
                -11.1876712
              ],
              [
                -74.3642365,
                -11.1850197
              ],
              [
                -74.3639854,
                -11.1845914
              ],
              [
                -74.3628405,
                -11.183742
              ],
              [
                -74.3622349,
                -11.1833432
              ],
              [
                -74.3615332,
                -11.1831807
              ],
              [
                -74.3610601,
                -11.1832802
              ],
              [
                -74.360346,
                -11.183658
              ],
              [
                -74.3600959,
                -11.1838081
              ],
              [
                -74.3598382,
                -11.1839627
              ],
              [
                -74.3593305,
                -11.1840457
              ],
              [
                -74.3588226,
                -11.1839534
              ],
              [
                -74.3579456,
                -11.1835104
              ],
              [
                -74.3574747,
                -11.1829289
              ],
              [
                -74.3565054,
                -11.181867
              ],
              [
                -74.3562236,
                -11.1816012
              ],
              [
                -74.3561,
                -11.1814845
              ],
              [
                -74.3558764,
                -11.1813924
              ],
              [
                -74.355633,
                -11.1814187
              ],
              [
                -74.3552909,
                -11.1815831
              ],
              [
                -74.3550081,
                -11.1819055
              ],
              [
                -74.3547319,
                -11.1823987
              ],
              [
                -74.3545542,
                -11.1831289
              ],
              [
                -74.354324,
                -11.183609
              ],
              [
                -74.3534624,
                -11.1847272
              ],
              [
                -74.3530216,
                -11.1851219
              ],
              [
                -74.3528967,
                -11.1852337
              ],
              [
                -74.3525612,
                -11.1853585
              ],
              [
                -74.3521864,
                -11.1853981
              ],
              [
                -74.3516996,
                -11.1851745
              ],
              [
                -74.3514365,
                -11.1848061
              ],
              [
                -74.3512129,
                -11.1842011
              ],
              [
                -74.3510879,
                -11.1836221
              ],
              [
                -74.3510945,
                -11.1827342
              ],
              [
                -74.3512984,
                -11.1809977
              ],
              [
                -74.3510681,
                -11.1799716
              ],
              [
                -74.3506011,
                -11.1793402
              ],
              [
                -74.349996,
                -11.1788271
              ],
              [
                -74.3489172,
                -11.1779655
              ],
              [
                -74.3481477,
                -11.1768079
              ],
              [
                -74.3472729,
                -11.1752095
              ],
              [
                -74.3469901,
                -11.1748346
              ],
              [
                -74.3464639,
                -11.1745979
              ],
              [
                -74.3454836,
                -11.1743869
              ],
              [
                -74.3417806,
                -11.174361
              ],
              [
                -74.3411641,
                -11.1743916
              ],
              [
                -74.3407217,
                -11.1744136
              ],
              [
                -74.339472,
                -11.1741702
              ],
              [
                -74.3385445,
                -11.1738875
              ],
              [
                -74.3382946,
                -11.1736967
              ],
              [
                -74.3381104,
                -11.1734072
              ],
              [
                -74.3381762,
                -11.1725325
              ],
              [
                -74.3384919,
                -11.1710986
              ],
              [
                -74.3384525,
                -11.1702764
              ],
              [
                -74.338275,
                -11.1696779
              ],
              [
                -74.3379262,
                -11.1692502
              ],
              [
                -74.3368081,
                -11.1680992
              ],
              [
                -74.3363805,
                -11.1678164
              ],
              [
                -74.3359792,
                -11.1677704
              ],
              [
                -74.3355331,
                -11.1678034
              ],
              [
                -74.3341315,
                -11.1684487
              ],
              [
                -74.3320394,
                -11.1694542
              ],
              [
                -74.3310592,
                -11.16952
              ],
              [
                -74.3304015,
                -11.1693687
              ],
              [
                -74.3295004,
                -11.1688096
              ],
              [
                -74.328823,
                -11.1678559
              ],
              [
                -74.3285796,
                -11.1673427
              ],
              [
                -74.3281389,
                -11.1652447
              ],
              [
                -74.3277902,
                -11.1635081
              ],
              [
                -74.3274219,
                -11.1626661
              ],
              [
                -74.3269681,
                -11.1622584
              ],
              [
                -74.3264747,
                -11.1620545
              ],
              [
                -74.3259551,
                -11.1620545
              ],
              [
                -74.3245146,
                -11.1621269
              ],
              [
                -74.3238437,
                -11.1619624
              ],
              [
                -74.3233044,
                -11.1615875
              ],
              [
                -74.3228307,
                -11.1610481
              ],
              [
                -74.3224559,
                -11.1605219
              ],
              [
                -74.3219494,
                -11.1601011
              ],
              [
                -74.3209299,
                -11.1593774
              ],
              [
                -74.3199696,
                -11.1585617
              ],
              [
                -74.3175161,
                -11.1558914
              ],
              [
                -74.3161349,
                -11.154681
              ],
              [
                -74.3152666,
                -11.154168
              ],
              [
                -74.3142077,
                -11.1536747
              ],
              [
                -74.3126225,
                -11.1530696
              ],
              [
                -74.3111752,
                -11.1527539
              ],
              [
                -74.3103072,
                -11.1526617
              ],
              [
                -74.3083669,
                -11.152346
              ],
              [
                -74.3058345,
                -11.1513265
              ],
              [
                -74.3045519,
                -11.1506819
              ],
              [
                -74.3012894,
                -11.1494059
              ],
              [
                -74.3011317,
                -11.1493211
              ],
              [
                -74.2999646,
                -11.148693
              ],
              [
                -74.2984485,
                -11.1478771
              ],
              [
                -74.2972765,
                -11.1476401
              ],
              [
                -74.2930606,
                -11.1476836
              ],
              [
                -74.2911479,
                -11.1480127
              ],
              [
                -74.2892485,
                -11.1490795
              ],
              [
                -74.2867837,
                -11.151146
              ],
              [
                -74.2845326,
                -11.1533997
              ],
              [
                -74.2836701,
                -11.1540699
              ],
              [
                -74.2812402,
                -11.1557961
              ],
              [
                -74.2799059,
                -11.1580201
              ],
              [
                -74.277415,
                -11.1600217
              ],
              [
                -74.2753689,
                -11.1606
              ],
              [
                -74.2729225,
                -11.1608669
              ],
              [
                -74.2705426,
                -11.1614375
              ],
              [
                -74.269841,
                -11.1618372
              ],
              [
                -74.2678317,
                -11.1623897
              ],
              [
                -74.2670147,
                -11.162986
              ],
              [
                -74.2665926,
                -11.163294
              ],
              [
                -74.264667,
                -11.1640642
              ],
              [
                -74.2624735,
                -11.1643321
              ],
              [
                -74.2609331,
                -11.1642484
              ],
              [
                -74.2582887,
                -11.164781
              ],
              [
                -74.2560647,
                -11.1647365
              ],
              [
                -74.2541521,
                -11.1645141
              ],
              [
                -74.2523616,
                -11.1648844
              ],
              [
                -74.2512145,
                -11.1654844
              ],
              [
                -74.2495409,
                -11.1666646
              ],
              [
                -74.2492137,
                -11.1668954
              ],
              [
                -74.2479921,
                -11.1672324
              ],
              [
                -74.2469391,
                -11.1671692
              ],
              [
                -74.2457596,
                -11.1665795
              ],
              [
                -74.2445802,
                -11.165042
              ],
              [
                -74.2435904,
                -11.1634414
              ],
              [
                -74.2427479,
                -11.1627254
              ],
              [
                -74.2414,
                -11.1618196
              ],
              [
                -74.2398307,
                -11.1613671
              ],
              [
                -74.2383672,
                -11.1614827
              ],
              [
                -74.2354707,
                -11.1621567
              ],
              [
                -74.2330689,
                -11.1630907
              ],
              [
                -74.2316276,
                -11.1638836
              ],
              [
                -74.230578,
                -11.1645141
              ],
              [
                -74.2302165,
                -11.1648756
              ],
              [
                -74.2299109,
                -11.1651814
              ],
              [
                -74.2298219,
                -11.165982
              ],
              [
                -74.2307115,
                -11.1683394
              ],
              [
                -74.2311221,
                -11.1740351
              ],
              [
                -74.231417,
                -11.177089
              ],
              [
                -74.2314591,
                -11.1787317
              ],
              [
                -74.2328281,
                -11.1899364
              ],
              [
                -74.2339022,
                -11.1923795
              ],
              [
                -74.2349764,
                -11.194275
              ],
              [
                -74.2407892,
                -11.2010566
              ],
              [
                -74.2419265,
                -11.2026994
              ],
              [
                -74.2422425,
                -11.2034576
              ],
              [
                -74.2422635,
                -11.2047002
              ],
              [
                -74.242095,
                -11.20668
              ],
              [
                -74.2415685,
                -11.2090599
              ],
              [
                -74.2412526,
                -11.2104921
              ],
              [
                -74.2414421,
                -11.2119242
              ],
              [
                -74.2421371,
                -11.2141777
              ],
              [
                -74.2426215,
                -11.2162629
              ],
              [
                -74.2428321,
                -11.2196115
              ],
              [
                -74.2429375,
                -11.2217597
              ],
              [
                -74.2426847,
                -11.2235079
              ],
              [
                -74.2420529,
                -11.2254246
              ],
              [
                -74.241042,
                -11.2284784
              ],
              [
                -74.240726,
                -11.229763
              ],
              [
                -74.2406207,
                -11.2315742
              ],
              [
                -74.240705,
                -11.2338067
              ],
              [
                -74.2406629,
                -11.2356601
              ],
              [
                -74.2408945,
                -11.2364605
              ],
              [
                -74.2419897,
                -11.2381244
              ],
              [
                -74.243464,
                -11.240062
              ],
              [
                -74.2452121,
                -11.2418521
              ],
              [
                -74.2466864,
                -11.2434529
              ],
              [
                -74.2474235,
                -11.2447586
              ],
              [
                -74.2478236,
                -11.245601
              ],
              [
                -74.247929,
                -11.2466541
              ],
              [
                -74.2476341,
                -11.2477914
              ],
              [
                -74.2468549,
                -11.2499817
              ],
              [
                -74.2455911,
                -11.2522775
              ],
              [
                -74.2443907,
                -11.2537517
              ],
              [
                -74.2428477,
                -11.2553494
              ],
              [
                -74.2418212,
                -11.2565317
              ],
              [
                -74.241379,
                -11.256595
              ],
              [
                -74.240705,
                -11.2563212
              ],
              [
                -74.23763,
                -11.2544257
              ],
              [
                -74.2367244,
                -11.253836
              ],
              [
                -74.2346604,
                -11.2525934
              ],
              [
                -74.233839,
                -11.2521511
              ],
              [
                -74.2323647,
                -11.2518562
              ],
              [
                -74.2311854,
                -11.2511612
              ],
              [
                -74.2301322,
                -11.2510349
              ],
              [
                -74.2293627,
                -11.2510614
              ],
              [
                -74.2289107,
                -11.251077
              ],
              [
                -74.2280051,
                -11.2517299
              ],
              [
                -74.2265097,
                -11.2542151
              ],
              [
                -74.22592,
                -11.2566371
              ],
              [
                -74.2257515,
                -11.2591855
              ],
              [
                -74.2253514,
                -11.2613337
              ],
              [
                -74.225541,
                -11.2628501
              ],
              [
                -74.2264466,
                -11.2674836
              ],
              [
                -74.2267204,
                -11.2691264
              ],
              [
                -74.2266571,
                -11.2704532
              ],
              [
                -74.2268046,
                -11.2720117
              ],
              [
                -74.2268256,
                -11.2736124
              ],
              [
                -74.2265309,
                -11.2747497
              ],
              [
                -74.2249091,
                -11.278646
              ],
              [
                -74.2246564,
                -11.2808785
              ],
              [
                -74.2247616,
                -11.2832164
              ],
              [
                -74.2242562,
                -11.2870495
              ],
              [
                -74.2235476,
                -11.2897422
              ],
              [
                -74.2234137,
                -11.2902507
              ],
              [
                -74.2225081,
                -11.2914301
              ],
              [
                -74.221789,
                -11.292159
              ],
              [
                -74.2209496,
                -11.2930097
              ],
              [
                -74.2202125,
                -11.2940417
              ],
              [
                -74.2196227,
                -11.2955371
              ],
              [
                -74.2192436,
                -11.2972641
              ],
              [
                -74.2191805,
                -11.2981276
              ],
              [
                -74.2195806,
                -11.2997282
              ],
              [
                -74.2198122,
                -11.3010341
              ],
              [
                -74.2195385,
                -11.3043827
              ],
              [
                -74.2191384,
                -11.3071629
              ],
              [
                -74.2198965,
                -11.308911
              ],
              [
                -74.2200019,
                -11.3099009
              ],
              [
                -74.2198122,
                -11.3110802
              ],
              [
                -74.21937,
                -11.312007
              ],
              [
                -74.2185276,
                -11.3131021
              ],
              [
                -74.2161687,
                -11.3153135
              ],
              [
                -74.2130937,
                -11.3177987
              ],
              [
                -74.2117459,
                -11.3199891
              ],
              [
                -74.210398,
                -11.3211475
              ],
              [
                -74.2094712,
                -11.3218636
              ],
              [
                -74.2068175,
                -11.3236959
              ],
              [
                -74.2047746,
                -11.3259916
              ],
              [
                -74.2030897,
                -11.3282451
              ],
              [
                -74.2019945,
                -11.3302879
              ],
              [
                -74.2011589,
                -11.3323519
              ],
              [
                -74.1991934,
                -11.3350479
              ],
              [
                -74.198372,
                -11.3367327
              ],
              [
                -74.1962659,
                -11.3400815
              ],
              [
                -74.1951075,
                -11.3436409
              ],
              [
                -74.1944336,
                -11.3448202
              ],
              [
                -74.193528,
                -11.3456627
              ],
              [
                -74.1922642,
                -11.3463156
              ],
              [
                -74.1908952,
                -11.3468632
              ],
              [
                -74.1902002,
                -11.3473476
              ],
              [
                -74.1894,
                -11.3482111
              ],
              [
                -74.1881995,
                -11.349896
              ],
              [
                -74.187357,
                -11.3512017
              ],
              [
                -74.1850824,
                -11.3540451
              ],
              [
                -74.1845349,
                -11.3552245
              ],
              [
                -74.1841136,
                -11.3561301
              ],
              [
                -74.1833554,
                -11.3590997
              ],
              [
                -74.1833344,
                -11.359858
              ],
              [
                -74.1838609,
                -11.3621746
              ],
              [
                -74.1839451,
                -11.3635647
              ],
              [
                -74.1837976,
                -11.3648284
              ],
              [
                -74.1834607,
                -11.3655232
              ],
              [
                -74.1816705,
                -11.3665765
              ],
              [
                -74.1802805,
                -11.3675664
              ],
              [
                -74.1791431,
                -11.3685351
              ],
              [
                -74.1780269,
                -11.3699884
              ],
              [
                -74.1761946,
                -11.3732739
              ],
              [
                -74.1733092,
                -11.3775494
              ],
              [
                -74.1719612,
                -11.380182
              ],
              [
                -74.1701921,
                -11.383299
              ],
              [
                -74.1684341,
                -11.3853072
              ],
              [
                -74.1662754,
                -11.3868826
              ],
              [
                -74.1645689,
                -11.3878904
              ],
              [
                -74.1631105,
                -11.3894451
              ],
              [
                -74.1602512,
                -11.3917655
              ],
              [
                -74.1595354,
                -11.3927975
              ],
              [
                -74.1579345,
                -11.396715
              ],
              [
                -74.1561444,
                -11.4012431
              ],
              [
                -74.1549017,
                -11.4047815
              ],
              [
                -74.1544641,
                -11.4055532
              ],
              [
                -74.1533434,
                -11.4067612
              ],
              [
                -74.1524044,
                -11.4084239
              ],
              [
                -74.1516584,
                -11.4089305
              ],
              [
                -74.1503525,
                -11.409436
              ],
              [
                -74.1459929,
                -11.4095624
              ],
              [
                -74.1448056,
                -11.409968
              ],
              [
                -74.1434655,
                -11.4104259
              ],
              [
                -74.1421124,
                -11.4112877
              ],
              [
                -74.1409176,
                -11.4120487
              ],
              [
                -74.1401589,
                -11.412532
              ],
              [
                -74.1387267,
                -11.4139851
              ],
              [
                -74.1379264,
                -11.415312
              ],
              [
                -74.1367049,
                -11.4174392
              ],
              [
                -74.1363257,
                -11.4186607
              ],
              [
                -74.1356097,
                -11.4201982
              ],
              [
                -74.1343671,
                -11.4213987
              ],
              [
                -74.1323874,
                -11.4245157
              ],
              [
                -74.1314514,
                -11.425576
              ],
              [
                -74.1302242,
                -11.4262185
              ],
              [
                -74.1274801,
                -11.4272747
              ],
              [
                -74.1236049,
                -11.4298864
              ],
              [
                -74.120909,
                -11.4320767
              ],
              [
                -74.1198981,
                -11.4333194
              ],
              [
                -74.118508,
                -11.4355519
              ],
              [
                -74.1169916,
                -11.4381634
              ],
              [
                -74.1160227,
                -11.4405642
              ],
              [
                -74.1144854,
                -11.4430496
              ],
              [
                -74.113327,
                -11.4441237
              ],
              [
                -74.1129002,
                -11.4444269
              ],
              [
                -74.1125266,
                -11.4446922
              ],
              [
                -74.1115579,
                -11.4449451
              ],
              [
                -74.110884,
                -11.444924
              ],
              [
                -74.1087989,
                -11.4440395
              ],
              [
                -74.1074296,
                -11.4437396
              ],
              [
                -74.1064204,
                -11.4437815
              ],
              [
                -74.1047695,
                -11.4442485
              ],
              [
                -74.1027542,
                -11.4448187
              ],
              [
                -74.1015327,
                -11.4453874
              ],
              [
                -74.1008166,
                -11.4459771
              ],
              [
                -74.1003744,
                -11.4469039
              ],
              [
                -74.099911,
                -11.4515372
              ],
              [
                -74.0997636,
                -11.453854
              ],
              [
                -74.1003322,
                -11.4564235
              ],
              [
                -74.1012167,
                -11.4585927
              ],
              [
                -74.1018276,
                -11.4608252
              ],
              [
                -74.1021645,
                -11.463142
              ],
              [
                -74.1019961,
                -11.4657325
              ],
              [
                -74.1015959,
                -11.467965
              ],
              [
                -74.1007572,
                -11.4697172
              ],
              [
                -74.0986262,
                -11.4731881
              ],
              [
                -74.095384,
                -11.4773275
              ],
              [
                -74.0936769,
                -11.4795065
              ],
              [
                -74.0925606,
                -11.4811072
              ],
              [
                -74.090667,
                -11.4841435
              ],
              [
                -74.0901175,
                -11.4850245
              ],
              [
                -74.0886224,
                -11.4865199
              ],
              [
                -74.0873375,
                -11.4871516
              ],
              [
                -74.0862987,
                -11.4874082
              ],
              [
                -74.0839256,
                -11.4879941
              ],
              [
                -74.082683,
                -11.4886261
              ],
              [
                -74.081335,
                -11.4896581
              ],
              [
                -74.0796712,
                -11.4918062
              ],
              [
                -74.0783654,
                -11.4939334
              ],
              [
                -74.0776426,
                -11.4954941
              ],
              [
                -74.0770807,
                -11.4967135
              ],
              [
                -74.0752636,
                -11.49899
              ],
              [
                -74.0736266,
                -11.5007572
              ],
              [
                -74.0724052,
                -11.5021895
              ],
              [
                -74.0704042,
                -11.5036847
              ],
              [
                -74.0685719,
                -11.5042955
              ],
              [
                -74.0657076,
                -11.5049484
              ],
              [
                -74.0634751,
                -11.506191
              ],
              [
                -74.0619166,
                -11.50756
              ],
              [
                -74.061011,
                -11.5090975
              ],
              [
                -74.0608636,
                -11.5105086
              ],
              [
                -74.0609689,
                -11.5118565
              ],
              [
                -74.0614111,
                -11.5133307
              ],
              [
                -74.062497,
                -11.5155677
              ],
              [
                -74.063377,
                -11.5173887
              ],
              [
                -74.0649532,
                -11.5188717
              ],
              [
                -74.0668594,
                -11.5203429
              ],
              [
                -74.0673477,
                -11.5208396
              ],
              [
                -74.06777,
                -11.5214275
              ],
              [
                -74.0678914,
                -11.5216361
              ],
              [
                -74.0683302,
                -11.5223909
              ],
              [
                -74.0686725,
                -11.5228267
              ],
              [
                -74.0693266,
                -11.5233236
              ],
              [
                -74.0701297,
                -11.5243171
              ],
              [
                -74.0719927,
                -11.52671
              ],
              [
                -74.072869,
                -11.5278804
              ],
              [
                -74.0743856,
                -11.5299059
              ],
              [
                -74.0753046,
                -11.5310155
              ],
              [
                -74.0780671,
                -11.5340741
              ],
              [
                -74.078192,
                -11.5346274
              ],
              [
                -74.0781562,
                -11.5352876
              ],
              [
                -74.0776924,
                -11.5363227
              ],
              [
                -74.0752652,
                -11.5405699
              ],
              [
                -74.0737482,
                -11.5424439
              ],
              [
                -74.0735334,
                -11.543097
              ],
              [
                -74.0726757,
                -11.5457036
              ],
              [
                -74.0721865,
                -11.5487727
              ],
              [
                -74.0721419,
                -11.5497641
              ],
              [
                -74.0720085,
                -11.5527314
              ],
              [
                -74.0716082,
                -11.5563787
              ],
              [
                -74.0695176,
                -11.5596257
              ],
              [
                -74.0672937,
                -11.5631841
              ],
              [
                -74.06676,
                -11.5658529
              ],
              [
                -74.0667154,
                -11.5676765
              ],
              [
                -74.066713,
                -11.5677496
              ],
              [
                -74.0666265,
                -11.5703454
              ],
              [
                -74.0663596,
                -11.5730141
              ],
              [
                -74.0662262,
                -11.5752825
              ],
              [
                -74.066671,
                -11.5772395
              ],
              [
                -74.0684046,
                -11.5786412
              ],
              [
                -74.0687615,
                -11.5789299
              ],
              [
                -74.0701849,
                -11.5802197
              ],
              [
                -74.0728981,
                -11.5826215
              ],
              [
                -74.0758337,
                -11.5844009
              ],
              [
                -74.077741,
                -11.5868164
              ],
              [
                -74.0797997,
                -11.5904564
              ],
              [
                -74.080699,
                -11.5925001
              ],
              [
                -74.0809335,
                -11.5939175
              ],
              [
                -74.0809037,
                -11.5954987
              ],
              [
                -74.0803666,
                -11.59711
              ],
              [
                -74.0798296,
                -11.5981841
              ],
              [
                -74.0784581,
                -11.6003245
              ],
              [
                -74.076323,
                -11.6023261
              ],
              [
                -74.0746329,
                -11.6031712
              ],
              [
                -74.0719196,
                -11.6021926
              ],
              [
                -74.0685577,
                -11.6004026
              ],
              [
                -74.0654782,
                -11.599467
              ],
              [
                -74.0603464,
                -11.5973187
              ],
              [
                -74.057482,
                -11.5959761
              ],
              [
                -74.0559606,
                -11.5957076
              ],
              [
                -74.0540509,
                -11.5957375
              ],
              [
                -74.050381,
                -11.5960359
              ],
              [
                -74.0484715,
                -11.5967519
              ],
              [
                -74.0442347,
                -11.5984526
              ],
              [
                -74.0421462,
                -11.5991985
              ],
              [
                -74.0408632,
                -11.6001234
              ],
              [
                -74.0396697,
                -11.6019435
              ],
              [
                -74.0373425,
                -11.6057625
              ],
              [
                -74.0340904,
                -11.6102679
              ],
              [
                -74.0330164,
                -11.612595
              ],
              [
                -74.031972,
                -11.6157577
              ],
              [
                -74.0312559,
                -11.6166826
              ],
              [
                -74.0291674,
                -11.618085
              ],
              [
                -74.027586,
                -11.6196365
              ],
              [
                -74.0257361,
                -11.6216356
              ],
              [
                -74.0251096,
                -11.6225306
              ],
              [
                -74.0247217,
                -11.6236644
              ],
              [
                -74.0246322,
                -11.6260215
              ],
              [
                -74.0246024,
                -11.629214
              ],
              [
                -74.0238862,
                -11.6311235
              ],
              [
                -74.0212905,
                -11.6357182
              ],
              [
                -74.0202761,
                -11.63906
              ],
              [
                -74.0202514,
                -11.639475
              ],
              [
                -74.0201567,
                -11.641059
              ],
              [
                -74.0205745,
                -11.6429387
              ],
              [
                -74.0219171,
                -11.6449974
              ],
              [
                -74.024165,
                -11.6486202
              ],
              [
                -74.0253482,
                -11.6507559
              ],
              [
                -74.0271731,
                -11.6541447
              ],
              [
                -74.0281962,
                -11.6578811
              ],
              [
                -74.0290857,
                -11.6616617
              ],
              [
                -74.0289524,
                -11.6651756
              ],
              [
                -74.0274845,
                -11.6694901
              ],
              [
                -74.0234686,
                -11.6741177
              ],
              [
                -74.021022,
                -11.6764749
              ],
              [
                -74.0198882,
                -11.676803
              ],
              [
                -74.0148757,
                -11.6765046
              ],
              [
                -74.0136822,
                -11.6766837
              ],
              [
                -74.0129364,
                -11.6773997
              ],
              [
                -74.01228,
                -11.6784739
              ],
              [
                -74.0121009,
                -11.6798464
              ],
              [
                -74.012459,
                -11.68101
              ],
              [
                -74.0134334,
                -11.681516
              ],
              [
                -74.0208789,
                -11.6832385
              ],
              [
                -74.0234867,
                -11.6838419
              ],
              [
                -74.0244676,
                -11.6843922
              ],
              [
                -74.025587,
                -11.6854855
              ],
              [
                -74.0260047,
                -11.6863209
              ],
              [
                -74.0263926,
                -11.6878425
              ],
              [
                -74.0266611,
                -11.689573
              ],
              [
                -74.0265119,
                -11.6915124
              ],
              [
                -74.0260047,
                -11.6927059
              ],
              [
                -74.0251991,
                -11.6937501
              ],
              [
                -74.024125,
                -11.6947049
              ],
              [
                -74.0223049,
                -11.6953316
              ],
              [
                -74.0208729,
                -11.6953612
              ],
              [
                -74.0184262,
                -11.6944662
              ],
              [
                -74.0164272,
                -11.694317
              ],
              [
                -74.0115639,
                -11.6945855
              ],
              [
                -74.0089681,
                -11.6956299
              ],
              [
                -74.0061336,
                -11.697599
              ],
              [
                -74.0051192,
                -11.6990014
              ],
              [
                -74.0044926,
                -11.7006424
              ],
              [
                -74.004433,
                -11.7026712
              ],
              [
                -74.0049401,
                -11.7045807
              ],
              [
                -74.0061635,
                -11.7068484
              ],
              [
                -74.0073867,
                -11.7086981
              ],
              [
                -74.0083415,
                -11.7109956
              ],
              [
                -74.0087891,
                -11.7122189
              ],
              [
                -74.009041,
                -11.7134979
              ],
              [
                -74.0091164,
                -11.7147202
              ],
              [
                -74.0089354,
                -11.7161085
              ],
              [
                -74.0086034,
                -11.7173309
              ],
              [
                -74.0075771,
                -11.7192171
              ],
              [
                -74.0067925,
                -11.7202131
              ],
              [
                -74.004891,
                -11.7220544
              ],
              [
                -74.0040761,
                -11.7234275
              ],
              [
                -74.0034725,
                -11.7247856
              ],
              [
                -74.003382,
                -11.7257966
              ],
              [
                -74.0035932,
                -11.7265361
              ],
              [
                -74.0051957,
                -11.728604
              ],
              [
                -74.0067774,
                -11.7315612
              ],
              [
                -74.0073961,
                -11.7327232
              ],
              [
                -74.0076224,
                -11.7340965
              ],
              [
                -74.0073507,
                -11.7355905
              ],
              [
                -74.0067925,
                -11.7369184
              ],
              [
                -74.0046194,
                -11.740344
              ],
              [
                -74.003548,
                -11.7415814
              ],
              [
                -74.0008166,
                -11.744177
              ],
              [
                -73.9998507,
                -11.7447354
              ],
              [
                -73.9986134,
                -11.7454747
              ],
              [
                -73.9936335,
                -11.7502736
              ],
              [
                -73.9929846,
                -11.7513902
              ],
              [
                -73.9928639,
                -11.7539255
              ],
              [
                -73.992894,
                -11.7552836
              ],
              [
                -73.9930757,
                -11.7557392
              ],
              [
                -73.9932095,
                -11.7560746
              ],
              [
                -73.9939956,
                -11.7580452
              ],
              [
                -73.9949616,
                -11.7597505
              ],
              [
                -73.9961344,
                -11.7614661
              ],
              [
                -73.9963506,
                -11.7618971
              ],
              [
                -73.9966817,
                -11.7625572
              ],
              [
                -73.9971462,
                -11.7642737
              ],
              [
                -73.9974061,
                -11.7660582
              ],
              [
                -73.9976476,
                -11.7684579
              ],
              [
                -73.9977682,
                -11.7705854
              ],
              [
                -73.9976567,
                -11.7714357
              ],
              [
                -73.9971345,
                -11.7719135
              ],
              [
                -73.9960027,
                -11.7723209
              ],
              [
                -73.9949312,
                -11.7725774
              ],
              [
                -73.99223,
                -11.7726227
              ],
              [
                -73.991151,
                -11.772463
              ],
              [
                -73.9902302,
                -11.771822
              ],
              [
                -73.9888045,
                -11.7705552
              ],
              [
                -73.9876035,
                -11.7686641
              ],
              [
                -73.986224,
                -11.7653189
              ],
              [
                -73.9841664,
                -11.7627412
              ],
              [
                -73.9833166,
                -11.7618284
              ],
              [
                -73.9807386,
                -11.7598617
              ],
              [
                -73.9793436,
                -11.7585781
              ],
              [
                -73.977886,
                -11.7572916
              ],
              [
                -73.9774001,
                -11.7570231
              ],
              [
                -73.9768791,
                -11.7569982
              ],
              [
                -73.976234,
                -11.7570889
              ],
              [
                -73.9758492,
                -11.7572586
              ],
              [
                -73.9752381,
                -11.7578585
              ],
              [
                -73.9748985,
                -11.7585715
              ],
              [
                -73.9747514,
                -11.7593751
              ],
              [
                -73.9749489,
                -11.7604365
              ],
              [
                -73.9759167,
                -11.7656401
              ],
              [
                -73.9759397,
                -11.7678069
              ],
              [
                -73.9759171,
                -11.772934
              ],
              [
                -73.9755889,
                -11.7747901
              ],
              [
                -73.9748194,
                -11.7785816
              ],
              [
                -73.974465,
                -11.7811782
              ],
              [
                -73.9738422,
                -11.7835801
              ],
              [
                -73.9725524,
                -11.7847811
              ],
              [
                -73.9710399,
                -11.7866937
              ],
              [
                -73.9692609,
                -11.7877612
              ],
              [
                -73.9670814,
                -11.7896294
              ],
              [
                -73.9652576,
                -11.7911416
              ],
              [
                -73.9643236,
                -11.792654
              ],
              [
                -73.9637009,
                -11.7956341
              ],
              [
                -73.9638344,
                -11.7983919
              ],
              [
                -73.9640567,
                -11.7995039
              ],
              [
                -73.964546,
                -11.8007936
              ],
              [
                -73.9644126,
                -11.803329
              ],
              [
                -73.9638787,
                -11.8062202
              ],
              [
                -73.9621886,
                -11.807866
              ],
              [
                -73.960276,
                -11.8093782
              ],
              [
                -73.9582299,
                -11.8106681
              ],
              [
                -73.9571815,
                -11.8124026
              ],
              [
                -73.9571035,
                -11.8131436
              ],
              [
                -73.9576885,
                -11.8139236
              ],
              [
                -73.9580395,
                -11.8149961
              ],
              [
                -73.9585465,
                -11.8158346
              ],
              [
                -73.959892,
                -11.8166926
              ],
              [
                -73.9602235,
                -11.8176676
              ],
              [
                -73.9605285,
                -11.8185825
              ],
              [
                -73.9608865,
                -11.8196565
              ],
              [
                -73.9610019,
                -11.8204317
              ],
              [
                -73.9613591,
                -11.8215545
              ],
              [
                -73.9628264,
                -11.8239232
              ],
              [
                -73.963777,
                -11.8254581
              ],
              [
                -73.9655797,
                -11.8274126
              ],
              [
                -73.9667082,
                -11.8292724
              ],
              [
                -73.967479,
                -11.8308019
              ],
              [
                -73.9677986,
                -11.8319004
              ],
              [
                -73.9681976,
                -11.8338671
              ],
              [
                -73.9684657,
                -11.8353694
              ],
              [
                -73.9683286,
                -11.8367984
              ],
              [
                -73.9682369,
                -11.8377519
              ],
              [
                -73.9678367,
                -11.8391814
              ],
              [
                -73.966883,
                -11.8414731
              ],
              [
                -73.9661261,
                -11.8421804
              ],
              [
                -73.9635864,
                -11.8436034
              ],
              [
                -73.9620615,
                -11.8450519
              ],
              [
                -73.9604605,
                -11.8471676
              ],
              [
                -73.9598506,
                -11.8484255
              ],
              [
                -73.9594312,
                -11.8503506
              ],
              [
                -73.9591644,
                -11.8525616
              ],
              [
                -73.9584401,
                -11.8542007
              ],
              [
                -73.9583449,
                -11.8553062
              ],
              [
                -73.9579636,
                -11.8565832
              ],
              [
                -73.9575061,
                -11.8573456
              ],
              [
                -73.9551236,
                -11.8596329
              ],
              [
                -73.9545289,
                -11.859856
              ],
              [
                -73.9542087,
                -11.859976
              ],
              [
                -73.9532939,
                -11.8600522
              ],
              [
                -73.9524109,
                -11.8598462
              ],
              [
                -73.9511289,
                -11.8595472
              ],
              [
                -73.948243,
                -11.8587561
              ],
              [
                -73.9455555,
                -11.8574981
              ],
              [
                -73.9436304,
                -11.8570979
              ],
              [
                -73.9407905,
                -11.8569835
              ],
              [
                -73.9369784,
                -11.8569264
              ],
              [
                -73.9345399,
                -11.8567469
              ],
              [
                -73.9328995,
                -11.8568501
              ],
              [
                -73.9322164,
                -11.8571234
              ],
              [
                -73.9318514,
                -11.8572695
              ],
              [
                -73.930803,
                -11.8582987
              ],
              [
                -73.9297346,
                -11.8597171
              ],
              [
                -73.9285347,
                -11.8613102
              ],
              [
                -73.9267829,
                -11.8639101
              ],
              [
                -73.9262046,
                -11.865289
              ],
              [
                -73.9258044,
                -11.8672461
              ],
              [
                -73.925553,
                -11.8679162
              ],
              [
                -73.925404,
                -11.8683136
              ],
              [
                -73.9249147,
                -11.8693811
              ],
              [
                -73.9249147,
                -11.8709825
              ],
              [
                -73.9252262,
                -11.8738736
              ],
              [
                -73.9251419,
                -11.8760209
              ],
              [
                -73.9248856,
                -11.8783582
              ],
              [
                -73.9244531,
                -11.8810021
              ],
              [
                -73.9244375,
                -11.8834472
              ],
              [
                -73.9250566,
                -11.8855919
              ],
              [
                -73.9265392,
                -11.8887701
              ],
              [
                -73.927982,
                -11.8909642
              ],
              [
                -73.931527,
                -11.8948892
              ],
              [
                -73.9332751,
                -11.8970247
              ],
              [
                -73.9356994,
                -11.9005389
              ],
              [
                -73.9379222,
                -11.9040196
              ],
              [
                -73.9389919,
                -11.9051877
              ],
              [
                -73.9401472,
                -11.9061991
              ],
              [
                -73.9414321,
                -11.906943
              ],
              [
                -73.9421985,
                -11.9070782
              ],
              [
                -73.943213,
                -11.9070332
              ],
              [
                -73.9440651,
                -11.9067701
              ],
              [
                -73.9506069,
                -11.9042829
              ],
              [
                -73.9523202,
                -11.9038772
              ],
              [
                -73.9533345,
                -11.9038772
              ],
              [
                -73.9541699,
                -11.9040537
              ],
              [
                -73.954935,
                -11.9042154
              ],
              [
                -73.956806,
                -11.9047789
              ],
              [
                -73.9580376,
                -11.9054664
              ],
              [
                -73.9587446,
                -11.9058609
              ],
              [
                -73.9597589,
                -11.9066499
              ],
              [
                -73.9602026,
                -11.9071612
              ],
              [
                -73.9610321,
                -11.9094127
              ],
              [
                -73.9621441,
                -11.9124374
              ],
              [
                -73.9629002,
                -11.9149281
              ],
              [
                -73.9640122,
                -11.9166184
              ],
              [
                -73.9665031,
                -11.9185755
              ],
              [
                -73.9697946,
                -11.9201322
              ],
              [
                -73.9715737,
                -11.9211552
              ],
              [
                -73.9766795,
                -11.9254952
              ],
              [
                -73.9785342,
                -11.9274645
              ],
              [
                -73.9838945,
                -11.932459
              ],
              [
                -73.9847631,
                -11.9332929
              ],
              [
                -73.9852072,
                -11.9335915
              ],
              [
                -73.9858875,
                -11.933825
              ],
              [
                -73.9862795,
                -11.9338042
              ],
              [
                -73.9867827,
                -11.9337932
              ],
              [
                -73.9877142,
                -11.9336605
              ],
              [
                -73.9888861,
                -11.9334437
              ],
              [
                -73.9892991,
                -11.9331895
              ],
              [
                -73.9895271,
                -11.932909
              ],
              [
                -73.9897949,
                -11.9325795
              ],
              [
                -73.9902079,
                -11.9318932
              ],
              [
                -73.9911674,
                -11.9305461
              ],
              [
                -73.9917965,
                -11.9291925
              ],
              [
                -73.9922921,
                -11.9282521
              ],
              [
                -73.9926861,
                -11.9278962
              ],
              [
                -73.9930229,
                -11.9277565
              ],
              [
                -73.9933342,
                -11.9277755
              ],
              [
                -73.9935101,
                -11.9279054
              ],
              [
                -73.9936011,
                -11.9279725
              ],
              [
                -73.9941286,
                -11.928735
              ],
              [
                -73.9946306,
                -11.9291417
              ],
              [
                -73.995031,
                -11.9292497
              ],
              [
                -73.995355,
                -11.929237
              ],
              [
                -73.9954301,
                -11.9291924
              ],
              [
                -73.9956536,
                -11.9290591
              ],
              [
                -73.9960099,
                -11.9285536
              ],
              [
                -73.9965362,
                -11.9272319
              ],
              [
                -73.996934,
                -11.9265769
              ],
              [
                -73.9976124,
                -11.9258167
              ],
              [
                -73.9979887,
                -11.9254401
              ],
              [
                -73.9983641,
                -11.9250645
              ],
              [
                -73.9988874,
                -11.923758
              ],
              [
                -73.9999284,
                -11.922483
              ],
              [
                -74.0003611,
                -11.921512
              ],
              [
                -74.0011214,
                -11.9200267
              ],
              [
                -74.001484,
                -11.9193366
              ],
              [
                -74.0016711,
                -11.9188102
              ],
              [
                -74.0018349,
                -11.9177459
              ],
              [
                -74.0020689,
                -11.9169035
              ],
              [
                -74.002291,
                -11.9165645
              ],
              [
                -74.0030866,
                -11.916003
              ],
              [
                -74.0034607,
                -11.9156405
              ],
              [
                -74.0039169,
                -11.9144707
              ],
              [
                -74.0042795,
                -11.9137221
              ],
              [
                -74.004841,
                -11.9129034
              ],
              [
                -74.005262,
                -11.9124355
              ],
              [
                -74.005917,
                -11.9121899
              ],
              [
                -74.0071101,
                -11.9121314
              ],
              [
                -74.0079406,
                -11.9119091
              ],
              [
                -74.0085724,
                -11.9114647
              ],
              [
                -74.0092272,
                -11.9111606
              ],
              [
                -74.0099641,
                -11.9107512
              ],
              [
                -74.0105606,
                -11.9102015
              ],
              [
                -74.0110402,
                -11.9096751
              ],
              [
                -74.0113911,
                -11.9089265
              ],
              [
                -74.0116835,
                -11.9073591
              ],
              [
                -74.0119057,
                -11.9064235
              ],
              [
                -74.0122215,
                -11.9058971
              ],
              [
                -74.0127245,
                -11.9052771
              ],
              [
                -74.0139995,
                -11.904201
              ],
              [
                -74.0147012,
                -11.903394
              ],
              [
                -74.0153211,
                -11.9024816
              ],
              [
                -74.016409,
                -11.9012886
              ],
              [
                -74.0173447,
                -11.900154
              ],
              [
                -74.017567,
                -11.899616
              ],
              [
                -74.0176722,
                -11.8988674
              ],
              [
                -74.017836,
                -11.8984112
              ],
              [
                -74.0181284,
                -11.8981187
              ],
              [
                -74.018608,
                -11.897955
              ],
              [
                -74.0195929,
                -11.897963
              ],
              [
                -74.020009,
                -11.897865
              ],
              [
                -74.0205034,
                -11.8976104
              ],
              [
                -74.0212426,
                -11.8970866
              ],
              [
                -74.0218986,
                -11.8964012
              ],
              [
                -74.0222805,
                -11.8959116
              ],
              [
                -74.0225351,
                -11.8954367
              ],
              [
                -74.0226429,
                -11.8950206
              ],
              [
                -74.0226281,
                -11.8943794
              ],
              [
                -74.0224812,
                -11.8932631
              ],
              [
                -74.0224861,
                -11.8928126
              ],
              [
                -74.0225841,
                -11.8925239
              ],
              [
                -74.0228141,
                -11.892284
              ],
              [
                -74.0237541,
                -11.8919021
              ],
              [
                -74.0240234,
                -11.8917407
              ],
              [
                -74.0246941,
                -11.8911482
              ],
              [
                -74.0262705,
                -11.8900417
              ],
              [
                -74.0267502,
                -11.8893172
              ],
              [
                -74.026858,
                -11.8890871
              ],
              [
                -74.02723,
                -11.8878534
              ],
              [
                -74.0275482,
                -11.8871925
              ],
              [
                -74.0278469,
                -11.8867324
              ],
              [
                -74.0282287,
                -11.8863994
              ],
              [
                -74.0289502,
                -11.8861331
              ],
              [
                -74.0305762,
                -11.8859141
              ],
              [
                -74.0316209,
                -11.8855939
              ],
              [
                -74.0329352,
                -11.8849451
              ],
              [
                -74.0338284,
                -11.8842711
              ],
              [
                -74.0343255,
                -11.8836897
              ],
              [
                -74.0347299,
                -11.8828389
              ],
              [
                -74.0350589,
                -11.8814026
              ],
              [
                -74.0355501,
                -11.8778742
              ],
              [
                -74.0355026,
                -11.875804
              ],
              [
                -74.0343665,
                -11.8728525
              ],
              [
                -74.0343742,
                -11.8723071
              ],
              [
                -74.0347171,
                -11.8714189
              ],
              [
                -74.0356364,
                -11.8699386
              ],
              [
                -74.0361116,
                -11.8694945
              ],
              [
                -74.0369452,
                -11.8692141
              ],
              [
                -74.0372647,
                -11.8690582
              ],
              [
                -74.0374985,
                -11.8688635
              ],
              [
                -74.0376542,
                -11.8685206
              ],
              [
                -74.0377322,
                -11.8679909
              ],
              [
                -74.0376699,
                -11.8673365
              ],
              [
                -74.0377087,
                -11.8670404
              ],
              [
                -74.0383944,
                -11.865638
              ],
              [
                -74.0387606,
                -11.8650225
              ],
              [
                -74.0390021,
                -11.8644616
              ],
              [
                -74.0392747,
                -11.8633942
              ],
              [
                -74.0391891,
                -11.8622646
              ],
              [
                -74.038932,
                -11.8606986
              ],
              [
                -74.0390021,
                -11.860091
              ],
              [
                -74.0391657,
                -11.8595689
              ],
              [
                -74.0394306,
                -11.8591404
              ],
              [
                -74.0397656,
                -11.8588287
              ],
              [
                -74.040163,
                -11.8586029
              ],
              [
                -74.041277,
                -11.85826
              ],
              [
                -74.0417601,
                -11.8580262
              ],
              [
                -74.04236,
                -11.8575822
              ],
              [
                -74.0426171,
                -11.8572394
              ],
              [
                -74.0429755,
                -11.8564214
              ],
              [
                -74.0434741,
                -11.8556111
              ],
              [
                -74.0439649,
                -11.8549956
              ],
              [
                -74.0454531,
                -11.8534062
              ],
              [
                -74.0458036,
                -11.8529076
              ],
              [
                -74.0464736,
                -11.8508664
              ],
              [
                -74.0469956,
                -11.8500172
              ],
              [
                -74.0475254,
                -11.849129
              ],
              [
                -74.048172,
                -11.8479136
              ],
              [
                -74.0486629,
                -11.847415
              ],
              [
                -74.0500886,
                -11.8463087
              ],
              [
                -74.0506885,
                -11.8458024
              ],
              [
                -74.0511715,
                -11.8452257
              ],
              [
                -74.0517325,
                -11.8444
              ],
              [
                -74.0525972,
                -11.8430054
              ],
              [
                -74.0529479,
                -11.842608
              ],
              [
                -74.0534387,
                -11.8422964
              ],
              [
                -74.0542455,
                -11.8420046
              ],
              [
                -74.0552235,
                -11.841927
              ],
              [
                -74.055709,
                -11.8419974
              ],
              [
                -74.0560997,
                -11.842191
              ],
              [
                -74.056476,
                -11.8423774
              ],
              [
                -74.0571656,
                -11.8427081
              ],
              [
                -74.0576792,
                -11.8427432
              ],
              [
                -74.058221,
                -11.8426447
              ],
              [
                -74.0588474,
                -11.8424336
              ],
              [
                -74.059565,
                -11.84192
              ],
              [
                -74.0599577,
                -11.8414572
              ],
              [
                -74.0604727,
                -11.8408505
              ],
              [
                -74.0608316,
                -11.8403226
              ],
              [
                -74.0610497,
                -11.8399004
              ],
              [
                -74.061282,
                -11.8396682
              ],
              [
                -74.0615564,
                -11.8395839
              ],
              [
                -74.0620137,
                -11.8395627
              ],
              [
                -74.0626189,
                -11.8396542
              ],
              [
                -74.0630481,
                -11.8397809
              ],
              [
                -74.06359,
                -11.8400201
              ],
              [
                -74.0639167,
                -11.8401485
              ],
              [
                -74.064934,
                -11.8405479
              ],
              [
                -74.0655039,
                -11.8405479
              ],
              [
                -74.0660739,
                -11.840372
              ],
              [
                -74.0668127,
                -11.8398654
              ],
              [
                -74.0672137,
                -11.8394994
              ],
              [
                -74.0681777,
                -11.8382469
              ],
              [
                -74.0697962,
                -11.8368255
              ],
              [
                -74.0701761,
                -11.8365019
              ],
              [
                -74.0704717,
                -11.8361571
              ],
              [
                -74.070718,
                -11.8357419
              ],
              [
                -74.0713282,
                -11.8349016
              ],
              [
                -74.0714803,
                -11.8342593
              ],
              [
                -74.0715335,
                -11.833582
              ],
              [
                -74.0719205,
                -11.8326089
              ],
              [
                -74.072484,
                -11.8319489
              ],
              [
                -74.0725756,
                -11.8311996
              ],
              [
                -74.0725687,
                -11.8307882
              ],
              [
                -74.0727546,
                -11.8303029
              ],
              [
                -74.0720518,
                -11.8296636
              ],
              [
                -74.0719769,
                -11.828947
              ],
              [
                -74.0726702,
                -11.8268046
              ],
              [
                -74.0726007,
                -11.8256157
              ],
              [
                -74.0726055,
                -11.8244169
              ],
              [
                -74.0722658,
                -11.8237124
              ],
              [
                -74.0720945,
                -11.8232301
              ],
              [
                -74.0715412,
                -11.8229987
              ],
              [
                -74.0724841,
                -11.8219855
              ],
              [
                -74.0727726,
                -11.8216125
              ],
              [
                -74.0728782,
                -11.8212326
              ],
              [
                -74.072871,
                -11.8208456
              ],
              [
                -74.0728079,
                -11.8205571
              ],
              [
                -74.0734203,
                -11.8187438
              ],
              [
                -74.0733723,
                -11.8181689
              ],
              [
                -74.0728141,
                -11.8163594
              ],
              [
                -74.0722089,
                -11.8148452
              ],
              [
                -74.0719768,
                -11.8141877
              ],
              [
                -74.0718286,
                -11.813456
              ],
              [
                -74.0719635,
                -11.8129857
              ],
              [
                -74.0726249,
                -11.8122961
              ],
              [
                -74.0733356,
                -11.811874
              ],
              [
                -74.07372,
                -11.81154
              ],
              [
                -74.07407,
                -11.81129
              ],
              [
                -74.07471,
                -11.81102
              ],
              [
                -74.07517,
                -11.81092
              ],
              [
                -74.0762001,
                -11.81049
              ],
              [
                -74.07717,
                -11.81021
              ],
              [
                -74.07834,
                -11.80965
              ],
              [
                -74.07978,
                -11.80888
              ],
              [
                -74.0802571,
                -11.8086959
              ],
              [
                -74.08035,
                -11.80866
              ],
              [
                -74.0805001,
                -11.8085671
              ],
              [
                -74.08077,
                -11.8083999
              ],
              [
                -74.08158,
                -11.80789
              ],
              [
                -74.08204,
                -11.8078
              ],
              [
                -74.0833857,
                -11.8078131
              ],
              [
                -74.0838017,
                -11.8078172
              ],
              [
                -74.08409,
                -11.80782
              ],
              [
                -74.08448,
                -11.80795
              ],
              [
                -74.08515,
                -11.80801
              ],
              [
                -74.08548,
                -11.80798
              ],
              [
                -74.08623,
                -11.80775
              ],
              [
                -74.08665,
                -11.80775
              ],
              [
                -74.08702,
                -11.80783
              ],
              [
                -74.08769,
                -11.80828
              ],
              [
                -74.0878636,
                -11.8084565
              ],
              [
                -74.08829,
                -11.80889
              ],
              [
                -74.08859,
                -11.80955
              ],
              [
                -74.08863,
                -11.81115
              ],
              [
                -74.08892,
                -11.81167
              ],
              [
                -74.08912,
                -11.81185
              ],
              [
                -74.08965,
                -11.81211
              ],
              [
                -74.09006,
                -11.81241
              ],
              [
                -74.09058,
                -11.81294
              ],
              [
                -74.09103,
                -11.81349
              ],
              [
                -74.09142,
                -11.81355
              ],
              [
                -74.09179,
                -11.8134
              ],
              [
                -74.0918021,
                -11.8133912
              ],
              [
                -74.0925301,
                -11.81286
              ],
              [
                -74.09308,
                -11.81256
              ],
              [
                -74.09564,
                -11.81164
              ],
              [
                -74.0964051,
                -11.8117056
              ],
              [
                -74.0965851,
                -11.811806
              ],
              [
                -74.0971036,
                -11.8120949
              ],
              [
                -74.0975615,
                -11.812198
              ],
              [
                -74.0980539,
                -11.8121407
              ],
              [
                -74.0984891,
                -11.811969
              ],
              [
                -74.0990042,
                -11.811614
              ],
              [
                -74.0996111,
                -11.8110301
              ],
              [
                -74.0997671,
                -11.8107935
              ],
              [
                -74.0999431,
                -11.8105262
              ],
              [
                -74.10023,
                -11.81021
              ],
              [
                -74.1009,
                -11.8093501
              ],
              [
                -74.10179,
                -11.8084601
              ],
              [
                -74.10252,
                -11.808
              ],
              [
                -74.1030931,
                -11.8077935
              ],
              [
                -74.1039481,
                -11.807651
              ],
              [
                -74.1045465,
                -11.807594
              ],
              [
                -74.1053999,
                -11.80744
              ],
              [
                -74.1063134,
                -11.8067532
              ],
              [
                -74.1069545,
                -11.8064399
              ],
              [
                -74.1075686,
                -11.8060151
              ],
              [
                -74.107678,
                -11.8057364
              ],
              [
                -74.1077976,
                -11.8054311
              ],
              [
                -74.1079376,
                -11.8044735
              ],
              [
                -74.10818,
                -11.80385
              ],
              [
                -74.1086221,
                -11.8025344
              ],
              [
                -74.1090416,
                -11.8018121
              ],
              [
                -74.1094899,
                -11.800019
              ],
              [
                -74.10967,
                -11.79878
              ],
              [
                -74.11052,
                -11.7977
              ],
              [
                -74.11073,
                -11.79728
              ],
              [
                -74.11078,
                -11.79691
              ],
              [
                -74.11069,
                -11.79667
              ],
              [
                -74.1100544,
                -11.7957601
              ],
              [
                -74.109905,
                -11.7951209
              ],
              [
                -74.10967,
                -11.79401
              ],
              [
                -74.10976,
                -11.79344
              ],
              [
                -74.1102199,
                -11.7929442
              ],
              [
                -74.1107159,
                -11.7922716
              ],
              [
                -74.1112662,
                -11.791463
              ],
              [
                -74.11221,
                -11.78949
              ],
              [
                -74.1131416,
                -11.7885006
              ],
              [
                -74.1136307,
                -11.787957
              ],
              [
                -74.1141404,
                -11.7872367
              ],
              [
                -74.11504,
                -11.78594
              ],
              [
                -74.11517,
                -11.78574
              ],
              [
                -74.11523,
                -11.78476
              ],
              [
                -74.1152955,
                -11.7838464
              ],
              [
                -74.11518,
                -11.7818759
              ],
              [
                -74.1151391,
                -11.7806257
              ],
              [
                -74.1152546,
                -11.7801976
              ],
              [
                -74.11586,
                -11.77927
              ],
              [
                -74.1162466,
                -11.7786009
              ],
              [
                -74.1163826,
                -11.777969
              ],
              [
                -74.116335,
                -11.7770451
              ],
              [
                -74.11673,
                -11.7757401
              ],
              [
                -74.1169601,
                -11.7747212
              ],
              [
                -74.1170494,
                -11.7730139
              ],
              [
                -74.1173677,
                -11.7721596
              ],
              [
                -74.11759,
                -11.77104
              ],
              [
                -74.1177989,
                -11.7696021
              ],
              [
                -74.1183714,
                -11.76695
              ],
              [
                -74.1188474,
                -11.7658046
              ],
              [
                -74.1190864,
                -11.7654439
              ],
              [
                -74.1205326,
                -11.7639871
              ],
              [
                -74.1212616,
                -11.7633614
              ],
              [
                -74.12306,
                -11.76195
              ],
              [
                -74.12385,
                -11.76078
              ],
              [
                -74.1243399,
                -11.7602601
              ],
              [
                -74.12591,
                -11.75932
              ],
              [
                -74.12671,
                -11.75893
              ],
              [
                -74.12696,
                -11.75867
              ],
              [
                -74.12696,
                -11.75865
              ],
              [
                -74.1283301,
                -11.757347
              ],
              [
                -74.1289487,
                -11.7570139
              ],
              [
                -74.1299875,
                -11.7569399
              ],
              [
                -74.1315245,
                -11.7566616
              ],
              [
                -74.13266,
                -11.75607
              ],
              [
                -74.13271,
                -11.75606
              ],
              [
                -74.13322,
                -11.7558899
              ],
              [
                -74.13325,
                -11.7558699
              ],
              [
                -74.1338027,
                -11.7556736
              ],
              [
                -74.1341834,
                -11.7555554
              ],
              [
                -74.1348081,
                -11.7554925
              ],
              [
                -74.13535,
                -11.75559
              ],
              [
                -74.13604,
                -11.75569
              ],
              [
                -74.13628,
                -11.75567
              ],
              [
                -74.13635,
                -11.75566
              ],
              [
                -74.137,
                -11.7555
              ],
              [
                -74.13705,
                -11.75549
              ],
              [
                -74.13886,
                -11.75545
              ],
              [
                -74.13898,
                -11.75543
              ],
              [
                -74.139573,
                -11.7554396
              ],
              [
                -74.1399216,
                -11.7553567
              ],
              [
                -74.1405542,
                -11.7548606
              ],
              [
                -74.1410756,
                -11.7545929
              ],
              [
                -74.1422464,
                -11.7545102
              ],
              [
                -74.1429104,
                -11.7543189
              ],
              [
                -74.1431584,
                -11.7540972
              ],
              [
                -74.1435697,
                -11.7534941
              ],
              [
                -74.14371,
                -11.75241
              ],
              [
                -74.14408,
                -11.75175
              ],
              [
                -74.1448612,
                -11.7509815
              ],
              [
                -74.145533,
                -11.7502161
              ],
              [
                -74.1462151,
                -11.7496765
              ],
              [
                -74.1468704,
                -11.7493544
              ],
              [
                -74.1479827,
                -11.7490554
              ],
              [
                -74.1487715,
                -11.7484826
              ],
              [
                -74.14945,
                -11.74778
              ],
              [
                -74.1495526,
                -11.7476745
              ],
              [
                -74.1505595,
                -11.7466379
              ],
              [
                -74.1518444,
                -11.7459241
              ],
              [
                -74.1538431,
                -11.7444012
              ],
              [
                -74.155009,
                -11.7438301
              ],
              [
                -74.1567359,
                -11.743245
              ],
              [
                -74.1581079,
                -11.7429962
              ],
              [
                -74.1599256,
                -11.7424319
              ],
              [
                -74.16175,
                -11.74119
              ],
              [
                -74.1626471,
                -11.7399516
              ],
              [
                -74.16387,
                -11.73787
              ],
              [
                -74.1645506,
                -11.7371915
              ],
              [
                -74.1653835,
                -11.7366204
              ],
              [
                -74.1662639,
                -11.7361207
              ],
              [
                -74.1671442,
                -11.7358351
              ],
              [
                -74.168334,
                -11.7357162
              ],
              [
                -74.16905,
                -11.73563
              ],
              [
                -74.1696209,
                -11.7360495
              ],
              [
                -74.1703327,
                -11.7365727
              ],
              [
                -74.17149,
                -11.73688
              ],
              [
                -74.1721192,
                -11.7369407
              ],
              [
                -74.1732129,
                -11.7370461
              ],
              [
                -74.1740259,
                -11.7370004
              ],
              [
                -74.17506,
                -11.73671
              ],
              [
                -74.17559,
                -11.73648
              ],
              [
                -74.17603,
                -11.7360799
              ],
              [
                -74.17628,
                -11.73575
              ],
              [
                -74.1768429,
                -11.7350531
              ],
              [
                -74.177641,
                -11.7334516
              ],
              [
                -74.1780711,
                -11.7326637
              ],
              [
                -74.17853,
                -11.73201
              ],
              [
                -74.1787,
                -11.7318101
              ],
              [
                -74.17899,
                -11.7314
              ],
              [
                -74.17934,
                -11.73072
              ],
              [
                -74.18032,
                -11.7292201
              ],
              [
                -74.18082,
                -11.72867
              ],
              [
                -74.18146,
                -11.7286
              ],
              [
                -74.18189,
                -11.72873
              ],
              [
                -74.1819742,
                -11.7287989
              ],
              [
                -74.18359,
                -11.73012
              ],
              [
                -74.18403,
                -11.73042
              ],
              [
                -74.18492,
                -11.73049
              ],
              [
                -74.18571,
                -11.73041
              ],
              [
                -74.1863399,
                -11.73014
              ],
              [
                -74.1863754,
                -11.7301116
              ],
              [
                -74.18746,
                -11.7292401
              ],
              [
                -74.1880599,
                -11.72859
              ],
              [
                -74.18854,
                -11.72796
              ],
              [
                -74.18909,
                -11.72709
              ],
              [
                -74.19024,
                -11.72581
              ],
              [
                -74.19074,
                -11.72557
              ],
              [
                -74.19172,
                -11.72535
              ],
              [
                -74.19348,
                -11.72477
              ],
              [
                -74.1948932,
                -11.7245497
              ],
              [
                -74.19579,
                -11.72441
              ],
              [
                -74.19732,
                -11.72441
              ],
              [
                -74.19812,
                -11.72433
              ],
              [
                -74.1986847,
                -11.7241446
              ],
              [
                -74.19879,
                -11.72411
              ],
              [
                -74.19966,
                -11.72375
              ],
              [
                -74.20149,
                -11.72267
              ],
              [
                -74.20224,
                -11.7222999
              ],
              [
                -74.2027901,
                -11.72215
              ],
              [
                -74.20382,
                -11.72197
              ],
              [
                -74.2052479,
                -11.721883
              ],
              [
                -74.20661,
                -11.7218
              ],
              [
                -74.2076879,
                -11.7216406
              ],
              [
                -74.20945,
                -11.72138
              ],
              [
                -74.21178,
                -11.7209
              ],
              [
                -74.21277,
                -11.72057
              ],
              [
                -74.21368,
                -11.72037
              ],
              [
                -74.21448,
                -11.72012
              ],
              [
                -74.2149532,
                -11.7200737
              ],
              [
                -74.21622,
                -11.71995
              ],
              [
                -74.21696,
                -11.71978
              ],
              [
                -74.2172577,
                -11.7194422
              ],
              [
                -74.21748,
                -11.71919
              ],
              [
                -74.21793,
                -11.71804
              ],
              [
                -74.21832,
                -11.71747
              ],
              [
                -74.21884,
                -11.7172001
              ],
              [
                -74.22006,
                -11.7169
              ],
              [
                -74.22081,
                -11.71664
              ],
              [
                -74.2214,
                -11.71632
              ],
              [
                -74.22187,
                -11.71584
              ],
              [
                -74.22202,
                -11.71553
              ],
              [
                -74.22221,
                -11.7148
              ],
              [
                -74.22228,
                -11.71419
              ],
              [
                -74.22279,
                -11.7119399
              ],
              [
                -74.22314,
                -11.71137
              ],
              [
                -74.2242801,
                -11.71112
              ],
              [
                -74.22504,
                -11.71083
              ],
              [
                -74.22742,
                -11.70954
              ],
              [
                -74.22812,
                -11.70936
              ],
              [
                -74.22981,
                -11.7092
              ],
              [
                -74.2302699,
                -11.70899
              ],
              [
                -74.23065,
                -11.70873
              ],
              [
                -74.23107,
                -11.70824
              ],
              [
                -74.23223,
                -11.70608
              ],
              [
                -74.23311,
                -11.70479
              ],
              [
                -74.23393,
                -11.70395
              ],
              [
                -74.2343,
                -11.70364
              ],
              [
                -74.23507,
                -11.70278
              ],
              [
                -74.23639,
                -11.70154
              ],
              [
                -74.23751,
                -11.70018
              ],
              [
                -74.23795,
                -11.69973
              ],
              [
                -74.23906,
                -11.69823
              ],
              [
                -74.23929,
                -11.69807
              ],
              [
                -74.23952,
                -11.69801
              ],
              [
                -74.24049,
                -11.6981599
              ],
              [
                -74.24104,
                -11.69806
              ],
              [
                -74.2414,
                -11.69787
              ],
              [
                -74.24234,
                -11.6971
              ],
              [
                -74.24285,
                -11.69678
              ],
              [
                -74.24368,
                -11.6964599
              ],
              [
                -74.24552,
                -11.69597
              ],
              [
                -74.24649,
                -11.69552
              ],
              [
                -74.24761,
                -11.6943
              ],
              [
                -74.24794,
                -11.69409
              ],
              [
                -74.24833,
                -11.69368
              ],
              [
                -74.24875,
                -11.69277
              ],
              [
                -74.24997,
                -11.69149
              ],
              [
                -74.25043,
                -11.69069
              ],
              [
                -74.25079,
                -11.69028
              ],
              [
                -74.2512,
                -11.69004
              ],
              [
                -74.25162,
                -11.68988
              ],
              [
                -74.25279,
                -11.68965
              ],
              [
                -74.25319,
                -11.68938
              ],
              [
                -74.25333,
                -11.68917
              ],
              [
                -74.2535199,
                -11.68844
              ],
              [
                -74.25375,
                -11.68805
              ],
              [
                -74.25461,
                -11.68706
              ],
              [
                -74.25503,
                -11.68645
              ],
              [
                -74.25588,
                -11.68563
              ],
              [
                -74.25632,
                -11.68537
              ],
              [
                -74.25673,
                -11.6852699
              ],
              [
                -74.25809,
                -11.68559
              ],
              [
                -74.25926,
                -11.68558
              ],
              [
                -74.25958,
                -11.68545
              ],
              [
                -74.26006,
                -11.6851
              ],
              [
                -74.26056,
                -11.68435
              ],
              [
                -74.2611,
                -11.68419
              ],
              [
                -74.2621199,
                -11.68422
              ],
              [
                -74.26369,
                -11.68407
              ],
              [
                -74.264,
                -11.68378
              ],
              [
                -74.26397,
                -11.6832
              ],
              [
                -74.26382,
                -11.68281
              ],
              [
                -74.2638399,
                -11.68258
              ],
              [
                -74.26398,
                -11.68234
              ],
              [
                -74.26418,
                -11.6822
              ],
              [
                -74.2647701,
                -11.68215
              ],
              [
                -74.265191,
                -11.6824082
              ],
              [
                -74.26596,
                -11.68288
              ],
              [
                -74.2664499,
                -11.68295
              ],
              [
                -74.26707,
                -11.68296
              ],
              [
                -74.2675109,
                -11.6829124
              ],
              [
                -74.26781,
                -11.68288
              ],
              [
                -74.26851,
                -11.68249
              ],
              [
                -74.26871,
                -11.68225
              ],
              [
                -74.2690399,
                -11.68161
              ],
              [
                -74.26959,
                -11.68118
              ],
              [
                -74.27064,
                -11.6801501
              ],
              [
                -74.27099,
                -11.67951
              ],
              [
                -74.27117,
                -11.6787
              ],
              [
                -74.27121,
                -11.6783
              ],
              [
                -74.27115,
                -11.6773
              ],
              [
                -74.27119,
                -11.67699
              ],
              [
                -74.27146,
                -11.67679
              ],
              [
                -74.27296,
                -11.6766299
              ],
              [
                -74.2729922,
                -11.6766205
              ],
              [
                -74.27387,
                -11.67636
              ],
              [
                -74.27471,
                -11.67594
              ],
              [
                -74.2749705,
                -11.675718
              ],
              [
                -74.27525,
                -11.67548
              ],
              [
                -74.27585,
                -11.67464
              ],
              [
                -74.27609,
                -11.67419
              ],
              [
                -74.27661,
                -11.67287
              ],
              [
                -74.27674,
                -11.67213
              ],
              [
                -74.27731,
                -11.67106
              ],
              [
                -74.27801,
                -11.67041
              ],
              [
                -74.27918,
                -11.67016
              ],
              [
                -74.28018,
                -11.66969
              ],
              [
                -74.28065,
                -11.66935
              ],
              [
                -74.28115,
                -11.66878
              ],
              [
                -74.28246,
                -11.66599
              ],
              [
                -74.28277,
                -11.66559
              ],
              [
                -74.28304,
                -11.66537
              ],
              [
                -74.28354,
                -11.6651
              ],
              [
                -74.28496,
                -11.6646701
              ],
              [
                -74.2853899,
                -11.6644
              ],
              [
                -74.28603,
                -11.6638201
              ],
              [
                -74.2873,
                -11.66224
              ],
              [
                -74.28862,
                -11.66035
              ],
              [
                -74.28925,
                -11.65859
              ],
              [
                -74.28993,
                -11.65738
              ],
              [
                -74.29018,
                -11.65707
              ],
              [
                -74.291111,
                -11.6565326
              ],
              [
                -74.291688,
                -11.6563471
              ],
              [
                -74.2948164,
                -11.6561934
              ],
              [
                -74.2969506,
                -11.6547611
              ],
              [
                -74.2989799,
                -11.6519365
              ],
              [
                -74.2990121,
                -11.6452254
              ],
              [
                -74.2990169,
                -11.6451909
              ],
              [
                -74.2996489,
                -11.6405564
              ],
              [
                -74.3008691,
                -11.6385932
              ],
              [
                -74.3038711,
                -11.636168
              ],
              [
                -74.3074882,
                -11.6320489
              ],
              [
                -74.3140804,
                -11.6226232
              ],
              [
                -74.3162024,
                -11.6191745
              ],
              [
                -74.3165209,
                -11.617742
              ],
              [
                -74.316574,
                -11.6146647
              ],
              [
                -74.3165215,
                -11.6123945
              ],
              [
                -74.3167977,
                -11.61108
              ],
              [
                -74.3169012,
                -11.6093196
              ],
              [
                -74.3172106,
                -11.6067062
              ],
              [
                -74.3178472,
                -11.6037881
              ],
              [
                -74.3187492,
                -11.601878
              ],
              [
                -74.319439,
                -11.6007107
              ],
              [
                -74.3194054,
                -11.6006435
              ],
              [
                -74.3208185,
                -11.5993314
              ],
              [
                -74.3248507,
                -11.5951929
              ],
              [
                -74.3275036,
                -11.5902586
              ],
              [
                -74.3306401,
                -11.5860692
              ],
              [
                -74.3320057,
                -11.5849635
              ],
              [
                -74.3365539,
                -11.5812914
              ],
              [
                -74.3396005,
                -11.5781617
              ],
              [
                -74.3445665,
                -11.573539
              ],
              [
                -74.3478244,
                -11.5691951
              ],
              [
                -74.3492569,
                -11.5661179
              ],
              [
                -74.3498405,
                -11.5635711
              ],
              [
                -74.3494549,
                -11.5601602
              ],
              [
                -74.349418,
                -11.5576151
              ],
              [
                -74.3524402,
                -11.5511027
              ],
              [
                -74.3555175,
                -11.5443115
              ],
              [
                -74.3560402,
                -11.5429627
              ],
              [
                -74.3571622,
                -11.540067
              ],
              [
                -74.3581705,
                -11.5369366
              ],
              [
                -74.3583431,
                -11.5362127
              ],
              [
                -74.3586367,
                -11.5349825
              ],
              [
                -74.3573745,
                -11.5338064
              ],
              [
                -74.35673,
                -11.5333
              ],
              [
                -74.3564194,
                -11.5311535
              ],
              [
                -74.3576397,
                -11.525954
              ],
              [
                -74.3597621,
                -11.5220807
              ],
              [
                -74.3629542,
                -11.5190404
              ],
              [
                -74.3635181,
                -11.5176304
              ],
              [
                -74.36521,
                -11.513902
              ],
              [
                -74.3674022,
                -11.5105675
              ],
              [
                -74.3697897,
                -11.5090819
              ],
              [
                -74.3717529,
                -11.5066412
              ],
              [
                -74.3741394,
                -11.5024975
              ],
              [
                -74.377116,
                -11.4983305
              ],
              [
                -74.3776485,
                -11.4971085
              ],
              [
                -74.3792777,
                -11.4956986
              ],
              [
                -74.3816275,
                -11.494696
              ],
              [
                -74.3829749,
                -11.494508
              ],
              [
                -74.3858572,
                -11.4949154
              ],
              [
                -74.3872671,
                -11.4948214
              ],
              [
                -74.3882294,
                -11.4945745
              ],
              [
                -74.3892656,
                -11.4926347
              ],
              [
                -74.3900615,
                -11.4914574
              ],
              [
                -74.390988,
                -11.4894354
              ],
              [
                -74.3909181,
                -11.4871506
              ],
              [
                -74.3911562,
                -11.4858419
              ],
              [
                -74.392064,
                -11.4838639
              ],
              [
                -74.3922744,
                -11.4823679
              ],
              [
                -74.392149,
                -11.4812642
              ],
              [
                -74.3920365,
                -11.4802739
              ],
              [
                -74.3921316,
                -11.4787511
              ],
              [
                -74.392441,
                -11.4774661
              ],
              [
                -74.3931072,
                -11.4753482
              ],
              [
                -74.394434,
                -11.4727381
              ],
              [
                -74.3948649,
                -11.4716394
              ],
              [
                -74.3951412,
                -11.4696434
              ],
              [
                -74.3949394,
                -11.4662112
              ],
              [
                -74.3952725,
                -11.46288
              ],
              [
                -74.3955342,
                -11.4616904
              ],
              [
                -74.3965575,
                -11.4601436
              ],
              [
                -74.397956,
                -11.4576777
              ],
              [
                -74.3982469,
                -11.4567649
              ],
              [
                -74.3985562,
                -11.4528864
              ],
              [
                -74.398461,
                -11.4521011
              ],
              [
                -74.3981279,
                -11.4512682
              ],
              [
                -74.3977877,
                -11.4506451
              ],
              [
                -74.3968399,
                -11.4489082
              ],
              [
                -74.3966764,
                -11.4476515
              ],
              [
                -74.3969144,
                -11.4462714
              ],
              [
                -74.397533,
                -11.4442726
              ],
              [
                -74.3980087,
                -11.443083
              ],
              [
                -74.4005034,
                -11.4385582
              ],
              [
                -74.4016019,
                -11.4344455
              ],
              [
                -74.4021762,
                -11.4327806
              ],
              [
                -74.4022444,
                -11.427664
              ],
              [
                -74.4020564,
                -11.4246374
              ],
              [
                -74.4020064,
                -11.4238331
              ],
              [
                -74.4017922,
                -11.4212157
              ],
              [
                -74.4024585,
                -11.4197404
              ],
              [
                -74.4040914,
                -11.4175846
              ],
              [
                -74.4044961,
                -11.4169746
              ],
              [
                -74.404648,
                -11.4153307
              ],
              [
                -74.4039582,
                -11.4135799
              ],
              [
                -74.4023974,
                -11.411975
              ],
              [
                -74.4003504,
                -11.410874
              ],
              [
                -74.3995015,
                -11.4090701
              ],
              [
                -74.3981751,
                -11.4047194
              ],
              [
                -74.39775,
                -11.3991465
              ],
              [
                -74.3988434,
                -11.3960419
              ],
              [
                -74.3995884,
                -11.3941397
              ],
              [
                -74.3997774,
                -11.3934577
              ],
              [
                -74.399953,
                -11.3928241
              ],
              [
                -74.4004126,
                -11.391889
              ],
              [
                -74.4011735,
                -11.3906685
              ],
              [
                -74.4029964,
                -11.3886871
              ],
              [
                -74.405152,
                -11.3864362
              ],
              [
                -74.4072739,
                -11.3847286
              ],
              [
                -74.408557,
                -11.384037
              ],
              [
                -74.4106029,
                -11.383685
              ],
              [
                -74.4122967,
                -11.3833331
              ],
              [
                -74.4141006,
                -11.3822331
              ],
              [
                -74.4148045,
                -11.3808252
              ],
              [
                -74.4151465,
                -11.3796465
              ],
              [
                -74.4151511,
                -11.3785596
              ],
              [
                -74.4144746,
                -11.3771295
              ],
              [
                -74.4141006,
                -11.3762056
              ],
              [
                -74.4142546,
                -11.3748416
              ],
              [
                -74.4145626,
                -11.3739837
              ],
              [
                -74.4148319,
                -11.3736745
              ],
              [
                -74.4151565,
                -11.3733017
              ],
              [
                -74.4165204,
                -11.3724439
              ],
              [
                -74.4183022,
                -11.3710579
              ],
              [
                -74.4202381,
                -11.3689681
              ],
              [
                -74.4222715,
                -11.3668829
              ],
              [
                -74.4235729,
                -11.3655514
              ],
              [
                -74.4237452,
                -11.3652949
              ],
              [
                -74.4259049,
                -11.3620822
              ],
              [
                -74.4280585,
                -11.3591027
              ],
              [
                -74.4287489,
                -11.3576544
              ],
              [
                -74.4294627,
                -11.3535855
              ],
              [
                -74.4308666,
                -11.3499925
              ],
              [
                -74.4323656,
                -11.3479937
              ],
              [
                -74.4330091,
                -11.3475511
              ],
              [
                -74.4337694,
                -11.3470282
              ],
              [
                -74.4358635,
                -11.3459712
              ],
              [
                -74.4381715,
                -11.3457809
              ],
              [
                -74.4393375,
                -11.3460187
              ],
              [
                -74.4421927,
                -11.3472799
              ],
              [
                -74.4453099,
                -11.3484935
              ],
              [
                -74.4464282,
                -11.34935
              ],
              [
                -74.4471754,
                -11.3503924
              ],
              [
                -74.4474514,
                -11.3507777
              ],
              [
                -74.4489505,
                -11.3533
              ],
              [
                -74.4499939,
                -11.3540721
              ],
              [
                -74.452591,
                -11.3544344
              ],
              [
                -74.455613,
                -11.3550607
              ],
              [
                -74.4586825,
                -11.3565597
              ],
              [
                -74.460229,
                -11.3576067
              ],
              [
                -74.46211,
                -11.35895
              ],
              [
                -74.46262,
                -11.35922
              ],
              [
                -74.46297,
                -11.35961
              ],
              [
                -74.46349,
                -11.36095
              ],
              [
                -74.46439,
                -11.36212
              ],
              [
                -74.4651,
                -11.36281
              ],
              [
                -74.466,
                -11.36351
              ],
              [
                -74.46827,
                -11.3658201
              ],
              [
                -74.46989,
                -11.36895
              ],
              [
                -74.47102,
                -11.37082
              ],
              [
                -74.47137,
                -11.37153
              ],
              [
                -74.47204,
                -11.37235
              ],
              [
                -74.47252,
                -11.37273
              ],
              [
                -74.473239,
                -11.3728944
              ],
              [
                -74.4741255,
                -11.3730292
              ],
              [
                -74.47566,
                -11.37424
              ],
              [
                -74.47598,
                -11.37433
              ],
              [
                -74.47697,
                -11.37495
              ],
              [
                -74.47818,
                -11.3759
              ],
              [
                -74.47888,
                -11.37623
              ],
              [
                -74.48024,
                -11.37644
              ],
              [
                -74.48148,
                -11.37679
              ],
              [
                -74.48234,
                -11.37718
              ],
              [
                -74.48307,
                -11.37774
              ],
              [
                -74.48336,
                -11.37803
              ],
              [
                -74.48374,
                -11.37807
              ],
              [
                -74.48415,
                -11.37804
              ],
              [
                -74.48522,
                -11.37769
              ],
              [
                -74.48557,
                -11.37743
              ],
              [
                -74.48583,
                -11.3770301
              ],
              [
                -74.4859604,
                -11.3766922
              ],
              [
                -74.4861001,
                -11.37633
              ],
              [
                -74.48752,
                -11.3743599
              ],
              [
                -74.48826,
                -11.37304
              ],
              [
                -74.4885602,
                -11.3727141
              ],
              [
                -74.48896,
                -11.37228
              ],
              [
                -74.49007,
                -11.37152
              ],
              [
                -74.49139,
                -11.3696439
              ],
              [
                -74.49166,
                -11.3692601
              ],
              [
                -74.4928342,
                -11.3681676
              ],
              [
                -74.49324,
                -11.36779
              ],
              [
                -74.49406,
                -11.36694
              ],
              [
                -74.4940969,
                -11.366877
              ],
              [
                -74.4942,
                -11.3667
              ],
              [
                -74.49445,
                -11.3658401
              ],
              [
                -74.4947001,
                -11.36541
              ],
              [
                -74.4954992,
                -11.365031
              ],
              [
                -74.4965785,
                -11.3648189
              ],
              [
                -74.497388,
                -11.364607
              ],
              [
                -74.4984056,
                -11.3640295
              ],
              [
                -74.499508,
                -11.3636626
              ],
              [
                -74.5000862,
                -11.3638169
              ],
              [
                -74.5007607,
                -11.3642986
              ],
              [
                -74.5015821,
                -11.365079
              ],
              [
                -74.50289,
                -11.36577
              ],
              [
                -74.50362,
                -11.36579
              ],
              [
                -74.50383,
                -11.36572
              ],
              [
                -74.5038844,
                -11.3656816
              ],
              [
                -74.5041701,
                -11.36548
              ],
              [
                -74.50436,
                -11.36543
              ],
              [
                -74.5050044,
                -11.3656896
              ],
              [
                -74.5057,
                -11.36597
              ],
              [
                -74.5065,
                -11.36647
              ],
              [
                -74.50738,
                -11.36676
              ],
              [
                -74.50767,
                -11.36679
              ],
              [
                -74.50877,
                -11.3667101
              ],
              [
                -74.5101599,
                -11.36678
              ],
              [
                -74.51087,
                -11.36701
              ],
              [
                -74.51129,
                -11.36705
              ],
              [
                -74.51148,
                -11.36689
              ],
              [
                -74.51154,
                -11.36676
              ],
              [
                -74.51145,
                -11.36611
              ],
              [
                -74.51148,
                -11.3659
              ],
              [
                -74.51239,
                -11.36514
              ],
              [
                -74.51259,
                -11.36506
              ],
              [
                -74.51339,
                -11.3649099
              ],
              [
                -74.51403,
                -11.36422
              ],
              [
                -74.5142,
                -11.36376
              ],
              [
                -74.51419,
                -11.36289
              ],
              [
                -74.51461,
                -11.36222
              ],
              [
                -74.51478,
                -11.36209
              ],
              [
                -74.51562,
                -11.36208
              ],
              [
                -74.51575,
                -11.362
              ],
              [
                -74.51596,
                -11.36172
              ],
              [
                -74.51605,
                -11.36115
              ],
              [
                -74.51629,
                -11.36079
              ],
              [
                -74.51718,
                -11.36027
              ],
              [
                -74.51735,
                -11.35998
              ],
              [
                -74.51758,
                -11.35978
              ],
              [
                -74.51857,
                -11.35924
              ],
              [
                -74.51924,
                -11.35942
              ],
              [
                -74.51944,
                -11.35954
              ],
              [
                -74.5205936,
                -11.359617
              ],
              [
                -74.52064,
                -11.35962
              ],
              [
                -74.5206316,
                -11.3595981
              ],
              [
                -74.5207297,
                -11.3587359
              ],
              [
                -74.5203874,
                -11.3572082
              ],
              [
                -74.5194917,
                -11.3554171
              ],
              [
                -74.5180919,
                -11.3534776
              ],
              [
                -74.5166855,
                -11.3511132
              ],
              [
                -74.51535,
                -11.34708
              ],
              [
                -74.5148,
                -11.34596
              ],
              [
                -74.51479,
                -11.34543
              ],
              [
                -74.51494,
                -11.34459
              ],
              [
                -74.51448,
                -11.34368
              ],
              [
                -74.51433,
                -11.34315
              ],
              [
                -74.51446,
                -11.34209
              ],
              [
                -74.5143384,
                -11.3414159
              ],
              [
                -74.51433,
                -11.34137
              ],
              [
                -74.5142922,
                -11.3413394
              ],
              [
                -74.51412,
                -11.3412
              ],
              [
                -74.5134965,
                -11.340335
              ],
              [
                -74.51319,
                -11.33991
              ],
              [
                -74.5123646,
                -11.3396595
              ],
              [
                -74.51207,
                -11.33957
              ],
              [
                -74.51189,
                -11.33945
              ],
              [
                -74.51167,
                -11.33921
              ],
              [
                -74.51171,
                -11.33902
              ],
              [
                -74.51155,
                -11.33863
              ],
              [
                -74.5110901,
                -11.33823
              ],
              [
                -74.51093,
                -11.33787
              ],
              [
                -74.51093,
                -11.3373901
              ],
              [
                -74.5110701,
                -11.33688
              ],
              [
                -74.511,
                -11.33618
              ],
              [
                -74.5110299,
                -11.33554
              ],
              [
                -74.51156,
                -11.3352
              ],
              [
                -74.51167,
                -11.33503
              ],
              [
                -74.5119601,
                -11.33431
              ],
              [
                -74.51232,
                -11.33375
              ],
              [
                -74.51322,
                -11.33344
              ],
              [
                -74.51369,
                -11.33316
              ],
              [
                -74.5136801,
                -11.3322301
              ],
              [
                -74.51383,
                -11.33178
              ],
              [
                -74.51384,
                -11.33143
              ],
              [
                -74.51377,
                -11.33112
              ],
              [
                -74.51351,
                -11.33088
              ],
              [
                -74.51316,
                -11.33067
              ],
              [
                -74.51303,
                -11.33048
              ],
              [
                -74.51304,
                -11.33032
              ],
              [
                -74.51314,
                -11.33014
              ],
              [
                -74.51432,
                -11.32897
              ],
              [
                -74.5144299,
                -11.3287901
              ],
              [
                -74.5144499,
                -11.32865
              ],
              [
                -74.51412,
                -11.3279401
              ],
              [
                -74.5136401,
                -11.32721
              ],
              [
                -74.5135,
                -11.32559
              ],
              [
                -74.51339,
                -11.32542
              ],
              [
                -74.51295,
                -11.32505
              ],
              [
                -74.51283,
                -11.32479
              ],
              [
                -74.5127,
                -11.32399
              ],
              [
                -74.5127499,
                -11.32326
              ],
              [
                -74.5127099,
                -11.32283
              ],
              [
                -74.51247,
                -11.32206
              ],
              [
                -74.51227,
                -11.32178
              ],
              [
                -74.51134,
                -11.3209799
              ],
              [
                -74.5109572,
                -11.3209049
              ],
              [
                -74.51078,
                -11.32087
              ],
              [
                -74.5098689,
                -11.3207872
              ],
              [
                -74.50946,
                -11.32075
              ],
              [
                -74.50869,
                -11.32081
              ],
              [
                -74.50985,
                -11.32032
              ],
              [
                -74.5099612,
                -11.3202325
              ],
              [
                -74.5100525,
                -11.3201607
              ],
              [
                -74.5106,
                -11.31973
              ],
              [
                -74.51246,
                -11.31828
              ],
              [
                -74.51385,
                -11.3175399
              ],
              [
                -74.51459,
                -11.31751
              ],
              [
                -74.51552,
                -11.31763
              ],
              [
                -74.516255,
                -11.3180291
              ],
              [
                -74.5165175,
                -11.3181717
              ],
              [
                -74.51668,
                -11.31826
              ],
              [
                -74.5167617,
                -11.3183124
              ],
              [
                -74.517848,
                -11.3190089
              ],
              [
                -74.51785,
                -11.31901
              ],
              [
                -74.51824,
                -11.3192599
              ],
              [
                -74.5187486,
                -11.3199019
              ],
              [
                -74.5195,
                -11.32085
              ],
              [
                -74.52011,
                -11.32299
              ],
              [
                -74.52053,
                -11.32386
              ],
              [
                -74.5205454,
                -11.323874
              ],
              [
                -74.5212,
                -11.32447
              ],
              [
                -74.52319,
                -11.32577
              ],
              [
                -74.5238451,
                -11.3264699
              ],
              [
                -74.52407,
                -11.32671
              ],
              [
                -74.52427,
                -11.32727
              ],
              [
                -74.52419,
                -11.32827
              ],
              [
                -74.52424,
                -11.32876
              ],
              [
                -74.5245507,
                -11.3292319
              ],
              [
                -74.52559,
                -11.33081
              ],
              [
                -74.5273999,
                -11.33269
              ],
              [
                -74.5276494,
                -11.3328229
              ],
              [
                -74.528834,
                -11.3334536
              ],
              [
                -74.52894,
                -11.33351
              ],
              [
                -74.52921,
                -11.33371
              ],
              [
                -74.5301326,
                -11.3353676
              ],
              [
                -74.53039,
                -11.33583
              ],
              [
                -74.53048,
                -11.33638
              ],
              [
                -74.53051,
                -11.33712
              ],
              [
                -74.52956,
                -11.34048
              ],
              [
                -74.52951,
                -11.34129
              ],
              [
                -74.52957,
                -11.34221
              ],
              [
                -74.52946,
                -11.34301
              ],
              [
                -74.5289,
                -11.34412
              ],
              [
                -74.52819,
                -11.34494
              ],
              [
                -74.52757,
                -11.34586
              ],
              [
                -74.52717,
                -11.3466
              ],
              [
                -74.52701,
                -11.3472
              ],
              [
                -74.5269519,
                -11.348153
              ],
              [
                -74.52693,
                -11.34851
              ],
              [
                -74.52732,
                -11.3495
              ],
              [
                -74.52806,
                -11.35042
              ]
            ]
          ]
        ],
        "type": "MultiPolygon"
      },
      "type": "Feature",
      "properties": {
        "PROVINCIA": "SATIPO",
        "DISTRITO": "MAZAMARI",
        "name": "MAZAMARI",
        "ID": "110704",
        "DEPARTAMEN": "JUNIN"
      }
    }
  ]
}
