{
  "type": "FeatureCollection",
  "features": [
    {
      "geometry": {
        "coordinates": [
          [
            [
              [
                -73.2449884962145,
                -12.4286719541273,
                3444.05419908611
              ],
              [
                -73.2446241625643,
                -12.4298014202882,
                3455.83523972439
              ],
              [
                -73.2431299704312,
                -12.430624256921,
                3461.72576004353
              ],
              [
                -73.2421311869256,
                -12.4321584663934,
                3464.67102020309
              ],
              [
                -73.2424858442548,
                -12.4334844300653,
                3466.14365028288
              ],
              [
                -73.2420712702397,
                -12.4349319449486,
                3466.87996532277
              ],
              [
                -73.2409538023061,
                -12.4361510411606,
                3467.24812284272
              ],
              [
                -73.2402137732899,
                -12.4366412071326,
                3467.43220160269
              ],
              [
                -73.2400609713197,
                -12.4377997078956,
                3467.52424098268
              ],
              [
                -73.2399794784779,
                -12.4388404078122,
                3467.57026067267
              ],
              [
                -73.2393375863209,
                -12.4391356345718,
                3467.59327051767
              ],
              [
                -73.2384940490986,
                -12.4397060833556,
                3467.60477544017
              ],
              [
                -73.2377434279359,
                -12.4404270662718,
                3467.61052790142
              ],
              [
                -73.2371580737696,
                -12.4414690869075,
                3467.61340413204
              ],
              [
                -73.2362198242185,
                -12.442671070206,
                3467.61628036266
              ],
              [
                -73.2351782407161,
                -12.4439649629181,
                3473.5068006818
              ],
              [
                -73.234482661636,
                -12.4442444676106,
                3476.45206084137
              ],
              [
                -73.2333358228726,
                -12.445339019269,
                3477.92469092116
              ],
              [
                -73.2334963402116,
                -12.446574400816,
                3478.66100596105
              ],
              [
                -73.2328073109762,
                -12.4475499288682,
                3479.029163481
              ],
              [
                -73.2324811445995,
                -12.4487024697546,
                3479.21324224097
              ],
              [
                -73.23140563689,
                -12.4490036631202,
                3479.30528162096
              ],
              [
                -73.2307642747788,
                -12.4495051387267,
                3479.35130131095
              ],
              [
                -73.2302849423863,
                -12.450230338493,
                3479.37431115595
              ],
              [
                -73.2293352409378,
                -12.4505262080822,
                3479.39732100094
              ],
              [
                -73.2289392990223,
                -12.4514982703209,
                3480.86995108073
              ],
              [
                -73.2289393243062,
                -12.4522468934072,
                3481.60626612062
              ],
              [
                -73.2287160853242,
                -12.452835195379,
                3481.97442364057
              ],
              [
                -73.2281808409146,
                -12.4530046471378,
                3482.15850240054
              ],
              [
                -73.2274153335299,
                -12.4536357934742,
                3482.25054178053
              ],
              [
                -73.2269865967721,
                -12.4540279344447,
                3482.29656147052
              ],
              [
                -73.2266371697747,
                -12.4545185496059,
                3482.31957131552
              ],
              [
                -73.2259651061183,
                -12.455101811769,
                3482.33107623801
              ],
              [
                -73.2256366380218,
                -12.4553436431396,
                3482.33682869926
              ],
              [
                -73.2253376335745,
                -12.4557096799675,
                3482.33970492989
              ],
              [
                -73.2247631776984,
                -12.4563999047956,
                3482.34258116051
              ],
              [
                -73.2241846777775,
                -12.4566455097151,
                3482.71073868046
              ],
              [
                -73.223812354671,
                -12.4573124460176,
                3483.0788962004
              ],
              [
                -73.2234439724851,
                -12.4580450573591,
                3483.44705372035
              ],
              [
                -73.2233773606318,
                -12.4586344408645,
                3483.8152112403
              ],
              [
                -73.2222805900147,
                -12.4592352777725,
                3484.18336876024
              ],
              [
                -73.2210978778948,
                -12.459760289538,
                3484.55152628019
              ],
              [
                -73.2203430282383,
                -12.4600160364649,
                3484.91968380014
              ],
              [
                -73.2196196713081,
                -12.460572479887,
                3485.10376256011
              ],
              [
                -73.2188758051179,
                -12.4612229978799,
                3485.28784132008
              ],
              [
                -73.2179262144073,
                -12.4625623925444,
                3488.23310147965
              ],
              [
                -73.2165700893626,
                -12.4630727383713,
                3489.70573155944
              ],
              [
                -73.215017332743,
                -12.463598128575,
                3490.44204659933
              ],
              [
                -73.2129229758038,
                -12.4633508547714,
                3490.81020411928
              ],
              [
                -73.2120497067993,
                -12.4619739361751,
                3490.99428287925
              ],
              [
                -73.2105491543564,
                -12.4615938632459,
                3491.08632225924
              ],
              [
                -73.2086521838448,
                -12.4614680134962,
                3491.13234194923
              ],
              [
                -73.2073428358016,
                -12.4616373339357,
                3491.15535179423
              ],
              [
                -73.2053856570635,
                -12.4612284368764,
                3491.16685671672
              ],
              [
                -73.2040941857285,
                -12.4605362295909,
                3491.17260917797
              ],
              [
                -73.2035346482986,
                -12.4600804562099,
                3491.1754854086
              ],
              [
                -73.202282741047,
                -12.4599188268164,
                3491.17692352391
              ],
              [
                -73.201333294089,
                -12.4593683215055,
                3491.17764258157
              ],
              [
                -73.2006144910482,
                -12.4593294819161,
                3491.17800211039
              ],
              [
                -73.1997404746733,
                -12.4597254417489,
                3491.17818187481
              ],
              [
                -73.1988209860926,
                -12.4598486718028,
                3491.17836163922
              ],
              [
                -73.1907415198424,
                -12.4674997405094,
                3484.03508980913
              ],
              [
                -73.1776378432535,
                -12.4687887612961,
                3480.46345389408
              ],
              [
                -73.1699442167749,
                -12.4707468972838,
                3478.67763593656
              ],
              [
                -73.1635550319616,
                -12.4673655410647,
                3477.7847269578
              ],
              [
                -73.1575209981737,
                -12.4684477089574,
                3477.33827246841
              ],
              [
                -73.1501492777485,
                -12.4743052726155,
                3477.11504522372
              ],
              [
                -73.144575085926,
                -12.479823867708,
                3477.00343160138
              ],
              [
                -73.1392739386191,
                -12.4818570960683,
                3476.94762479021
              ],
              [
                -73.1344714146636,
                -12.4801984506437,
                3476.91972138462
              ],
              [
                -73.1326948091351,
                -12.4846997610112,
                3476.90576968183
              ],
              [
                -73.1298797644041,
                -12.4899282161272,
                3476.89879383043
              ],
              [
                -73.1288127320589,
                -12.4950320831764,
                3476.89530590473
              ],
              [
                -73.1265228076738,
                -12.4992111843239,
                3476.89356194188
              ],
              [
                -73.1245889686499,
                -12.5031103530444,
                3476.89268996046
              ],
              [
                -73.1205825411492,
                -12.5076566190122,
                3476.89225396975
              ],
              [
                -73.1158380216332,
                -12.5103978822589,
                3476.89203597439
              ],
              [
                -73.111287995384,
                -12.5119527935381,
                3476.89192697671
              ],
              [
                -73.1168745057622,
                -12.5174425711189,
                3476.89187247787
              ],
              [
                -73.1224308941026,
                -12.5231886499481,
                3476.89184522845
              ],
              [
                -73.1267792466899,
                -12.5287549529099,
                3476.89183160374
              ],
              [
                -73.1308727924525,
                -12.5345425347993,
                3476.89182479139
              ],
              [
                -73.133761866885,
                -12.5409544585677,
                3476.89181797903
              ],
              [
                -73.1307118437586,
                -12.54455535281,
                3469.74854614894
              ],
              [
                -73.1248681723885,
                -12.5451923840915,
                3466.17691023389
              ],
              [
                -73.1194965376499,
                -12.5459870750955,
                3464.39109227637
              ],
              [
                -73.1158469151942,
                -12.5480338934925,
                3463.49818329761
              ],
              [
                -73.1121131375566,
                -12.5475860481964,
                3463.05172880823
              ],
              [
                -73.1096565065108,
                -12.5504325766018,
                3462.82850156354
              ],
              [
                -73.1075687381777,
                -12.5520042518493,
                3462.71688794119
              ],
              [
                -73.1065090852935,
                -12.5542510484369,
                3462.66108113002
              ],
              [
                -73.1055069170565,
                -12.5596758758373,
                3462.63317772443
              ],
              [
                -73.1035200880936,
                -12.5623106106396,
                3462.61922602164
              ],
              [
                -73.1015150119622,
                -12.564888979273,
                3462.61225017024
              ],
              [
                -73.0991700919488,
                -12.5659712914956,
                3462.60876224454
              ],
              [
                -73.097553016946,
                -12.5656763235235,
                3462.60701828169
              ],
              [
                -73.0944294049316,
                -12.566818849988,
                3462.60614630027
              ],
              [
                -73.0918592297638,
                -12.5694155825807,
                3462.60592830491
              ],
              [
                -73.0905127359416,
                -12.572105758821,
                3462.60581930724
              ],
              [
                -73.0901711616917,
                -12.5756445932353,
                3462.6057648084
              ],
              [
                -73.0904135032186,
                -12.5792086742957,
                3462.60573755898
              ],
              [
                -73.0907221237723,
                -12.582247598684,
                3462.60572393427
              ],
              [
                -73.0916238012114,
                -12.58565454391,
                3462.60571712191
              ],
              [
                -73.092658897584,
                -12.5881284959603,
                3462.60571371574
              ],
              [
                -73.0947836836412,
                -12.5894271306349,
                3462.60571201265
              ],
              [
                -73.0938761667574,
                -12.5910578581246,
                3462.6057111611
              ],
              [
                -73.0934334302347,
                -12.5929584872951,
                3462.60571073533
              ],
              [
                -73.0942515129136,
                -12.5955685285379,
                3462.60571052244
              ],
              [
                -73.0955744467111,
                -12.5972198899932,
                3462.605710416
              ],
              [
                -73.0947798111525,
                -12.5987880085337,
                3462.60571036278
              ],
              [
                -73.0956651634071,
                -12.6009728228882,
                3462.60571033617
              ],
              [
                -73.0964845704099,
                -12.6033568119873,
                3462.60571032286
              ],
              [
                -73.0966562468403,
                -12.6050198526741,
                3462.60571030956
              ],
              [
                -73.0964584737957,
                -12.6076686260535,
                3462.60560131188
              ],
              [
                -73.0970907597173,
                -12.6117343322136,
                3462.60554681304
              ],
              [
                -73.0996489421684,
                -12.6162794078485,
                3462.6054923142
              ],
              [
                -73.1006725030182,
                -12.619219619246,
                3462.60543781536
              ],
              [
                -73.1057555580889,
                -12.6210858727184,
                3462.60538331652
              ],
              [
                -73.1072043599611,
                -12.625081004236,
                3462.60527431885
              ],
              [
                -73.1083002170236,
                -12.6285449136239,
                3460.81945636132
              ],
              [
                -73.1080900852489,
                -12.6325902922832,
                3459.0336384038
              ],
              [
                -73.1070046600879,
                -12.6376956843538,
                3457.24782044627
              ],
              [
                -73.1065890560569,
                -12.6430143238429,
                3456.35491146751
              ],
              [
                -73.1036589660436,
                -12.6457633104258,
                3455.90845697813
              ],
              [
                -73.1015938844817,
                -12.648417338576,
                3455.79684335579
              ],
              [
                -73.0958254561697,
                -12.6535336007985,
                3455.68522973344
              ],
              [
                -73.0942622183515,
                -12.6548833565549,
                3455.65732632786
              ],
              [
                -73.0913053700526,
                -12.6560199107279,
                3455.64337462506
              ],
              [
                -73.0900029714414,
                -12.6571797712996,
                3455.62942292227
              ],
              [
                -73.0894491246321,
                -12.6587315079869,
                3455.5736161111
              ],
              [
                -73.0890733795697,
                -12.6600738932802,
                3455.51780929992
              ],
              [
                -73.0887099366979,
                -12.6610390044867,
                3455.48990589434
              ],
              [
                -73.0881973976525,
                -12.6620508921695,
                3455.48293004294
              ],
              [
                -73.0877095651904,
                -12.6629247101898,
                3455.48118608009
              ],
              [
                -73.0873460291647,
                -12.6638823238237,
                3455.48031409867
              ],
              [
                -73.0869570790971,
                -12.664766186524,
                3455.47987810795
              ],
              [
                -73.087008996441,
                -12.6655303995834,
                3455.4796601126
              ],
              [
                -73.0876894812303,
                -12.6659084598354,
                3455.47955111492
              ],
              [
                -73.0883691125093,
                -12.6664022995179,
                3455.47944211724
              ],
              [
                -73.0888167502133,
                -12.6666745080616,
                3455.47933311956
              ],
              [
                -73.0891829931509,
                -12.666950956818,
                3455.47927862072
              ],
              [
                -73.0895019506553,
                -12.6671579175619,
                3455.47922412189
              ],
              [
                -73.0898184252461,
                -12.6674509372878,
                3455.47900612653
              ],
              [
                -73.0900661195199,
                -12.6677408852071,
                3455.47878813117
              ],
              [
                -73.0903444287227,
                -12.6680294143782,
                3455.47857013582
              ],
              [
                -73.090768312351,
                -12.6683702704896,
                3455.47813414511
              ],
              [
                -73.0911023887148,
                -12.6687756953914,
                3455.47791614975
              ],
              [
                -73.091474155188,
                -12.6691144728904,
                3455.47769815439
              ],
              [
                -73.091824197625,
                -12.669429325042,
                3455.47758915672
              ],
              [
                -73.0921923239076,
                -12.6697866270438,
                3455.47748015904
              ],
              [
                -73.0925360285902,
                -12.6700966749907,
                3455.4774256602
              ],
              [
                -73.0927897715957,
                -12.6703950407119,
                3455.47737116136
              ],
              [
                -73.0931505879407,
                -12.670753566155,
                3455.47731666252
              ],
              [
                -73.0935516058324,
                -12.6711532513468,
                3455.47726216368
              ],
              [
                -73.0938796597446,
                -12.6714754374102,
                3455.47720766484
              ],
              [
                -73.0942601724066,
                -12.6718475698437,
                3455.477153166
              ],
              [
                -73.0947053175349,
                -12.6722370527368,
                3455.47709866716
              ],
              [
                -73.0950265150399,
                -12.6725662685036,
                3455.47704416832
              ],
              [
                -73.095342266965,
                -12.6728918948537,
                3455.47693517065
              ],
              [
                -73.0956940150224,
                -12.6732020037493,
                3455.47688067181
              ],
              [
                -73.0959575615526,
                -12.6734719869797,
                3455.47682617297
              ],
              [
                -73.0962390583778,
                -12.6737074672667,
                3455.47682446988
              ],
              [
                -73.0965550525367,
                -12.6740156662903,
                3455.47682276679
              ],
              [
                -73.0968367123126,
                -12.6742804411362,
                3455.47681936061
              ],
              [
                -73.0971077364213,
                -12.6745016930073,
                3455.47681254826
              ],
              [
                -73.0974784759915,
                -12.6748314304965,
                3455.47679892355
              ],
              [
                -73.0978124743244,
                -12.6751763046629,
                3455.47677167413
              ],
              [
                -73.098164931804,
                -12.6755047293546,
                3455.47671717529
              ],
              [
                -73.0984105573484,
                -12.6757913213338,
                3455.47660817761
              ],
              [
                -73.0986841932873,
                -12.6761136530999,
                3455.47639018226
              ],
              [
                -73.0990066183554,
                -12.6765041812605,
                3455.47595419154
              ],
              [
                -73.0992962071134,
                -12.6768230994823,
                3455.47573619619
              ],
              [
                -73.0995268361184,
                -12.6771714407268,
                3455.47551820083
              ],
              [
                -73.0997642686607,
                -12.6774529390929,
                3455.47508221012
              ],
              [
                -73.1000430393772,
                -12.6777243369565,
                3455.47464621941
              ],
              [
                -73.1003650015184,
                -12.6780613782879,
                3455.4742102287
              ],
              [
                -73.1006271423235,
                -12.67837341028,
                3455.47377423798
              ],
              [
                -73.1009316197153,
                -12.6787351775696,
                3455.47333824727
              ],
              [
                -73.1014042025751,
                -12.6793366500401,
                3455.47246626585
              ],
              [
                -73.1016941444347,
                -12.6799105037734,
                3455.47203027513
              ],
              [
                -73.1019172841959,
                -12.6803137053888,
                3455.47159428442
              ],
              [
                -73.102134143759,
                -12.6807686629355,
                3455.47115829371
              ],
              [
                -73.1024451089419,
                -12.6813316466971,
                3455.470722303
              ],
              [
                -73.1027787858401,
                -12.6819544803227,
                3455.47028631229
              ],
              [
                -73.1030817154818,
                -12.6825800200483,
                3455.46985032157
              ],
              [
                -73.1033086242764,
                -12.6830499551279,
                3455.46941433086
              ],
              [
                -73.1035345966556,
                -12.6834675929936,
                3455.46897834015
              ],
              [
                -73.1039916695918,
                -12.6839407752608,
                3455.46886934247
              ],
              [
                -73.1043845778124,
                -12.6844148537927,
                3455.46876034479
              ],
              [
                -73.1048605001033,
                -12.6849252926388,
                3455.46854234944
              ],
              [
                -73.1052513413897,
                -12.6853510325266,
                3455.46810635872
              ],
              [
                -73.1056497858411,
                -12.6857713415193,
                3455.4672343773
              ],
              [
                -73.1059529406826,
                -12.6860739050686,
                3455.46679838659
              ],
              [
                -73.1062600726768,
                -12.6863611376859,
                3455.46636239587
              ],
              [
                -73.1068288319017,
                -12.6865490872726,
                3455.46592640516
              ],
              [
                -73.1073533378273,
                -12.6867848724886,
                3455.46549041445
              ],
              [
                -73.1078259303414,
                -12.6869731560677,
                3455.46538141677
              ],
              [
                -73.1083194833462,
                -12.6871553876805,
                3455.46527241909
              ],
              [
                -73.1089402121593,
                -12.6874100859061,
                3455.46505442374
              ],
              [
                -73.1094186896562,
                -12.6875812069061,
                3455.46461843302
              ],
              [
                -73.1098668337346,
                -12.6877482066945,
                3455.4637464516
              ],
              [
                -73.1103484006659,
                -12.6879227813854,
                3455.46331046089
              ],
              [
                -73.1107320267347,
                -12.6880920444191,
                3455.46287447017
              ],
              [
                -73.1112358751929,
                -12.6883030569077,
                3455.46200248875
              ],
              [
                -73.1117415742612,
                -12.6885237001757,
                3455.46197523933
              ],
              [
                -73.1123066894433,
                -12.6887476237009,
                3455.46194798991
              ],
              [
                -73.1129216416371,
                -12.6890281904048,
                3455.46189349107
              ],
              [
                -73.1134491818655,
                -12.6892153244219,
                3455.46178449339
              ],
              [
                -73.1140974472662,
                -12.6894694604199,
                3455.46156649804
              ],
              [
                -73.114575498326,
                -12.6896589426028,
                3455.46113050733
              ],
              [
                -73.1150930498858,
                -12.6898263658452,
                3455.4602585259
              ],
              [
                -73.1157034166239,
                -12.6900723721481,
                3455.45851456305
              ],
              [
                -73.1163309415448,
                -12.6902504778003,
                3455.45502663735
              ],
              [
                -73.1168828762474,
                -12.6904319662752,
                3455.44805078596
              ],
              [
                -73.1175268057129,
                -12.69064897723,
                3455.43409908317
              ],
              [
                -73.1183058358002,
                -12.6908823906502,
                3455.40619567758
              ],
              [
                -73.1190018705224,
                -12.6911458989804,
                3455.35038886641
              ],
              [
                -73.1194690216131,
                -12.6912831128057,
                3455.23877524406
              ],
              [
                -73.1199584900859,
                -12.6915375547041,
                3455.23874799464
              ],
              [
                -73.1204765739936,
                -12.6918227686748,
                3455.23872074522
              ],
              [
                -73.1209370382846,
                -12.6920453917239,
                3455.23866624638
              ],
              [
                -73.1214534839703,
                -12.6923593416121,
                3455.2385572487
              ],
              [
                -73.121972726968,
                -12.6925523119119,
                3455.23833925335
              ],
              [
                -73.1223487349024,
                -12.6928052182838,
                3455.23790326264
              ],
              [
                -73.1227865433486,
                -12.6931551856891,
                3455.23703128121
              ],
              [
                -73.1231580828432,
                -12.6934656571904,
                3455.23528731836
              ],
              [
                -73.1235320331835,
                -12.6937474294077,
                3455.23441533694
              ],
              [
                -73.1239063539769,
                -12.6940913057227,
                3455.23354335551
              ],
              [
                -73.12427987593,
                -12.6944653351185,
                3455.23179939266
              ],
              [
                -73.1245355130875,
                -12.6947429289713,
                3455.22482354127
              ],
              [
                -73.1248153504261,
                -12.6952018259178,
                3455.21087183847
              ],
              [
                -73.1250703108732,
                -12.6956325805969,
                3455.18296843289
              ],
              [
                -73.1252968802007,
                -12.6960624403991,
                3455.12716162172
              ],
              [
                -73.1255073526224,
                -12.6964264475063,
                3455.01554799937
              ],
              [
                -73.1256962297106,
                -12.6968860301982,
                3455.01543900169
              ],
              [
                -73.1258764982246,
                -12.6973445052541,
                3455.01533000401
              ],
              [
                -73.1260890547136,
                -12.6977205705712,
                3455.01511200866
              ],
              [
                -73.1263066949316,
                -12.6980427509227,
                3455.01467601794
              ],
              [
                -73.1264296994872,
                -12.6984105784229,
                3455.01380403652
              ],
              [
                -73.1264910210735,
                -12.6988005362507,
                3455.01206007367
              ],
              [
                -73.1265752222706,
                -12.6992169268958,
                3455.00857214797
              ],
              [
                -73.126626654954,
                -12.699612869406,
                3455.00159629658
              ],
              [
                -73.1267369176048,
                -12.7000023024403,
                3454.98764459378
              ],
              [
                -73.126738055879,
                -12.7003031757446,
                3454.9597411882
              ],
              [
                -73.1267935221315,
                -12.7006634577679,
                3454.90393437702
              ],
              [
                -73.1268814309626,
                -12.7009992475734,
                3454.89695852563
              ],
              [
                -73.1269902997144,
                -12.7014477707951,
                3454.88998267423
              ],
              [
                -73.1270976097518,
                -12.7019096267265,
                3454.87603097144
              ],
              [
                -73.1273163623126,
                -12.702330273149,
                3454.84812756585
              ],
              [
                -73.1276752786313,
                -12.7030056469287,
                3454.79232075468
              ],
              [
                -73.1281084621939,
                -12.7035801336223,
                3454.76441734909
              ],
              [
                -73.1281964141575,
                -12.704092690674,
                3454.73651394351
              ],
              [
                -73.1285419500376,
                -12.7047422815817,
                3454.70861053792
              ],
              [
                -73.128635851831,
                -12.7050754669364,
                3454.68070713234
              ],
              [
                -73.1287461031073,
                -12.7055448333653,
                3454.67721920664
              ],
              [
                -73.1289290063326,
                -12.7060237335267,
                3454.67373128094
              ],
              [
                -73.129046133221,
                -12.706495595961,
                3454.66675542954
              ],
              [
                -73.1290663210222,
                -12.7069307904943,
                3454.65280372675
              ],
              [
                -73.1291361161858,
                -12.707291564014,
                3454.62490032116
              ],
              [
                -73.129166662839,
                -12.7077859279375,
                3454.59699691558
              ],
              [
                -73.1292916700491,
                -12.7083150433123,
                3454.56909350999
              ],
              [
                -73.1294733013486,
                -12.7087138878352,
                3454.56822152857
              ],
              [
                -73.1296292416973,
                -12.7089178967307,
                3454.56734954714
              ],
              [
                -73.1301190997937,
                -12.7088967603674,
                3454.56560558429
              ],
              [
                -73.13054126755,
                -12.7088155105572,
                3454.56211765859
              ],
              [
                -73.1310709041535,
                -12.7087268798794,
                3454.5551418072
              ],
              [
                -73.1316641872575,
                -12.7086909507132,
                3454.5411901044
              ],
              [
                -73.132511943222,
                -12.7086443931439,
                3454.51328669882
              ],
              [
                -73.1328280863764,
                -12.7085560178371,
                3454.45747988764
              ],
              [
                -73.1331603790378,
                -12.7085463430971,
                3454.40167307647
              ],
              [
                -73.1334575149564,
                -12.7086971569701,
                3454.3458662653
              ],
              [
                -73.1338099085836,
                -12.7088232789591,
                3454.33191456251
              ],
              [
                -73.1341652243666,
                -12.708895630466,
                3454.31796285971
              ],
              [
                -73.1344885941661,
                -12.7090472066406,
                3454.29005945413
              ],
              [
                -73.1349786707284,
                -12.7091493721071,
                3454.27610775133
              ],
              [
                -73.1353605518692,
                -12.7093059106958,
                3454.26215604854
              ],
              [
                -73.1357450651569,
                -12.7094085427499,
                3454.23425264295
              ],
              [
                -73.1360761746871,
                -12.7095094175142,
                3454.22030094016
              ],
              [
                -73.1363171001676,
                -12.7096846429988,
                3454.20634923737
              ],
              [
                -73.1366137588564,
                -12.7099186923376,
                3454.17844583178
              ],
              [
                -73.1368803160357,
                -12.7101496843772,
                3454.16449412899
              ],
              [
                -73.137180144075,
                -12.710357034706,
                3454.15054242619
              ],
              [
                -73.1374231445672,
                -12.7105890022291,
                3454.12263902061
              ],
              [
                -73.1376373880069,
                -12.7108741905531,
                3454.12176703918
              ],
              [
                -73.1378911045335,
                -12.7110847909572,
                3454.12089505776
              ],
              [
                -73.1380878919892,
                -12.7112354749474,
                3454.11915109491
              ],
              [
                -73.1382672802354,
                -12.7114268595772,
                3454.11566316921
              ],
              [
                -73.1384405683402,
                -12.7115759554768,
                3454.10868731782
              ],
              [
                -73.1387089006636,
                -12.7117780530498,
                3454.09473561502
              ],
              [
                -73.1389523020956,
                -12.7119531891364,
                3454.06683220944
              ],
              [
                -73.1391628620943,
                -12.7121489417808,
                3454.01102539826
              ],
              [
                -73.1393691017704,
                -12.712368165179,
                3453.95521858709
              ],
              [
                -73.1396094040088,
                -12.7125150850074,
                3453.94824273569
              ],
              [
                -73.1398480539971,
                -12.7126348716299,
                3453.9412668843
              ],
              [
                -73.1400184949811,
                -12.7128466572865,
                3453.9273151815
              ],
              [
                -73.1402383036472,
                -12.7131118869268,
                3453.89941177592
              ],
              [
                -73.1405031156281,
                -12.713314819229,
                3453.89766781307
              ],
              [
                -73.1408394272677,
                -12.7135408405424,
                3453.89592385022
              ],
              [
                -73.1410440578146,
                -12.7137327369335,
                3453.89243592452
              ],
              [
                -73.1413486584189,
                -12.713927793073,
                3453.88546007312
              ],
              [
                -73.1415763173278,
                -12.7141192673093,
                3453.87150837033
              ],
              [
                -73.1418596786872,
                -12.7142896483367,
                3453.84360496474
              ],
              [
                -73.1420170852007,
                -12.714429306895,
                3453.78779815357
              ],
              [
                -73.1422224073785,
                -12.7145954003879,
                3453.7319913424
              ],
              [
                -73.1423696305646,
                -12.7147800838742,
                3453.67618453123
              ],
              [
                -73.142552128962,
                -12.7149725464567,
                3453.66223282843
              ],
              [
                -73.1426879067133,
                -12.7151130993667,
                3453.65525697704
              ],
              [
                -73.1428757643859,
                -12.7153084827474,
                3453.64828112564
              ],
              [
                -73.1430322509344,
                -12.7154472988408,
                3453.62037772005
              ],
              [
                -73.1431873207146,
                -12.7156631664932,
                3453.56457090888
              ],
              [
                -73.1433769141646,
                -12.7158592115588,
                3453.50876409771
              ],
              [
                -73.1435680490851,
                -12.71605597566,
                3453.48086069212
              ],
              [
                -73.1438001363939,
                -12.7162623561947,
                3453.45295728654
              ],
              [
                -73.143986220264,
                -12.716417850412,
                3453.43900558374
              ],
              [
                -73.1441021597581,
                -12.7165860671854,
                3453.42505388095
              ],
              [
                -73.1443244627021,
                -12.7168132408194,
                3453.39715047536
              ],
              [
                -73.1445156099621,
                -12.716984107635,
                3453.36924706978
              ],
              [
                -73.1447335202271,
                -12.7171826408991,
                3453.34134366419
              ],
              [
                -73.1448925487187,
                -12.7173739966201,
                3453.28553685302
              ],
              [
                -73.1451087716004,
                -12.7176126027161,
                3453.22973004184
              ],
              [
                -73.1454203757467,
                -12.7178912822125,
                3453.17392323067
              ],
              [
                -73.145716762217,
                -12.7181255115342,
                3453.14601982509
              ],
              [
                -73.1458444470989,
                -12.7183304006426,
                3453.13206812229
              ],
              [
                -73.1459939043229,
                -12.7185052626851,
                3453.1250922709
              ],
              [
                -73.1461427029943,
                -12.7186793525907,
                3453.1181164195
              ],
              [
                -73.1463067167939,
                -12.7188534280004,
                3453.10416471671
              ],
              [
                -73.1464224816554,
                -12.7190201948824,
                3453.10067679101
              ],
              [
                -73.1465181244497,
                -12.7191560573917,
                3453.09718886531
              ],
              [
                -73.1465898367448,
                -12.7193083601293,
                3453.09370093961
              ],
              [
                -73.1467230679561,
                -12.7194671347961,
                3453.09195697676
              ],
              [
                -73.1468748756739,
                -12.7196080426378,
                3453.09108499534
              ],
              [
                -73.1470637827056,
                -12.719750813546,
                3453.09064900462
              ],
              [
                -73.1472252085387,
                -12.719905690665,
                3453.09021301391
              ],
              [
                -73.1474429255926,
                -12.7201012369723,
                3453.07626131112
              ],
              [
                -73.1477883417138,
                -12.7203582758763,
                3453.07277338542
              ],
              [
                -73.1480588600741,
                -12.7205735906671,
                3453.06928545972
              ],
              [
                -73.148344735191,
                -12.7208438887055,
                3453.06754149688
              ],
              [
                -73.1485961922195,
                -12.7210679466484,
                3453.06579753403
              ],
              [
                -73.1489587158783,
                -12.7213348583587,
                3453.06230960833
              ],
              [
                -73.1492671211684,
                -12.7216080152617,
                3453.04835790553
              ],
              [
                -73.1495777440041,
                -12.7217824052761,
                3453.04138205414
              ],
              [
                -73.1497806059063,
                -12.721981723522,
                3453.03440620274
              ],
              [
                -73.1499665499232,
                -12.7220969903412,
                3453.02045449995
              ],
              [
                -73.1501431541615,
                -12.7222410896733,
                3453.01347864855
              ],
              [
                -73.1502911985253,
                -12.7223596755433,
                3453.00650279716
              ],
              [
                -73.1504241651733,
                -12.7224814570675,
                3453.00563081573
              ],
              [
                -73.1505776510482,
                -12.7226450626494,
                3453.00475883431
              ],
              [
                -73.1507742525338,
                -12.7228422251417,
                3453.00388685288
              ],
              [
                -73.1509794066297,
                -12.7230319233546,
                3453.00301487146
              ],
              [
                -73.1511497867241,
                -12.7232027420108,
                3452.99952694576
              ],
              [
                -73.1514641012005,
                -12.7234125122808,
                3452.99255109436
              ],
              [
                -73.1517187240133,
                -12.7236357588628,
                3452.97859939157
              ],
              [
                -73.1519896580655,
                -12.7238593968832,
                3452.95069598598
              ],
              [
                -73.1523265748595,
                -12.7241493600183,
                3452.94372013458
              ],
              [
                -73.1526324644564,
                -12.7244174551117,
                3452.93674428319
              ],
              [
                -73.1529038946264,
                -12.7246356652697,
                3452.92976843179
              ],
              [
                -73.153013239727,
                -12.7247815193482,
                3452.9227925804
              ],
              [
                -73.1531461968363,
                -12.7248378995868,
                3452.915816729
              ],
              [
                -73.1534362795704,
                -12.7251531727743,
                3452.9088408776
              ],
              [
                -73.1536839263925,
                -12.7254667456262,
                3452.89488917481
              ],
              [
                -73.1538624507869,
                -12.7256336452477,
                3452.8944531841
              ],
              [
                -73.1540524213088,
                -12.725830725097,
                3452.89401719339
              ],
              [
                -73.154148361918,
                -12.7259449675889,
                3452.89314521196
              ],
              [
                -73.1542754425479,
                -12.7260606587774,
                3452.89140124911
              ],
              [
                -73.1544264812616,
                -12.7262595133557,
                3452.88791332341
              ],
              [
                -73.1545066900582,
                -12.7263712754602,
                3452.88093747202
              ],
              [
                -73.1546005821306,
                -12.7264527906609,
                3452.86698576922
              ],
              [
                -73.1547080333211,
                -12.7265293094233,
                3452.83908236364
              ],
              [
                -73.1547387511061,
                -12.726635939543,
                3452.83559443794
              ],
              [
                -73.1548069482462,
                -12.7267271750907,
                3452.83210651224
              ],
              [
                -73.154879847896,
                -12.7268170220516,
                3452.82861858654
              ],
              [
                -73.1549257880158,
                -12.7269479475526,
                3452.82513066084
              ],
              [
                -73.1550033360904,
                -12.7270802642945,
                3452.81117895805
              ],
              [
                -73.1552012042199,
                -12.727235742465,
                3452.80420310665
              ],
              [
                -73.1552777290357,
                -12.7273676800211,
                3452.79722725526
              ],
              [
                -73.1553923129919,
                -12.7274701089094,
                3452.78327555246
              ],
              [
                -73.1555291000984,
                -12.7275101322442,
                3452.67166193012
              ],
              [
                -73.1556803922177,
                -12.7275827402844,
                3452.61585511895
              ],
              [
                -73.1557969071142,
                -12.7276532114289,
                3452.58795171336
              ],
              [
                -73.155968253792,
                -12.7276631252098,
                3452.57400001057
              ],
              [
                -73.156102295421,
                -12.7277185653248,
                3452.56702415917
              ],
              [
                -73.1562714415819,
                -12.7277600983757,
                3452.56353623347
              ],
              [
                -73.1565038351998,
                -12.7278366392127,
                3452.56179227062
              ],
              [
                -73.1566382710135,
                -12.7278760543047,
                3452.5609202892
              ],
              [
                -73.1567944778472,
                -12.7279514965524,
                3452.56048429849
              ],
              [
                -73.1569249377177,
                -12.7279903040768,
                3452.56026630313
              ],
              [
                -73.1570717958999,
                -12.7280299734059,
                3452.56023905371
              ],
              [
                -73.1572361313509,
                -12.7280547661446,
                3452.56021180429
              ],
              [
                -73.1573648176999,
                -12.7281090490527,
                3452.56015730545
              ],
              [
                -73.157505413207,
                -12.7281470024553,
                3452.56014368074
              ],
              [
                -73.1576289842996,
                -12.7281991205114,
                3452.56013005603
              ],
              [
                -73.1577540392945,
                -12.7282208853615,
                3452.56010280661
              ],
              [
                -73.157971393837,
                -12.7282612739705,
                3452.56007555719
              ],
              [
                -73.1580877518711,
                -12.7282925539779,
                3452.56006193248
              ],
              [
                -73.1582868631818,
                -12.728327343107,
                3452.56004830777
              ],
              [
                -73.1583972070058,
                -12.72839916197,
                3452.55830434493
              ],
              [
                -73.158517635204,
                -12.7285178729013,
                3452.55656038208
              ],
              [
                -73.1586495282297,
                -12.7286362962298,
                3452.55307245638
              ],
              [
                -73.1587857282932,
                -12.7287113530045,
                3452.54958453068
              ],
              [
                -73.1588775665193,
                -12.7288004867964,
                3452.54784056783
              ],
              [
                -73.1589767281591,
                -12.7289085868444,
                3452.54609660498
              ],
              [
                -73.1590944622503,
                -12.7290042807629,
                3452.53214490219
              ],
              [
                -73.1592262988993,
                -12.7290990400804,
                3452.5042414966
              ],
              [
                -73.1593369904222,
                -12.7292473819531,
                3452.44843468543
              ],
              [
                -73.1595505213402,
                -12.7294201146086,
                3452.43448298264
              ],
              [
                -73.1596962635915,
                -12.7295484805541,
                3452.42053127984
              ],
              [
                -73.1599599181487,
                -12.7297748921609,
                3452.39262787426
              ],
              [
                -73.1601492564926,
                -12.7299648859923,
                3452.36472446867
              ],
              [
                -73.1603834422163,
                -12.7301815653916,
                3452.35077276588
              ],
              [
                -73.160572672588,
                -12.7304151830811,
                3452.34728484018
              ],
              [
                -73.1608408383105,
                -12.7306184182293,
                3452.34379691448
              ],
              [
                -73.1612913983999,
                -12.7311093149742,
                3452.34030898878
              ],
              [
                -73.1615898362712,
                -12.7314343747256,
                3452.33856502593
              ],
              [
                -73.162014710824,
                -12.7317151988488,
                3452.33769304451
              ],
              [
                -73.1622546439147,
                -12.7321586041008,
                3452.33747504915
              ],
              [
                -73.1628496839783,
                -12.7325340045241,
                3452.33725705379
              ],
              [
                -73.1632643210005,
                -12.7329858130349,
                3452.33703905844
              ],
              [
                -73.1637970599012,
                -12.7335024117562,
                3452.33693006076
              ],
              [
                -73.16416017498,
                -12.7339348340695,
                3452.33687556192
              ],
              [
                -73.1645885852415,
                -12.7344291610435,
                3452.33682106308
              ],
              [
                -73.1651353314845,
                -12.7348803442323,
                3452.28101425191
              ],
              [
                -73.1654668974409,
                -12.7352496953234,
                3452.25311084632
              ],
              [
                -73.1659370710563,
                -12.7357564969968,
                3452.23915914353
              ],
              [
                -73.1664368473463,
                -12.7363943494004,
                3452.23218329213
              ],
              [
                -73.1667675158999,
                -12.7368290115796,
                3452.22869536644
              ],
              [
                -73.1668899102928,
                -12.7371824405255,
                3452.22520744074
              ],
              [
                -73.1673451128515,
                -12.7378859225971,
                3452.22433545931
              ],
              [
                -73.1675921017876,
                -12.7381380177114,
                3452.22346347789
              ],
              [
                -73.1682065270094,
                -12.7385242729191,
                3452.22171951504
              ],
              [
                -73.1688404293809,
                -12.7385567190189,
                3452.21823158934
              ],
              [
                -73.1693028100888,
                -12.7384030440301,
                3452.21125573795
              ],
              [
                -73.1698557069113,
                -12.738254093171,
                3452.19730403515
              ],
              [
                -73.1703179406142,
                -12.7381005204318,
                3452.19032818375
              ],
              [
                -73.1707754283944,
                -12.7380354301714,
                3452.18335233236
              ],
              [
                -73.1714149393965,
                -12.7379798608285,
                3452.16940062957
              ],
              [
                -73.1721372367819,
                -12.7381061076901,
                3452.16591270387
              ],
              [
                -73.1726418207523,
                -12.7383075209596,
                3452.16242477817
              ],
              [
                -73.1731916382539,
                -12.7386943684125,
                3452.15893685247
              ],
              [
                -73.1735292703043,
                -12.738891962404,
                3452.15544892677
              ],
              [
                -73.1738698228387,
                -12.7390298843354,
                3452.14847307538
              ],
              [
                -73.1741457764808,
                -12.7391957573437,
                3452.14498514968
              ],
              [
                -73.174578343241,
                -12.7393993303154,
                3452.14324118683
              ],
              [
                -73.1749876540688,
                -12.7396255691759,
                3452.14149722398
              ],
              [
                -73.1752954171125,
                -12.7398276323188,
                3452.12754552119
              ],
              [
                -73.175624276307,
                -12.739968814107,
                3452.12056966979
              ],
              [
                -73.1759967105133,
                -12.7401302325056,
                3452.11708174409
              ],
              [
                -73.1763900016263,
                -12.7403353412323,
                3452.11533778124
              ],
              [
                -73.1767837025931,
                -12.7405656869724,
                3452.11446579982
              ],
              [
                -73.177110714326,
                -12.7407962795963,
                3452.1140298091
              ],
              [
                -73.1775543826465,
                -12.7409905866522,
                3452.11381181375
              ],
              [
                -73.1780214548146,
                -12.7411921179893,
                3452.11370281607
              ],
              [
                -73.1783750086323,
                -12.7413889055841,
                3452.11364831723
              ],
              [
                -73.1787451852375,
                -12.7416043455514,
                3452.11362106781
              ],
              [
                -73.1791553199191,
                -12.7418175712156,
                3452.1136074431
              ],
              [
                -73.1794846499596,
                -12.742047243398,
                3452.11359381839
              ],
              [
                -73.1795647644223,
                -12.7424800804533,
                3452.11337582304
              ],
              [
                -73.1796741714277,
                -12.7428656486112,
                3452.11315782768
              ],
              [
                -73.1797588037756,
                -12.7432258145345,
                3452.11272183697
              ],
              [
                -73.1798322237625,
                -12.7437842169023,
                3452.11184985554
              ],
              [
                -73.1799627873822,
                -12.7442724708541,
                3452.1101058927
              ],
              [
                -73.1801197311046,
                -12.744765276687,
                3452.106617967
              ],
              [
                -73.1802340312616,
                -12.7452833962005,
                3452.0996421156
              ],
              [
                -73.1803547479353,
                -12.7457394092537,
                3452.08569041281
              ],
              [
                -73.1803944989894,
                -12.7461595309675,
                3452.05778700722
              ],
              [
                -73.1802685415705,
                -12.7472463734819,
                3452.00198019605
              ],
              [
                -73.1801940094607,
                -12.7480528608243,
                3451.8903665737
              ],
              [
                -73.1800723563801,
                -12.7488676459531,
                3451.87641487091
              ],
              [
                -73.179937495242,
                -12.7498665779513,
                3451.86246316812
              ],
              [
                -73.1797431410991,
                -12.7508404443291,
                3451.83455976253
              ],
              [
                -73.1793712553828,
                -12.7542130331549,
                3451.77875295136
              ],
              [
                -73.1807401230606,
                -12.7571987294451,
                3451.66713932901
              ],
              [
                -73.1809764076429,
                -12.7628576000671,
                3451.44391208432
              ],
              [
                -73.1810043409373,
                -12.7698280029238,
                3451.38810527315
              ],
              [
                -73.180336534992,
                -12.7751470122526,
                3451.33229846197
              ],
              [
                -73.1861920427055,
                -12.7840971962286,
                3451.2764916508
              ],
              [
                -73.1867565662606,
                -12.7854204938453,
                3451.22068483963
              ],
              [
                -73.1866629946219,
                -12.787186667178,
                3451.10907121728
              ],
              [
                -73.1858916518215,
                -12.7945715787919,
                3450.99745759494
              ],
              [
                -73.1873151993267,
                -12.796807294779,
                3450.99048174354
              ],
              [
                -73.1907747222872,
                -12.797991413575,
                3450.98350589215
              ],
              [
                -73.1946374174152,
                -12.7984045070027,
                3450.96955418935
              ],
              [
                -73.1972486340004,
                -12.8000477425864,
                3450.94165078377
              ],
              [
                -73.2056963294687,
                -12.8122628156988,
                3450.88584397259
              ],
              [
                -73.2102348717879,
                -12.8133891059755,
                3450.77423035025
              ],
              [
                -73.2130824354087,
                -12.8146886256382,
                3450.55100310556
              ],
              [
                -73.2154800775753,
                -12.8160231111193,
                3450.10454861618
              ],
              [
                -73.2180145989466,
                -12.8183261983451,
                3450.10280465333
              ],
              [
                -73.2216599873134,
                -12.8224084391207,
                3450.10236866262
              ],
              [
                -73.2228623149892,
                -12.8267400087892,
                3450.1019326719
              ],
              [
                -73.2224267621205,
                -12.8285543201485,
                3450.10106069048
              ],
              [
                -73.2217644864694,
                -12.8308303651612,
                3450.09757276478
              ],
              [
                -73.2216598816533,
                -12.8327627479173,
                3450.09059691339
              ],
              [
                -73.2212097500205,
                -12.8351657178095,
                3450.07664521059
              ],
              [
                -73.2215046923594,
                -12.8361380848632,
                3450.04874180501
              ],
              [
                -73.222986794768,
                -12.8386415291815,
                3449.99293499383
              ],
              [
                -73.2246054064986,
                -12.841240052884,
                3449.88132137149
              ],
              [
                -73.2258472725349,
                -12.8425126634787,
                3449.6580941268
              ],
              [
                -73.2270322252772,
                -12.8440885489978,
                3449.21163963742
              ],
              [
                -73.2280356529107,
                -12.845287725072,
                3448.31873065866
              ],
              [
                -73.2289165525162,
                -12.8464144328617,
                3447.87227616928
              ],
              [
                -73.2300840602458,
                -12.847903153956,
                3447.42582167989
              ],
              [
                -73.2316374719588,
                -12.8493077342559,
                3446.97936719051
              ],
              [
                -73.2331456088348,
                -12.8508086650536,
                3446.53291270113
              ],
              [
                -73.2344863066421,
                -12.8520356645581,
                3445.64000372237
              ],
              [
                -73.2361694832075,
                -12.8534743235012,
                3445.19354923299
              ],
              [
                -73.2373027880223,
                -12.8547408751114,
                3444.74709474361
              ],
              [
                -73.2387082882849,
                -12.856213173477,
                3444.30064025423
              ],
              [
                -73.2403055695335,
                -12.8579277915423,
                3443.85418576485
              ],
              [
                -73.2403390527985,
                -12.8593804343534,
                3443.40773127547
              ],
              [
                -73.2394187082311,
                -12.8620110717389,
                3442.96127678608
              ],
              [
                -73.2380055740546,
                -12.8653418787092,
                3442.51482229671
              ],
              [
                -73.2381275671383,
                -12.8677679615778,
                3442.06836780732
              ],
              [
                -73.237402699426,
                -12.8699849704294,
                3441.84514056263
              ],
              [
                -73.2361965488281,
                -12.8729203515219,
                3441.62191331794
              ],
              [
                -73.2359105338464,
                -12.8778788086987,
                3441.17545882856
              ],
              [
                -73.2348259301891,
                -12.8814668812999,
                3440.72900433918
              ],
              [
                -73.2373775691328,
                -12.880970673043,
                3440.50577709449
              ],
              [
                -73.2396919634065,
                -12.8809788494025,
                3440.39416347215
              ],
              [
                -73.241484878847,
                -12.8807483251114,
                3440.2825498498
              ],
              [
                -73.2442057487448,
                -12.8820238240671,
                3439.83609536042
              ],
              [
                -73.2464682765683,
                -12.8860156571385,
                3439.61286811573
              ],
              [
                -73.247156426516,
                -12.8894612503819,
                3439.50125449338
              ],
              [
                -73.246964120911,
                -12.8939970791798,
                3439.44544768221
              ],
              [
                -73.2478950314759,
                -12.896563799115,
                3439.41754427662
              ],
              [
                -73.2486578994633,
                -12.8967765714617,
                3439.41580031377
              ],
              [
                -73.2494988550207,
                -12.8968750433366,
                3439.41405635093
              ],
              [
                -73.250645862039,
                -12.8976990626373,
                3439.41404953857
              ],
              [
                -73.2512358838888,
                -12.8981910041164,
                3439.41404613239
              ],
              [
                -73.2518390411362,
                -12.8987794343839,
                3439.41404272622
              ],
              [
                -73.2521831197405,
                -12.899530276777,
                3439.41403932004
              ],
              [
                -73.252273523731,
                -12.9002350629439,
                3439.41403591386
              ],
              [
                -73.2525095184279,
                -12.9012428005498,
                3439.41403250768
              ],
              [
                -73.2528537416148,
                -12.9016864242857,
                3439.41402910151
              ],
              [
                -73.2536966517885,
                -12.9024295135564,
                3439.41402569533
              ],
              [
                -73.2549409909697,
                -12.9031282798959,
                3439.41402228915
              ],
              [
                -73.2568622976809,
                -12.9043496015905,
                3439.4140154768
              ],
              [
                -73.2582127790023,
                -12.9049014678702,
                3439.41401207062
              ],
              [
                -73.2593243938939,
                -12.9053394984352,
                3439.41400866444
              ],
              [
                -73.2608228714497,
                -12.9058737757889,
                3439.41400525827
              ],
              [
                -73.26193410509,
                -12.90611603033,
                3439.41400185209
              ],
              [
                -73.2623932309401,
                -12.9062728814469,
                3439.414000149
              ],
              [
                -73.2629544735115,
                -12.9063047926393,
                3439.41399844591
              ],
              [
                -73.2634189508881,
                -12.9063498161973,
                3439.41399674282
              ],
              [
                -73.2642199388199,
                -12.9064817130356,
                3439.41399503973
              ],
              [
                -73.2650131449561,
                -12.9064488189271,
                3439.41399163355
              ],
              [
                -73.2659574282951,
                -12.9067295266604,
                3439.41398822738
              ],
              [
                -73.2669257963369,
                -12.9072217034466,
                3439.4139848212
              ],
              [
                -73.2680791552303,
                -12.9072526398028,
                3439.41398141502
              ],
              [
                -73.2691032703919,
                -12.907767960779,
                3439.41397800884
              ],
              [
                -73.2702461856143,
                -12.9079387371688,
                3439.41397460267
              ],
              [
                -73.2709272925158,
                -12.907967781802,
                3439.41396097796
              ],
              [
                -73.2718394362964,
                -12.9079751855016,
                3439.41394735325
              ],
              [
                -73.272473150223,
                -12.9074449170398,
                3439.41383835557
              ],
              [
                -73.2725567143213,
                -12.906851119138,
                3439.41362036021
              ],
              [
                -73.2723143791913,
                -12.9061803642318,
                3439.4131843695
              ],
              [
                -73.2723077344722,
                -12.9054514983059,
                3439.41231238808
              ],
              [
                -73.272376694071,
                -12.904784171528,
                3439.41056842523
              ],
              [
                -73.2728254493937,
                -12.9042051141799,
                3439.40359257383
              ],
              [
                -73.2734689867214,
                -12.9037337146242,
                3439.40010464813
              ],
              [
                -73.2740245394876,
                -12.9031574254535,
                3439.39661672243
              ],
              [
                -73.2745508985158,
                -12.9030604962496,
                3439.39487275959
              ],
              [
                -73.2751895865091,
                -12.903150098875,
                3439.39312879674
              ],
              [
                -73.2759456294916,
                -12.9030064826394,
                3439.39138483389
              ],
              [
                -73.2765586769228,
                -12.9029437923437,
                3439.39051285246
              ],
              [
                -73.2773983448883,
                -12.9028225839976,
                3439.38964087104
              ],
              [
                -73.2781282816065,
                -12.9027375012817,
                3439.37568916825
              ],
              [
                -73.2786545749755,
                -12.902922685637,
                3439.36173746545
              ],
              [
                -73.2794354014089,
                -12.9031577830476,
                3439.33383405987
              ],
              [
                -73.2801463834947,
                -12.9029696398077,
                3439.27802724869
              ],
              [
                -73.2810573097189,
                -12.9029318821596,
                3439.16641362635
              ],
              [
                -73.2818024379507,
                -12.903235835652,
                3439.13851022076
              ],
              [
                -73.282712538414,
                -12.9034376486487,
                3439.11060681517
              ],
              [
                -73.2835960032023,
                -12.9039498560056,
                3439.054800004
              ],
              [
                -73.2841662475629,
                -12.9039052449452,
                3438.99899319283
              ],
              [
                -73.2845305449799,
                -12.9042582041453,
                3438.94318638166
              ],
              [
                -73.2890417932772,
                -12.9067345553179,
                3438.88737957048
              ],
              [
                -73.2917531898078,
                -12.9100026128897,
                3438.83157275931
              ],
              [
                -73.2960373387507,
                -12.9078878706996,
                3438.71995913697
              ],
              [
                -73.2968010978099,
                -12.912449365235,
                3438.60834551462
              ],
              [
                -73.2988229861165,
                -12.9142558740323,
                3438.55253870345
              ],
              [
                -73.2989112031575,
                -12.9167854078742,
                3438.52463529786
              ],
              [
                -73.3005031192817,
                -12.9174740498169,
                3438.51765944647
              ],
              [
                -73.3015508420427,
                -12.9181830097472,
                3438.51068359507
              ],
              [
                -73.3025618772984,
                -12.9187303087142,
                3438.51024760436
              ],
              [
                -73.3032717483046,
                -12.9197137436515,
                3438.50981161365
              ],
              [
                -73.3036866886594,
                -12.9208961362612,
                3438.50893963222
              ],
              [
                -73.3034762014853,
                -12.9218783659538,
                3438.50872163687
              ],
              [
                -73.3030339555275,
                -12.9226561316022,
                3438.50850364151
              ],
              [
                -73.3027385519431,
                -12.9238012435939,
                3438.5080676508
              ],
              [
                -73.3021325635294,
                -12.9243938889548,
                3438.50719566937
              ],
              [
                -73.3027320308276,
                -12.924905470334,
                3438.50697767402
              ],
              [
                -73.3033295786134,
                -12.9250279650994,
                3438.50675967866
              ],
              [
                -73.3040904811638,
                -12.9254314014066,
                3438.50632368795
              ],
              [
                -73.3050498342425,
                -12.9255362012632,
                3438.50545170652
              ],
              [
                -73.3058597442998,
                -12.92566992382,
                3438.50501571581
              ],
              [
                -73.3064826827147,
                -12.9261763689078,
                3438.5045797251
              ],
              [
                -73.3073156956446,
                -12.9268166977521,
                3438.50370774367
              ],
              [
                -73.3070833174721,
                -12.9277109223725,
                3438.50327175296
              ],
              [
                -73.3067794896687,
                -12.9281779570673,
                3438.50283576225
              ],
              [
                -73.3067118737199,
                -12.9288998520427,
                3438.50196378083
              ],
              [
                -73.3063079087633,
                -12.9297223830891,
                3438.50021981797
              ],
              [
                -73.3063177899404,
                -12.9307140861279,
                3438.49673189228
              ],
              [
                -73.305970763709,
                -12.931641501472,
                3438.49673189228
              ],
              [
                -73.3058553565755,
                -12.9323341981585,
                3438.49673189228
              ],
              [
                -73.3059145968577,
                -12.933494605672,
                3438.49673189228
              ],
              [
                -73.3046508790545,
                -12.9344730192153,
                3438.49673189227
              ],
              [
                -73.3040897080824,
                -12.9365536189373,
                3438.49673189227
              ],
              [
                -73.3037000495598,
                -12.9379168711468,
                3438.49673189227
              ],
              [
                -73.3047821396676,
                -12.9388889044843,
                3438.49673189227
              ],
              [
                -73.3050544461775,
                -12.9401986938787,
                3438.49673189226
              ],
              [
                -73.3062370630185,
                -12.9416006547054,
                3438.49673189225
              ],
              [
                -73.3052555646331,
                -12.9438731159,
                3438.49673189225
              ],
              [
                -73.307730175311,
                -12.9453626096604,
                3438.49673189224
              ],
              [
                -73.3085108849155,
                -12.9476491281861,
                3438.49673189224
              ],
              [
                -73.3090879939028,
                -12.9482663316114,
                3438.49673189223
              ],
              [
                -73.3099317073095,
                -12.9487007266938,
                3438.49673189222
              ],
              [
                -73.3096746421625,
                -12.9494081145894,
                3438.49673189222
              ],
              [
                -73.3093129876238,
                -12.9499719414823,
                3438.49673189222
              ],
              [
                -73.30859229794,
                -12.9502368708891,
                3438.49673189222
              ],
              [
                -73.3079260006421,
                -12.950757722759,
                3438.49673189222
              ],
              [
                -73.3078214641989,
                -12.9514894985242,
                3438.49673189221
              ],
              [
                -73.3068434469123,
                -12.9517781280337,
                3438.49673189221
              ],
              [
                -73.3060523102093,
                -12.9521070795234,
                3438.4967318922
              ],
              [
                -73.3054337674464,
                -12.9523087527881,
                3438.4967318922
              ],
              [
                -73.3048876670147,
                -12.9522618655973,
                3438.4967318922
              ],
              [
                -73.3044904481041,
                -12.952555236983,
                3438.4967318922
              ],
              [
                -73.3041094234599,
                -12.9526135808742,
                3438.4967318922
              ],
              [
                -73.3037235241389,
                -12.9529432156991,
                3438.4967318922
              ],
              [
                -73.3032657718921,
                -12.9532442074572,
                3438.4967318922
              ],
              [
                -73.3025946157538,
                -12.9536613901548,
                3438.4967318922
              ],
              [
                -73.3019924117375,
                -12.9538203974335,
                3438.49673189219
              ],
              [
                -73.301360541949,
                -12.9539994949887,
                3438.49673189219
              ],
              [
                -73.3006363256522,
                -12.9545385282826,
                3438.49673189219
              ],
              [
                -73.3002005932525,
                -12.9548747333564,
                3438.49673189219
              ],
              [
                -73.2995660525571,
                -12.9550301487755,
                3438.49673189219
              ],
              [
                -73.2993062379378,
                -12.9553402147638,
                3438.49673189218
              ],
              [
                -73.2990608835257,
                -12.9557043736921,
                3438.49673189218
              ],
              [
                -73.2982641766312,
                -12.9561254047272,
                3438.49673189218
              ],
              [
                -73.2974380126592,
                -12.9562922008148,
                3438.49673189218
              ],
              [
                -73.2968504452348,
                -12.9564881451692,
                3438.49673189218
              ],
              [
                -73.2961700812935,
                -12.9566099552459,
                3438.49673189217
              ],
              [
                -73.2955307796918,
                -12.9569007182547,
                3438.49673189217
              ],
              [
                -73.2950343643395,
                -12.9577041743046,
                3438.49673189217
              ],
              [
                -73.2948848723495,
                -12.9591362718311,
                3438.49673189217
              ],
              [
                -73.294936405246,
                -12.9605416906978,
                3438.49673189217
              ],
              [
                -73.2950313057219,
                -12.9618084329265,
                3438.49673189217
              ],
              [
                -73.2950953849772,
                -12.9631079402885,
                3438.49673189217
              ],
              [
                -73.294454445487,
                -12.9643680429716,
                3438.49673189217
              ],
              [
                -73.2947821294937,
                -12.9656671994437,
                3438.49673189216
              ],
              [
                -73.2949623058304,
                -12.9672720910009,
                3438.49673189215
              ],
              [
                -73.2943513363422,
                -12.9680169968993,
                3438.49673189213
              ],
              [
                -73.2931362694822,
                -12.9682442053081,
                3438.49673189212
              ],
              [
                -73.2928595426998,
                -12.9686451372125,
                3438.49673189212
              ],
              [
                -73.2928461021126,
                -12.9688982249824,
                3438.49673189212
              ],
              [
                -73.2926254822854,
                -12.9692587471288,
                3438.49673189212
              ],
              [
                -73.2925225535608,
                -12.9696798430202,
                3438.49673189212
              ],
              [
                -73.2924471609553,
                -12.9701336960859,
                3438.49673189211
              ],
              [
                -73.2920933478289,
                -12.9707714944724,
                3438.49673189211
              ],
              [
                -73.2920248472704,
                -12.9714267054212,
                3438.49673189209
              ],
              [
                -73.2918810685363,
                -12.9723582944152,
                3438.49673189207
              ],
              [
                -73.2915855630365,
                -12.9747896762946,
                3438.49673189196
              ],
              [
                -73.291212073415,
                -12.976786998657,
                3438.49673189191
              ],
              [
                -73.2906707256565,
                -12.9783105150721,
                3438.49673189189
              ],
              [
                -73.2899282830745,
                -12.9791296972554,
                3438.49673189187
              ],
              [
                -73.2894901250038,
                -12.9803577329349,
                3438.49673189186
              ],
              [
                -73.2901319166096,
                -12.9811717510468,
                3438.49673189186
              ],
              [
                -73.2906297377014,
                -12.981883285375,
                3438.49673189185
              ],
              [
                -73.291727255805,
                -12.9831201000632,
                3438.49673189185
              ],
              [
                -73.2930194952424,
                -12.9841855362525,
                3438.49673189184
              ],
              [
                -73.2943448234247,
                -12.9851868791298,
                3438.49673189181
              ],
              [
                -73.2948891775734,
                -12.9849246431169,
                3438.49673189176
              ],
              [
                -73.2949972435892,
                -12.9859233978756,
                3438.49673189175
              ],
              [
                -73.2953012832956,
                -12.9865398538723,
                3438.49673189174
              ],
              [
                -73.2959882297798,
                -12.9867931642404,
                3438.49673189173
              ],
              [
                -73.2966422356525,
                -12.9875952526188,
                3438.49673189171
              ],
              [
                -73.297852816617,
                -12.9878116448363,
                3438.4967318917
              ],
              [
                -73.2988642942392,
                -12.9881226397528,
                3438.49673189169
              ],
              [
                -73.2998167705117,
                -12.9885340454972,
                3438.49673189168
              ],
              [
                -73.300959391724,
                -12.9885977069041,
                3438.49673189165
              ],
              [
                -73.3017700382697,
                -12.9892593344147,
                3438.49673189165
              ],
              [
                -73.3022414690205,
                -12.990048740178,
                3438.49673189165
              ],
              [
                -73.3028871698953,
                -12.9904140665757,
                3438.49673189165
              ],
              [
                -73.3031949338782,
                -12.991404630402,
                3438.49673189165
              ],
              [
                -73.3033318250713,
                -12.992155293577,
                3438.49673189164
              ],
              [
                -73.3034367312547,
                -12.9930620294834,
                3438.49673189164
              ],
              [
                -73.3046008111515,
                -12.9930963298582,
                3438.49673189164
              ],
              [
                -73.3055733348639,
                -12.9932635959421,
                3438.49673189164
              ],
              [
                -73.3065949427694,
                -12.9932418775196,
                3438.49673189164
              ],
              [
                -73.3072639757558,
                -12.9934776317044,
                3438.49673189164
              ],
              [
                -73.3079469011268,
                -12.9934825546572,
                3438.49673189163
              ],
              [
                -73.308620543729,
                -12.9943048457185,
                3438.49673189163
              ],
              [
                -73.3093174906988,
                -12.9948218322643,
                3438.49673189163
              ],
              [
                -73.3103832043682,
                -12.9952068598856,
                3438.49673189163
              ],
              [
                -73.3113303606884,
                -12.9950787077334,
                3438.49673189163
              ],
              [
                -73.3120208186713,
                -12.9945156483597,
                3438.4967318916
              ],
              [
                -73.3125523070989,
                -12.9940998060438,
                3438.49673189155
              ],
              [
                -73.3130608351115,
                -12.9936076981663,
                3438.49673189145
              ],
              [
                -73.3139348533859,
                -12.9936494849889,
                3438.49673189103
              ],
              [
                -73.3146736026034,
                -12.9936811201045,
                3438.49673189061
              ],
              [
                -73.3152697405885,
                -12.9939073967749,
                3438.49673188895
              ],
              [
                -73.3157771722468,
                -12.9944913801962,
                3438.49673188812
              ],
              [
                -73.3160314929631,
                -12.9944823905844,
                3438.49673188729
              ],
              [
                -73.3166481245829,
                -12.9948660978678,
                3438.49673188563
              ],
              [
                -73.317232325353,
                -12.9950349878203,
                3438.4967318823
              ],
              [
                -73.3177369661016,
                -12.9952170093992,
                3438.49673187897
              ],
              [
                -73.3181257590386,
                -12.9954901762748,
                3438.49673187855
              ],
              [
                -73.3184847712336,
                -12.9957129443491,
                3438.49673187814
              ],
              [
                -73.3187264515041,
                -12.9960928050591,
                3438.49673187731
              ],
              [
                -73.3192360484496,
                -12.9961610941933,
                3438.49673187564
              ],
              [
                -73.3197000462945,
                -12.9957344774081,
                3438.49673187232
              ],
              [
                -73.3204045442575,
                -12.9953709243577,
                3438.49673186567
              ],
              [
                -73.3212340138353,
                -12.9947221971945,
                3438.49673183905
              ],
              [
                -73.3222062351726,
                -12.9935040015801,
                3438.49673178583
              ],
              [
                -73.3229490106172,
                -12.9923517898384,
                3438.49673167939
              ],
              [
                -73.3238413145585,
                -12.9919261264996,
                3438.4967314665
              ],
              [
                -73.3246611600163,
                -12.9911429061388,
                3438.49673104073
              ],
              [
                -73.3257681768364,
                -12.9901071427818,
                3438.49673018919
              ],
              [
                -73.3268628736694,
                -12.9891198570217,
                3438.4967284861
              ],
              [
                -73.3280505852025,
                -12.9884773922125,
                3438.49672507992
              ],
              [
                -73.329176818347,
                -12.9887962410297,
                3438.49671826757
              ],
              [
                -73.3296343174324,
                -12.9896719505001,
                3438.49670464286
              ],
              [
                -73.3311327048041,
                -12.9896677279536,
                3438.49667739344
              ],
              [
                -73.3326319485019,
                -12.9913226791243,
                3438.4966228946
              ],
              [
                -73.3348837672187,
                -12.991182121858,
                3438.49651389692
              ],
              [
                -73.336463050689,
                -12.9919740912185,
                3438.49629590156
              ],
              [
                -73.3372487249848,
                -12.9933326475502,
                3438.49585991085
              ],
              [
                -73.3387930632578,
                -12.9947686352009,
                3438.49498792943
              ],
              [
                -73.3405400469505,
                -12.9948624431933,
                3438.49324396658
              ],
              [
                -73.3403169605278,
                -12.9931854982839,
                3438.49150000373
              ],
              [
                -73.3408074919222,
                -12.9916169592784,
                3438.48975604088
              ],
              [
                -73.3425343596158,
                -12.9901822556205,
                3438.48278018948
              ],
              [
                -73.3448610352206,
                -12.9889988337621,
                3438.48190820806
              ],
              [
                -73.3468384139053,
                -12.9887732976975,
                3438.48103622663
              ],
              [
                -73.3487136609587,
                -12.9878970104986,
                3438.47929226378
              ],
              [
                -73.3510445639753,
                -12.9883397779491,
                3438.47580433809
              ],
              [
                -73.3541251480724,
                -12.9888122138278,
                3438.46882848669
              ],
              [
                -73.3573125506968,
                -12.9913982611696,
                3438.4409250811
              ],
              [
                -73.3575058270797,
                -12.9869350955708,
                3438.41302167552
              ],
              [
                -73.3582883283194,
                -12.9838772605996,
                3438.40604582412
              ],
              [
                -73.3603563774643,
                -12.9819650849813,
                3438.39906997273
              ],
              [
                -73.3612156866856,
                -12.978528866457,
                3438.39558204703
              ],
              [
                -73.3635059036116,
                -12.9763141613391,
                3438.39209412133
              ],
              [
                -73.3641099026369,
                -12.9718886503987,
                3438.38511826993
              ],
              [
                -73.3660208783541,
                -12.969072956356,
                3438.27350464759
              ],
              [
                -73.3653408461183,
                -12.9660970071966,
                3438.16189102524
              ],
              [
                -73.3652741693098,
                -12.9621516112564,
                3438.0502774029
              ],
              [
                -73.3673442539798,
                -12.9606523193446,
                3437.93866378055
              ],
              [
                -73.369556074524,
                -12.9592594029805,
                3437.82705015821
              ],
              [
                -73.3712330238558,
                -12.9575874853047,
                3437.60382291352
              ],
              [
                -73.3719651849285,
                -12.9567594763047,
                3437.60371391584
              ],
              [
                -73.3728291082916,
                -12.9567556553565,
                3437.603659417
              ],
              [
                -73.3737046830726,
                -12.9564902452917,
                3437.60360491816
              ],
              [
                -73.3745964553445,
                -12.9562683288845,
                3437.60349592048
              ],
              [
                -73.3754752811622,
                -12.9558369839462,
                3437.6033869228
              ],
              [
                -73.3761121985515,
                -12.9552781434185,
                3437.60333242396
              ],
              [
                -73.376652531592,
                -12.9549686909499,
                3437.60327792512
              ],
              [
                -73.3771886981684,
                -12.9543997343586,
                3437.60316892745
              ],
              [
                -73.3776084129238,
                -12.9542000183526,
                3437.60295093209
              ],
              [
                -73.3782382686671,
                -12.9537725942282,
                3437.60207895067
              ],
              [
                -73.378808561125,
                -12.9537690889835,
                3437.60033498782
              ],
              [
                -73.3796155792746,
                -12.953294801307,
                3437.59684706212
              ],
              [
                -73.3799868994792,
                -12.9526568053289,
                3437.58987121072
              ],
              [
                -73.3805620432313,
                -12.9520772641491,
                3437.57591950793
              ],
              [
                -73.3813367337718,
                -12.9522091269047,
                3437.5750475265
              ],
              [
                -73.3820613976521,
                -12.9524440911333,
                3437.57417554508
              ],
              [
                -73.3828897252148,
                -12.9525029892712,
                3437.57330356366
              ],
              [
                -73.3836013208748,
                -12.9526973201665,
                3437.57243158223
              ],
              [
                -73.3843543463827,
                -12.9532950811138,
                3437.57068761938
              ],
              [
                -73.385325388712,
                -12.9538557660565,
                3437.56894365653
              ],
              [
                -73.3865267262173,
                -12.9546719150058,
                3437.56545573083
              ],
              [
                -73.3877916231312,
                -12.9548912371271,
                3437.56196780514
              ],
              [
                -73.388967558132,
                -12.9546939161821,
                3437.5619133063
              ],
              [
                -73.3898471644474,
                -12.9545321347369,
                3437.56185880746
              ],
              [
                -73.3906808321798,
                -12.9542960708845,
                3437.56174980978
              ],
              [
                -73.3914981035116,
                -12.9545512283701,
                3437.5616408121
              ],
              [
                -73.3923312414575,
                -12.9545102576283,
                3437.56153181442
              ],
              [
                -73.3932684426688,
                -12.9541568118878,
                3437.56109582371
              ],
              [
                -73.3938793368949,
                -12.95416866917,
                3437.56022384229
              ],
              [
                -73.3947932729709,
                -12.9541522227494,
                3437.55847987944
              ],
              [
                -73.3956422295591,
                -12.9535908605444,
                3437.55499195374
              ],
              [
                -73.3966731239647,
                -12.9536682287295,
                3437.5549374549
              ],
              [
                -73.3973931380773,
                -12.9534373594005,
                3437.55488295606
              ],
              [
                -73.3980636509448,
                -12.9537559273001,
                3437.55477395838
              ],
              [
                -73.3988688044387,
                -12.9535635404854,
                3437.55455596303
              ],
              [
                -73.3996622256009,
                -12.9537448472549,
                3437.55411997232
              ],
              [
                -73.4004599523771,
                -12.9539751444006,
                3437.5536839816
              ],
              [
                -73.4012492228146,
                -12.9537402523828,
                3437.55324799089
              ],
              [
                -73.4027875679498,
                -12.9533231311754,
                3437.55281200018
              ],
              [
                -73.4043130078687,
                -12.9530236718269,
                3437.55237600947
              ],
              [
                -73.4054218231062,
                -12.9535032858233,
                3437.55150402804
              ],
              [
                -73.4061130544822,
                -12.9540682097985,
                3437.55147677862
              ],
              [
                -73.4069985679981,
                -12.9544009810067,
                3437.5514495292
              ],
              [
                -73.4077279189611,
                -12.9543432602515,
                3437.55139503036
              ],
              [
                -73.4084574403421,
                -12.9543456483585,
                3437.55128603269
              ],
              [
                -73.4095611029547,
                -12.9548001845795,
                3437.55106803733
              ],
              [
                -73.4107746070682,
                -12.9549381287586,
                3437.55063204662
              ],
              [
                -73.4122762734167,
                -12.9546402295805,
                3437.54976006519
              ],
              [
                -73.4129789847967,
                -12.9540038608619,
                3437.54801610234
              ],
              [
                -73.4138275877943,
                -12.9525079142588,
                3437.54104025095
              ],
              [
                -73.4143339987643,
                -12.9508815603404,
                3437.53406439955
              ],
              [
                -73.4145500624691,
                -12.9481422555133,
                3437.53057647385
              ],
              [
                -73.4142993871719,
                -12.9455630766093,
                3437.52708854815
              ],
              [
                -73.4150805771759,
                -12.9437026908642,
                3437.52360062245
              ],
              [
                -73.4162476255003,
                -12.942254406086,
                3437.52185665961
              ],
              [
                -73.4166918655767,
                -12.9406322972308,
                3437.52098467818
              ],
              [
                -73.417186284113,
                -12.9396396114726,
                3437.52054868747
              ],
              [
                -73.4172581372105,
                -12.9385796377739,
                3437.52011269676
              ],
              [
                -73.4167846983712,
                -12.9380193539953,
                3437.51313684536
              ],
              [
                -73.4159800181575,
                -12.937554662407,
                3437.50616099396
              ],
              [
                -73.4150001748778,
                -12.9365187029475,
                3437.49918514257
              ],
              [
                -73.4144963373417,
                -12.9352775341867,
                3437.49569721687
              ],
              [
                -73.4148336676859,
                -12.9331628806315,
                3437.49395325402
              ],
              [
                -73.4147540237283,
                -12.931328420043,
                3437.4930812726
              ],
              [
                -73.4153727996292,
                -12.9300220754655,
                3437.49264528188
              ],
              [
                -73.4154436237861,
                -12.9288619099749,
                3437.49242728653
              ],
              [
                -73.4159835948556,
                -12.9275907296296,
                3437.49231828885
              ],
              [
                -73.4165276822051,
                -12.926728354691,
                3437.49226379001
              ],
              [
                -73.4165211607694,
                -12.9254216451837,
                3437.49223654059
              ],
              [
                -73.4167532630608,
                -12.9246350163715,
                3437.49222291588
              ],
              [
                -73.4175726111529,
                -12.9237649146321,
                3437.49220929117
              ],
              [
                -73.4183541204495,
                -12.9225297444179,
                3437.48872136547
              ],
              [
                -73.41978315747,
                -12.9221662654348,
                3437.48523343977
              ],
              [
                -73.4205103670988,
                -12.9206934065201,
                3437.47825758838
              ],
              [
                -73.4215143355733,
                -12.920244235705,
                3437.46430588558
              ],
              [
                -73.4231537033643,
                -12.9201370800671,
                3437.43640248
              ],
              [
                -73.4252111597843,
                -12.9185244391153,
                3437.38059566882
              ],
              [
                -73.4261670292457,
                -12.9173770062145,
                3437.32478885765
              ],
              [
                -73.4278268466004,
                -12.9156757260161,
                3437.26898204648
              ],
              [
                -73.4287541930856,
                -12.9135586161257,
                3437.21317523531
              ],
              [
                -73.4303199422078,
                -12.9127573288455,
                3437.18527182972
              ],
              [
                -73.4311114551425,
                -12.9108463569772,
                3437.15736842413
              ],
              [
                -73.4307265123456,
                -12.9086506549322,
                3437.04575480179
              ],
              [
                -73.4308733389556,
                -12.9061930010364,
                3436.98994799062
              ],
              [
                -73.4315029421885,
                -12.9046844701566,
                3436.96204458503
              ],
              [
                -73.4318113878334,
                -12.9034164047406,
                3436.93414117944
              ],
              [
                -73.4305770568294,
                -12.9015177805991,
                3436.8225275571
              ],
              [
                -73.4293237532422,
                -12.8991467448127,
                3436.76672074592
              ],
              [
                -73.428486733932,
                -12.8968742659811,
                3436.71091393475
              ],
              [
                -73.4283906605574,
                -12.8945905425744,
                3436.26445944537
              ],
              [
                -73.4290286121931,
                -12.8920735683003,
                3436.04123220068
              ],
              [
                -73.4300818131913,
                -12.8896336511405,
                3435.92961857834
              ],
              [
                -73.4304534578401,
                -12.88744336992,
                3435.87381176716
              ],
              [
                -73.4305651428335,
                -12.8852693885955,
                3435.84590836158
              ],
              [
                -73.4305029644054,
                -12.8835052476794,
                3435.83195665879
              ],
              [
                -73.4312186378,
                -12.8813294632025,
                3435.81800495599
              ],
              [
                -73.4329582735933,
                -12.87937101199,
                3435.81451703029
              ],
              [
                -73.4348409979713,
                -12.8779386340456,
                3435.8110291046
              ],
              [
                -73.4366006973528,
                -12.8771711577581,
                3435.8040532532
              ],
              [
                -73.4381237585995,
                -12.8757641275007,
                3435.7901015504
              ],
              [
                -73.4390811878449,
                -12.8741958235229,
                3435.76219814482
              ],
              [
                -73.440183392117,
                -12.8723383686247,
                3435.70639133365
              ],
              [
                -73.4416635554079,
                -12.8704262013073,
                3435.5947777113
              ],
              [
                -73.4424979304303,
                -12.8681251500318,
                3435.37155046661
              ],
              [
                -73.4433366271947,
                -12.8657489705131,
                3434.92509597723
              ],
              [
                -73.4430793275818,
                -12.8632787840646,
                3434.03218699847
              ],
              [
                -73.4419395555069,
                -12.8613429390562,
                3432.15248617431
              ],
              [
                -73.439631688434,
                -12.8600810689228,
                3431.21263576223
              ],
              [
                -73.4381550724818,
                -12.8592639206283,
                3430.74271055619
              ],
              [
                -73.4370255655093,
                -12.8584693058915,
                3430.27278535015
              ],
              [
                -73.4353606076886,
                -12.8577219685638,
                3430.03782274712
              ],
              [
                -73.4346906786555,
                -12.857162059911,
                3429.92034144561
              ],
              [
                -73.4340675069248,
                -12.8566173286894,
                3429.8028601441
              ],
              [
                -73.4330188210939,
                -12.8560368925228,
                3429.33293493806
              ],
              [
                -73.4330788220675,
                -12.8551575125498,
                3428.39308452598
              ],
              [
                -73.4328203433804,
                -12.8546671664989,
                3426.51338370182
              ],
              [
                -73.4329489934601,
                -12.8537344986092,
                3426.2784210988
              ],
              [
                -73.4333167788587,
                -12.8530526955885,
                3426.04345849578
              ],
              [
                -73.4338490949321,
                -12.8521851198539,
                3425.57353328974
              ],
              [
                -73.4346209087362,
                -12.8511981240675,
                3425.1036080837
              ],
              [
                -73.4347900870793,
                -12.8505650833785,
                3424.86864548068
              ],
              [
                -73.4349612466477,
                -12.8496511338926,
                3424.63368287766
              ],
              [
                -73.434995000099,
                -12.8480194354965,
                3424.51620157615
              ],
              [
                -73.4351913912758,
                -12.8470018329333,
                3424.39872027464
              ],
              [
                -73.435625217872,
                -12.84622453126,
                3424.16375767162
              ],
              [
                -73.4367394254495,
                -12.8455472042707,
                3423.69383246558
              ],
              [
                -73.4378131815807,
                -12.8450883967219,
                3422.7539820535
              ],
              [
                -73.4390440891287,
                -12.8449488099858,
                3421.81413164141
              ],
              [
                -73.4404698831495,
                -12.8449476681842,
                3420.87428122933
              ],
              [
                -73.4415209331427,
                -12.844937082361,
                3418.99458040517
              ],
              [
                -73.4424857698047,
                -12.8447753062087,
                3418.52465519913
              ],
              [
                -73.4432151662635,
                -12.8447005091445,
                3418.05472999309
              ],
              [
                -73.4445347880215,
                -12.8446889805078,
                3417.11487958101
              ],
              [
                -73.4456610450716,
                -12.8444928764597,
                3416.64495437497
              ],
              [
                -73.4466504861665,
                -12.8442598549289,
                3416.17502916893
              ],
              [
                -73.447801163677,
                -12.843721621732,
                3415.23517875685
              ],
              [
                -73.4492576151707,
                -12.8434475130324,
                3414.76525355081
              ],
              [
                -73.4507171937094,
                -12.8437149075167,
                3414.29532834477
              ],
              [
                -73.4521547474124,
                -12.8439016517327,
                3413.82540313873
              ],
              [
                -73.4528823794249,
                -12.8437851486261,
                3413.59044053571
              ],
              [
                -73.4535644134888,
                -12.8438472463168,
                3413.35547793269
              ],
              [
                -73.4539523649484,
                -12.84375547308,
                3412.88555272665
              ],
              [
                -73.4542843329159,
                -12.8436505388917,
                3412.41562752061
              ],
              [
                -73.4545821615034,
                -12.8433276532768,
                3411.47577710853
              ],
              [
                -73.454922288275,
                -12.8431153372807,
                3411.47554765286
              ],
              [
                -73.4552597670367,
                -12.8430102971842,
                3411.47531819719
              ],
              [
                -73.4556412629183,
                -12.8429492202181,
                3411.47485928586
              ],
              [
                -73.4560177588925,
                -12.8427233134579,
                3411.47440037452
              ],
              [
                -73.4563121894779,
                -12.8424510526456,
                3411.47394146319
              ],
              [
                -73.4565815236778,
                -12.8423805724378,
                3411.47210581785
              ],
              [
                -73.4569329945628,
                -12.8422255533658,
                3411.46843452718
              ],
              [
                -73.4573330507696,
                -12.8420463333934,
                3411.46109194584
              ],
              [
                -73.4577106062643,
                -12.8419038185474,
                3411.44640678315
              ],
              [
                -73.4581245472458,
                -12.8419036598632,
                3411.41703645777
              ],
              [
                -73.4585128126518,
                -12.8419491374645,
                3411.35829580702
              ],
              [
                -73.4589023835973,
                -12.8419718795473,
                3411.24081450551
              ],
              [
                -73.459365883949,
                -12.8420074752662,
                3411.00585190249
              ],
              [
                -73.4598660954783,
                -12.8420320477961,
                3410.53592669644
              ],
              [
                -73.4602800435496,
                -12.8419303597629,
                3409.59607628436
              ],
              [
                -73.4606670759077,
                -12.841807405224,
                3407.7163754602
              ],
              [
                -73.4609950287118,
                -12.8415338019771,
                3407.48141285718
              ],
              [
                -73.4613672411353,
                -12.8411374100198,
                3407.24645025416
              ],
              [
                -73.4620275044657,
                -12.8409690051249,
                3407.01148765114
              ],
              [
                -73.4626839932894,
                -12.840853471145,
                3406.77652504812
              ],
              [
                -73.4629800927212,
                -12.8409578287515,
                3406.65904374661
              ],
              [
                -73.4632776182177,
                -12.8410941670462,
                3406.5415624451
              ],
              [
                -73.4637229978804,
                -12.8411891524551,
                3406.30659984208
              ],
              [
                -73.4640975879393,
                -12.8414284996142,
                3405.83667463604
              ],
              [
                -73.4645726433667,
                -12.8415266877681,
                3405.71919333453
              ],
              [
                -73.4651531475737,
                -12.8415055994056,
                3405.60171203302
              ],
              [
                -73.4660583156992,
                -12.8414090583108,
                3405.36674943
              ],
              [
                -73.466908007443,
                -12.8414990891422,
                3404.89682422396
              ],
              [
                -73.4673991565341,
                -12.8416205284713,
                3403.95697381188
              ],
              [
                -73.4678620125534,
                -12.8414170585253,
                3403.95697369984
              ],
              [
                -73.468428497463,
                -12.8414748033576,
                3403.9569735878
              ],
              [
                -73.4692906585089,
                -12.8414466770409,
                3403.95697336372
              ],
              [
                -73.470066267578,
                -12.8418782697624,
                3403.95697291557
              ],
              [
                -73.4714258865629,
                -12.842118248201,
                3403.95697201925
              ],
              [
                -73.4723786000054,
                -12.8426533530962,
                3403.95697022663
              ],
              [
                -73.4729275828126,
                -12.8431641634241,
                3403.95696664139
              ],
              [
                -73.4732634166728,
                -12.8428680671759,
                3403.9569594709
              ],
              [
                -73.473754246784,
                -12.8423870147786,
                3403.95694512992
              ],
              [
                -73.4742840327434,
                -12.8417689853414,
                3403.95691644796
              ],
              [
                -73.4747993885523,
                -12.8412301713322,
                3403.95685908404
              ],
              [
                -73.475586116925,
                -12.841068491867,
                3403.95674435621
              ],
              [
                -73.4764367733699,
                -12.8406899664529,
                3403.95651490054
              ],
              [
                -73.4771790442354,
                -12.8405791640845,
                3403.95605598921
              ],
              [
                -73.4779332011911,
                -12.8401147203687,
                3403.95513816654
              ],
              [
                -73.4791487274339,
                -12.8397833443265,
                3403.9533025212
              ],
              [
                -73.4795931768958,
                -12.8389569016394,
                3403.94963123053
              ],
              [
                -73.4810890810962,
                -12.8385821590139,
                3403.94228864919
              ],
              [
                -73.4813718647032,
                -12.8379737578103,
                3403.9276034865
              ],
              [
                -73.4820911418003,
                -12.8373971013155,
                3403.89823316112
              ],
              [
                -73.4829796164294,
                -12.8367118383087,
                3403.83949251037
              ],
              [
                -73.4839146526763,
                -12.8368105670145,
                3403.72201120886
              ],
              [
                -73.4845795094028,
                -12.8368751545243,
                3403.48704860584
              ],
              [
                -73.4852995240899,
                -12.8369407844559,
                3403.0171233998
              ],
              [
                -73.4863600833881,
                -12.8369308397393,
                3402.07727298771
              ],
              [
                -73.4868369114294,
                -12.8371503805145,
                3400.19757216355
              ],
              [
                -73.4876718961344,
                -12.8377745981568,
                3396.43817051523
              ],
              [
                -73.4886296260987,
                -12.8382448475196,
                3388.91936721858
              ],
              [
                -73.4896537794622,
                -12.8378008676492,
                3373.88176062529
              ],
              [
                -73.4908734306144,
                -12.8371990670039,
                3373.88153116962
              ],
              [
                -73.4916677741443,
                -12.8368093814941,
                3373.88130171395
              ],
              [
                -73.4923586345178,
                -12.8370427132223,
                3373.88084280262
              ],
              [
                -73.4930432854998,
                -12.8369437690352,
                3373.87992497995
              ],
              [
                -73.493729692448,
                -12.8370253921666,
                3373.87808933462
              ],
              [
                -73.4945079588039,
                -12.8365402681959,
                3373.87441804394
              ],
              [
                -73.4950748412557,
                -12.8359437292079,
                3373.8670754626
              ],
              [
                -73.4952845614201,
                -12.8350462656012,
                3373.85239029991
              ],
              [
                -73.4957076442873,
                -12.8339939247657,
                3373.82301997453
              ],
              [
                -73.4963993931016,
                -12.8329883142128,
                3373.76427932378
              ],
              [
                -73.4971639129548,
                -12.832111223933,
                3373.64679802227
              ],
              [
                -73.497733572288,
                -12.8315721467785,
                3373.41183541925
              ],
              [
                -73.4988297629767,
                -12.8305547319878,
                3372.94191021321
              ],
              [
                -73.499118449981,
                -12.8297459597713,
                3372.00205980113
              ],
              [
                -73.4993363730368,
                -12.8292900596507,
                3370.12235897696
              ],
              [
                -73.499711344018,
                -12.8286170345617,
                3366.36295732864
              ],
              [
                -73.4987500365747,
                -12.827507165772,
                3358.84415403199
              ],
              [
                -73.497713619843,
                -12.8273262232048,
                3343.80654743869
              ],
              [
                -73.497206235895,
                -12.8261970899899,
                3313.7313342521
              ],
              [
                -73.4975524292553,
                -12.8219833252327,
                3298.69372765881
              ],
              [
                -73.4976053955229,
                -12.8195939736409,
                3291.17492436216
              ],
              [
                -73.4999300721362,
                -12.8144181871081,
                3287.41552271384
              ],
              [
                -73.5032094078331,
                -12.8104621475976,
                3285.53582188967
              ],
              [
                -73.5078955774011,
                -12.8076972652918,
                3283.65612106551
              ],
              [
                -73.5020464070493,
                -12.8002589936941,
                3279.89671941719
              ],
              [
                -73.4985492901026,
                -12.7982988853719,
                3278.01701859303
              ],
              [
                -73.496275496406,
                -12.7968513937355,
                3277.07716818095
              ],
              [
                -73.4944853656489,
                -12.7936702330571,
                3276.13731776887
              ],
              [
                -73.4898693428218,
                -12.7880353089597,
                3274.2576169447
              ],
              [
                -73.4895241659886,
                -12.7865997935857,
                3273.31776653262
              ],
              [
                -73.4858097978363,
                -12.7816693978361,
                3272.37791612054
              ],
              [
                -73.4841099922095,
                -12.778364834988,
                3270.49821529638
              ],
              [
                -73.4839973809766,
                -12.7740604262962,
                3269.5583648843
              ],
              [
                -73.4831838747174,
                -12.7724779467975,
                3269.08843967826
              ],
              [
                -73.4824727145684,
                -12.7701686698752,
                3268.85347707524
              ],
              [
                -73.4810070750112,
                -12.7684193974875,
                3268.61851447222
              ],
              [
                -73.4841281965728,
                -12.7657420969151,
                3267.67866406014
              ],
              [
                -73.4854468062491,
                -12.7656848561989,
                3266.73881364805
              ],
              [
                -73.4877179151925,
                -12.7624789239693,
                3264.85911282389
              ],
              [
                -73.489876866121,
                -12.762886159116,
                3262.97941199973
              ],
              [
                -73.4921706204082,
                -12.7624157599056,
                3262.03956158765
              ],
              [
                -73.4996231675755,
                -12.7572355224176,
                3261.09971117557
              ],
              [
                -73.5052406436623,
                -12.7505733528001,
                3257.34030952725
              ],
              [
                -73.5094524221993,
                -12.7437897114702,
                3255.46060870308
              ],
              [
                -73.5110170105647,
                -12.7421028596037,
                3254.99068349704
              ],
              [
                -73.5134168717308,
                -12.7385015788413,
                3254.520758291
              ],
              [
                -73.5163729199058,
                -12.7365166378006,
                3253.58090787892
              ],
              [
                -73.5170632651208,
                -12.7353777016538,
                3251.70120705476
              ],
              [
                -73.5170395812019,
                -12.7339430076808,
                3249.8215062306
              ],
              [
                -73.5160096234808,
                -12.7320489334091,
                3247.94180540644
              ],
              [
                -73.5151550116836,
                -12.7311933004985,
                3247.00195499435
              ],
              [
                -73.5132044127391,
                -12.7300230865069,
                3246.06210458227
              ],
              [
                -73.5149490296556,
                -12.7292605298218,
                3244.18240375811
              ],
              [
                -73.5155541516784,
                -12.7287889929973,
                3243.71247855207
              ],
              [
                -73.5162082070209,
                -12.7284725548364,
                3243.24255334603
              ],
              [
                -73.516756473839,
                -12.728091684525,
                3242.77262813999
              ],
              [
                -73.517212045619,
                -12.7276460231794,
                3242.30270293395
              ],
              [
                -73.517159657688,
                -12.727203315646,
                3242.18522163244
              ],
              [
                -73.5173731087503,
                -12.7267117494598,
                3242.06774033093
              ],
              [
                -73.5173574831307,
                -12.7261407373265,
                3241.95025902942
              ],
              [
                -73.5173553714584,
                -12.7257344522542,
                3241.83277772791
              ],
              [
                -73.5176283987476,
                -12.7247841975258,
                3241.59781512489
              ],
              [
                -73.5178464452364,
                -12.7235502958498,
                3241.36285252187
              ],
              [
                -73.5182645179789,
                -12.7224916564478,
                3240.42300210979
              ],
              [
                -73.5180471713918,
                -12.7215535841501,
                3240.18803950677
              ],
              [
                -73.5177942458902,
                -12.7205957054839,
                3239.95307690375
              ],
              [
                -73.5177185037487,
                -12.7197133956422,
                3239.48315169771
              ],
              [
                -73.5173756902737,
                -12.7189346964711,
                3239.01322649167
              ],
              [
                -73.5172385079466,
                -12.7182973458736,
                3238.77826388865
              ],
              [
                -73.5169387403028,
                -12.7177787677569,
                3238.66078258714
              ],
              [
                -73.5162949126736,
                -12.7171114121499,
                3238.60204193638
              ],
              [
                -73.5180251313634,
                -12.7149480499823,
                3238.54330128563
              ],
              [
                -73.5190774212877,
                -12.7119571862326,
                3237.60345087355
              ],
              [
                -73.5202480384562,
                -12.7094992362613,
                3236.66360046146
              ],
              [
                -73.520871673047,
                -12.7074007279458,
                3235.72375004938
              ],
              [
                -73.5211477980093,
                -12.7053093489531,
                3234.7838996373
              ],
              [
                -73.5198840286648,
                -12.7037803700081,
                3232.90419881314
              ],
              [
                -73.5196620116825,
                -12.7019677698281,
                3231.96434840106
              ],
              [
                -73.5197016468359,
                -12.7003600819504,
                3231.02449798898
              ],
              [
                -73.5205900272796,
                -12.6982579997891,
                3230.78953538596
              ],
              [
                -73.5211395526657,
                -12.6958065432005,
                3230.55457278294
              ],
              [
                -73.5231308027104,
                -12.6941043437402,
                3230.43709148143
              ],
              [
                -73.5243075677813,
                -12.6936862100205,
                3230.31961017992
              ],
              [
                -73.5259052633394,
                -12.6943863174236,
                3230.0846475769
              ],
              [
                -73.5263623549777,
                -12.6937593656926,
                3229.14479716482
              ],
              [
                -73.5268617334912,
                -12.6933652664889,
                3227.26509634065
              ],
              [
                -73.5275310996843,
                -12.6932416999102,
                3223.50569469233
              ],
              [
                -73.5281640268078,
                -12.6934463218322,
                3222.56584428025
              ],
              [
                -73.5299989558799,
                -12.6945393948689,
                3222.09591907421
              ],
              [
                -73.5317221062521,
                -12.695453452655,
                3221.62599386817
              ],
              [
                -73.5327555056441,
                -12.6963645729132,
                3220.68614345609
              ],
              [
                -73.533121452759,
                -12.696842053501,
                3220.21621825005
              ],
              [
                -73.5335282394103,
                -12.6972862333966,
                3219.74629304401
              ],
              [
                -73.5382077785201,
                -12.693579038093,
                3217.86659221985
              ],
              [
                -73.5405444106621,
                -12.6949798000696,
                3216.92674180777
              ],
              [
                -73.542339262934,
                -12.6951685704159,
                3215.98689139568
              ],
              [
                -73.5446817045802,
                -12.6942092913409,
                3215.0470409836
              ],
              [
                -73.5462962486096,
                -12.6930892908029,
                3214.10719057152
              ],
              [
                -73.5468165638979,
                -12.6912889935428,
                3213.16734015944
              ],
              [
                -73.5476032745316,
                -12.6902280198945,
                3212.6974149534
              ],
              [
                -73.5488240528366,
                -12.6897165202609,
                3212.22748974736
              ],
              [
                -73.5501108512334,
                -12.6883407613727,
                3211.99252714434
              ],
              [
                -73.5511201700901,
                -12.6874641455442,
                3211.75756454132
              ],
              [
                -73.5524363159469,
                -12.6867262019168,
                3211.28763933528
              ],
              [
                -73.5540227212938,
                -12.6865332810813,
                3210.3477889232
              ],
              [
                -73.5549193097588,
                -12.685740414127,
                3209.40793851112
              ],
              [
                -73.5561895893547,
                -12.6840222639895,
                3208.46808809904
              ],
              [
                -73.5566759764601,
                -12.6824935965038,
                3207.99816289299
              ],
              [
                -73.5566408922942,
                -12.6812856507541,
                3207.52823768695
              ],
              [
                -73.5559431048644,
                -12.679823621349,
                3206.58838727487
              ],
              [
                -73.5546829789934,
                -12.6786798494221,
                3205.64853686279
              ],
              [
                -73.5522743858621,
                -12.676100116848,
                3205.17861165675
              ],
              [
                -73.5496590036447,
                -12.6736437003999,
                3204.70868645071
              ],
              [
                -73.5485716400664,
                -12.6715287871649,
                3203.76883603863
              ],
              [
                -73.5470141832348,
                -12.6695621140763,
                3202.82898562655
              ],
              [
                -73.5452438329365,
                -12.668542302827,
                3201.88913521447
              ],
              [
                -73.5443526012038,
                -12.6680415644074,
                3201.41921000843
              ],
              [
                -73.5430766149854,
                -12.666851956962,
                3200.94928480239
              ],
              [
                -73.5438368254017,
                -12.6654646772253,
                3200.00943439031
              ],
              [
                -73.5441515759314,
                -12.6638126221612,
                3199.53950918427
              ],
              [
                -73.5447191465167,
                -12.662849870319,
                3199.42202788276
              ],
              [
                -73.5454847021264,
                -12.6602584501622,
                3199.30454658125
              ],
              [
                -73.5455329449992,
                -12.6591293183507,
                3199.06958397823
              ],
              [
                -73.5449508600692,
                -12.6582360665456,
                3198.12973356615
              ],
              [
                -73.5437920371354,
                -12.6577492462528,
                3197.65980836011
              ],
              [
                -73.5425613539252,
                -12.6570973087952,
                3197.42484575708
              ],
              [
                -73.5416349480479,
                -12.6567323031053,
                3197.30736445557
              ],
              [
                -73.5411501256087,
                -12.6564977917591,
                3197.24862380482
              ],
              [
                -73.5406771033788,
                -12.6561436244644,
                3197.18988315406
              ],
              [
                -73.540756197825,
                -12.6554955925932,
                3196.25003274198
              ],
              [
                -73.5414997517887,
                -12.6541939550759,
                3195.3101823299
              ],
              [
                -73.54292267518,
                -12.65267542147,
                3194.37033191782
              ],
              [
                -73.5431821104816,
                -12.6521109923635,
                3194.1353693148
              ],
              [
                -73.5436222438707,
                -12.6516918872517,
                3193.90040671178
              ],
              [
                -73.5441556168208,
                -12.6506432092351,
                3193.43048150574
              ],
              [
                -73.5461120040238,
                -12.6501843617051,
                3192.49063109366
              ],
              [
                -73.5473336438864,
                -12.6494415449584,
                3191.55078068158
              ],
              [
                -73.5482791584986,
                -12.6483986338283,
                3189.67107985742
              ],
              [
                -73.5490080008837,
                -12.6488039202632,
                3189.43611725439
              ],
              [
                -73.5498221664452,
                -12.6488446862302,
                3189.20115465137
              ],
              [
                -73.5504036155764,
                -12.6476999971857,
                3188.73122944533
              ],
              [
                -73.5514783608679,
                -12.6471799013334,
                3187.79137903325
              ],
              [
                -73.5528121618632,
                -12.6458830117817,
                3185.91167820909
              ],
              [
                -73.5542840794231,
                -12.6465509690414,
                3184.03197738493
              ],
              [
                -73.555679904452,
                -12.6469249767667,
                3183.09212697285
              ],
              [
                -73.5565978062822,
                -12.6463274206462,
                3182.15227656077
              ],
              [
                -73.5583275688643,
                -12.6444104530236,
                3178.39287491244
              ],
              [
                -73.5597352388,
                -12.6424040301362,
                3163.35526831915
              ],
              [
                -73.5612589402499,
                -12.6424330865401,
                3148.31766172585
              ],
              [
                -73.5619857989249,
                -12.642317440184,
                3144.55826007753
              ],
              [
                -73.5625993655186,
                -12.6420553812119,
                3140.79885842921
              ],
              [
                -73.5640182316911,
                -12.6416867926479,
                3133.28005513256
              ],
              [
                -73.5653567310999,
                -12.6404277843437,
                3129.52065348423
              ],
              [
                -73.5666135489947,
                -12.639957631095,
                3125.76125183591
              ],
              [
                -73.5677907568478,
                -12.6386677534646,
                3118.24244853926
              ],
              [
                -73.5686577399822,
                -12.638611475013,
                3117.30259812718
              ],
              [
                -73.5697052008561,
                -12.6389146580713,
                3116.3627477151
              ],
              [
                -73.5714470110789,
                -12.6385876714603,
                3114.48304689094
              ],
              [
                -73.5726978362783,
                -12.6379290182344,
                3110.72364524262
              ],
              [
                -73.5751100471017,
                -12.6381798531955,
                3103.20484194597
              ],
              [
                -73.5766868696468,
                -12.6366257215024,
                3095.68603864932
              ],
              [
                -73.5785678255634,
                -12.6353632281492,
                3088.16723535267
              ],
              [
                -73.5804148806388,
                -12.6347532741354,
                3084.40783370435
              ],
              [
                -73.5824355237211,
                -12.6344525843761,
                3080.64843205602
              ],
              [
                -73.5844055670097,
                -12.6335508890267,
                3073.12962875938
              ],
              [
                -73.5849460944152,
                -12.632147487176,
                3069.37022711105
              ],
              [
                -73.5857407026505,
                -12.630262595392,
                3065.61082546273
              ],
              [
                -73.5863285060439,
                -12.6292898248625,
                3061.8514238144
              ],
              [
                -73.5862341287728,
                -12.6280835020686,
                3059.97172299024
              ],
              [
                -73.5856773940659,
                -12.6273153814364,
                3059.03187257816
              ],
              [
                -73.5848476954524,
                -12.6266466828085,
                3058.56194737212
              ],
              [
                -73.5850416982275,
                -12.6252437874937,
                3058.3269847691
              ],
              [
                -73.5857783794271,
                -12.6245481430125,
                3058.31229960641
              ],
              [
                -73.5863280520416,
                -12.6236377931183,
                3058.29761444372
              ],
              [
                -73.586474343721,
                -12.6227724405726,
                3058.26824411835
              ],
              [
                -73.5864492648549,
                -12.6212786695214,
                3058.20950346759
              ],
              [
                -73.5868987667225,
                -12.6204299687504,
                3058.20216088625
              ],
              [
                -73.5875704171124,
                -12.6196973776862,
                3058.1948183049
              ],
              [
                -73.5881480571258,
                -12.6193730043604,
                3058.18747572356
              ],
              [
                -73.5885808188124,
                -12.6189267479489,
                3058.18013314221
              ],
              [
                -73.5889410566729,
                -12.6179899469911,
                3058.15076281684
              ],
              [
                -73.5893244028456,
                -12.6172438966752,
                3058.13607765415
              ],
              [
                -73.589829493619,
                -12.6165145329,
                3058.12139249146
              ],
              [
                -73.5904546335126,
                -12.6156688515268,
                3058.10670732877
              ],
              [
                -73.5909803790605,
                -12.6146757964194,
                3058.09202216608
              ],
              [
                -73.5915550004963,
                -12.6134395224708,
                3056.21232134192
              ],
              [
                -73.592249385411,
                -12.6118882813759,
                3055.27247092984
              ],
              [
                -73.5937367434054,
                -12.6103415713206,
                3055.03750832682
              ],
              [
                -73.5939266286827,
                -12.609663450303,
                3054.92002702531
              ],
              [
                -73.5945445837162,
                -12.6088484258065,
                3054.86128637455
              ],
              [
                -73.594630219549,
                -12.6077832220101,
                3054.8025457238
              ],
              [
                -73.5942949102626,
                -12.6067809619499,
                3054.33262051776
              ],
              [
                -73.5949855908695,
                -12.6052682850931,
                3050.57321886943
              ],
              [
                -73.5951861533847,
                -12.6045735940394,
                3050.10329366339
              ],
              [
                -73.5951596951002,
                -12.6040159959098,
                3049.63336845735
              ],
              [
                -73.5955134153687,
                -12.6029743714614,
                3048.69351804527
              ],
              [
                -73.5966790024954,
                -12.6017441584319,
                3046.81381722111
              ],
              [
                -73.5967893203856,
                -12.6005125705078,
                3046.34389201507
              ],
              [
                -73.5971912046183,
                -12.5997289031451,
                3045.87396680903
              ],
              [
                -73.5977024362232,
                -12.5988445079472,
                3044.93411639695
              ],
              [
                -73.597863750282,
                -12.5975440459899,
                3043.99426598487
              ],
              [
                -73.5984527598339,
                -12.5968750628429,
                3043.52434077883
              ],
              [
                -73.598508650951,
                -12.5963990398988,
                3043.05441557279
              ],
              [
                -73.5977554857867,
                -12.5955833317895,
                3028.01680897949
              ],
              [
                -73.5973915060179,
                -12.5945273147275,
                3020.49800568284
              ],
              [
                -73.5971412040544,
                -12.5935121338965,
                3016.73860403452
              ],
              [
                -73.5964902179605,
                -12.5927572777294,
                3014.85890321036
              ],
              [
                -73.5958058916691,
                -12.5923242970318,
                3013.91905279828
              ],
              [
                -73.5946211165032,
                -12.5919913937413,
                3013.44912759224
              ],
              [
                -73.5936070273448,
                -12.5916411008874,
                3013.21416498922
              ],
              [
                -73.5927599479919,
                -12.5909032875754,
                3012.9792023862
              ],
              [
                -73.59401924036,
                -12.5897415613005,
                3011.09950156203
              ],
              [
                -73.5940491446891,
                -12.5884582208597,
                3009.21980073787
              ],
              [
                -73.5946062382208,
                -12.5872490005619,
                3005.46039908955
              ],
              [
                -73.5957066624684,
                -12.5859066067232,
                2997.9415957929
              ],
              [
                -73.5957828218079,
                -12.5851905014682,
                2997.82411449139
              ],
              [
                -73.5959016688517,
                -12.5844393975937,
                2997.70663318988
              ],
              [
                -73.5965006839181,
                -12.5840148926096,
                2997.47167058686
              ],
              [
                -73.5966663572086,
                -12.583286723242,
                2997.00174538082
              ],
              [
                -73.5971942545414,
                -12.5827549597104,
                2996.06189496874
              ],
              [
                -73.5972628259656,
                -12.5820776585633,
                2994.18219414458
              ],
              [
                -73.5979369769509,
                -12.5818109725549,
                2990.42279249625
              ],
              [
                -73.5986191196486,
                -12.5814964521671,
                2982.9039891996
              ],
              [
                -73.596270431026,
                -12.5743294845423,
                2975.38518590296
              ],
              [
                -73.5940584861845,
                -12.572474897392,
                2971.62578425463
              ],
              [
                -73.5936343410964,
                -12.5686181335071,
                2969.74608343047
              ],
              [
                -73.5941960695535,
                -12.5647149288575,
                2968.80623301839
              ],
              [
                -73.5912893418478,
                -12.5620860268695,
                2968.33630781235
              ],
              [
                -73.5898950503126,
                -12.5596986983914,
                2968.21882651084
              ],
              [
                -73.5893965682242,
                -12.5572365240616,
                2968.10134520933
              ],
              [
                -73.5890223833744,
                -12.5546403043247,
                2968.08666004664
              ],
              [
                -73.5893374042473,
                -12.5521180580435,
                2968.07197488395
              ],
              [
                -73.5882678982789,
                -12.5499936232713,
                2968.04260455857
              ],
              [
                -73.5870671857916,
                -12.5493692154932,
                2968.0132342332
              ],
              [
                -73.5857994917369,
                -12.547920704108,
                2967.98386390782
              ],
              [
                -73.5869637825842,
                -12.5458140673799,
                2967.92512325706
              ],
              [
                -73.5878252447481,
                -12.5437259006172,
                2967.86638260631
              ],
              [
                -73.5892790672289,
                -12.5417441096774,
                2965.98668178215
              ],
              [
                -73.5905132152115,
                -12.5395603140641,
                2964.10698095798
              ],
              [
                -73.5937172587003,
                -12.5387566416146,
                2963.63705575194
              ],
              [
                -73.596436516193,
                -12.5397321425595,
                2963.40209314892
              ],
              [
                -73.6004648151695,
                -12.5387562797974,
                2963.28461184741
              ],
              [
                -73.6045880489,
                -12.5385809125898,
                2963.1671305459
              ],
              [
                -73.6065735381562,
                -12.5382703069257,
                2963.04964924439
              ],
              [
                -73.608265428275,
                -12.5377423447792,
                2962.93216794288
              ],
              [
                -73.6105062137422,
                -12.538229988135,
                2962.69720533986
              ],
              [
                -73.6129572963645,
                -12.5377886265711,
                2962.46224273684
              ],
              [
                -73.6153157165772,
                -12.5395466930148,
                2962.34476143533
              ],
              [
                -73.6182040160368,
                -12.538195376491,
                2962.22728013382
              ],
              [
                -73.6202848952859,
                -12.5348451602187,
                2961.9923175308
              ],
              [
                -73.6221243343158,
                -12.5317752440703,
                2961.75735492778
              ],
              [
                -73.6241349348598,
                -12.5312395851412,
                2961.52239232476
              ],
              [
                -73.6255384463943,
                -12.5295467849389,
                2961.40491102325
              ],
              [
                -73.6269360271272,
                -12.5280002522947,
                2961.28742972174
              ],
              [
                -73.6287020985702,
                -12.5282985518493,
                2961.05246711872
              ],
              [
                -73.6302181854634,
                -12.5289120087412,
                2960.8175045157
              ],
              [
                -73.6310731343973,
                -12.5257686664217,
                2960.75876386495
              ],
              [
                -73.6329897529059,
                -12.5232270568016,
                2960.70002321419
              ],
              [
                -73.6341145095151,
                -12.519853692214,
                2960.64128256344
              ],
              [
                -73.6343405780315,
                -12.5171444078423,
                2960.58254191268
              ],
              [
                -73.6361513191891,
                -12.5172098663287,
                2960.46506061117
              ],
              [
                -73.6385803422209,
                -12.5178480466297,
                2960.40631996042
              ],
              [
                -73.6412099923744,
                -12.5173481087587,
                2960.37694963504
              ],
              [
                -73.6424879426216,
                -12.516932930535,
                2960.36226447235
              ],
              [
                -73.6441692543846,
                -12.5160952370732,
                2960.36134664968
              ],
              [
                -73.6453180432229,
                -12.5145851161455,
                2960.36042882701
              ],
              [
                -73.6467294098986,
                -12.5133336653247,
                2960.35859318168
              ],
              [
                -73.6472067266175,
                -12.5115532325253,
                2960.35492189101
              ],
              [
                -73.6459837563695,
                -12.5099268474359,
                2960.35125060033
              ],
              [
                -73.6465650673209,
                -12.5068745569339,
                2960.349414955
              ],
              [
                -73.645962353625,
                -12.5043074078844,
                2960.34757930966
              ],
              [
                -73.6441150852358,
                -12.503862242089,
                2958.4678784855
              ],
              [
                -73.6428698816395,
                -12.5024874603868,
                2957.52802807342
              ],
              [
                -73.640459807829,
                -12.5023803818606,
                2957.05810286738
              ],
              [
                -73.6380604390927,
                -12.5027113386115,
                2956.82314026436
              ],
              [
                -73.6345803953307,
                -12.5022492547184,
                2956.70565896285
              ],
              [
                -73.6332172565468,
                -12.5026323493289,
                2956.64691831209
              ],
              [
                -73.6319492835758,
                -12.5036330131466,
                2956.61754798672
              ],
              [
                -73.6289036612827,
                -12.5032300487313,
                2956.60286282403
              ],
              [
                -73.6263074073537,
                -12.5040989398238,
                2956.59552024268
              ],
              [
                -73.6255819521514,
                -12.5048053639294,
                2956.59184895201
              ],
              [
                -73.6247218817504,
                -12.5055915959844,
                2956.59001330667
              ],
              [
                -73.6233193511672,
                -12.5057209426248,
                2956.58909548401
              ],
              [
                -73.6222286599931,
                -12.505776851777,
                2956.58863657267
              ],
              [
                -73.6203456801746,
                -12.5052471905046,
                2956.588407117
              ],
              [
                -73.6170122815113,
                -12.5056374475683,
                2956.58834975309
              ],
              [
                -73.6137917973596,
                -12.5062561284068,
                2956.58832107113
              ],
              [
                -73.6106339261919,
                -12.5073708125806,
                2956.58829238917
              ],
              [
                -73.6095932202907,
                -12.5052633260247,
                2956.58826370721
              ],
              [
                -73.6092623828823,
                -12.5018825224247,
                2956.58823502525
              ],
              [
                -73.6087978267391,
                -12.4971135068947,
                2956.58817766134
              ],
              [
                -73.6081369909652,
                -12.4958815545401,
                2955.64832724926
              ],
              [
                -73.6063150223886,
                -12.4949154170658,
                2955.17840204322
              ],
              [
                -73.6044864016669,
                -12.4943652782353,
                2954.9434394402
              ],
              [
                -73.6034700598434,
                -12.4915514235197,
                2954.82595813869
              ],
              [
                -73.6025443066084,
                -12.490322857027,
                2954.76721748793
              ],
              [
                -73.6013633572744,
                -12.489825748684,
                2954.73784716255
              ],
              [
                -73.6002480080564,
                -12.4892413380641,
                2954.72316199987
              ],
              [
                -73.5990179654414,
                -12.4887217460834,
                2954.71581941852
              ],
              [
                -73.5998563196156,
                -12.4879384507109,
                2954.71214812785
              ],
              [
                -73.5985565133805,
                -12.4868503937314,
                2954.71191867218
              ],
              [
                -73.5981481725322,
                -12.4852795882154,
                2954.71168921651
              ],
              [
                -73.5972871479255,
                -12.4823030873609,
                2954.71123030518
              ],
              [
                -73.5964883669812,
                -12.4799573725692,
                2954.71077139385
              ],
              [
                -73.5946383785842,
                -12.4776145736583,
                2954.71031248251
              ],
              [
                -73.59353817442,
                -12.4753666542685,
                2954.70985357118
              ],
              [
                -73.5927914515441,
                -12.4739662186921,
                2954.70962411551
              ],
              [
                -73.5928889875835,
                -12.4726366208226,
                2954.70950938768
              ],
              [
                -73.5921303540776,
                -12.4704508883467,
                2954.70939465984
              ],
              [
                -73.5926915951729,
                -12.4687939804237,
                2954.70916520418
              ],
              [
                -73.5933135178635,
                -12.466184292801,
                2954.70893574851
              ],
              [
                -73.5932487145448,
                -12.4640135068445,
                2954.70847683718
              ],
              [
                -73.5925430903084,
                -12.4627586841876,
                2954.23855163114
              ],
              [
                -73.5906001828861,
                -12.4622278170798,
                2954.00358902812
              ],
              [
                -73.5890378901318,
                -12.4624859053363,
                2953.8861077266
              ],
              [
                -73.5875888177496,
                -12.4625573026157,
                2953.76862642509
              ],
              [
                -73.5860878052963,
                -12.4630991047807,
                2953.75394126241
              ],
              [
                -73.5850406407507,
                -12.4647020199313,
                2953.73925609972
              ],
              [
                -73.584596930052,
                -12.4665820862509,
                2953.70988577434
              ],
              [
                -73.5850135535845,
                -12.4675345101085,
                2953.65114512358
              ],
              [
                -73.5842137654998,
                -12.4685545161616,
                2953.53366382207
              ],
              [
                -73.5831880254111,
                -12.4684613745386,
                2953.41618252056
              ],
              [
                -73.5817208607977,
                -12.4680952124023,
                2953.29870121905
              ],
              [
                -73.5786762525932,
                -12.4676822990854,
                2953.26933089368
              ],
              [
                -73.5759525373356,
                -12.467267544432,
                2953.25464573099
              ],
              [
                -73.5728075552048,
                -12.4659118068634,
                2953.24730314964
              ],
              [
                -73.5714372386806,
                -12.4639321582657,
                2953.24363185897
              ],
              [
                -73.571324281111,
                -12.461912995738,
                2953.2399605683
              ],
              [
                -73.5699447704122,
                -12.4612390098461,
                2953.22527540561
              ],
              [
                -73.5686353459247,
                -12.4612031112652,
                2953.21793282427
              ],
              [
                -73.5669863167401,
                -12.4598411715002,
                2953.21059024292
              ],
              [
                -73.5635732416195,
                -12.4583888294145,
                2953.18121991754
              ],
              [
                -73.5621825797823,
                -12.4571433935484,
                2953.1738773362
              ],
              [
                -73.561257553612,
                -12.4557400940149,
                2953.16653475486
              ],
              [
                -73.5595781882428,
                -12.4551737638988,
                2953.15184959217
              ],
              [
                -73.558569943724,
                -12.4532977948978,
                2953.13716442948
              ],
              [
                -73.5577946316454,
                -12.4511787662956,
                2953.12247926679
              ],
              [
                -73.5578337697849,
                -12.4479444433326,
                2953.1077941041
              ],
              [
                -73.5574467929721,
                -12.4456049619446,
                2953.09310894141
              ],
              [
                -73.5577590787477,
                -12.443716726808,
                2953.07842377872
              ],
              [
                -73.5584378118905,
                -12.4423482823479,
                2953.06373861603
              ],
              [
                -73.5609650959373,
                -12.4394260259374,
                2953.0632797047
              ],
              [
                -73.5637286272761,
                -12.4380833532461,
                2953.06282079337
              ],
              [
                -73.5655943440458,
                -12.4351297692373,
                2953.0619029707
              ],
              [
                -73.5661184663589,
                -12.4345118077035,
                2953.06144405936
              ],
              [
                -73.567025775204,
                -12.4344073364348,
                2953.06098514803
              ],
              [
                -73.5685809558085,
                -12.4340211338825,
                2953.06006732536
              ],
              [
                -73.5694163396146,
                -12.4335963759577,
                2953.05823168003
              ],
              [
                -73.570324461252,
                -12.432950504054,
                2953.05639603469
              ],
              [
                -73.5708887338725,
                -12.4323625191769,
                2953.04905345335
              ],
              [
                -73.571855807064,
                -12.4324549439775,
                2953.03436829066
              ],
              [
                -73.5723572217148,
                -12.4318850888728,
                2953.00499796528
              ],
              [
                -73.5728476248121,
                -12.431766030041,
                2953.00316231994
              ],
              [
                -73.5732298565616,
                -12.4313732985761,
                2953.00132667461
              ],
              [
                -73.5731165957542,
                -12.4309358897745,
                2952.99949102927
              ],
              [
                -73.5732060348437,
                -12.4303323986948,
                2952.9985732066
              ],
              [
                -73.5736457995403,
                -12.4296248592926,
                2952.99765538394
              ],
              [
                -73.5746068324347,
                -12.4288646402426,
                2952.99031280259
              ],
              [
                -73.5754662575688,
                -12.4287418306576,
                2952.9756276399
              ],
              [
                -73.5761704153803,
                -12.4290006447015,
                2952.97195634923
              ],
              [
                -73.5768555700617,
                -12.4289770956334,
                2952.96828505856
              ],
              [
                -73.5772279917594,
                -12.4284479806113,
                2952.96461376789
              ],
              [
                -73.5780942760587,
                -12.4280527239186,
                2952.96094247721
              ],
              [
                -73.5786875558917,
                -12.4274731090015,
                2952.95359989587
              ],
              [
                -73.5796211459426,
                -12.4264074602096,
                2952.94625731452
              ],
              [
                -73.5794893907157,
                -12.4251452783814,
                2952.94579840319
              ],
              [
                -73.5781269877994,
                -12.4242443868164,
                2952.94533949186
              ],
              [
                -73.5777906317865,
                -12.4221860802847,
                2952.94442166919
              ],
              [
                -73.577942625542,
                -12.4201133034409,
                2952.94258602385
              ],
              [
                -73.5773662484868,
                -12.4187235821938,
                2952.93891473318
              ],
              [
                -73.5771856493471,
                -12.4167194968493,
                2952.93799691051
              ],
              [
                -73.5765548432831,
                -12.4143284095212,
                2952.93707908784
              ],
              [
                -73.5766418142039,
                -12.4122953359506,
                2952.93524344251
              ],
              [
                -73.5763912045558,
                -12.4103536697062,
                2952.93340779717
              ],
              [
                -73.5761077198183,
                -12.4077727943451,
                2952.9324899745
              ],
              [
                -73.5760279357314,
                -12.4046164410549,
                2952.93157215184
              ],
              [
                -73.5765893142835,
                -12.4032242136747,
                2952.91688698915
              ],
              [
                -73.5770350171989,
                -12.402098559096,
                2952.90220182646
              ],
              [
                -73.5788211885931,
                -12.4023069457459,
                2952.88751666377
              ],
              [
                -73.5803505749947,
                -12.4014896895265,
                2952.88017408242
              ],
              [
                -73.5822232845079,
                -12.4008658882201,
                2952.87650279175
              ],
              [
                -73.5834823860867,
                -12.3994990167422,
                2952.87466714642
              ],
              [
                -73.584966665092,
                -12.399086028869,
                2952.87283150108
              ],
              [
                -73.5872481209852,
                -12.3986857177741,
                2952.86548891974
              ],
              [
                -73.587981479737,
                -12.3978413078931,
                2952.86181762906
              ],
              [
                -73.5879293873608,
                -12.3968104774092,
                2952.85814633839
              ],
              [
                -73.5883152162898,
                -12.3953291409526,
                2952.85791688272
              ],
              [
                -73.5895389743835,
                -12.3943407101207,
                2952.85768742706
              ],
              [
                -73.5911575676932,
                -12.3944880049286,
                2952.85745797139
              ],
              [
                -73.5938645608052,
                -12.3941772163569,
                2952.85722851572
              ],
              [
                -73.59565668172,
                -12.3934268961053,
                2952.85676960439
              ],
              [
                -73.5957025191354,
                -12.3910691705816,
                2952.85631069306
              ],
              [
                -73.5979627837997,
                -12.3884214680048,
                2952.85447504772
              ],
              [
                -73.5999251470587,
                -12.3858406563999,
                2952.85080375705
              ],
              [
                -73.598380689874,
                -12.3847633763938,
                2952.8434611757
              ],
              [
                -73.5936896080634,
                -12.3799793076739,
                2952.82877601301
              ],
              [
                -73.5914178090136,
                -12.3780837680803,
                2892.67834963983
              ],
              [
                -73.5898024895424,
                -12.3758734548008,
                2832.52792326665
              ],
              [
                -73.5889166990958,
                -12.3739651436045,
                2802.45271008006
              ],
              [
                -73.5886931354104,
                -12.3720363749317,
                2787.41510348676
              ],
              [
                -73.5883104477553,
                -12.3706151692377,
                2772.37749689347
              ],
              [
                -73.5875894639933,
                -12.3690510869286,
                2768.61809524515
              ],
              [
                -73.5865173713021,
                -12.3673261953865,
                2766.73839442098
              ],
              [
                -73.5860569940303,
                -12.3661273413167,
                2764.85869359682
              ],
              [
                -73.5865826751365,
                -12.3651416206777,
                2761.0992919485
              ],
              [
                -73.587894188717,
                -12.3641562572466,
                2759.21959112433
              ],
              [
                -73.588851235284,
                -12.3629179951554,
                2758.27974071225
              ],
              [
                -73.5895626750377,
                -12.3615305786065,
                2757.33989030017
              ],
              [
                -73.5892571896349,
                -12.360022103821,
                2753.58048865185
              ],
              [
                -73.5885965378089,
                -12.3579392699395,
                2751.70078782769
              ],
              [
                -73.5869815166324,
                -12.3546078946504,
                2749.82108700353
              ],
              [
                -73.5869377330233,
                -12.3516495557068,
                2746.0616853552
              ],
              [
                -73.5867908828086,
                -12.3502693090094,
                2744.18198453104
              ],
              [
                -73.5865070120573,
                -12.3489667821318,
                2742.30228370688
              ],
              [
                -73.5864426906154,
                -12.3486612086111,
                2741.3624332948
              ],
              [
                -73.5866869527791,
                -12.3475775613525,
                2740.42258288271
              ],
              [
                -73.5869555551845,
                -12.3470550544756,
                2739.95265767667
              ],
              [
                -73.5875574238971,
                -12.3465165105964,
                2739.48273247063
              ],
              [
                -73.5877296527414,
                -12.3459163031616,
                2739.01280726459
              ],
              [
                -73.5876433092519,
                -12.3453092162813,
                2738.54288205855
              ],
              [
                -73.587170129784,
                -12.344528094521,
                2736.66318123439
              ],
              [
                -73.5868945752938,
                -12.3440171579809,
                2735.72333082231
              ],
              [
                -73.5867798102729,
                -12.3434579491151,
                2734.78348041023
              ],
              [
                -73.5870349106974,
                -12.3430753703559,
                2732.90377958607
              ],
              [
                -73.5873771090139,
                -12.3426804234713,
                2731.02407876191
              ],
              [
                -73.5876327176769,
                -12.3418519331169,
                2730.08422834983
              ],
              [
                -73.5879144423906,
                -12.3406238382032,
                2729.14437793774
              ],
              [
                -73.587669570147,
                -12.339960589117,
                2728.20452752566
              ],
              [
                -73.5869154646685,
                -12.3389747630545,
                2727.73460231962
              ],
              [
                -73.5864791768085,
                -12.3379227950144,
                2727.26467711358
              ],
              [
                -73.586410498075,
                -12.3374652150331,
                2723.50527546526
              ],
              [
                -73.586789161672,
                -12.3359505584526,
                2721.6255746411
              ],
              [
                -73.5871792558039,
                -12.3339616847748,
                2719.74587381693
              ],
              [
                -73.5869956777362,
                -12.3323677554978,
                2715.98647216861
              ],
              [
                -73.5867901068074,
                -12.3311924687021,
                2715.04662175653
              ],
              [
                -73.5862657221312,
                -12.3289749138906,
                2714.10677134445
              ],
              [
                -73.5862937414189,
                -12.3274243645284,
                2713.16692093237
              ],
              [
                -73.5861571115778,
                -12.3263537905561,
                2712.69699572633
              ],
              [
                -73.5850774878375,
                -12.3244401256882,
                2712.22707052029
              ],
              [
                -73.5850030072453,
                -12.3239206362494,
                2697.18946392699
              ],
              [
                -73.5852473042714,
                -12.3228277100823,
                2682.15185733369
              ],
              [
                -73.5847394410269,
                -12.3166027316952,
                2652.0766441471
              ],
              [
                -73.5845457616902,
                -12.3155038485383,
                2637.03903755381
              ],
              [
                -73.5848695005427,
                -12.3144628096011,
                2629.52023425716
              ],
              [
                -73.5849368422561,
                -12.3131756580652,
                2625.76083260884
              ],
              [
                -73.5844805087696,
                -12.3111407967218,
                2623.88113178467
              ],
              [
                -73.5834329358815,
                -12.3090014216551,
                2622.94128137259
              ],
              [
                -73.5829070959316,
                -12.3071514149356,
                2622.00143096051
              ],
              [
                -73.5826857016423,
                -12.3054587749279,
                2606.96382436722
              ],
              [
                -73.5818756994934,
                -12.30101083613,
                2599.44502107057
              ],
              [
                -73.5801799871117,
                -12.2986596178743,
                2591.92621777392
              ],
              [
                -73.5789263673689,
                -12.2972555773822,
                2561.85100458733
              ],
              [
                -73.5783299923321,
                -12.2951308516863,
                2554.33220129068
              ],
              [
                -73.5776514912401,
                -12.2933437483465,
                2546.81339799404
              ],
              [
                -73.5770964507894,
                -12.2898366478236,
                2539.29459469739
              ],
              [
                -73.5768547065121,
                -12.2880291202293,
                2535.53519304906
              ],
              [
                -73.5769386797414,
                -12.2868563163324,
                2533.6554922249
              ],
              [
                -73.5764886299079,
                -12.2853837782454,
                2531.77579140074
              ],
              [
                -73.5758884904496,
                -12.2838738179273,
                2524.25698810409
              ],
              [
                -73.5756136014607,
                -12.2819331059309,
                2516.73818480745
              ],
              [
                -73.5752330627567,
                -12.2807710308736,
                2512.97878315912
              ],
              [
                -73.5747847644599,
                -12.2798708764377,
                2509.2193815108
              ],
              [
                -73.5745946998607,
                -12.2786946214226,
                2501.70057821415
              ],
              [
                -73.5745321341436,
                -12.2771188498843,
                2486.66297162085
              ],
              [
                -73.573703893197,
                -12.2764701657955,
                2479.14416832421
              ],
              [
                -73.572288883959,
                -12.2761467748157,
                2471.62536502756
              ],
              [
                -73.5701904348753,
                -12.2762400331872,
                2473.95520555738
              ],
              [
                -73.567076317964,
                -12.2765537148184,
                2476.28504608719
              ],
              [
                -73.5611803565466,
                -12.2753658026351,
                2478.61488661701
              ],
              [
                -73.5597542161025,
                -12.2751635059667,
                2479.77980688192
              ],
              [
                -73.5588251939795,
                -12.2748815118754,
                2480.36226701437
              ],
              [
                -73.5572603077261,
                -12.2737251596474,
                2480.94472714683
              ],
              [
                -73.5565362983984,
                -12.2728528772019,
                2485.60440820646
              ],
              [
                -73.5562573988923,
                -12.2723053587866,
                2487.93424873628
              ],
              [
                -73.5564590322266,
                -12.2700977390349,
                2488.51670886873
              ],
              [
                -73.5562498660507,
                -12.268343564011,
                2489.09916900119
              ],
              [
                -73.5546093157745,
                -12.2658236748375,
                2489.68162913364
              ],
              [
                -73.5539303321912,
                -12.2650927910121,
                2490.2640892661
              ],
              [
                -73.5526884408629,
                -12.2646983107329,
                2492.59392979591
              ],
              [
                -73.5504425308041,
                -12.2637152464317,
                2493.75885006082
              ],
              [
                -73.5492888353321,
                -12.2625340897012,
                2494.92377032573
              ],
              [
                -73.5480955241162,
                -12.2608927289777,
                2497.25361085555
              ],
              [
                -73.5474772218018,
                -12.2606856837349,
                2498.41853112046
              ],
              [
                -73.5463823393509,
                -12.2607199867299,
                2499.00099125291
              ],
              [
                -73.5453612361087,
                -12.2612220828141,
                2499.29222131914
              ],
              [
                -73.5438493216422,
                -12.2611739987086,
                2499.58345138537
              ],
              [
                -73.5424478806634,
                -12.2606385260005,
                2504.243132445
              ],
              [
                -73.539646241475,
                -12.2601486495818,
                2506.57297297482
              ],
              [
                -73.5379864826268,
                -12.2599137690498,
                2507.73789323973
              ],
              [
                -73.535940611582,
                -12.2598016124752,
                2508.32035337218
              ],
              [
                -73.5343875156654,
                -12.2593369720223,
                2508.90281350464
              ],
              [
                -73.5335541478906,
                -12.2589421276856,
                2513.56249456427
              ],
              [
                -73.5308009373573,
                -12.2554240518784,
                2518.22217562391
              ],
              [
                -73.5275071228081,
                -12.2526791238803,
                2520.55201615372
              ],
              [
                -73.5255651605411,
                -12.251533402303,
                2521.71693641863
              ],
              [
                -73.5228356711459,
                -12.2503950532378,
                2522.88185668354
              ],
              [
                -73.5208194560031,
                -12.2496391098982,
                2525.21169721336
              ],
              [
                -73.518456507297,
                -12.2491130625339,
                2525.79415734581
              ],
              [
                -73.51677805008,
                -12.2491243466928,
                2526.37661747826
              ],
              [
                -73.5128031704643,
                -12.2502299021763,
                2527.54153774317
              ],
              [
                -73.511511584761,
                -12.2504655223926,
                2529.87137827299
              ],
              [
                -73.5090745223994,
                -12.2518097682034,
                2531.0362985379
              ],
              [
                -73.5066380690095,
                -12.2533269873942,
                2532.20121880281
              ],
              [
                -73.5035264138743,
                -12.2528558035089,
                2533.36613906772
              ],
              [
                -73.5004490330492,
                -12.2529122682118,
                2533.94859920017
              ],
              [
                -73.4973021453345,
                -12.2522537603337,
                2534.2398292664
              ],
              [
                -73.4948969625185,
                -12.2515415634687,
                2534.38544429951
              ],
              [
                -73.4925298193477,
                -12.2505462751815,
                2534.53105933263
              ],
              [
                -73.4896192296836,
                -12.2481183224116,
                2535.69597959753
              ],
              [
                -73.4888877750102,
                -12.2473124180552,
                2536.27843972999
              ],
              [
                -73.4870128858024,
                -12.2462211556052,
                2536.86089986244
              ],
              [
                -73.4815497913027,
                -12.2427594412662,
                2539.19074039226
              ],
              [
                -73.4756402540896,
                -12.2399021712282,
                2540.35566065717
              ],
              [
                -73.4726532344388,
                -12.2386138015806,
                2540.93812078962
              ],
              [
                -73.4698810342753,
                -12.2370383776876,
                2541.52058092208
              ],
              [
                -73.464319547626,
                -12.237010516066,
                2546.18026198171
              ],
              [
                -73.4627236709871,
                -12.2373380567598,
                2550.83994304135
              ],
              [
                -73.4616071836311,
                -12.2369294946394,
                2553.16978357116
              ],
              [
                -73.4602074041389,
                -12.2376322152433,
                2554.33470383607
              ],
              [
                -73.4584893391769,
                -12.2371907708104,
                2554.91716396853
              ],
              [
                -73.4576602384975,
                -12.2368223295123,
                2555.20839403475
              ],
              [
                -73.4566709398514,
                -12.2364735513623,
                2555.35400906787
              ],
              [
                -73.4560005994066,
                -12.2366553475183,
                2555.42681658442
              ],
              [
                -73.4554004726783,
                -12.2362716278285,
                2555.4632203427
              ],
              [
                -73.4545820804521,
                -12.2370903620537,
                2555.48142222184
              ],
              [
                -73.4533991665897,
                -12.2373624490253,
                2555.49052316141
              ],
              [
                -73.4524240405502,
                -12.2378730210881,
                2555.49962410098
              ],
              [
                -73.4513537901394,
                -12.2377415872835,
                2556.08208423344
              ],
              [
                -73.4503946086544,
                -12.2378236434171,
                2556.37331429966
              ],
              [
                -73.4495789441158,
                -12.2382888216807,
                2556.66454436589
              ],
              [
                -73.448666324376,
                -12.2380706533646,
                2557.24700449834
              ],
              [
                -73.4477701026573,
                -12.2381829808897,
                2557.8294646308
              ],
              [
                -73.4449196911296,
                -12.237256455379,
                2558.99438489571
              ],
              [
                -73.442081590686,
                -12.2361606899713,
                2560.15930516062
              ],
              [
                -73.4402298996179,
                -12.2354442582289,
                2561.32422542552
              ],
              [
                -73.4377923772282,
                -12.2349352111057,
                2562.48914569043
              ],
              [
                -73.436647025678,
                -12.2352987631931,
                2562.78037575666
              ],
              [
                -73.43543454527,
                -12.2353642567739,
                2563.07160582289
              ],
              [
                -73.4347704764615,
                -12.2359630028378,
                2563.36283588911
              ],
              [
                -73.4339703269234,
                -12.2365357478532,
                2563.65406595534
              ],
              [
                -73.4321991264685,
                -12.2366097361842,
                2564.2365260878
              ],
              [
                -73.4315980678425,
                -12.2373983474231,
                2564.52775615402
              ],
              [
                -73.4307694310551,
                -12.2375035084238,
                2564.67337118714
              ],
              [
                -73.4298148410453,
                -12.2376629174239,
                2564.81898622025
              ],
              [
                -73.4156598192331,
                -12.239414606369,
                2574.13834833952
              ],
              [
                -73.4020996370565,
                -12.2425951452508,
                2583.45771045879
              ],
              [
                -73.3938501755268,
                -12.2448505778129,
                2583.53051797534
              ],
              [
                -73.3852077279957,
                -12.247087032875,
                2583.6033254919
              ],
              [
                -73.3809003936985,
                -12.2503446133091,
                2583.74894052501
              ],
              [
                -73.3765368389454,
                -12.2541671571904,
                2584.04017059124
              ],
              [
                -73.3759639042008,
                -12.2585822179127,
                2584.6226307237
              ],
              [
                -73.3761254925954,
                -12.2607293670315,
                2585.20509085615
              ],
              [
                -73.3744460664955,
                -12.2627171385118,
                2585.7875509886
              ],
              [
                -73.3722585586908,
                -12.2650091727143,
                2586.95247125351
              ],
              [
                -73.3692489444009,
                -12.2671143617454,
                2588.11739151842
              ],
              [
                -73.3695874422908,
                -12.2682112797069,
                2590.44723204824
              ],
              [
                -73.3676402259642,
                -12.2683762944015,
                2591.61215231315
              ],
              [
                -73.3660218953349,
                -12.2688541384785,
                2592.1946124456
              ],
              [
                -73.3647383053104,
                -12.270064580493,
                2592.48584251183
              ],
              [
                -73.3636546039742,
                -12.2708631046511,
                2592.63145754494
              ],
              [
                -73.3620339561507,
                -12.2709390455857,
                2592.77707257806
              ],
              [
                -73.3598488823862,
                -12.2709169033381,
                2597.43675363769
              ],
              [
                -73.3580471978473,
                -12.2700972411329,
                2599.76659416751
              ],
              [
                -73.3565905698599,
                -12.2692299725788,
                2600.93151443242
              ],
              [
                -73.3559423347841,
                -12.2699819125264,
                2601.51397456487
              ],
              [
                -73.3545409835275,
                -12.2709169521028,
                2602.09643469733
              ],
              [
                -73.3530614980269,
                -12.2722567372564,
                2606.75611575696
              ],
              [
                -73.3497192591513,
                -12.2738449895515,
                2609.08595628678
              ],
              [
                -73.3469522471102,
                -12.2747582850713,
                2610.25087655169
              ],
              [
                -73.3452745612795,
                -12.2771746055172,
                2610.25144536041
              ],
              [
                -73.3442537724094,
                -12.2793388158687,
                2610.25172976477
              ],
              [
                -73.3420287150184,
                -12.2815339322151,
                2610.25187196695
              ],
              [
                -73.3396705272685,
                -12.2828882188809,
                2610.25194306804
              ],
              [
                -73.335878181356,
                -12.2838712753915,
                2610.25197861859
              ],
              [
                -73.3329746020844,
                -12.284211240828,
                2610.25199639386
              ],
              [
                -73.3299033671676,
                -12.2846065143502,
                2610.25201416913
              ],
              [
                -73.3269106220431,
                -12.2847738760247,
                2610.25315178658
              ],
              [
                -73.3243637159722,
                -12.2849700997685,
                2610.25542702147
              ],
              [
                -73.3222840156205,
                -12.2854128882958,
                2610.25997749126
              ],
              [
                -73.3186919882504,
                -12.2875778667057,
                2610.26907843083
              ],
              [
                -73.317281526939,
                -12.2870644453419,
                2610.28728030996
              ],
              [
                -73.3145991797212,
                -12.2855048280436,
                2610.32368406824
              ],
              [
                -73.3113669074169,
                -12.2846662721372,
                2610.3964915848
              ],
              [
                -73.3083209348833,
                -12.2836445747352,
                2610.54210661791
              ],
              [
                -73.3060156895222,
                -12.283373006986,
                2610.83333668414
              ],
              [
                -73.3048063413282,
                -12.2842196599982,
                2611.4157968166
              ],
              [
                -73.3026385689727,
                -12.2861687114724,
                2616.07547787623
              ],
              [
                -73.3003595110654,
                -12.2883375660379,
                2618.40531840605
              ],
              [
                -73.2977608470299,
                -12.2887496486853,
                2619.57023867095
              ],
              [
                -73.2957330740691,
                -12.2891386429895,
                2620.15269880341
              ],
              [
                -73.2934009360816,
                -12.2897024657967,
                2620.44392886964
              ],
              [
                -73.290856642537,
                -12.2892039644622,
                2620.58954390275
              ],
              [
                -73.2890416417599,
                -12.2888497649341,
                2620.66235141931
              ],
              [
                -73.2875815726663,
                -12.2888755403643,
                2620.69875517759
              ],
              [
                -73.2861181462791,
                -12.2890305568523,
                2620.73515893586
              ],
              [
                -73.2817382281369,
                -12.288549682686,
                2789.42769372122
              ],
              [
                -73.2794045131901,
                -12.287648517416,
                2873.7739611139
              ],
              [
                -73.2767303620654,
                -12.2902899856844,
                2915.94709481023
              ],
              [
                -73.2739424064028,
                -12.2903975347972,
                2937.0336616584
              ],
              [
                -73.2707823198985,
                -12.2916278153964,
                2947.57694508249
              ],
              [
                -73.2682846445542,
                -12.2925542300114,
                2952.84858679453
              ],
              [
                -73.2661212338985,
                -12.294230703254,
                2955.48440765055
              ],
              [
                -73.2647687932845,
                -12.2965425904018,
                2956.80231807856
              ],
              [
                -73.264216442671,
                -12.2988658025872,
                2958.12022850657
              ],
              [
                -73.2606828668267,
                -12.2990749337989,
                3042.46649589925
              ],
              [
                -73.2578735354497,
                -12.3008960513669,
                3084.63962959559
              ],
              [
                -73.2560483332297,
                -12.3031027627266,
                3105.72619644376
              ],
              [
                -73.2554128060552,
                -12.3039285357435,
                3110.9978381558
              ],
              [
                -73.2533005419663,
                -12.3041851459495,
                3116.26947986784
              ],
              [
                -73.251634220199,
                -12.3059149000696,
                3121.54112157989
              ],
              [
                -73.249413631357,
                -12.3082598088923,
                3124.17694243591
              ],
              [
                -73.2482548523566,
                -12.3104807829629,
                3125.49485286392
              ],
              [
                -73.2470914686389,
                -12.3126042362092,
                3126.15380807792
              ],
              [
                -73.2457265838691,
                -12.3146304352504,
                3126.48328568493
              ],
              [
                -73.2452388919304,
                -12.3165545629484,
                3126.64802448843
              ],
              [
                -73.2458120667095,
                -12.3189320935606,
                3126.73039389018
              ],
              [
                -73.245457926016,
                -12.321610247607,
                3126.77157859105
              ],
              [
                -73.2452953084032,
                -12.3240958028578,
                3126.79217094149
              ],
              [
                -73.2455792071982,
                -12.3262368388121,
                3126.80246711671
              ],
              [
                -73.2460661149832,
                -12.328561211958,
                3126.81276329193
              ],
              [
                -73.2448437800998,
                -12.3289920786498,
                3168.98589698827
              ],
              [
                -73.243755079646,
                -12.3294667541142,
                3190.07246383644
              ],
              [
                -73.2433146697028,
                -12.3302041333482,
                3200.61574726052
              ],
              [
                -73.2435453503053,
                -12.3308688790116,
                3205.88738897256
              ],
              [
                -73.2427854717423,
                -12.3314174251126,
                3208.52320982859
              ],
              [
                -73.2417372286712,
                -12.3314657743841,
                3209.84112025659
              ],
              [
                -73.2411782828186,
                -12.3320304201331,
                3210.5000754706
              ],
              [
                -73.2405968735939,
                -12.3330380778316,
                3210.8295530776
              ],
              [
                -73.2400168270676,
                -12.33403484745,
                3210.99429188111
              ],
              [
                -73.239252130322,
                -12.3342140413555,
                3211.07666128286
              ],
              [
                -73.2387972048407,
                -12.3347091117539,
                3211.11784598373
              ],
              [
                -73.2387297543476,
                -12.3353742704322,
                3211.13843833417
              ],
              [
                -73.2382615151593,
                -12.3357360891497,
                3211.14873450939
              ],
              [
                -73.2379563762306,
                -12.3364413567838,
                3211.153882597
              ],
              [
                -73.2377524927576,
                -12.3373082937003,
                3211.1564566408
              ],
              [
                -73.2368375121003,
                -12.3373104159998,
                3211.1577436627
              ],
              [
                -73.2361176396382,
                -12.3374222328932,
                3211.15838717365
              ],
              [
                -73.2355162873574,
                -12.3380333554445,
                3211.15870892913
              ],
              [
                -73.235459230919,
                -12.3389108095526,
                3211.15886980687
              ],
              [
                -73.2354991108468,
                -12.3397922294445,
                3211.15895024574
              ],
              [
                -73.2351392049723,
                -12.3403824531727,
                3211.15899046517
              ],
              [
                -73.2343886749873,
                -12.3408180013536,
                3211.15901057489
              ],
              [
                -73.2336832733615,
                -12.3411842958769,
                3211.15902062975
              ],
              [
                -73.2333361083777,
                -12.3420400011506,
                3211.15902565718
              ],
              [
                -73.2328690503177,
                -12.3433476827659,
                3211.15902817089
              ],
              [
                -73.232571382944,
                -12.3442048180483,
                3211.15902942775
              ],
              [
                -73.2325627272764,
                -12.345052991397,
                3211.15903005618
              ],
              [
                -73.2325482753434,
                -12.3457231437661,
                3211.15903037039
              ],
              [
                -73.2322484536001,
                -12.3465699136572,
                3211.1590305275
              ],
              [
                -73.2322344226902,
                -12.3473190444429,
                3211.15903060605
              ],
              [
                -73.2324140067419,
                -12.3480652364561,
                3211.15903064533
              ],
              [
                -73.2323592641284,
                -12.3489579412767,
                3211.15903066497
              ],
              [
                -73.2317758103669,
                -12.349742153135,
                3211.15903067479
              ],
              [
                -73.2309992794641,
                -12.3504839835565,
                3211.1590306797
              ],
              [
                -73.2311533023279,
                -12.3516943611705,
                3211.15903068215
              ],
              [
                -73.2311663704978,
                -12.352825267688,
                3211.15903068338
              ],
              [
                -73.2304733933735,
                -12.3534963788356,
                3211.15903068399
              ],
              [
                -73.2301077369074,
                -12.3546842733459,
                3211.15903068461
              ],
              [
                -73.230742678753,
                -12.3561964901584,
                3253.33216438094
              ],
              [
                -73.2300590960979,
                -12.357305309713,
                3274.41873122912
              ],
              [
                -73.2291938913007,
                -12.3578206815882,
                3284.9620146532
              ],
              [
                -73.2287144016464,
                -12.3588170969013,
                3290.23365636524
              ],
              [
                -73.2279193774789,
                -12.3596770741428,
                3292.86947722126
              ],
              [
                -73.2271069199298,
                -12.3601389850279,
                3294.18738764927
              ],
              [
                -73.2260604857474,
                -12.359841975383,
                3294.84634286328
              ],
              [
                -73.225338703175,
                -12.3598202141345,
                3295.17582047028
              ],
              [
                -73.2250047626958,
                -12.3603769106902,
                3295.34055927378
              ],
              [
                -73.2246806994774,
                -12.3611908911671,
                3295.42292867553
              ],
              [
                -73.225082777593,
                -12.3620048288763,
                3295.46411337641
              ],
              [
                -73.2250043834876,
                -12.3628587148868,
                3295.48470572684
              ],
              [
                -73.2246585119996,
                -12.3633919307022,
                3295.49500190206
              ],
              [
                -73.2241281739117,
                -12.3637489101024,
                3295.50014998967
              ],
              [
                -73.2236726604293,
                -12.3638709132646,
                3295.50272403348
              ],
              [
                -73.2235452831176,
                -12.3644865075736,
                3295.50401105538
              ],
              [
                -73.223271576103,
                -12.3651225095837,
                3295.50465456633
              ],
              [
                -73.2229572756425,
                -12.3656602930721,
                3295.50497632181
              ],
              [
                -73.2224412918326,
                -12.3657376260593,
                3295.50513719955
              ],
              [
                -73.2220414263425,
                -12.365688722656,
                3295.50521763841
              ],
              [
                -73.2216196984024,
                -12.3658049889662,
                3295.50525785785
              ],
              [
                -73.2214321727104,
                -12.3664270726805,
                3295.50527796757
              ],
              [
                -73.2210548727401,
                -12.3668875543597,
                3295.50528802242
              ],
              [
                -73.2206129136532,
                -12.367219489071,
                3295.50529304985
              ],
              [
                -73.2203540288749,
                -12.3675380270204,
                3295.50529556357
              ],
              [
                -73.2206849831628,
                -12.3681389347171,
                3295.50529682042
              ],
              [
                -73.2205246914523,
                -12.3686269542768,
                3295.50529744885
              ],
              [
                -73.2200486578379,
                -12.3688624451076,
                3295.50529776307
              ],
              [
                -73.2198834873782,
                -12.3692300052694,
                3295.50529792018
              ],
              [
                -73.2200309545425,
                -12.3697372221483,
                3295.50529799873
              ],
              [
                -73.2203365337515,
                -12.3703846184069,
                3295.50529803801
              ],
              [
                -73.2209400035664,
                -12.3710004537597,
                3295.50529805765
              ],
              [
                -73.2210280626154,
                -12.3715915027732,
                3295.50529806746
              ],
              [
                -73.220895959562,
                -12.371989720256,
                3295.50529807237
              ],
              [
                -73.2208578776688,
                -12.372493362192,
                3295.50529807483
              ],
              [
                -73.2208759268651,
                -12.3729045928289,
                3295.50529807606
              ],
              [
                -73.2205554943407,
                -12.3732400166547,
                3295.50529807667
              ],
              [
                -73.2202106519042,
                -12.3736695283944,
                3295.50529807698
              ],
              [
                -73.2198021424857,
                -12.3741256909303,
                3295.50529807713
              ],
              [
                -73.219244491234,
                -12.3746212825726,
                3295.50529807721
              ],
              [
                -73.2190565688852,
                -12.3751912675019,
                3295.50529807724
              ],
              [
                -73.2192658290721,
                -12.3757164092396,
                3295.50529807726
              ],
              [
                -73.2192572118419,
                -12.3761317576751,
                3295.50529807727
              ],
              [
                -73.2185992732065,
                -12.3763082314324,
                3295.50529807728
              ],
              [
                -73.2179490671149,
                -12.3765730835309,
                3295.50529807728
              ],
              [
                -73.2173905102464,
                -12.3768333026407,
                3295.50529807728
              ],
              [
                -73.2170914457789,
                -12.3772579659798,
                3295.50529807728
              ],
              [
                -73.2168420534105,
                -12.3777703622237,
                3295.50529807728
              ],
              [
                -73.2164502471793,
                -12.3781391021224,
                3295.50529807728
              ],
              [
                -73.2160358658613,
                -12.3783332567742,
                3295.50529807728
              ],
              [
                -73.215678634522,
                -12.3786442023625,
                3295.50529807728
              ],
              [
                -73.2154861938859,
                -12.3789753863754,
                3295.50529807728
              ],
              [
                -73.215570967152,
                -12.3795014907077,
                3295.50529807728
              ],
              [
                -73.2155959840092,
                -12.3799699306027,
                3295.50529807728
              ],
              [
                -73.2153264195708,
                -12.3804173192882,
                3295.50529807728
              ],
              [
                -73.2149870416939,
                -12.3810209191324,
                3295.50529807728
              ],
              [
                -73.2155486378897,
                -12.3818545786016,
                3332.64252332949
              ],
              [
                -73.2168867633667,
                -12.3821471688222,
                3351.21113595559
              ],
              [
                -73.2171681284893,
                -12.3830488627893,
                3360.49544226864
              ],
              [
                -73.2183236410677,
                -12.3838473533692,
                3365.13759542517
              ],
              [
                -73.2193184055429,
                -12.3846864764297,
                3369.7797485817
              ],
              [
                -73.219473577678,
                -12.3855356425164,
                3406.9169738339
              ],
              [
                -73.2193973314107,
                -12.3865284607287,
                3425.48558646
              ],
              [
                -73.2199178746981,
                -12.3874471614226,
                3434.76989277306
              ],
              [
                -73.220304874191,
                -12.388220376828,
                3439.41204592958
              ],
              [
                -73.2205020678061,
                -12.3891712322461,
                3441.73312250784
              ],
              [
                -73.2202186670903,
                -12.3899754897452,
                3442.89366079698
              ],
              [
                -73.2194640466468,
                -12.3908584695617,
                3443.47392994154
              ],
              [
                -73.2184329592899,
                -12.3916215460098,
                3443.76406451382
              ],
              [
                -73.2180008978795,
                -12.3925206166513,
                3443.90913179997
              ],
              [
                -73.2178078326661,
                -12.3934629802651,
                3443.98166544304
              ],
              [
                -73.2183849754621,
                -12.3940650920567,
                3444.01793226457
              ],
              [
                -73.2191782528618,
                -12.3950920455389,
                3444.03606567534
              ],
              [
                -73.2198094963036,
                -12.3960814975494,
                3444.04513238072
              ],
              [
                -73.2204296065851,
                -12.3968241998089,
                3444.04966573342
              ],
              [
                -73.2215054986588,
                -12.3972364518437,
                3444.05193240976
              ],
              [
                -73.2228618885453,
                -12.3988700415138,
                3444.05306574793
              ],
              [
                -73.2227157638642,
                -12.4000596961762,
                3444.05363241702
              ],
              [
                -73.2227112757082,
                -12.4010192900486,
                3444.05377408429
              ],
              [
                -73.2233338518367,
                -12.4019417266856,
                3444.05391575157
              ],
              [
                -73.2250985283998,
                -12.4025549808297,
                3444.0539865852
              ],
              [
                -73.226319985137,
                -12.4042426801881,
                3444.05405741884
              ],
              [
                -73.2258410968685,
                -12.4058061712832,
                3444.05406627304
              ],
              [
                -73.2262228664103,
                -12.4071384670564,
                3444.05407512725
              ],
              [
                -73.2284211081492,
                -12.4074982802017,
                3444.05409283565
              ],
              [
                -73.2299468055039,
                -12.4084407306955,
                3444.05412825247
              ],
              [
                -73.2305337160976,
                -12.4106317717983,
                3444.05414596088
              ],
              [
                -73.2304987307215,
                -12.4122387814408,
                3444.05415481508
              ],
              [
                -73.2300872149541,
                -12.4133428321593,
                3444.05416366929
              ],
              [
                -73.2295746769288,
                -12.4137187443622,
                3444.0541813777
              ],
              [
                -73.229417320615,
                -12.4141959090874,
                3444.0541902319
              ],
              [
                -73.2307548611265,
                -12.4147467561155,
                3444.05419133868
              ],
              [
                -73.2321952334039,
                -12.4151183518373,
                3444.05419244545
              ],
              [
                -73.2333640753131,
                -12.4159226710989,
                3444.05419355223
              ],
              [
                -73.234921140395,
                -12.4169608817501,
                3444.05419465901
              ],
              [
                -73.234881734133,
                -12.4177999574299,
                3444.05419687256
              ],
              [
                -73.2338883579561,
                -12.4183799607254,
                3444.05419797933
              ],
              [
                -73.2336786149156,
                -12.4192509315121,
                3444.05419853272
              ],
              [
                -73.2337125140026,
                -12.4200806598055,
                3444.05419880941
              ],
              [
                -73.2329727728638,
                -12.4204650610312,
                3444.05419887859
              ],
              [
                -73.2323941907611,
                -12.4210628446121,
                3444.05419891317
              ],
              [
                -73.2331934193631,
                -12.421772887985,
                3444.05419893047
              ],
              [
                -73.2340676149633,
                -12.4215371194701,
                3444.05419893911
              ],
              [
                -73.2354160575817,
                -12.4214771283169,
                3444.05419894344
              ],
              [
                -73.2368746302783,
                -12.4215819771257,
                3444.0541989456
              ],
              [
                -73.2376292547325,
                -12.4222912826114,
                3444.05419894668
              ],
              [
                -73.2386190145879,
                -12.4228208325132,
                3444.05419894722
              ],
              [
                -73.239614280389,
                -12.4233433235788,
                3444.05419894776
              ],
              [
                -73.2403148984525,
                -12.4245974074337,
                3444.05419898235
              ],
              [
                -73.2401841187386,
                -12.4253974946702,
                3444.05419899964
              ],
              [
                -73.2406922034838,
                -12.4264379490755,
                3444.05419901693
              ],
              [
                -73.2415925205007,
                -12.4279552273689,
                3444.05419902558
              ],
              [
                -73.2432260859607,
                -12.4280913522255,
                3444.05419903423
              ],
              [
                -73.2444082607692,
                -12.4279635841475,
                3444.05419905152
              ],
              [
                -73.2449884962145,
                -12.4286719541273,
                3444.05419908611
              ]
            ]
          ]
        ],
        "type": "MultiPolygon"
      },
      "type": "Feature",
      "properties": {
        "PROVINCIA": "LA CONVENCION",
        "DISTRITO": "KUMPIRUSHIATO",
        "name": "KUMPIRUSHIATO",
        "ID": "070918",
        "DEPARTAMEN": "CUSCO"
      }
    }
  ]
}
