{
  "type": "FeatureCollection",
  "features": [
    {
      "geometry": {
        "coordinates": [
          [
            [
              [
                -74.96514848399988,
                -2.365650345999939
              ],
              [
                -74.96075110999993,
                -2.367791970999917
              ],
              [
                -74.95852398499994,
                -2.371732345999931
              ],
              [
                -74.96216598399985,
                -2.383517595999876
              ],
              [
                -74.96096873499982,
                -2.390294970999946
              ],
              [
                -74.95948235999992,
                -2.394890595999868
              ],
              [
                -74.95759573399988,
                -2.398164095999903
              ],
              [
                -74.95553510999991,
                -2.403683595999894
              ],
              [
                -74.95404685899996,
                -2.410179720999963
              ],
              [
                -74.95370510899994,
                -2.414947220999977
              ],
              [
                -74.95462110899996,
                -2.424257845999932
              ],
              [
                -74.95468160899992,
                -2.43126947099995
              ],
              [
                -74.95365235899993,
                -2.440171844999952
              ],
              [
                -74.95027923399988,
                -2.454484345999958
              ],
              [
                -74.94959185899995,
                -2.458790970999871
              ],
              [
                -74.94976773399986,
                -2.465630845999954
              ],
              [
                -74.95033198499993,
                -2.469367220999914
              ],
              [
                -74.95427735999994,
                -2.485109345999888
              ],
              [
                -74.95478710999993,
                -2.489705095999852
              ],
              [
                -74.95394923399988,
                -2.500384720999932
              ],
              [
                -74.95477623399995,
                -2.503424970999959
              ],
              [
                -74.95681048499995,
                -2.504294970999979
              ],
              [
                -74.9632284839999,
                -2.50446284599991
              ],
              [
                -74.96625523399996,
                -2.506090470999936
              ],
              [
                -74.96788073399989,
                -2.504904220999947
              ],
              [
                -74.97190035899996,
                -2.504179845999943
              ],
              [
                -74.98119523399993,
                -2.506801720999931
              ],
              [
                -74.98424035999994,
                -2.51043659599992
              ],
              [
                -74.99119310999993,
                -2.516005220999887
              ],
              [
                -74.99264310899991,
                -2.519239845999834
              ],
              [
                -74.99311173399997,
                -2.524194595999973
              ],
              [
                -74.98940235899983,
                -2.528330095999934
              ],
              [
                -74.98574010999994,
                -2.537531220999881
              ],
              [
                -74.98431448499991,
                -2.544718720999867
              ],
              [
                -74.98219335999994,
                -2.550814345999925
              ],
              [
                -74.9780194839999,
                -2.557082095999817
              ],
              [
                -74.97304485899997,
                -2.560646470999927
              ],
              [
                -74.97161910899996,
                -2.563234345999945
              ],
              [
                -74.97114160999996,
                -2.566343220999954
              ],
              [
                -74.96766760999998,
                -2.568126595999956
              ],
              [
                -74.96356823499997,
                -2.568265470999904
              ],
              [
                -74.96201660899999,
                -2.570373095999969
              ],
              [
                -74.96109760899998,
                -2.576058595999882
              ],
              [
                -74.96206635899995,
                -2.579451220999943
              ],
              [
                -74.96055748499998,
                -2.584107095999968
              ],
              [
                -74.96085860999995,
                -2.586399970999878
              ],
              [
                -74.96271135899997,
                -2.589595970999824
              ],
              [
                -74.96303685899994,
                -2.594392595999864
              ],
              [
                -74.95746285999991,
                -2.611460970999815
              ],
              [
                -74.95786260999995,
                -2.61474459599998
              ],
              [
                -74.96363035999997,
                -2.630848845999935
              ],
              [
                -74.97026373499989,
                -2.643160095999974
              ],
              [
                -74.97116010999991,
                -2.64557822099988
              ],
              [
                -74.97374810999997,
                -2.660699220999902
              ],
              [
                -74.97700310899995,
                -2.66483947099988
              ],
              [
                -74.9841414839999,
                -2.669065470999954
              ],
              [
                -74.98966010899994,
                -2.67098847099993
              ],
              [
                -75.00029585899983,
                -2.673601346999931
              ],
              [
                -75.00652748399995,
                -2.678602345999934
              ],
              [
                -75.00992660999998,
                -2.684673720999911
              ],
              [
                -75.01112585999994,
                -2.693525345999888
              ],
              [
                -75.01232510999995,
                -2.708030595999958
              ],
              [
                -75.01243573499994,
                -2.720378970999889
              ],
              [
                -75.01060548399994,
                -2.746808720999923
              ],
              [
                -75.00952923399996,
                -2.753773345999946
              ],
              [
                -75.01026948399993,
                -2.766357470999935
              ],
              [
                -75.01256785999993,
                -2.773261095999942
              ],
              [
                -75.01472610899998,
                -2.777029720999963
              ],
              [
                -75.01925798399998,
                -2.783544345999928
              ],
              [
                -75.02205860899988,
                -2.790466720999973
              ],
              [
                -75.02412498399997,
                -2.800124970999946
              ],
              [
                -75.02485348399995,
                -2.812769470999967
              ],
              [
                -75.02493860899995,
                -2.821022846999938
              ],
              [
                -75.02614685999993,
                -2.830677720999972
              ],
              [
                -75.03056910999999,
                -2.847369970999978
              ],
              [
                -75.03684523399994,
                -2.869473595999978
              ],
              [
                -75.03763685899997,
                -2.872933596999815
              ],
              [
                -75.03826173399995,
                -2.882164096999873
              ],
              [
                -75.03934573399988,
                -2.889386720999937
              ],
              [
                -75.04082773399995,
                -2.893378970999947
              ],
              [
                -75.04611073399991,
                -2.904889096999966
              ],
              [
                -75.04736723499997,
                -2.910228470999812
              ],
              [
                -75.04550660999985,
                -2.918539970999973
              ],
              [
                -75.04613285999994,
                -2.921205096999927
              ],
              [
                -75.04956235999987,
                -2.926720095999826
              ],
              [
                -75.0528618589999,
                -2.934200095999927
              ],
              [
                -75.05463548399996,
                -2.94018759599993
              ],
              [
                -75.05443548399984,
                -2.948236345999931
              ],
              [
                -75.05552285899984,
                -2.95510334699992
              ],
              [
                -75.05821910899988,
                -2.959090721999871
              ],
              [
                -75.05913473499999,
                -2.962136721999912
              ],
              [
                -75.05908198499998,
                -2.965290971999877
              ],
              [
                -75.05769310999989,
                -2.968295221999938
              ],
              [
                -75.05713498499989,
                -2.978987096999958
              ],
              [
                -75.05577148499998,
                -2.981228470999952
              ],
              [
                -75.04800723499989,
                -2.98392609699988
              ],
              [
                -75.04459335899998,
                -2.985860721999813
              ],
              [
                -75.04271685899994,
                -2.9882225959999
              ],
              [
                -75.04130473399988,
                -2.994314470999939
              ],
              [
                -75.03807898399998,
                -2.996274345999893
              ],
              [
                -75.0359934839999,
                -3.000168095999925
              ],
              [
                -75.03607423499994,
                -3.006813470999816
              ],
              [
                -75.03460798499992,
                -3.010426595999888
              ],
              [
                -75.03463498399998,
                -3.013390220999952
              ],
              [
                -75.03573635899994,
                -3.016246095999918
              ],
              [
                -75.03470698399997,
                -3.027955095999971
              ],
              [
                -75.03276948399997,
                -3.037138845999948
              ],
              [
                -75.0306016099999,
                -3.044142595999972
              ],
              [
                -75.02665398399995,
                -3.051384596999924
              ],
              [
                -75.02592435899999,
                -3.057238470999948
              ],
              [
                -75.02644635899992,
                -3.060724346999962
              ],
              [
                -75.02452048499993,
                -3.063075095999977
              ],
              [
                -75.01941010999997,
                -3.067562471999906
              ],
              [
                -75.01780660899988,
                -3.070775346999937
              ],
              [
                -75.01428860999994,
                -3.074875721999888
              ],
              [
                -75.01373598399994,
                -3.077542221999977
              ],
              [
                -75.01449610899988,
                -3.079845721999959
              ],
              [
                -75.01895110899989,
                -3.087652345999913
              ],
              [
                -75.02045310999989,
                -3.093107471999929
              ],
              [
                -75.0201879839999,
                -3.099655471999938
              ],
              [
                -75.01690023499992,
                -3.102347470999973
              ],
              [
                -75.01431748399995,
                -3.105421346999947
              ],
              [
                -75.01198635999998,
                -3.106593720999967
              ],
              [
                -75.01061523499993,
                -3.110382845999936
              ],
              [
                -75.01152748399994,
                -3.114169971999956
              ],
              [
                -75.01586910899988,
                -3.119453095999916
              ],
              [
                -75.0168966089999,
                -3.122115846999975
              ],
              [
                -75.01780660999998,
                -3.128980471999967
              ],
              [
                -75.01677935899988,
                -3.134509720999858
              ],
              [
                -75.01324410999996,
                -3.145052721999889
              ],
              [
                -75.0101621089999,
                -3.151367221999919
              ],
              [
                -75.00176010899992,
                -3.160407845999941
              ],
              [
                -74.99987560999995,
                -3.165947221999886
              ],
              [
                -75.00061798399992,
                -3.171714971999961
              ],
              [
                -74.99744848399996,
                -3.177911096999821
              ],
              [
                -74.99384373499993,
                -3.17959184699987
              ],
              [
                -74.99321910999998,
                -3.181705345999944
              ],
              [
                -74.99338435899995,
                -3.186133846999894
              ],
              [
                -74.99161148399998,
                -3.190005471999882
              ],
              [
                -74.98781210999994,
                -3.191700720999904
              ],
              [
                -74.98227735899997,
                -3.190574220999963
              ],
              [
                -74.97759185899997,
                -3.190457095999932
              ],
              [
                -74.97232810899999,
                -3.192581971999971
              ],
              [
                -74.96838473399998,
                -3.196554721999973
              ],
              [
                -74.9668417339999,
                -3.197123096999917
              ],
              [
                -74.96449998399999,
                -3.195343721999961
              ],
              [
                -74.96106635899997,
                -3.194599596999979
              ],
              [
                -74.95746660899994,
                -3.194945221999944
              ],
              [
                -74.95043948399984,
                -3.196662096999887
              ],
              [
                -74.94351948399998,
                -3.199882846999913
              ],
              [
                -74.94037698399995,
                -3.200054721999948
              ],
              [
                -74.9364316089999,
                -3.198615220999955
              ],
              [
                -74.93437110999992,
                -3.196660220999945
              ],
              [
                -74.93172073399995,
                -3.196840595999902
              ],
              [
                -74.92955535899983,
                -3.198601346999965
              ],
              [
                -74.92581960899997,
                -3.197578221999947
              ],
              [
                -74.92116360899996,
                -3.197236720999911
              ],
              [
                -74.91905273399993,
                -3.19902147199997
              ],
              [
                -74.91032935899995,
                -3.200385971999822
              ],
              [
                -74.90918723499988,
                -3.20607284599987
              ],
              [
                -74.90480898399983,
                -3.204597595999928
              ],
              [
                -74.90399998399994,
                -3.2064843469999
              ],
              [
                -74.89755160899995,
                -3.209094720999872
              ],
              [
                -74.89290048399994,
                -3.209853470999974
              ],
              [
                -74.89135360999995,
                -3.207080096999903
              ],
              [
                -74.88471285899993,
                -3.206925096999953
              ],
              [
                -74.88259398399993,
                -3.204134346999979
              ],
              [
                -74.88033298399989,
                -3.202687345999891
              ],
              [
                -74.87659910899993,
                -3.202868346999935
              ],
              [
                -74.87359935899991,
                -3.201055721999978
              ],
              [
                -74.87040798499999,
                -3.203189095999846
              ],
              [
                -74.8697563589999,
                -3.205315096999868
              ],
              [
                -74.86540860899999,
                -3.208183095999971
              ],
              [
                -74.86204785899997,
                -3.208565845999942
              ],
              [
                -74.8599838589999,
                -3.210907345999942
              ],
              [
                -74.86177735899997,
                -3.215390471999967
              ],
              [
                -74.8566894839999,
                -3.222337971999877
              ],
              [
                -74.85273385899995,
                -3.224366721999957
              ],
              [
                -74.84891810899995,
                -3.224158596999814
              ],
              [
                -74.8442351089999,
                -3.222146596999949
              ],
              [
                -74.84265673499988,
                -3.217758595999896
              ],
              [
                -74.83953473399993,
                -3.22183434599998
              ],
              [
                -74.83918785999992,
                -3.223690095999928
              ],
              [
                -74.83634335999994,
                -3.22620522099993
              ],
              [
                -74.8282168589999,
                -3.228882846999966
              ],
              [
                -74.82381448399997,
                -3.232210970999915
              ],
              [
                -74.82112885899988,
                -3.233082096999965
              ],
              [
                -74.81820098499992,
                -3.236542596999868
              ],
              [
                -74.81577273399995,
                -3.23775659599994
              ],
              [
                -74.8138854849999,
                -3.240450470999974
              ],
              [
                -74.81337123399999,
                -3.243214846999933
              ],
              [
                -74.81878510899998,
                -3.249045095999975
              ],
              [
                -74.82746873399998,
                -3.257498096999939
              ],
              [
                -74.82923285999993,
                -3.260746221999909
              ],
              [
                -74.82975235899994,
                -3.264043845999822
              ],
              [
                -74.82767435899996,
                -3.268696596999916
              ],
              [
                -74.82882623399996,
                -3.27034547199986
              ],
              [
                -74.83141960899997,
                -3.277145345999884
              ],
              [
                -74.83278710899992,
                -3.27886909699987
              ],
              [
                -74.83160435899998,
                -3.281096471999888
              ],
              [
                -74.82882623399996,
                -3.279583220999825
              ],
              [
                -74.8226093589999,
                -3.285480470999971
              ],
              [
                -74.8192719839999,
                -3.287119095999913
              ],
              [
                -74.81873023399993,
                -3.289001721999909
              ],
              [
                -74.81989673399983,
                -3.293195846999936
              ],
              [
                -74.81877923399998,
                -3.296851596999886
              ],
              [
                -74.81491310999996,
                -3.29869109699996
              ],
              [
                -74.81138960899989,
                -3.302937595999936
              ],
              [
                -74.80253510899996,
                -3.307650346999878
              ],
              [
                -74.80058985899996,
                -3.307994096999892
              ],
              [
                -74.79607423399995,
                -3.307015596999918
              ],
              [
                -74.79270123399994,
                -3.307234345999916
              ],
              [
                -74.78938898499996,
                -3.309432971999911
              ],
              [
                -74.7852143589999,
                -3.314042720999964
              ],
              [
                -74.78173635999997,
                -3.315913221999836
              ],
              [
                -74.78045035899999,
                -3.318309721999981
              ],
              [
                -74.78115185899992,
                -3.32298584699987
              ],
              [
                -74.78072460999994,
                -3.326099595999949
              ],
              [
                -74.77922285899996,
                -3.326785471999926
              ],
              [
                -74.7718887339999,
                -3.325628846999905
              ],
              [
                -74.76931835899995,
                -3.326316346999931
              ],
              [
                -74.76474798399988,
                -3.330449220999867
              ],
              [
                -74.75862885899994,
                -3.33212109699997
              ],
              [
                -74.75394498399999,
                -3.334533221999891
              ],
              [
                -74.75256260899994,
                -3.336549721999972
              ],
              [
                -74.75275810899996,
                -3.339018471999964
              ],
              [
                -74.75122398399992,
                -3.34268459599997
              ],
              [
                -74.75143473399999,
                -3.349113096999929
              ],
              [
                -74.75009048399994,
                -3.355663221999919
              ],
              [
                -74.74711035999991,
                -3.358701721999978
              ],
              [
                -74.74620748399991,
                -3.360981220999918
              ],
              [
                -74.74348798399996,
                -3.362442471999941
              ],
              [
                -74.74265535899991,
                -3.364438721999932
              ],
              [
                -74.73781610899988,
                -3.364375846999963
              ],
              [
                -74.73414760899993,
                -3.36574272099989
              ],
              [
                -74.73175798399996,
                -3.368299846999832
              ],
              [
                -74.73127085899995,
                -3.37020247199996
              ],
              [
                -74.73425410899995,
                -3.374966471999869
              ],
              [
                -74.73378235899992,
                -3.376808095999934
              ],
              [
                -74.73043373399997,
                -3.381298471999912
              ],
              [
                -74.72834835899988,
                -3.38247034699998
              ],
              [
                -74.7277397339999,
                -3.387462721999952
              ],
              [
                -74.72443685899992,
                -3.395194971999899
              ],
              [
                -74.7241171089999,
                -3.39979147199989
              ],
              [
                -74.72432860899994,
                -3.407205846999886
              ],
              [
                -74.72332810899991,
                -3.414330096999947
              ],
              [
                -74.72048935899988,
                -3.421597095999971
              ],
              [
                -74.71673210899996,
                -3.428061595999964
              ],
              [
                -74.71256623399995,
                -3.436074221999888
              ],
              [
                -74.71301848399992,
                -3.439988471999925
              ],
              [
                -74.71420823399995,
                -3.442772471999888
              ],
              [
                -74.72045898399995,
                -3.452136721999921
              ],
              [
                -74.71694573399998,
                -3.45950247199994
              ],
              [
                -74.71328335899989,
                -3.459819596999978
              ],
              [
                -74.70932123399996,
                -3.458195346999958
              ],
              [
                -74.70416685899994,
                -3.453813221999837
              ],
              [
                -74.70073635899996,
                -3.452066345999981
              ],
              [
                -74.69495835999999,
                -3.450362846999894
              ],
              [
                -74.69193648399994,
                -3.451029096999946
              ],
              [
                -74.68390348399993,
                -3.46101097199994
              ],
              [
                -74.67947298399997,
                -3.465786471999934
              ],
              [
                -74.68016298399988,
                -3.468407096999954
              ],
              [
                -74.68343435899993,
                -3.470794096999896
              ],
              [
                -74.68444148399993,
                -3.473969845999932
              ],
              [
                -74.68462273399996,
                -3.478279345999908
              ],
              [
                -74.68564198399997,
                -3.482356346999836
              ],
              [
                -74.68510260899996,
                -3.484653346999892
              ],
              [
                -74.6861992339999,
                -3.49403509699988
              ],
              [
                -74.6833417339999,
                -3.503265596999881
              ],
              [
                -74.67923073399993,
                -3.50936872199992
              ],
              [
                -74.66403910899999,
                -3.52678122199984
              ],
              [
                -74.65550985899995,
                -3.534775346999936
              ],
              [
                -74.64743748399997,
                -3.541214846999935
              ],
              [
                -74.63752735899993,
                -3.55070122199993
              ],
              [
                -74.62773048399998,
                -3.561398471999951
              ],
              [
                -74.62009210899993,
                -3.570672596999941
              ],
              [
                -74.55995185899991,
                -3.628082346999975
              ],
              [
                -74.55454298399997,
                -3.633314471999881
              ],
              [
                -74.5455468589999,
                -3.643839846999981
              ],
              [
                -74.53717773399995,
                -3.655398471999945
              ],
              [
                -74.53064848399998,
                -3.66356247199991
              ],
              [
                -74.5260703589999,
                -3.668789096999888
              ],
              [
                -74.51931060899989,
                -3.677191471999947
              ],
              [
                -74.50819335899996,
                -3.691785096999865
              ],
              [
                -74.50143360899995,
                -3.698855346999892
              ],
              [
                -74.49707273399997,
                -3.701033846999962
              ],
              [
                -74.49238998399994,
                -3.7012050969999
              ],
              [
                -74.48730748399998,
                -3.696693721999907
              ],
              [
                -74.48268173399993,
                -3.694523721999872
              ],
              [
                -74.47971223399992,
                -3.689783721999902
              ],
              [
                -74.47622860899997,
                -3.686414346999925
              ],
              [
                -74.47205985899996,
                -3.684301471999902
              ],
              [
                -74.47011823399998,
                -3.685671971999966
              ],
              [
                -74.47057510899992,
                -3.689441096999815
              ],
              [
                -74.46783398399998,
                -3.695779971999912
              ],
              [
                -74.46469298399995,
                -3.698521096999968
              ],
              [
                -74.4619518589999,
                -3.699491971999976
              ],
              [
                -74.4597247339999,
                -3.702290096999945
              ],
              [
                -74.45863973399997,
                -3.705488096999886
              ],
              [
                -74.45258635899995,
                -3.704917096999907
              ],
              [
                -74.44773235899993,
                -3.707201346999966
              ],
              [
                -74.44377985899996,
                -3.705573846999869
              ],
              [
                -74.43796698399996,
                -3.707315596999933
              ],
              [
                -74.43322710899997,
                -3.706972971999903
              ],
              [
                -74.42922960899989,
                -3.708743221999953
              ],
              [
                -74.42546048399998,
                -3.715024971999924
              ],
              [
                -74.42294773399988,
                -3.71616722199991
              ],
              [
                -74.41208685899983,
                -3.718276096999887
              ],
              [
                -74.4106697339999,
                -3.717480472999966
              ],
              [
                -74.4084426089999,
                -3.71365447199986
              ],
              [
                -74.40301735899999,
                -3.71708084699992
              ],
              [
                -74.38914035899995,
                -3.71496797299983
              ],
              [
                -74.38628510899997,
                -3.715310596999927
              ],
              [
                -74.38000648399998,
                -3.713188221999928
              ],
              [
                -74.37532048399993,
                -3.714054221999959
              ],
              [
                -74.37069485799992,
                -3.715995846999874
              ],
              [
                -74.36743973299997,
                -3.718679846999976
              ],
              [
                -74.36298535899994,
                -3.724733221999941
              ],
              [
                -74.35984448399995,
                -3.730672346999881
              ],
              [
                -74.35524810899994,
                -3.744925721999891
              ],
              [
                -74.35054323299994,
                -3.754735846999893
              ],
              [
                -74.34677423299996,
                -3.760332347999849
              ],
              [
                -74.34420435799996,
                -3.763130471999887
              ],
              [
                -74.33889335899988,
                -3.765700471999935
              ],
              [
                -74.33004185899989,
                -3.766557096999918
              ],
              [
                -74.32421685899999,
                -3.768156096999974
              ],
              [
                -74.31999098299997,
                -3.770440346999976
              ],
              [
                -74.31410898399997,
                -3.77432359699992
              ],
              [
                -74.31062535899991,
                -3.778035596999928
              ],
              [
                -74.30805560799985,
                -3.782604096999933
              ],
              [
                -74.30281835899996,
                -3.798900346999915
              ],
              [
                -74.30038473299993,
                -3.802679721999823
              ],
              [
                -74.29471485899995,
                -3.810228472999938
              ],
              [
                -74.28643748399992,
                -3.819855471999972
              ],
              [
                -74.28113385899997,
                -3.82980422199995
              ],
              [
                -74.27805285899996,
                -3.832958221999945
              ],
              [
                -74.27064648399988,
                -3.836665972999981
              ],
              [
                -74.27315748399991,
                -3.842784097999925
              ],
              [
                -74.27556173299996,
                -3.854444846999911
              ],
              [
                -74.27721760899993,
                -3.864095971999973
              ],
              [
                -74.27835985899998,
                -3.87568872199995
              ],
              [
                -74.27776560799998,
                -3.88556059799987
              ],
              [
                -74.27681798299994,
                -3.892992096999876
              ],
              [
                -74.27483423299992,
                -3.903498846999867
              ],
              [
                -74.26829285899993,
                -3.924192722999919
              ],
              [
                -74.26591060899983,
                -3.927598971999942
              ],
              [
                -74.25857610799994,
                -3.936591971999917
              ],
              [
                -74.25506023399993,
                -3.945359221999865
              ],
              [
                -74.24947260799996,
                -3.963765596999963
              ],
              [
                -74.2478476089999,
                -3.971841722999898
              ],
              [
                -74.24655273399998,
                -3.976171721999947
              ],
              [
                -74.24712235799996,
                -3.980879846999869
              ],
              [
                -74.25088798399986,
                -3.993253096999922
              ],
              [
                -74.25351835899988,
                -4.003037472999893
              ],
              [
                -74.25607185899997,
                -4.009416097999917
              ],
              [
                -74.26433898399989,
                -4.021110596999961
              ],
              [
                -74.27230660899994,
                -4.032847346999915
              ],
              [
                -74.27967335799991,
                -4.047124096999823
              ],
              [
                -74.28709735899992,
                -4.065169847999925
              ],
              [
                -74.29166410899995,
                -4.074673846999872
              ],
              [
                -74.29377935899998,
                -4.077996097999971
              ],
              [
                -74.30617198399995,
                -4.094320346999893
              ],
              [
                -74.30717623399994,
                -4.10330922199995
              ],
              [
                -74.30613485899988,
                -4.116627096999935
              ],
              [
                -74.30499998399995,
                -4.12265822199987
              ],
              [
                -74.30321485899998,
                -4.134931597999923
              ],
              [
                -74.30057610899996,
                -4.148019472999863
              ],
              [
                -74.29913285899994,
                -4.163169972999924
              ],
              [
                -74.29654685799989,
                -4.181757847999847
              ],
              [
                -74.29562298299993,
                -4.191679722999936
              ],
              [
                -74.29503710799997,
                -4.202814471999829
              ],
              [
                -74.2952499839999,
                -4.220437471999901
              ],
              [
                -74.29650698399996,
                -4.25375022299994
              ],
              [
                -74.29715823399994,
                -4.262386596999875
              ],
              [
                -74.30062885899997,
                -4.279378847999965
              ],
              [
                -74.30502348299996,
                -4.291603472999952
              ],
              [
                -74.30998235899995,
                -4.302453097999887
              ],
              [
                -74.3156768589999,
                -4.315836472999933
              ],
              [
                -74.31797898399998,
                -4.316087597999854
              ],
              [
                -74.31943798399988,
                -4.314218097999969
              ],
              [
                -74.32294910899998,
                -4.31287297199998
              ],
              [
                -74.32509210899991,
                -4.313442972999951
              ],
              [
                -74.32890998299996,
                -4.311389972999905
              ],
              [
                -74.33815998399996,
                -4.310659971999939
              ],
              [
                -74.33945998399997,
                -4.313099972999908
              ],
              [
                -74.34295998299996,
                -4.314299972999891
              ],
              [
                -74.34515998299997,
                -4.311819972999956
              ],
              [
                -74.34073998399992,
                -4.307279972999936
              ],
              [
                -74.34192998399999,
                -4.305399972999908
              ],
              [
                -74.34555998399992,
                -4.305150097999842
              ],
              [
                -74.34947998399991,
                -4.303989972999943
              ],
              [
                -74.3526799839999,
                -4.301809972999877
              ],
              [
                -74.35737998399998,
                -4.301219972999888
              ],
              [
                -74.35564998399997,
                -4.29919997199994
              ],
              [
                -74.35840998399993,
                -4.297809971999925
              ],
              [
                -74.35969998399997,
                -4.29501997299991
              ],
              [
                -74.36415285899989,
                -4.288599347999821
              ],
              [
                -74.36849298399994,
                -4.284830471999896
              ],
              [
                -74.38344960899985,
                -4.274775846999944
              ],
              [
                -74.41128248399997,
                -4.267003846999842
              ],
              [
                -74.47967560899997,
                -4.245701097999927
              ],
              [
                -74.50810935899983,
                -4.232261722999851
              ],
              [
                -74.54659960899994,
                -4.196986347999882
              ],
              [
                -74.56542385899996,
                -4.177243971999928
              ],
              [
                -74.57734735899993,
                -4.170214721999912
              ],
              [
                -74.58957610899995,
                -4.165405347999979
              ],
              [
                -74.61353923399997,
                -4.158046097999886
              ],
              [
                -74.62780810899994,
                -4.153254472999947
              ],
              [
                -74.65856435899991,
                -4.142690972999958
              ],
              [
                -74.68675998399993,
                -4.131387597999947
              ],
              [
                -74.70643085899991,
                -4.12406684799987
              ],
              [
                -74.73211348399997,
                -4.117901722999875
              ],
              [
                -74.74296623399994,
                -4.116526472999965
              ],
              [
                -74.74960060899991,
                -4.114998597999829
              ],
              [
                -74.7543849839999,
                -4.11321572199995
              ],
              [
                -74.75721685899998,
                -4.111199221999868
              ],
              [
                -74.76578873399995,
                -4.099913472999901
              ],
              [
                -74.78055660899997,
                -4.078511721999973
              ],
              [
                -74.79475398399995,
                -4.063129597999932
              ],
              [
                -74.81919923399994,
                -4.034146471999918
              ],
              [
                -74.83762698399994,
                -4.015835971999877
              ],
              [
                -74.84462985999988,
                -4.00630997199994
              ],
              [
                -74.84949035999995,
                -3.998516596999934
              ],
              [
                -74.85645248399993,
                -3.992818346999911
              ],
              [
                -74.87982048399994,
                -3.97422509699993
              ],
              [
                -74.89801610899991,
                -3.958635846999869
              ],
              [
                -74.90448698499989,
                -3.954152596999904
              ],
              [
                -74.91398635899986,
                -3.950124972999902
              ],
              [
                -74.92028910999989,
                -3.947945347999962
              ],
              [
                -74.94307223399994,
                -3.938792972999977
              ],
              [
                -74.94800573399993,
                -3.935634721999861
              ],
              [
                -74.97189260999994,
                -3.912287096999933
              ],
              [
                -74.98078973399998,
                -3.905112096999915
              ],
              [
                -74.98840098499994,
                -3.901547972999936
              ],
              [
                -74.99382623399993,
                -3.900291846999892
              ],
              [
                -75.00056485899995,
                -3.900006096999959
              ],
              [
                -75.01594535999999,
                -3.901044971999966
              ],
              [
                -75.03169923499996,
                -3.898335596999971
              ],
              [
                -75.04398273499999,
                -3.89426497199986
              ],
              [
                -75.05453510899997,
                -3.888771471999974
              ],
              [
                -75.0606698599999,
                -3.886425721999956
              ],
              [
                -75.07816623399992,
                -3.883293346999949
              ],
              [
                -75.10356648399994,
                -3.877574221999964
              ],
              [
                -75.10892710899992,
                -3.875922596999942
              ],
              [
                -75.12028248499996,
                -3.873752721999892
              ],
              [
                -75.12856948499996,
                -3.870328346999884
              ],
              [
                -75.1377717339999,
                -3.864555096999936
              ],
              [
                -75.14535623499995,
                -3.858487471999979
              ],
              [
                -75.1527207339999,
                -3.84939647199991
              ],
              [
                -75.13993160899992,
                -3.846790971999894
              ],
              [
                -75.12690023499994,
                -3.842375346999859
              ],
              [
                -75.12334635899998,
                -3.841489721999949
              ],
              [
                -75.12089223499987,
                -3.841961721999894
              ],
              [
                -75.11692785999986,
                -3.84526547199988
              ],
              [
                -75.11079210899993,
                -3.851212096999973
              ],
              [
                -75.09993723399992,
                -3.85725322199994
              ],
              [
                -75.08176948499988,
                -3.863839846999838
              ],
              [
                -75.07766073399995,
                -3.863955097999963
              ],
              [
                -75.06491785899993,
                -3.859518596999976
              ],
              [
                -75.05783848399994,
                -3.858480222999958
              ],
              [
                -75.04536810999991,
                -3.858138721999921
              ],
              [
                -75.0428301099999,
                -3.856686846999878
              ],
              [
                -75.03782735899995,
                -3.851589722999847
              ],
              [
                -75.03324623399999,
                -3.848020972999961
              ],
              [
                -75.02849610999988,
                -3.846572221999907
              ],
              [
                -75.01894573399989,
                -3.846576096999968
              ],
              [
                -75.00942973399998,
                -3.842216846999975
              ],
              [
                -75.00578323499991,
                -3.842447221999919
              ],
              [
                -75.00139210899994,
                -3.846114971999839
              ],
              [
                -74.99657810999997,
                -3.84771959699998
              ],
              [
                -74.98194748499992,
                -3.850268222999944
              ],
              [
                -74.97260260899998,
                -3.850079471999948
              ],
              [
                -74.94950185899995,
                -3.846017596999957
              ],
              [
                -74.89991798399996,
                -3.830351597999936
              ],
              [
                -74.88254748399999,
                -3.828926346999879
              ],
              [
                -74.84351560899995,
                -3.829623097999956
              ],
              [
                -74.78818698399994,
                -3.842265471999895
              ],
              [
                -74.76983698399988,
                -3.842868596999892
              ],
              [
                -74.75348635899996,
                -3.842415971999912
              ],
              [
                -74.74356760899997,
                -3.841179096999895
              ],
              [
                -74.72764898499997,
                -3.838466347999884
              ],
              [
                -74.72086748399988,
                -3.836824846999889
              ],
              [
                -74.71187323399994,
                -3.830542971999876
              ],
              [
                -74.70223635899998,
                -3.822119596999869
              ],
              [
                -74.68968748399993,
                -3.81278909699995
              ],
              [
                -74.6809639839999,
                -3.810269971999901
              ],
              [
                -74.67239798399999,
                -3.808984971999962
              ],
              [
                -74.64691385899988,
                -3.80620109799986
              ],
              [
                -74.64002685899999,
                -3.804531471999894
              ],
              [
                -74.63171910899996,
                -3.801908971999978
              ],
              [
                -74.62369510899998,
                -3.795298846999913
              ],
              [
                -74.61714685899994,
                -3.787427221999906
              ],
              [
                -74.61029398399995,
                -3.774292472999946
              ],
              [
                -74.60816298399993,
                -3.762295221999977
              ],
              [
                -74.60786698399988,
                -3.755661347999819
              ],
              [
                -74.60879510899991,
                -3.748665721999885
              ],
              [
                -74.61066073399991,
                -3.740731597999968
              ],
              [
                -74.6126496089999,
                -3.736887346999936
              ],
              [
                -74.6196452339999,
                -3.728606972999955
              ],
              [
                -74.62756885899995,
                -3.722110971999939
              ],
              [
                -74.63420760899999,
                -3.718184721999876
              ],
              [
                -74.64848435899995,
                -3.714187346999893
              ],
              [
                -74.66104785899995,
                -3.712331346999974
              ],
              [
                -74.67346860999993,
                -3.712331346999974
              ],
              [
                -74.71051698399998,
                -3.714544221999915
              ],
              [
                -74.7271493589999,
                -3.714258722999944
              ],
              [
                -74.74156885899998,
                -3.712545471999931
              ],
              [
                -74.76526823399996,
                -3.707477346999895
              ],
              [
                -74.78152148399988,
                -3.704261721999956
              ],
              [
                -74.79863673499989,
                -3.70369722199996
              ],
              [
                -74.81427148399996,
                -3.704794971999945
              ],
              [
                -74.82394335899988,
                -3.706976596999937
              ],
              [
                -74.83917973399997,
                -3.712443346999919
              ],
              [
                -74.85125785999992,
                -3.716417971999874
              ],
              [
                -74.85870310899998,
                -3.718318346999922
              ],
              [
                -74.86843160899997,
                -3.719867221999891
              ],
              [
                -74.87505673399994,
                -3.719946596999932
              ],
              [
                -74.89565773399988,
                -3.719218471999966
              ],
              [
                -74.90735535899995,
                -3.717290096999932
              ],
              [
                -74.92928123499996,
                -3.712898471999836
              ],
              [
                -74.95247948399998,
                -3.711267721999889
              ],
              [
                -74.9654428589999,
                -3.708069721999891
              ],
              [
                -74.97840610899993,
                -3.704529096999863
              ],
              [
                -74.9897704839999,
                -3.699503596999875
              ],
              [
                -74.99869535999994,
                -3.69716022199998
              ],
              [
                -75.01215635999989,
                -3.697333596999954
              ],
              [
                -75.02797510999994,
                -3.699674971999968
              ],
              [
                -75.04722010899997,
                -3.703215596999883
              ],
              [
                -75.05103710999992,
                -3.704804721999949
              ],
              [
                -75.0625571089999,
                -3.713882346999981
              ],
              [
                -75.07016010899997,
                -3.718591846999971
              ],
              [
                -75.0748437339999,
                -3.720656221999832
              ],
              [
                -75.0837479839999,
                -3.722605471999884
              ],
              [
                -75.09173635899998,
                -3.723521596999944
              ],
              [
                -75.10052535999995,
                -3.725011721999977
              ],
              [
                -75.10988673399999,
                -3.725814471999854
              ],
              [
                -75.12120985999996,
                -3.725081097999919
              ],
              [
                -75.15486135999993,
                -3.721792971999889
              ],
              [
                -75.16610623499997,
                -3.721550096999977
              ],
              [
                -75.18415123499989,
                -3.719801721999829
              ],
              [
                -75.18803448399996,
                -3.717860096999914
              ],
              [
                -75.1927173599999,
                -3.714033846999882
              ],
              [
                -75.20080073399993,
                -3.704898471999968
              ],
              [
                -75.20595060999995,
                -3.703935596999941
              ],
              [
                -75.21150548499998,
                -3.70472547199995
              ],
              [
                -75.21698785899997,
                -3.70472547199995
              ],
              [
                -75.22144210899984,
                -3.70364059699989
              ],
              [
                -75.22943710999994,
                -3.698900471999821
              ],
              [
                -75.23567123499998,
                -3.698863221999943
              ],
              [
                -75.2391453589999,
                -3.697872471999915
              ],
              [
                -75.24797098499988,
                -3.693245221999973
              ],
              [
                -75.25844748499992,
                -3.687136471999906
              ],
              [
                -75.26530035899992,
                -3.681768221999903
              ],
              [
                -75.27780685999994,
                -3.670975221999868
              ],
              [
                -75.28443123499994,
                -3.66383684699997
              ],
              [
                -75.28995435999997,
                -3.655890596999939
              ],
              [
                -75.29256123499988,
                -3.648861471999908
              ],
              [
                -75.29520035999997,
                -3.640187346999937
              ],
              [
                -75.29573848499996,
                -3.636196971999937
              ],
              [
                -75.29477935999995,
                -3.628755846999923
              ],
              [
                -75.29286935999988,
                -3.622421096999972
              ],
              [
                -75.2888333599999,
                -3.607071221999945
              ],
              [
                -75.2883716099999,
                -3.598563471999967
              ],
              [
                -75.2888857349999,
                -3.589883096999927
              ],
              [
                -75.29139835999996,
                -3.579375471999981
              ],
              [
                -75.29351123499998,
                -3.574292971999967
              ],
              [
                -75.29665210899998,
                -3.568753471999969
              ],
              [
                -75.30504685999995,
                -3.558702721999964
              ],
              [
                -75.30921573499995,
                -3.554762346999951
              ],
              [
                -75.3201231089999,
                -3.547509721999916
              ],
              [
                -75.32898635999987,
                -3.543083971999863
              ],
              [
                -75.33379160899989,
                -3.541026846999898
              ],
              [
                -75.34785348499997,
                -3.536100221999959
              ],
              [
                -75.35154160999997,
                -3.536361971999952
              ],
              [
                -75.35351648499994,
                -3.535624346999953
              ],
              [
                -75.35494423499995,
                -3.532435845999885
              ],
              [
                -75.35846585999997,
                -3.528224221999949
              ],
              [
                -75.3612022349999,
                -3.519729471999824
              ],
              [
                -75.36826923399997,
                -3.519015596999907
              ],
              [
                -75.37287110999995,
                -3.517535096999893
              ],
              [
                -75.37623448499988,
                -3.509954971999946
              ],
              [
                -75.37805273399994,
                -3.503386721999959
              ],
              [
                -75.37857935999983,
                -3.495426846999919
              ],
              [
                -75.37872323499994,
                -3.484198970999955
              ],
              [
                -75.38179685999995,
                -3.479042970999956
              ],
              [
                -75.38625398499994,
                -3.474109346999967
              ],
              [
                -75.39007323499993,
                -3.468530221999913
              ],
              [
                -75.39355323499996,
                -3.458268846999886
              ],
              [
                -75.39424923499996,
                -3.452522346999956
              ],
              [
                -75.39410635899998,
                -3.443724221999958
              ],
              [
                -75.39294648499992,
                -3.437906471999895
              ],
              [
                -75.3899126099999,
                -3.434569346999979
              ],
              [
                -75.38479085999995,
                -3.432731220999869
              ],
              [
                -75.3805971089999,
                -3.429625971999883
              ],
              [
                -75.37957985999992,
                -3.427430970999922
              ],
              [
                -75.37822348499998,
                -3.418918471999916
              ],
              [
                -75.3790013599999,
                -3.41036659699995
              ],
              [
                -75.38379148399997,
                -3.406800971999871
              ],
              [
                -75.38637910999984,
                -3.402981971999907
              ],
              [
                -75.39150085999995,
                -3.399823221999952
              ],
              [
                -75.39210760999998,
                -3.397717471999897
              ],
              [
                -75.39462398399996,
                -3.397770971999876
              ],
              [
                -75.39821098499993,
                -3.390668221999817
              ],
              [
                -75.39887123499994,
                -3.38700997199993
              ],
              [
                -75.40099498399996,
                -3.38502897099994
              ],
              [
                -75.40552785899996,
                -3.384011721999968
              ],
              [
                -75.40803498499992,
                -3.382484346999888
              ],
              [
                -75.41402248399999,
                -3.380513846999918
              ],
              [
                -75.41691360899995,
                -3.377872721999893
              ],
              [
                -75.41962585999988,
                -3.373545221999962
              ],
              [
                -75.42085748499994,
                -3.36932447099997
              ],
              [
                -75.42083960999997,
                -3.364559596999868
              ],
              [
                -75.4189658599999,
                -3.355297596999947
              ],
              [
                -75.41957260999993,
                -3.349319095999931
              ],
              [
                -75.42223160899994,
                -3.344108345999928
              ],
              [
                -75.42251710999994,
                -3.341645471999868
              ],
              [
                -75.42149998499997,
                -3.338950721999936
              ],
              [
                -75.41943360999988,
                -3.336792971999898
              ],
              [
                -75.41828710999988,
                -3.333927720999895
              ],
              [
                -75.41806660999993,
                -3.32952834699995
              ],
              [
                -75.41846598499995,
                -3.32387084699991
              ],
              [
                -75.41926923499989,
                -3.322121970999888
              ],
              [
                -75.41803785999997,
                -3.317517721999877
              ],
              [
                -75.42005448499992,
                -3.314466096999979
              ],
              [
                -75.42360573499997,
                -3.311557096999934
              ],
              [
                -75.42431960899995,
                -3.306917221999868
              ],
              [
                -75.42194623399996,
                -3.302794846999859
              ],
              [
                -75.42328460899995,
                -3.298368971999935
              ],
              [
                -75.42514048499993,
                -3.295692096999971
              ],
              [
                -75.42565810999997,
                -3.289963596999939
              ],
              [
                -75.4245777349999,
                -3.285738221999964
              ],
              [
                -75.42386723499999,
                -3.278820345999918
              ],
              [
                -75.42671873499995,
                -3.272730470999932
              ],
              [
                -75.42728423499995,
                -3.267707970999936
              ],
              [
                -75.42661873499992,
                -3.2619657219999
              ],
              [
                -75.42941210999987,
                -3.254719846999819
              ],
              [
                -75.42995898499998,
                -3.251166596999894
              ],
              [
                -75.43334960999988,
                -3.248899970999958
              ],
              [
                -75.44059185999993,
                -3.249711221999917
              ],
              [
                -75.4428437339999,
                -3.246972596999967
              ],
              [
                -75.44230835999986,
                -3.245027470999958
              ],
              [
                -75.44320060899997,
                -3.241850845999977
              ],
              [
                -75.4452051099999,
                -3.238742220999882
              ],
              [
                -75.44926823499998,
                -3.234287096999935
              ],
              [
                -75.45083873499993,
                -3.230789345999881
              ],
              [
                -75.45241473499993,
                -3.224195846999976
              ],
              [
                -75.45476023399993,
                -3.218812096999955
              ],
              [
                -75.45856410999988,
                -3.215846721999981
              ],
              [
                -75.46103110999991,
                -3.213039471999878
              ],
              [
                -75.46060935999992,
                -3.207859345999907
              ],
              [
                -75.45798435899997,
                -3.202693346999865
              ],
              [
                -75.45443748499997,
                -3.192021471999965
              ],
              [
                -75.45214848499984,
                -3.187769471999957
              ],
              [
                -75.44975198399999,
                -3.184675721999952
              ],
              [
                -75.44495310999991,
                -3.179738221999912
              ],
              [
                -75.43671098499993,
                -3.174578596999936
              ],
              [
                -75.41889060999989,
                -3.161910096999975
              ],
              [
                -75.40268748499994,
                -3.145660095999972
              ],
              [
                -75.39810935999998,
                -3.139925720999884
              ],
              [
                -75.39491010999996,
                -3.134878846999925
              ],
              [
                -75.38999998499992,
                -3.124892596999928
              ],
              [
                -75.3882832349999,
                -3.118578095999965
              ],
              [
                -75.38482585899999,
                -3.087457845999893
              ],
              [
                -75.38472460999998,
                -3.078095720999954
              ],
              [
                -75.38569548399994,
                -3.070671845999868
              ],
              [
                -75.38837948499997,
                -3.065589345999911
              ],
              [
                -75.39443285899989,
                -3.057651471999918
              ],
              [
                -75.39820185999997,
                -3.054910345999872
              ],
              [
                -75.40499760999995,
                -3.051769345999958
              ],
              [
                -75.41133648399989,
                -3.050227471999847
              ],
              [
                -75.41864648499995,
                -3.049705096999958
              ],
              [
                -75.42519448499996,
                -3.048314595999955
              ],
              [
                -75.42841373499994,
                -3.048931096999979
              ],
              [
                -75.43165373499988,
                -3.051549220999959
              ],
              [
                -75.43603860999997,
                -3.052311721999899
              ],
              [
                -75.44546123399994,
                -3.057679845999871
              ],
              [
                -75.44923873499994,
                -3.058545095999875
              ],
              [
                -75.45653998499995,
                -3.057394220999868
              ],
              [
                -75.46950323499993,
                -3.056480595999972
              ],
              [
                -75.4744126089999,
                -3.054167345999872
              ],
              [
                -75.47983973499998,
                -3.049856095999928
              ],
              [
                -75.48332323499989,
                -3.043802720999906
              ],
              [
                -75.48697810999994,
                -3.035408095999969
              ],
              [
                -75.4913753589999,
                -3.023129970999889
              ],
              [
                -75.49594385899996,
                -3.015363470999887
              ],
              [
                -75.49865510999996,
                -3.013112846999945
              ],
              [
                -75.50319648399994,
                -3.011765720999847
              ],
              [
                -75.51261910999989,
                -3.010851970999909
              ],
              [
                -75.52372510999999,
                -3.010642596999901
              ],
              [
                -75.52656160999993,
                -3.009850970999935
              ],
              [
                -75.53182085999998,
                -3.01006059599996
              ],
              [
                -75.53523348499982,
                -3.008110846999955
              ],
              [
                -75.53774623499999,
                -3.004912845999854
              ],
              [
                -75.54071585999992,
                -3.003827846999968
              ],
              [
                -75.54431360999996,
                -3.003770846999942
              ],
              [
                -75.54888160999991,
                -3.001986595999938
              ],
              [
                -75.55452435999996,
                -2.995185721999974
              ],
              [
                -75.55830835899997,
                -2.993650846999969
              ],
              [
                -75.578349485,
                -2.992006720999939
              ],
              [
                -75.59284760999998,
                -2.992142595999894
              ],
              [
                -75.61666823499996,
                -2.997431846999916
              ],
              [
                -75.6224836099999,
                -2.998214720999954
              ],
              [
                -75.62902710999998,
                -2.997405720999893
              ],
              [
                -75.6332387349999,
                -2.996239721999871
              ],
              [
                -75.63640335999992,
                -2.993408220999925
              ],
              [
                -75.63854498499995,
                -2.988863470999945
              ],
              [
                -75.64051985999998,
                -2.982843345999925
              ],
              [
                -75.64185235999992,
                -2.973634846999971
              ],
              [
                -75.64092185999993,
                -2.966853345999937
              ],
              [
                -75.64002810999989,
                -2.964384596999935
              ],
              [
                -75.63597510999995,
                -2.960738220999929
              ],
              [
                -75.63580285999996,
                -2.959097595999935
              ],
              [
                -75.63925148499993,
                -2.954438595999875
              ],
              [
                -75.6459803599999,
                -2.942654471999901
              ],
              [
                -75.6515129849999,
                -2.935206595999887
              ],
              [
                -75.65432073499994,
                -2.928615470999887
              ],
              [
                -75.6606739849999,
                -2.921405720999928
              ],
              [
                -75.66326760999993,
                -2.914933595999912
              ],
              [
                -75.6650997349999,
                -2.91262534699996
              ],
              [
                -75.66966835999989,
                -2.910317346999875
              ],
              [
                -75.671288985,
                -2.908826846999943
              ],
              [
                -75.67723760999985,
                -2.90063547099993
              ],
              [
                -75.68468273499991,
                -2.892947345999914
              ],
              [
                -75.68998535999998,
                -2.887020345999872
              ],
              [
                -75.6927252349999,
                -2.88247772099993
              ],
              [
                -75.69546673499991,
                -2.875785095999959
              ],
              [
                -75.69834373499992,
                -2.870453970999904
              ],
              [
                -75.70471285999997,
                -2.853408220999938
              ],
              [
                -75.70709723499988,
                -2.849474595999936
              ],
              [
                -75.71102335999984,
                -2.846381345999873
              ],
              [
                -75.7184234849999,
                -2.842978595999966
              ],
              [
                -75.73119485999996,
                -2.839724970999953
              ],
              [
                -75.73517485999992,
                -2.837934220999955
              ],
              [
                -75.73779235999996,
                -2.835245470999951
              ],
              [
                -75.74734060999992,
                -2.830333721999978
              ],
              [
                -75.76760698499999,
                -2.82263422099993
              ],
              [
                -75.76953423499992,
                -2.821563470999877
              ],
              [
                -75.77274910999995,
                -2.817802220999909
              ],
              [
                -75.78016311,
                -2.813146845999938
              ],
              [
                -75.7813363599999,
                -2.81021347099994
              ],
              [
                -75.78331136099996,
                -2.809142720999887
              ],
              [
                -75.78635973499996,
                -2.810225595999896
              ],
              [
                -75.79271035999994,
                -2.810427595999897
              ],
              [
                -75.80296573499993,
                -2.807952970999963
              ],
              [
                -75.80760560999988,
                -2.807857845999933
              ],
              [
                -75.81486298499993,
                -2.805605471999968
              ],
              [
                -75.82069273499985,
                -2.803289220999829
              ],
              [
                -75.82747411099996,
                -2.80174259599994
              ],
              [
                -75.8343499849999,
                -2.798505596999973
              ],
              [
                -75.83888335999995,
                -2.79501959699985
              ],
              [
                -75.84331760999999,
                -2.790648596999858
              ],
              [
                -75.84540335999992,
                -2.78767209699987
              ],
              [
                -75.84881798499998,
                -2.779447095999956
              ],
              [
                -75.8539576099999,
                -2.77195172099988
              ],
              [
                -75.85749311099994,
                -2.760952846999942
              ],
              [
                -75.85671585999995,
                -2.759419845999957
              ],
              [
                -75.85210273599989,
                -2.75863947199997
              ],
              [
                -75.85075523499995,
                -2.75671434599991
              ],
              [
                -75.85080335999999,
                -2.753971095999873
              ],
              [
                -75.84952798499995,
                -2.750505970999939
              ],
              [
                -75.84972273499989,
                -2.741325845999938
              ],
              [
                -75.85104511099996,
                -2.738821095999924
              ],
              [
                -75.85581598499994,
                -2.736219595999955
              ],
              [
                -75.85902235999993,
                -2.732641971999897
              ],
              [
                -75.85970223599998,
                -2.726905970999951
              ],
              [
                -75.86132023499988,
                -2.724098220999963
              ],
              [
                -75.86664373499991,
                -2.720819220999942
              ],
              [
                -75.86869648599992,
                -2.718887095999946
              ],
              [
                -75.87133773499988,
                -2.713628470999936
              ],
              [
                -75.87212298499992,
                -2.70530047099993
              ],
              [
                -75.87205698499997,
                -2.695505470999933
              ],
              [
                -75.87474035999998,
                -2.692498970999964
              ],
              [
                -75.8740503599999,
                -2.68873934599992
              ],
              [
                -75.875501736,
                -2.681077470999981
              ],
              [
                -75.87688185999997,
                -2.677984220999917
              ],
              [
                -75.88194973499998,
                -2.673915095999973
              ],
              [
                -75.88413298499995,
                -2.670861595999895
              ],
              [
                -75.88491411099994,
                -2.668104720999963
              ],
              [
                -75.88501660999998,
                -2.659575220999898
              ],
              [
                -75.88571498499994,
                -2.65673109599993
              ],
              [
                -75.88799160999991,
                -2.653559095999924
              ],
              [
                -75.89848248499993,
                -2.644196970999815
              ],
              [
                -75.90270310999989,
                -2.643191345999981
              ],
              [
                -75.90705348599988,
                -2.64550459599991
              ],
              [
                -75.90978985999999,
                -2.64405309599988
              ],
              [
                -75.91307348599997,
                -2.639817595999943
              ],
              [
                -75.92329485999988,
                -2.634744095999963
              ],
              [
                -75.92689810999997,
                -2.632179595999958
              ],
              [
                -75.92837335999997,
                -2.629443220999974
              ],
              [
                -75.92811373599989,
                -2.626245595999876
              ],
              [
                -75.92511373499991,
                -2.617807595999921
              ],
              [
                -75.9252801099999,
                -2.612644220999925
              ],
              [
                -75.92792135999997,
                -2.605934095999942
              ],
              [
                -75.93077660999995,
                -2.602317345999893
              ],
              [
                -75.93608285999989,
                -2.600461470999903
              ],
              [
                -75.93874785999992,
                -2.598748095999895
              ],
              [
                -75.94072298499992,
                -2.594584095999892
              ],
              [
                -75.94646535999988,
                -2.588833220999959
              ],
              [
                -75.94721873499998,
                -2.584304845999895
              ],
              [
                -75.94862260999997,
                -2.581663595999942
              ],
              [
                -75.9533816099999,
                -2.576571595999894
              ],
              [
                -75.9604711099999,
                -2.567362345999868
              ],
              [
                -75.9622472349999,
                -2.564079970999899
              ],
              [
                -75.9652069849999,
                -2.556417345999876
              ],
              [
                -75.96795335999997,
                -2.547782845999905
              ],
              [
                -75.96984735999996,
                -2.543068720999941
              ],
              [
                -75.97339285999988,
                -2.539380470999959
              ],
              [
                -75.97808035999998,
                -2.536715595999908
              ],
              [
                -75.98824060999993,
                -2.525841470999978
              ],
              [
                -75.99511723599994,
                -2.52013072099993
              ],
              [
                -75.99887685999988,
                -2.518227220999961
              ],
              [
                -76.00580110999994,
                -2.522105720999889
              ],
              [
                -76.00941785999999,
                -2.522938470999975
              ],
              [
                -76.01470023599995,
                -2.522795845999894
              ],
              [
                -76.02402773499989,
                -2.519750095999939
              ],
              [
                -76.02746673499996,
                -2.520414095999911
              ],
              [
                -76.0298567349999,
                -2.525216095999951
              ],
              [
                -76.03259373499998,
                -2.528349970999898
              ],
              [
                -76.03710660999997,
                -2.530000595999979
              ],
              [
                -76.04354886099992,
                -2.527298845999951
              ],
              [
                -76.04844723499997,
                -2.526492220999842
              ],
              [
                -76.05130073499998,
                -2.527177720999873
              ],
              [
                -76.05346161099999,
                -2.526545345999978
              ],
              [
                -76.05662298499988,
                -2.523380845999952
              ],
              [
                -76.06004685999994,
                -2.521100220999926
              ],
              [
                -76.06015498499994,
                -2.516465220999919
              ],
              [
                -76.06535998599998,
                -2.511708220999878
              ],
              [
                -76.06895773499997,
                -2.510566095999877
              ],
              [
                -76.07478048499996,
                -2.510057720999953
              ],
              [
                -76.07727735999998,
                -2.508695345999911
              ],
              [
                -76.0788652359999,
                -2.502273470999967
              ],
              [
                -76.0816347359999,
                -2.496894470999962
              ],
              [
                -76.08772160999996,
                -2.492494595999972
              ],
              [
                -76.09545536099989,
                -2.484182595999869
              ],
              [
                -76.10549798499994,
                -2.478578094999875
              ],
              [
                -76.13136910999992,
                -2.468662095999946
              ],
              [
                -76.13910036099998,
                -2.464550220999968
              ],
              [
                -76.15099610999994,
                -2.453453095999976
              ],
              [
                -76.15536073499993,
                -2.45168859599994
              ],
              [
                -76.16078598499985,
                -2.450732345999938
              ],
              [
                -76.1845917359999,
                -2.450697220999871
              ],
              [
                -76.19773411099999,
                -2.450146720999953
              ],
              [
                -76.21514060999988,
                -2.447025345999975
              ],
              [
                -76.22982835999994,
                -2.443922095999937
              ],
              [
                -76.25833198499998,
                -2.437265595999918
              ],
              [
                -76.27688436099993,
                -2.441280345999928
              ],
              [
                -76.28126361099999,
                -2.441029345999937
              ],
              [
                -76.28248948499999,
                -2.43989909599992
              ],
              [
                -76.29070448599998,
                -2.424391470999979
              ],
              [
                -76.29190373499983,
                -2.419994220999968
              ],
              [
                -76.29350273499995,
                -2.416967595999893
              ],
              [
                -76.29321711099988,
                -2.413883720999934
              ],
              [
                -76.2944734859999,
                -2.411313969999924
              ],
              [
                -76.30069811099997,
                -2.405831720999913
              ],
              [
                -76.30418173599998,
                -2.399093095999945
              ],
              [
                -76.30538098499994,
                -2.395381095999937
              ],
              [
                -76.30433873599992,
                -2.382253595999941
              ],
              [
                -76.30305385999992,
                -2.379588595999962
              ],
              [
                -76.30295861099995,
                -2.37670947099997
              ],
              [
                -76.30576648599992,
                -2.369428470999878
              ],
              [
                -76.30612336099989,
                -2.366025720999971
              ],
              [
                -76.30462423599994,
                -2.363313095999899
              ],
              [
                -76.30467186099997,
                -2.360802720999914
              ],
              [
                -76.30739648599996,
                -2.356294969999908
              ],
              [
                -76.31205861099988,
                -2.341725469999858
              ],
              [
                -76.31240348599994,
                -2.337572345999945
              ],
              [
                -76.29607423599992,
                -2.325042720999932
              ],
              [
                -76.25134961099991,
                -2.288486095999929
              ],
              [
                -76.22897273599995,
                -2.272091469999907
              ],
              [
                -76.21222661099989,
                -2.25930047099996
              ],
              [
                -76.18137311099997,
                -2.235030970999958
              ],
              [
                -76.16425986099995,
                -2.221318095999891
              ],
              [
                -76.15286123599998,
                -2.212991844999976
              ],
              [
                -76.12332036099991,
                -2.189749720999885
              ],
              [
                -76.11394336099988,
                -2.182691095999928
              ],
              [
                -76.09737898599991,
                -2.169714595999949
              ],
              [
                -76.04498948499992,
                -2.128043220999871
              ],
              [
                -76.04342573599996,
                -2.127093469999977
              ],
              [
                -76.03730273499997,
                -2.119829844999913
              ],
              [
                -75.95721098599984,
                -2.019642344999909
              ],
              [
                -75.93303523599997,
                -1.988001594999957
              ],
              [
                -75.86310948499988,
                -1.900273219999917
              ],
              [
                -75.83205273499993,
                -1.861163719999979
              ],
              [
                -75.77836485999995,
                -1.793951344999925
              ],
              [
                -75.77658785999995,
                -1.800600719999977
              ],
              [
                -75.77694648499994,
                -1.806267594999895
              ],
              [
                -75.7801966099999,
                -1.820598219999965
              ],
              [
                -75.78114648499991,
                -1.827736345999938
              ],
              [
                -75.78110073499994,
                -1.836059470999942
              ],
              [
                -75.78021285999995,
                -1.84399021999991
              ],
              [
                -75.77707810999993,
                -1.856474594999952
              ],
              [
                -75.76846111099997,
                -1.876550719999955
              ],
              [
                -75.76196723499993,
                -1.888902845999951
              ],
              [
                -75.75575460999988,
                -1.902570220999962
              ],
              [
                -75.75155660999997,
                -1.910646469999961
              ],
              [
                -75.75047260999992,
                -1.914093720999972
              ],
              [
                -75.74865035999994,
                -1.924617219999845
              ],
              [
                -75.74739060999991,
                -1.92881446999985
              ],
              [
                -75.74592385999995,
                -1.930923844999938
              ],
              [
                -75.74024360999994,
                -1.931391220999956
              ],
              [
                -75.73285635999991,
                -1.929885469999931
              ],
              [
                -75.72921498499983,
                -1.930102719999923
              ],
              [
                -75.71133498499995,
                -1.93407747099991
              ],
              [
                -75.70590973499998,
                -1.934477219999962
              ],
              [
                -75.70019923499996,
                -1.933820344999958
              ],
              [
                -75.69043423499988,
                -1.936681594999925
              ],
              [
                -75.68245523499996,
                -1.940006095999934
              ],
              [
                -75.67013960999998,
                -1.94402021999997
              ],
              [
                -75.66298635999993,
                -1.946107469999902
              ],
              [
                -75.65767535999998,
                -1.944536969999888
              ],
              [
                -75.65059573499997,
                -1.945880844999976
              ],
              [
                -75.64625785999993,
                -1.948062470999844
              ],
              [
                -75.63745110999992,
                -1.95519334599993
              ],
              [
                -75.6309961099999,
                -1.959683595999934
              ],
              [
                -75.62202510999998,
                -1.965115470999933
              ],
              [
                -75.61064448499997,
                -1.96935747099991
              ],
              [
                -75.60556835999989,
                -1.969699220999928
              ],
              [
                -75.58661823499995,
                -1.966767345999926
              ],
              [
                -75.57483598499988,
                -1.963455094999972
              ],
              [
                -75.57129523499992,
                -1.963769345999935
              ],
              [
                -75.56844823499989,
                -1.96520884499995
              ],
              [
                -75.56230373499989,
                -1.970142345999932
              ],
              [
                -75.55503873499998,
                -1.979170095999848
              ],
              [
                -75.5470899849999,
                -1.987687094999956
              ],
              [
                -75.53973735999995,
                -1.994183095999915
              ],
              [
                -75.53628910999993,
                -1.99646096999993
              ],
              [
                -75.51921098499997,
                -2.001652344999911
              ],
              [
                -75.48175623499998,
                -2.002798095999935
              ],
              [
                -75.47254098399992,
                -2.003855469999962
              ],
              [
                -75.46569923499999,
                -2.006845719999944
              ],
              [
                -75.45911285999989,
                -2.011762095999927
              ],
              [
                -75.45581135999993,
                -2.017829720999941
              ],
              [
                -75.45117673499988,
                -2.023639594999906
              ],
              [
                -75.44810998399998,
                -2.029325470999879
              ],
              [
                -75.4449003599999,
                -2.034136720999868
              ],
              [
                -75.44181660999993,
                -2.035707220999882
              ],
              [
                -75.43798048499997,
                -2.036591844999975
              ],
              [
                -75.43455473399996,
                -2.036130844999946
              ],
              [
                -75.43032810999989,
                -2.033380845999943
              ],
              [
                -75.42668160999989,
                -2.031998094999949
              ],
              [
                -75.4166406089999,
                -2.030742219999979
              ],
              [
                -75.4111641099999,
                -2.029134720999934
              ],
              [
                -75.40557035999984,
                -2.025580095999942
              ],
              [
                -75.3960957349999,
                -2.018343719999962
              ],
              [
                -75.39003123499992,
                -2.015148469999872
              ],
              [
                -75.38274410999998,
                -2.013642594999908
              ],
              [
                -75.37099610999996,
                -2.013419970999962
              ],
              [
                -75.35866598499996,
                -2.012156219999952
              ],
              [
                -75.35318748499998,
                -2.010320345999901
              ],
              [
                -75.33755473499997,
                -2.003201219999937
              ],
              [
                -75.33527348499996,
                -2.002978470999949
              ],
              [
                -75.32842973399983,
                -2.003892594999911
              ],
              [
                -75.3163458599999,
                -2.003356969999913
              ],
              [
                -75.31269548399996,
                -2.00485821999996
              ],
              [
                -75.30974285999997,
                -2.005230720999975
              ],
              [
                -75.30197973399999,
                -2.003102345999821
              ],
              [
                -75.29689373499997,
                -2.003981594999914
              ],
              [
                -75.29269010999997,
                -2.006989844999964
              ],
              [
                -75.28814923399989,
                -2.008710719999954
              ],
              [
                -75.28584823499995,
                -2.014084345999947
              ],
              [
                -75.28118923499989,
                -2.019418344999963
              ],
              [
                -75.27626135999992,
                -2.028177969999888
              ],
              [
                -75.27351548499996,
                -2.032088969999904
              ],
              [
                -75.273526985,
                -2.036613344999978
              ],
              [
                -75.27195248499993,
                -2.038387219999947
              ],
              [
                -75.2682852339999,
                -2.045741595999971
              ],
              [
                -75.26842473499988,
                -2.049309219999827
              ],
              [
                -75.26730860999993,
                -2.05231871999996
              ],
              [
                -75.26790885999992,
                -2.060187595999935
              ],
              [
                -75.26677048399989,
                -2.063659345999952
              ],
              [
                -75.2635018599999,
                -2.067625470999928
              ],
              [
                -75.26340473399995,
                -2.069278095999948
              ],
              [
                -75.26128960999989,
                -2.072807470999862
              ],
              [
                -75.25883385899994,
                -2.073939470999903
              ],
              [
                -75.25313798499991,
                -2.079344719999938
              ],
              [
                -75.25252010999998,
                -2.081796219999831
              ],
              [
                -75.25291873399982,
                -2.086340345999929
              ],
              [
                -75.25630698399993,
                -2.089011095999922
              ],
              [
                -75.25475235999994,
                -2.091861220999931
              ],
              [
                -75.24634160999989,
                -2.096784094999862
              ],
              [
                -75.24325235899983,
                -2.100371719999941
              ],
              [
                -75.24325235999999,
                -2.10310209499994
              ],
              [
                -75.24721010899998,
                -2.108417844999906
              ],
              [
                -75.24893423499992,
                -2.117589720999945
              ],
              [
                -75.2484531099999,
                -2.124916095999936
              ],
              [
                -75.24618660999994,
                -2.13382859599983
              ],
              [
                -75.24492923499992,
                -2.135078220999844
              ],
              [
                -75.24114473399999,
                -2.135251220999919
              ],
              [
                -75.23772785899996,
                -2.137954470999944
              ],
              [
                -75.2346786089999,
                -2.142993345999969
              ],
              [
                -75.23078598399997,
                -2.147621344999891
              ],
              [
                -75.22920723499982,
                -2.151405844999942
              ],
              [
                -75.22600573499994,
                -2.156773470999894
              ],
              [
                -75.2214214849999,
                -2.158650095999917
              ],
              [
                -75.21603360999995,
                -2.157906845999889
              ],
              [
                -75.21103148399999,
                -2.159404220999875
              ],
              [
                -75.20568560899989,
                -2.162332219999939
              ],
              [
                -75.20148210999997,
                -2.161633469999856
              ],
              [
                -75.19689048499987,
                -2.165470969999944
              ],
              [
                -75.19362885899983,
                -2.16534647099985
              ],
              [
                -75.19191048399995,
                -2.16636934599984
              ],
              [
                -75.19034673499993,
                -2.170273470999916
              ],
              [
                -75.18818398399998,
                -2.171670845999927
              ],
              [
                -75.18500773499989,
                -2.175482845999909
              ],
              [
                -75.1801334839999,
                -2.178663719999918
              ],
              [
                -75.17566010899998,
                -2.180373095999869
              ],
              [
                -75.17280660999995,
                -2.182445345999838
              ],
              [
                -75.16892973499989,
                -2.186687470999914
              ],
              [
                -75.16607623399989,
                -2.191746094999871
              ],
              [
                -75.16584760899997,
                -2.195765594999898
              ],
              [
                -75.16790035899999,
                -2.200810595999883
              ],
              [
                -75.17417973499988,
                -2.20632034599987
              ],
              [
                -75.17436560899989,
                -2.208701970999925
              ],
              [
                -75.17216148399996,
                -2.214056095999979
              ],
              [
                -75.17220573399999,
                -2.219156970999961
              ],
              [
                -75.16854073399998,
                -2.22252184499996
              ],
              [
                -75.16504160999989,
                -2.228602345999889
              ],
              [
                -75.16105448399998,
                -2.229070595999929
              ],
              [
                -75.15765635899999,
                -2.232000469999946
              ],
              [
                -75.15533573399995,
                -2.235226595999961
              ],
              [
                -75.15217960899992,
                -2.246068719999926
              ],
              [
                -75.1518974839999,
                -2.248824595999963
              ],
              [
                -75.14814510899998,
                -2.254102845999967
              ],
              [
                -75.14332848499998,
                -2.268959595999945
              ],
              [
                -75.14088435999997,
                -2.278926345999935
              ],
              [
                -75.1364202339999,
                -2.285901595999917
              ],
              [
                -75.13163910999998,
                -2.290596219999884
              ],
              [
                -75.12066598499996,
                -2.295648469999946
              ],
              [
                -75.11701173399996,
                -2.296218720999946
              ],
              [
                -75.11451373499995,
                -2.297549469999922
              ],
              [
                -75.11274348499995,
                -2.300918720999903
              ],
              [
                -75.11059023399997,
                -2.301844470999924
              ],
              [
                -75.10902348499997,
                -2.300126970999941
              ],
              [
                -75.10760373399995,
                -2.293437720999975
              ],
              [
                -75.10393873499999,
                -2.289681095999924
              ],
              [
                -75.10148635999997,
                -2.289787095999884
              ],
              [
                -75.09738085899988,
                -2.292320345999883
              ],
              [
                -75.09407035999999,
                -2.293578095999976
              ],
              [
                -75.08859185999995,
                -2.292320345999883
              ],
              [
                -75.0832284839999,
                -2.293470720999949
              ],
              [
                -75.07889448499998,
                -2.297488220999924
              ],
              [
                -75.07386723399992,
                -2.300581970999929
              ],
              [
                -75.06919135999993,
                -2.306896470999959
              ],
              [
                -75.06691010899993,
                -2.30919534599991
              ],
              [
                -75.06291935899998,
                -2.311726720999957
              ],
              [
                -75.05722073399988,
                -2.314148470999953
              ],
              [
                -75.04025985899995,
                -2.334221594999974
              ],
              [
                -75.03221673399997,
                -2.340882845999943
              ],
              [
                -75.01715035899991,
                -2.3517909709999
              ],
              [
                -75.01223823499993,
                -2.354431595999927
              ],
              [
                -74.99572748399993,
                -2.360127470999942
              ],
              [
                -74.98304373399998,
                -2.367130970999938
              ],
              [
                -74.97811748399994,
                -2.368398095999964
              ],
              [
                -74.97416010999996,
                -2.368056595999974
              ],
              [
                -74.96514848399988,
                -2.365650345999939
              ]
            ]
          ]
        ],
        "type": "MultiPolygon"
      },
      "type": "Feature",
      "properties": {
        "PROVINCIA": "LORETO",
        "DISTRITO": "TIGRE",
        "name": "TIGRE",
        "ID": "150303",
        "DEPARTAMEN": "LORETO"
      }
    }
  ]
}
