{
  "type": "FeatureCollection",
  "features": [
    {
      "geometry": {
        "coordinates": [
          [
            [
              [
                -70.53615622999996,
                -12.113558604999866
              ],
              [
                -70.53272310499995,
                -12.114044479999848
              ],
              [
                -70.53468972999985,
                -12.1168887299998
              ],
              [
                -70.53394210499982,
                -12.119082854999817
              ],
              [
                -70.52848110499997,
                -12.114028229999917
              ],
              [
                -70.52477547999996,
                -12.115767354999832
              ],
              [
                -70.52248372999969,
                -12.11095647999997
              ],
              [
                -70.51991585499968,
                -12.113459354999918
              ],
              [
                -70.51690897999976,
                -12.11300435499993
              ],
              [
                -70.51424360499993,
                -12.114385854999853
              ],
              [
                -70.5117568549997,
                -12.11102147999992
              ],
              [
                -70.5123419799998,
                -12.109249854999973
              ],
              [
                -70.51681148099959,
                -12.106600604999699
              ],
              [
                -70.51242322999968,
                -12.104975354999965
              ],
              [
                -70.50790485499994,
                -12.112094104999926
              ],
              [
                -70.49891697999959,
                -12.106803853999907
              ],
              [
                -70.49264335499993,
                -12.10755147999987
              ],
              [
                -70.49389485499972,
                -12.111062104999917
              ],
              [
                -70.49222073099986,
                -12.113012479999895
              ],
              [
                -70.48958772999987,
                -12.111793479999847
              ],
              [
                -70.48817372999986,
                -12.113061229999857
              ],
              [
                -70.48840135499995,
                -12.117108229999928
              ],
              [
                -70.48461435499996,
                -12.118684728999824
              ],
              [
                -70.48607710499965,
                -12.122877979999942
              ],
              [
                -70.47949472999966,
                -12.12167522999971
              ],
              [
                -70.4778368559999,
                -12.118245854999827
              ],
              [
                -70.47434247999996,
                -12.116636854999854
              ],
              [
                -70.47130323099992,
                -12.12019622999992
              ],
              [
                -70.47190460499968,
                -12.124568354999724
              ],
              [
                -70.47203460599997,
                -12.131449729999872
              ],
              [
                -70.46592347999996,
                -12.126817729999857
              ],
              [
                -70.45932472999993,
                -12.135123104999877
              ],
              [
                -70.45932472999993,
                -12.137268354999833
              ],
              [
                -70.46220160499985,
                -12.140080104999754
              ],
              [
                -70.4609988549999,
                -12.142030479999846
              ],
              [
                -70.45857772999994,
                -12.141361854999957
              ],
              [
                -70.4559299799999,
                -12.137204854999709
              ],
              [
                -70.45447360499992,
                -12.137310854999953
              ],
              [
                -70.45338810499999,
                -12.140382229999886
              ],
              [
                -70.45179947999992,
                -12.140779354999893
              ],
              [
                -70.45047547999997,
                -12.136993104999874
              ],
              [
                -70.4478012299997,
                -12.13630460499985
              ],
              [
                -70.44512697999983,
                -12.144936354999857
              ],
              [
                -70.4397256049997,
                -12.145863104999876
              ],
              [
                -70.43898422999979,
                -12.144115604999968
              ],
              [
                -70.44271760499987,
                -12.140911729999914
              ],
              [
                -70.4410229799999,
                -12.139349604999893
              ],
              [
                -70.43713072999964,
                -12.143188854999948
              ],
              [
                -70.43689247999964,
                -12.15065560499994
              ],
              [
                -70.43789235499986,
                -12.152590979999843
              ],
              [
                -70.43581560599989,
                -12.154418604999876
              ],
              [
                -70.43086447999968,
                -12.154617979999955
              ],
              [
                -70.42983448099983,
                -12.153355229999931
              ],
              [
                -70.43063197999999,
                -12.150547479999943
              ],
              [
                -70.42559785499975,
                -12.14652685499982
              ],
              [
                -70.42391985499984,
                -12.150896354999873
              ],
              [
                -70.42144435499966,
                -12.152690729999904
              ],
              [
                -70.41898547999995,
                -12.15071360499985
              ],
              [
                -70.41554635599988,
                -12.15048097999977
              ],
              [
                -70.41519747999996,
                -12.147972354999865
              ],
              [
                -70.40993085499986,
                -12.147423979999871
              ],
              [
                -70.40335160499984,
                -12.150813354999912
              ],
              [
                -70.40110872999992,
                -12.153637729999957
              ],
              [
                -70.39633760499993,
                -12.153536604999942
              ],
              [
                -70.39537360499992,
                -12.154858104999846
              ],
              [
                -70.39403422999999,
                -12.162117854999849
              ],
              [
                -70.39519310499992,
                -12.166072854999982
              ],
              [
                -70.39385372999993,
                -12.166945604999967
              ],
              [
                -70.39055785499994,
                -12.166448979999927
              ],
              [
                -70.38921847999995,
                -12.162475979999897
              ],
              [
                -70.38664522999994,
                -12.163273604999972
              ],
              [
                -70.38375560499992,
                -12.167487479999863
              ],
              [
                -70.38312360499998,
                -12.1718517299999
              ],
              [
                -70.38104672999998,
                -12.171761354999887
              ],
              [
                -70.37611060499995,
                -12.16638885499998
              ],
              [
                -70.37448535499993,
                -12.169203104999951
              ],
              [
                -70.37871410499997,
                -12.171836604999896
              ],
              [
                -70.38089635499989,
                -12.17782635499998
              ],
              [
                -70.38035447999988,
                -12.180798604999893
              ],
              [
                -70.37839810499986,
                -12.182017479999843
              ],
              [
                -70.37391360499998,
                -12.180753354999979
              ],
              [
                -70.37159585499995,
                -12.181791729999816
              ],
              [
                -70.37397347999996,
                -12.186878354999976
              ],
              [
                -70.37410910499989,
                -12.19282885499996
              ],
              [
                -70.37156572999987,
                -12.195131354999887
              ],
              [
                -70.36467322999988,
                -12.195989229999896
              ],
              [
                -70.36188910499999,
                -12.195748354999978
              ],
              [
                -70.3601734799999,
                -12.194378854999968
              ],
              [
                -70.35916535499996,
                -12.191022979999957
              ],
              [
                -70.35546322999988,
                -12.19183572999998
              ],
              [
                -70.35440960499994,
                -12.193430854999974
              ],
              [
                -70.35796122999989,
                -12.197990729999958
              ],
              [
                -70.35517710499994,
                -12.201030604999858
              ],
              [
                -70.35111385499994,
                -12.201151104999951
              ],
              [
                -70.34926285499989,
                -12.19790047999993
              ],
              [
                -70.34649360499998,
                -12.199269854999898
              ],
              [
                -70.34750210499993,
                -12.204446854999901
              ],
              [
                -70.34437185499996,
                -12.207261104999873
              ],
              [
                -70.34372472999996,
                -12.20980435499996
              ],
              [
                -70.34534997999998,
                -12.211926354999946
              ],
              [
                -70.3440407299999,
                -12.213310854999918
              ],
              [
                -70.34137697999995,
                -12.21341622999995
              ],
              [
                -70.34211460499995,
                -12.217359104999957
              ],
              [
                -70.34069985499997,
                -12.220082979999916
              ],
              [
                -70.34072985499995,
                -12.224734729999966
              ],
              [
                -70.33902935499998,
                -12.230074229999957
              ],
              [
                -70.33722985499992,
                -12.230852729999981
              ],
              [
                -70.33419635499985,
                -12.228024854999944
              ],
              [
                -70.3337336049999,
                -12.226456729999882
              ],
              [
                -70.33681847999998,
                -12.222266479999917
              ],
              [
                -70.33532747999982,
                -12.220184229999859
              ],
              [
                -70.33270535499992,
                -12.221366854999928
              ],
              [
                -70.33154860499997,
                -12.224271604999899
              ],
              [
                -70.32877222999991,
                -12.226173979999942
              ],
              [
                -70.32609872999996,
                -12.229233104999935
              ],
              [
                -70.32319372999996,
                -12.226508229999979
              ],
              [
                -70.31900360499992,
                -12.229104604999918
              ],
              [
                -70.31643272999992,
                -12.228539104999982
              ],
              [
                -70.31579022999995,
                -12.231263979999824
              ],
              [
                -70.31684410499992,
                -12.234297354999967
              ],
              [
                -70.31918347999988,
                -12.236739604999968
              ],
              [
                -70.31923485499993,
                -12.238564729999837
              ],
              [
                -70.31748685499991,
                -12.241726729999982
              ],
              [
                -70.32018610499995,
                -12.24388885499991
              ],
              [
                -70.31959485499988,
                -12.246433729999978
              ],
              [
                -70.31602160499983,
                -12.250469604999864
              ],
              [
                -70.31794960499991,
                -12.25509685499992
              ],
              [
                -70.31501897999993,
                -12.254736979999961
              ],
              [
                -70.31247397999994,
                -12.252629104999926
              ],
              [
                -70.31118860499998,
                -12.253862979999951
              ],
              [
                -70.31332235499997,
                -12.258644479999816
              ],
              [
                -70.31198560499985,
                -12.26273185499997
              ],
              [
                -70.30836085499988,
                -12.263631604999887
              ],
              [
                -70.30740972999996,
                -12.262320604999957
              ],
              [
                -70.3076924799999,
                -12.257950354999934
              ],
              [
                -70.30576447999988,
                -12.258310354999878
              ],
              [
                -70.30442772999987,
                -12.26198635499992
              ],
              [
                -70.30111147999992,
                -12.267770479999967
              ],
              [
                -70.30059735499992,
                -12.270315479999852
              ],
              [
                -70.30234547999999,
                -12.274428604999912
              ],
              [
                -70.30149697999985,
                -12.280623979999973
              ],
              [
                -70.29694697999997,
                -12.282654854999919
              ],
              [
                -70.29704972999997,
                -12.287924729999872
              ],
              [
                -70.29445335499997,
                -12.29031547999989
              ],
              [
                -70.29350222999994,
                -12.293117479999921
              ],
              [
                -70.29417060499992,
                -12.295971104999865
              ],
              [
                -70.29208835499998,
                -12.297410604999925
              ],
              [
                -70.28944047999988,
                -12.297616229999903
              ],
              [
                -70.28363072999997,
                -12.292577729999948
              ],
              [
                -70.28041735499994,
                -12.293940104999933
              ],
              [
                -70.28327085499996,
                -12.299852729999941
              ],
              [
                -70.28404210499997,
                -12.302911854999934
              ],
              [
                -70.28260247999998,
                -12.307976229999895
              ],
              [
                -70.28041735499994,
                -12.308258979999948
              ],
              [
                -70.27926060499993,
                -12.305945354999949
              ],
              [
                -70.27730685499995,
                -12.306870729999844
              ],
              [
                -70.27728110499993,
                -12.309441479999919
              ],
              [
                -70.2755844799999,
                -12.313117604999945
              ],
              [
                -70.27887510499994,
                -12.317359229999909
              ],
              [
                -70.27967185499995,
                -12.32000697999996
              ],
              [
                -70.27643285499994,
                -12.326279479999926
              ],
              [
                -70.2740677299999,
                -12.32797623099998
              ],
              [
                -70.27607285499988,
                -12.331986479999955
              ],
              [
                -70.27334797999987,
                -12.33219210499982
              ],
              [
                -70.26987747999993,
                -12.33131810499998
              ],
              [
                -70.26872072999998,
                -12.332526354999857
              ],
              [
                -70.27085435499987,
                -12.33589398099997
              ],
              [
                -70.26789810499997,
                -12.340032729999905
              ],
              [
                -70.2740163549999,
                -12.3430404799999
              ],
              [
                -70.27316797999998,
                -12.344891354999845
              ],
              [
                -70.26833510499995,
                -12.344557229999907
              ],
              [
                -70.2647618549999,
                -12.342731979999883
              ],
              [
                -70.26293660499994,
                -12.342989104999901
              ],
              [
                -70.25913197999995,
                -12.34923585499996
              ],
              [
                -70.25627835499989,
                -12.358104729999866
              ],
              [
                -70.2567669799999,
                -12.360598354999865
              ],
              [
                -70.2499288549999,
                -12.360444104999885
              ],
              [
                -70.24846360499998,
                -12.361652354999933
              ],
              [
                -70.25010885499995,
                -12.367899105999982
              ],
              [
                -70.2518569799999,
                -12.369929979999938
              ],
              [
                -70.25717822999991,
                -12.370444229999976
              ],
              [
                -70.25735822999997,
                -12.372809229999973
              ],
              [
                -70.25589297999989,
                -12.374145979999923
              ],
              [
                -70.24946622999988,
                -12.37548272999993
              ],
              [
                -70.24805222999998,
                -12.376356730999873
              ],
              [
                -70.24841222999999,
                -12.379390104999857
              ],
              [
                -70.25213972999995,
                -12.380906854999921
              ],
              [
                -70.25314222999992,
                -12.383297604999939
              ],
              [
                -70.24697260499988,
                -12.385302729999864
              ],
              [
                -70.24728110499996,
                -12.38715360499998
              ],
              [
                -70.25134272999998,
                -12.388464729999896
              ],
              [
                -70.25162560499996,
                -12.389672980999876
              ],
              [
                -70.24769235499986,
                -12.394942855999886
              ],
              [
                -70.24864360499987,
                -12.396151104999944
              ],
              [
                -70.2538106049999,
                -12.398490479999964
              ],
              [
                -70.25512172999993,
                -12.40082973099993
              ],
              [
                -70.25209597999998,
                -12.404771479999908
              ],
              [
                -70.25216772999994,
                -12.406325979999906
              ],
              [
                -70.25659197999983,
                -12.406158479999931
              ],
              [
                -70.25637660499996,
                -12.408478354999943
              ],
              [
                -70.25266985499985,
                -12.410845854999877
              ],
              [
                -70.25243085499994,
                -12.412376479999978
              ],
              [
                -70.25570710499989,
                -12.415430479999884
              ],
              [
                -70.25518097999998,
                -12.418467729999918
              ],
              [
                -70.25678335499992,
                -12.421170104999874
              ],
              [
                -70.26209247999992,
                -12.42164847999993
              ],
              [
                -70.26276210499998,
                -12.424876979999965
              ],
              [
                -70.25893585499995,
                -12.42671847999992
              ],
              [
                -70.2548939799999,
                -12.429707854999833
              ],
              [
                -70.25147410499994,
                -12.427914229999942
              ],
              [
                -70.25032622999998,
                -12.42846435499996
              ],
              [
                -70.24936960499997,
                -12.433008230999974
              ],
              [
                -70.24994360499994,
                -12.435375854999847
              ],
              [
                -70.24688235499997,
                -12.438628354999935
              ],
              [
                -70.25049360499997,
                -12.445970354999872
              ],
              [
                -70.24803035499991,
                -12.449289729999919
              ],
              [
                -70.24496922999998,
                -12.44897885599994
              ],
              [
                -70.24298422999993,
                -12.450389854999969
              ],
              [
                -70.23779460499998,
                -12.457373104999931
              ],
              [
                -70.23638360499996,
                -12.458066605999932
              ],
              [
                -70.23392035499995,
                -12.45646435499998
              ],
              [
                -70.23485297999997,
                -12.452709604999882
              ],
              [
                -70.23126572999996,
                -12.453594479999936
              ],
              [
                -70.23152885499997,
                -12.460434229999976
              ],
              [
                -70.23117022899999,
                -12.463818230999948
              ],
              [
                -70.22959160499994,
                -12.466855479999879
              ],
              [
                -70.22691310499982,
                -12.468649229999812
              ],
              [
                -70.22337372999988,
                -12.46910360499993
              ],
              [
                -70.21902110499991,
                -12.472619105999911
              ],
              [
                -70.21643810499995,
                -12.471136354999885
              ],
              [
                -70.21863847999998,
                -12.465922855999906
              ],
              [
                -70.21772972999997,
                -12.463794354999948
              ],
              [
                -70.21502097999996,
                -12.463468855999906
              ],
              [
                -70.2104261049999,
                -12.465261979999923
              ],
              [
                -70.20888522999996,
                -12.467764980999902
              ],
              [
                -70.20803710499996,
                -12.472420354999883
              ],
              [
                -70.20888522999996,
                -12.476261229999977
              ],
              [
                -70.2083574799999,
                -12.47812735499997
              ],
              [
                -70.20600160499993,
                -12.478146104999894
              ],
              [
                -70.20321222999996,
                -12.473170480999954
              ],
              [
                -70.20104472899999,
                -12.471059604999937
              ],
              [
                -70.19655910499989,
                -12.472491979999973
              ],
              [
                -70.1902076049999,
                -12.471662730999924
              ],
              [
                -70.18805897999994,
                -12.47482897999987
              ],
              [
                -70.19047135499989,
                -12.477976480999814
              ],
              [
                -70.19081060499997,
                -12.479842355999892
              ],
              [
                -70.18719197999997,
                -12.481538604999912
              ],
              [
                -70.18261210499992,
                -12.481557479999879
              ],
              [
                -70.17987922999993,
                -12.484742730999926
              ],
              [
                -70.1770898549999,
                -12.48519497999996
              ],
              [
                -70.17347110499998,
                -12.483743854999943
              ],
              [
                -70.17422510499995,
                -12.490924604999975
              ],
              [
                -70.17249110499989,
                -12.49209310599997
              ],
              [
                -70.16512185499988,
                -12.490396854999858
              ],
              [
                -70.16093785499993,
                -12.487588605999917
              ],
              [
                -70.15792210499995,
                -12.491395729999965
              ],
              [
                -70.15496310499992,
                -12.49410985499992
              ],
              [
                -70.15017585499987,
                -12.496880354999917
              ],
              [
                -70.14610485499992,
                -12.496842604999927
              ],
              [
                -70.14301397999998,
                -12.499801729999888
              ],
              [
                -70.14046960499996,
                -12.500348229999872
              ],
              [
                -70.13745397999992,
                -12.497898105999923
              ],
              [
                -70.13522997999996,
                -12.499047729999916
              ],
              [
                -70.13522997999996,
                -12.501252979999947
              ],
              [
                -70.13000935499991,
                -12.501874854999926
              ],
              [
                -70.13074435499988,
                -12.506888105999906
              ],
              [
                -70.13310022999985,
                -12.509244229999922
              ],
              [
                -70.13010360499999,
                -12.511373854999931
              ],
              [
                -70.1281811049999,
                -12.509790729999906
              ],
              [
                -70.12774760499991,
                -12.507189854999922
              ],
              [
                -70.12542947999987,
                -12.507114479999927
              ],
              [
                -70.12637172999985,
                -12.512749729999882
              ],
              [
                -70.12476972999997,
                -12.51391835499993
              ],
              [
                -70.12148122999986,
                -12.513604854999926
              ],
              [
                -70.11929872999991,
                -12.51173410499996
              ],
              [
                -70.11950660499997,
                -12.508928104999939
              ],
              [
                -70.12151585499998,
                -12.506572479999932
              ],
              [
                -70.12085772999995,
                -12.504736479999963
              ],
              [
                -70.11205860499996,
                -12.50729997999997
              ],
              [
                -70.10696635499988,
                -12.506399230999875
              ],
              [
                -70.1034327299999,
                -12.508304604999978
              ],
              [
                -70.10353672999997,
                -12.512392354999974
              ],
              [
                -70.10589247999985,
                -12.51454010499998
              ],
              [
                -70.10467985499997,
                -12.51765797999991
              ],
              [
                -70.1009038549999,
                -12.51831610499994
              ],
              [
                -70.09953247999994,
                -12.520294104999891
              ],
              [
                -70.1025654799999,
                -12.52455360499988
              ],
              [
                -70.0989972299999,
                -12.530061979999857
              ],
              [
                -70.09906410399992,
                -12.533088229999976
              ],
              [
                -70.09554060499988,
                -12.535742105999873
              ],
              [
                -70.09181622999995,
                -12.534916980999924
              ],
              [
                -70.0915486049999,
                -12.538685855999915
              ],
              [
                -70.09393485499999,
                -12.54024697999995
              ],
              [
                -70.09438085499994,
                -12.544372730999896
              ],
              [
                -70.09701247999982,
                -12.54867685499994
              ],
              [
                -70.09467085399996,
                -12.548832854999887
              ],
              [
                -70.09195010399998,
                -12.54550997999985
              ],
              [
                -70.09005447999994,
                -12.5451308559999
              ],
              [
                -70.08722222899996,
                -12.547004229999914
              ],
              [
                -70.08521510499997,
                -12.549858729999869
              ],
              [
                -70.08291810499998,
                -12.547294104999935
              ],
              [
                -70.07921610499994,
                -12.548119229999827
              ],
              [
                -70.07919385499997,
                -12.550862354999936
              ],
              [
                -70.0816469799999,
                -12.552356479999958
              ],
              [
                -70.0873782299999,
                -12.55099610499991
              ],
              [
                -70.09130335499987,
                -12.548922104999974
              ],
              [
                -70.09275285499996,
                -12.551308355999879
              ],
              [
                -70.09161560499996,
                -12.557708729999945
              ],
              [
                -70.08561635499996,
                -12.553939854999953
              ],
              [
                -70.0825167299999,
                -12.554073729999914
              ],
              [
                -70.07870322899987,
                -12.558667730999957
              ],
              [
                -70.07830172999996,
                -12.561031605999972
              ],
              [
                -70.08124547899996,
                -12.564436979999925
              ],
              [
                -70.0818029799999,
                -12.566243480999901
              ],
              [
                -70.07948372999988,
                -12.56789373099997
              ],
              [
                -70.07230272999993,
                -12.568562729999883
              ],
              [
                -70.07163372999997,
                -12.571261229999948
              ],
              [
                -70.07290497999992,
                -12.575230855999962
              ],
              [
                -70.0672918549999,
                -12.579667855999901
              ],
              [
                -70.05637397999993,
                -12.580135355999857
              ],
              [
                -70.05466897999997,
                -12.58112535499987
              ],
              [
                -70.05109385499992,
                -12.586075604999905
              ],
              [
                -70.04930635499994,
                -12.587312979999979
              ],
              [
                -70.04193610499993,
                -12.589155605999963
              ],
              [
                -70.03940597999991,
                -12.59094323099987
              ],
              [
                -70.03739847899993,
                -12.59578335599997
              ],
              [
                -70.03830597999996,
                -12.604308605999961
              ],
              [
                -70.03838835499994,
                -12.608708730999979
              ],
              [
                -70.04052785499994,
                -12.609906730999967
              ],
              [
                -70.04619060499988,
                -12.611142230999974
              ],
              [
                -70.05298585499997,
                -12.613613230999931
              ],
              [
                -70.05854560499995,
                -12.616084229999956
              ],
              [
                -70.06276697999988,
                -12.619172979999973
              ],
              [
                -70.06812072999992,
                -12.62524747999987
              ],
              [
                -70.07110647999997,
                -12.634410854999828
              ],
              [
                -70.07501897999992,
                -12.63935285499997
              ],
              [
                -70.08480010399995,
                -12.645633354999973
              ],
              [
                -70.09344422999999,
                -12.649655105999841
              ],
              [
                -70.1030237299999,
                -12.65325235499995
              ],
              [
                -70.11187822899996,
                -12.654590730999928
              ],
              [
                -70.11949710499994,
                -12.65747360499995
              ],
              [
                -70.13102847899995,
                -12.658194354999921
              ],
              [
                -70.13339660499997,
                -12.659120980999944
              ],
              [
                -70.13627935499989,
                -12.661591980999845
              ],
              [
                -70.14060372999995,
                -12.66890198099992
              ],
              [
                -70.14533972999993,
                -12.672505605999902
              ],
              [
                -70.15110547999996,
                -12.674564730999919
              ],
              [
                -70.15913622999989,
                -12.676829855999927
              ],
              [
                -70.16154785499992,
                -12.67868022999994
              ],
              [
                -70.1686601049999,
                -12.69220735499988
              ],
              [
                -70.17395935499997,
                -12.697925105999843
              ],
              [
                -70.17939822999995,
                -12.703084979999915
              ],
              [
                -70.18985747999989,
                -12.714659855999969
              ],
              [
                -70.19585397999992,
                -12.720935354999824
              ],
              [
                -70.20196685499997,
                -12.724596730999963
              ],
              [
                -70.21386410499997,
                -12.72727348099994
              ],
              [
                -70.23085747999994,
                -12.730386730999953
              ],
              [
                -70.24380985499994,
                -12.737009230999888
              ],
              [
                -70.24708197999996,
                -12.739453105999871
              ],
              [
                -70.24999210499988,
                -12.743729229999929
              ],
              [
                -70.25250972999999,
                -12.749607480999941
              ],
              [
                -70.25431497999989,
                -12.763262979999922
              ],
              [
                -70.25629422999998,
                -12.773813979999943
              ],
              [
                -70.2569332299999,
                -12.782759604999967
              ],
              [
                -70.26069285499995,
                -12.790373354999872
              ],
              [
                -70.27475010499995,
                -12.80364973099995
              ],
              [
                -70.28138835499988,
                -12.814192729999831
              ],
              [
                -70.28377097999993,
                -12.818634230999976
              ],
              [
                -70.2848463549999,
                -12.825712480999869
              ],
              [
                -70.28726547999997,
                -12.835478854999963
              ],
              [
                -70.29147660499996,
                -12.84408035599995
              ],
              [
                -70.29398560499999,
                -12.84578272999994
              ],
              [
                -70.30755060499996,
                -12.851288479999937
              ],
              [
                -70.31835160499998,
                -12.85614848099982
              ],
              [
                -70.32435960499998,
                -12.85993948099997
              ],
              [
                -70.32606197999996,
                -12.864061105999838
              ],
              [
                -70.33296110499987,
                -12.87042260499993
              ],
              [
                -70.33466347999996,
                -12.874723354999901
              ],
              [
                -70.33784572999997,
                -12.877972730999886
              ],
              [
                -70.34075622999995,
                -12.883952105999924
              ],
              [
                -70.34084597999998,
                -12.88753610599997
              ],
              [
                -70.34531447999996,
                -12.901394479999908
              ],
              [
                -70.34957810499986,
                -12.909193355999946
              ],
              [
                -70.35382397999996,
                -12.914494354999931
              ],
              [
                -70.35528572999993,
                -12.917823730999828
              ],
              [
                -70.35967822999993,
                -12.918852855999887
              ],
              [
                -70.35988672999997,
                -12.921665979999943
              ],
              [
                -70.36186135499992,
                -12.922478479999938
              ],
              [
                -70.36298435499992,
                -12.927289105999876
              ],
              [
                -70.36505072999995,
                -12.92780473099998
              ],
              [
                -70.36772072999997,
                -12.926152355999875
              ],
              [
                -70.37393160499994,
                -12.927593730999945
              ],
              [
                -70.37563285499994,
                -12.926736355999878
              ],
              [
                -70.38120310499994,
                -12.929978355999822
              ],
              [
                -70.38388085499992,
                -12.929123105999906
              ],
              [
                -70.38692385499996,
                -12.93391798099998
              ],
              [
                -70.39028910499997,
                -12.930554730999972
              ],
              [
                -70.39230272999998,
                -12.93195310599998
              ],
              [
                -70.39585160499996,
                -12.932486354999924
              ],
              [
                -70.39823822999989,
                -12.92889447999994
              ],
              [
                -70.40138285499995,
                -12.932972604999918
              ],
              [
                -70.40405272999988,
                -12.93277735599986
              ],
              [
                -70.40821097999992,
                -12.92986135599989
              ],
              [
                -70.41178122999992,
                -12.931089855999858
              ],
              [
                -70.41612310499983,
                -12.929013730999941
              ],
              [
                -70.41940235499999,
                -12.930054730999927
              ],
              [
                -70.42020510499998,
                -12.928359354999884
              ],
              [
                -70.42312698099988,
                -12.926988230999939
              ],
              [
                -70.42559760499995,
                -12.92458785599996
              ],
              [
                -70.42686522999992,
                -12.920068355999831
              ],
              [
                -70.43021485499997,
                -12.919562480999957
              ],
              [
                -70.43086322999994,
                -12.9137089809999
              ],
              [
                -70.43380660499997,
                -12.912554730999943
              ],
              [
                -70.43656835499985,
                -12.91040623099991
              ],
              [
                -70.44058985499998,
                -12.905330105999951
              ],
              [
                -70.44464847999996,
                -12.904078105999929
              ],
              [
                -70.44538085499988,
                -12.89988872999993
              ],
              [
                -70.44934185499989,
                -12.895039105999956
              ],
              [
                -70.45200385499999,
                -12.895150354999942
              ],
              [
                -70.45466597999996,
                -12.891222605999928
              ],
              [
                -70.46255047999995,
                -12.88835835499998
              ],
              [
                -70.46342335499997,
                -12.885197230999893
              ],
              [
                -70.46855272999994,
                -12.879623354999978
              ],
              [
                -70.47411035499994,
                -12.878690730999892
              ],
              [
                -70.47647835499993,
                -12.870773354999926
              ],
              [
                -70.4749964799999,
                -12.866074730999912
              ],
              [
                -70.47694822999983,
                -12.860183229999961
              ],
              [
                -70.4766591049999,
                -12.857978480999975
              ],
              [
                -70.47918910499999,
                -12.85400260599988
              ],
              [
                -70.4796951049999,
                -12.849665354999956
              ],
              [
                -70.48085172999987,
                -12.848942479999891
              ],
              [
                -70.48453835499998,
                -12.849809980999908
              ],
              [
                -70.48768285499995,
                -12.84778597999997
              ],
              [
                -70.48833347999994,
                -12.845978730999832
              ],
              [
                -70.49498385499999,
                -12.844930605999878
              ],
              [
                -70.49704410599998,
                -12.84283423099987
              ],
              [
                -70.49791160599983,
                -12.839508979999891
              ],
              [
                -70.50065847999991,
                -12.837123479999889
              ],
              [
                -70.50282710499994,
                -12.833834480999883
              ],
              [
                -70.50275485499998,
                -12.832208105999882
              ],
              [
                -70.50532098099995,
                -12.827942979999932
              ],
              [
                -70.50748960499988,
                -12.827653854999937
              ],
              [
                -70.50694747999995,
                -12.823388980999937
              ],
              [
                -70.50590310499996,
                -12.82184035499995
              ],
              [
                -70.50799335599999,
                -12.820027729999879
              ],
              [
                -70.50819672999995,
                -12.816735355999981
              ],
              [
                -70.51044535499994,
                -12.816986355999973
              ],
              [
                -70.51107610499997,
                -12.813617355999895
              ],
              [
                -70.5129163549999,
                -12.810168104999889
              ],
              [
                -70.51593335499996,
                -12.810832480999977
              ],
              [
                -70.51634197999994,
                -12.81612460599996
              ],
              [
                -70.51395422999991,
                -12.819351479999966
              ],
              [
                -70.51470710499996,
                -12.821266105999939
              ],
              [
                -70.51754685499998,
                -12.822858230999884
              ],
              [
                -70.52098885499993,
                -12.827773105999938
              ],
              [
                -70.52206435499994,
                -12.831739480999943
              ],
              [
                -70.52035022999985,
                -12.835974855999893
              ],
              [
                -70.52132497999992,
                -12.838058854999929
              ],
              [
                -70.52947947999996,
                -12.842801354999835
              ],
              [
                -70.53163135599993,
                -12.843014604999894
              ],
              [
                -70.53506272999994,
                -12.840591480999933
              ],
              [
                -70.5385534799999,
                -12.8420058559999
              ],
              [
                -70.54524772999991,
                -12.846943230999955
              ],
              [
                -70.54794360599988,
                -12.849548229999925
              ],
              [
                -70.54860998099986,
                -12.853092354999887
              ],
              [
                -70.55266897999996,
                -12.855788230999963
              ],
              [
                -70.55854535499998,
                -12.856818104999888
              ],
              [
                -70.56233172999993,
                -12.858514355999887
              ],
              [
                -70.5623016049999,
                -12.861179980999907
              ],
              [
                -70.55936322999997,
                -12.865269229999967
              ],
              [
                -70.55957522999995,
                -12.866662605999977
              ],
              [
                -70.56296785599989,
                -12.870630604999917
              ],
              [
                -70.56156060599989,
                -12.875088605999906
              ],
              [
                -70.55869010499998,
                -12.876154105999888
              ],
              [
                -70.55673298099987,
                -12.878176605999897
              ],
              [
                -70.5570374799999,
                -12.88022060599991
              ],
              [
                -70.55897285599991,
                -12.882503855999971
              ],
              [
                -70.56193010499999,
                -12.88391735499988
              ],
              [
                -70.57002585499998,
                -12.88517685599993
              ],
              [
                -70.5742159799999,
                -12.887243855999941
              ],
              [
                -70.57408185499992,
                -12.890923230999931
              ],
              [
                -70.57665260499994,
                -12.893372230999944
              ],
              [
                -70.5806662299999,
                -12.899745480999968
              ],
              [
                -70.5800382299999,
                -12.902981730999954
              ],
              [
                -70.58241785599989,
                -12.90473323099991
              ],
              [
                -70.5847784799999,
                -12.904542855999978
              ],
              [
                -70.58807185599989,
                -12.902639105999924
              ],
              [
                -70.59058473099998,
                -12.903400605999877
              ],
              [
                -70.59132722999988,
                -12.908045604999927
              ],
              [
                -70.59473485599983,
                -12.91198635599983
              ],
              [
                -70.59425897999989,
                -12.915451105999978
              ],
              [
                -70.58946160499988,
                -12.919772480999939
              ],
              [
                -70.5890808549999,
                -12.921714355999939
              ],
              [
                -70.59102260499998,
                -12.92369410599997
              ],
              [
                -70.59871360499994,
                -12.921771354999976
              ],
              [
                -70.60120747999997,
                -12.923732230999917
              ],
              [
                -70.60189273099991,
                -12.926606854999932
              ],
              [
                -70.60109322999995,
                -12.929500479999888
              ],
              [
                -70.60352998099995,
                -12.931937230999893
              ],
              [
                -70.60606198099993,
                -12.931080604999977
              ],
              [
                -70.60981222999999,
                -12.932413105999899
              ],
              [
                -70.61382910499998,
                -12.936715480999908
              ],
              [
                -70.61375285499997,
                -12.94134160599998
              ],
              [
                -70.61700822999995,
                -12.94354985599989
              ],
              [
                -70.61952110599992,
                -12.94126535499987
              ],
              [
                -70.62220535499989,
                -12.944120980999969
              ],
              [
                -70.62264322999988,
                -12.950003480999897
              ],
              [
                -70.6222624799999,
                -12.951926230999902
              ],
              [
                -70.61995897999992,
                -12.954172605999872
              ],
              [
                -70.62077760599988,
                -12.956744480999873
              ],
              [
                -70.62587960499997,
                -12.959086104999926
              ],
              [
                -70.6270598559999,
                -12.964130980999869
              ],
              [
                -70.62677735599993,
                -12.969593730999975
              ],
              [
                -70.62753560499993,
                -12.970756479999977
              ],
              [
                -70.63152097999989,
                -12.971478730999877
              ],
              [
                -70.63588085599997,
                -12.974955730999966
              ],
              [
                -70.64400448099985,
                -12.97367360599992
              ],
              [
                -70.64753960499996,
                -12.970527730999947
              ],
              [
                -70.65163348099992,
                -12.970527730999947
              ],
              [
                -70.65514897999992,
                -12.96852535499994
              ],
              [
                -70.65930960599991,
                -12.964854230999947
              ],
              [
                -70.66969997999996,
                -12.965232479999884
              ],
              [
                -70.67257022999996,
                -12.964542730999938
              ],
              [
                -70.67430560499992,
                -12.965632980999885
              ],
              [
                -70.68098047999985,
                -12.963363480999874
              ],
              [
                -70.68431785599995,
                -12.964453730999935
              ],
              [
                -70.68674310499995,
                -12.96369723099997
              ],
              [
                -70.68783335499984,
                -12.961872729999982
              ],
              [
                -70.69079247999997,
                -12.96069360599995
              ],
              [
                -70.69257247999991,
                -12.96147222999997
              ],
              [
                -70.70040422999989,
                -12.959358480999981
              ],
              [
                -70.70216198099996,
                -12.957378230999893
              ],
              [
                -70.70454247999999,
                -12.957155854999883
              ],
              [
                -70.70574222999994,
                -12.955232480999825
              ],
              [
                -70.70990035599993,
                -12.954906229999835
              ],
              [
                -70.71483598099991,
                -12.952757854999959
              ],
              [
                -70.7198262309999,
                -12.95270697999996
              ],
              [
                -70.72216010599993,
                -12.952050729999826
              ],
              [
                -70.72453973099988,
                -12.953674479999961
              ],
              [
                -70.72889647999995,
                -12.949845730999982
              ],
              [
                -70.73120897999996,
                -12.950173854999946
              ],
              [
                -70.73791585599997,
                -12.9455273559999
              ],
              [
                -70.74072247999993,
                -12.945128855999883
              ],
              [
                -70.74436910599997,
                -12.943513730999939
              ],
              [
                -70.74657410499998,
                -12.943833979999965
              ],
              [
                -70.75121285599988,
                -12.941705104999926
              ],
              [
                -70.75402922999996,
                -12.935964855999885
              ],
              [
                -70.75582810599985,
                -12.935708979999959
              ],
              [
                -70.75831635599985,
                -12.93344135599989
              ],
              [
                -70.76003323099997,
                -12.929191355999876
              ],
              [
                -70.75985747999982,
                -12.925169979999964
              ],
              [
                -70.7571416049999,
                -12.924683855999888
              ],
              [
                -70.75645235499996,
                -12.922331104999898
              ],
              [
                -70.76080022999992,
                -12.920452480999813
              ],
              [
                -70.76272622999994,
                -12.918105230999913
              ],
              [
                -70.76281648099996,
                -12.915758104999952
              ],
              [
                -70.75788135499994,
                -12.912387604999878
              ],
              [
                -70.75749010499987,
                -12.909709354999904
              ],
              [
                -70.76155072999995,
                -12.910550605999958
              ],
              [
                -70.76233010599992,
                -12.90805073099989
              ],
              [
                -70.76456447999988,
                -12.905974605999972
              ],
              [
                -70.77047660499994,
                -12.90694723099989
              ],
              [
                -70.77125585499994,
                -12.904581980999922
              ],
              [
                -70.77844922999998,
                -12.906650355999943
              ],
              [
                -70.77887698099983,
                -12.907822230999898
              ],
              [
                -70.78289847999986,
                -12.908843730999934
              ],
              [
                -70.78433197999988,
                -12.906093730999885
              ],
              [
                -70.78749022999989,
                -12.904923855999982
              ],
              [
                -70.79105473099997,
                -12.90855273099993
              ],
              [
                -70.79441797999988,
                -12.907652355999971
              ],
              [
                -70.7967382299999,
                -12.909697230999939
              ],
              [
                -70.80079697999992,
                -12.910337854999966
              ],
              [
                -70.80008785499996,
                -12.91210547999998
              ],
              [
                -70.80326760499997,
                -12.914831980999907
              ],
              [
                -70.8100819799999,
                -12.916890604999878
              ],
              [
                -70.81262310599993,
                -12.916908230999923
              ],
              [
                -70.81373635599994,
                -12.91995710599997
              ],
              [
                -70.81461173099996,
                -12.925431729999957
              ],
              [
                -70.81579435499992,
                -12.927231480999978
              ],
              [
                -70.81939372999994,
                -12.92897973099997
              ],
              [
                -70.82345585499996,
                -12.928774105999935
              ],
              [
                -70.82535835499988,
                -12.925586105999912
              ],
              [
                -70.82566797999993,
                -12.912749979999944
              ],
              [
                -70.82868948099991,
                -12.907062479999922
              ],
              [
                -70.82762898099992,
                -12.902044980999904
              ],
              [
                -70.82834572999997,
                -12.900556604999963
              ],
              [
                -70.83261135599997,
                -12.89821285599993
              ],
              [
                -70.83000972999997,
                -12.893775355999935
              ],
              [
                -70.83165035499985,
                -12.887345730999868
              ],
              [
                -70.82981835599998,
                -12.884511730999861
              ],
              [
                -70.83113873099995,
                -12.882921855999939
              ],
              [
                -70.83077147999995,
                -12.878259729999911
              ],
              [
                -70.82872072999993,
                -12.876673854999979
              ],
              [
                -70.82735347999994,
                -12.872236355999917
              ],
              [
                -70.82552635499997,
                -12.870145105999882
              ],
              [
                -70.82674822999996,
                -12.867725729999904
              ],
              [
                -70.82270235599998,
                -12.86466698099997
              ],
              [
                -70.81793635499997,
                -12.865095854999936
              ],
              [
                -70.81994310499994,
                -12.860297355999819
              ],
              [
                -70.81749110499999,
                -12.858611480999969
              ],
              [
                -70.81654648099999,
                -12.851330604999873
              ],
              [
                -70.82034810599993,
                -12.851676229999953
              ],
              [
                -70.81792885499988,
                -12.84755185499995
              ],
              [
                -70.8158092299999,
                -12.84651510599997
              ],
              [
                -70.81433448099995,
                -12.84036323099997
              ],
              [
                -70.81603473099995,
                -12.838930855999934
              ],
              [
                -70.82090710599994,
                -12.838208979999933
              ],
              [
                -70.82686197999988,
                -12.836224104999928
              ],
              [
                -70.83294835499987,
                -12.834948980999911
              ],
              [
                -70.83542185599998,
                -12.835938354999882
              ],
              [
                -70.83808085599998,
                -12.835381855999856
              ],
              [
                -70.84346060599995,
                -12.836247479999884
              ],
              [
                -70.8480364799999,
                -12.840081354999938
              ],
              [
                -70.8519941049999,
                -12.839834104999909
              ],
              [
                -70.85644623099995,
                -12.841627355999947
              ],
              [
                -70.86021835499997,
                -12.841565479999872
              ],
              [
                -70.86473235499994,
                -12.839462854999908
              ],
              [
                -70.86924648099989,
                -12.839710354999966
              ],
              [
                -70.87389660499997,
                -12.841261604999886
              ],
              [
                -70.88036610599988,
                -12.84612822999992
              ],
              [
                -70.88465985499994,
                -12.846156730999894
              ],
              [
                -70.88617710599993,
                -12.847187229999975
              ],
              [
                -70.88680685499997,
                -12.850679604999925
              ],
              [
                -70.88966947999995,
                -12.853513604999932
              ],
              [
                -70.89115797999983,
                -12.853255979999858
              ],
              [
                -70.89253210599992,
                -12.850307480999959
              ],
              [
                -70.89628210599994,
                -12.8473589809999
              ],
              [
                -70.8987438559999,
                -12.847015479999982
              ],
              [
                -70.90249398099996,
                -12.849677730999929
              ],
              [
                -70.90507023099985,
                -12.852855354999917
              ],
              [
                -70.90675922999998,
                -12.859696730999929
              ],
              [
                -70.90515623099986,
                -12.866120480999882
              ],
              [
                -70.90698822999991,
                -12.869154855999966
              ],
              [
                -70.90936798099989,
                -12.868315354999936
              ],
              [
                -70.9107193559999,
                -12.865192855999965
              ],
              [
                -70.91533335499992,
                -12.864260729999899
              ],
              [
                -70.91705772999995,
                -12.866451230999871
              ],
              [
                -70.91775685599998,
                -12.869899979999957
              ],
              [
                -70.92066923099998,
                -12.872757980999893
              ],
              [
                -70.92391560599992,
                -12.874092979999944
              ],
              [
                -70.92800522999983,
                -12.872599605999937
              ],
              [
                -70.9281384809999,
                -12.869693229999882
              ],
              [
                -70.92673872999984,
                -12.866426855999919
              ],
              [
                -70.92709860499997,
                -12.86464048099998
              ],
              [
                -70.92999172999998,
                -12.864600479999979
              ],
              [
                -70.93149822999999,
                -12.866453605999823
              ],
              [
                -70.93408460599994,
                -12.872092979999934
              ],
              [
                -70.93552447999997,
                -12.876919229999942
              ],
              [
                -70.93777760499995,
                -12.87902560599997
              ],
              [
                -70.94079060599995,
                -12.87681260599993
              ],
              [
                -70.94501685499995,
                -12.870599855999956
              ],
              [
                -70.94755010499995,
                -12.870999729999824
              ],
              [
                -70.94603010599997,
                -12.873692854999888
              ],
              [
                -70.9471899809999,
                -12.879644229999826
              ],
              [
                -70.94888322999992,
                -12.882310730999905
              ],
              [
                -70.95313610599993,
                -12.884977104999905
              ],
              [
                -70.95389047999998,
                -12.886526355999933
              ],
              [
                -70.95141110499992,
                -12.893408105999981
              ],
              [
                -70.94941235599993,
                -12.896267105999925
              ],
              [
                -70.94979185599988,
                -12.898619980999854
              ],
              [
                -70.95353622999983,
                -12.899024854999936
              ],
              [
                -70.95568685499995,
                -12.901023605999967
              ],
              [
                -70.95399172999993,
                -12.903755980999904
              ],
              [
                -70.9542447309999,
                -12.909145105999926
              ],
              [
                -70.95138573099996,
                -12.911295605999953
              ],
              [
                -70.95199298099993,
                -12.913547355999924
              ],
              [
                -70.95500373099992,
                -12.916937605999976
              ],
              [
                -70.95475073099993,
                -12.922240605999946
              ],
              [
                -70.95619285599997,
                -12.924745354999914
              ],
              [
                -70.96375772999994,
                -12.926820104999877
              ],
              [
                -70.96593360599991,
                -12.928059729999973
              ],
              [
                -70.96621185599992,
                -12.931652479999968
              ],
              [
                -70.96339435599998,
                -12.932211105999897
              ],
              [
                -70.96190023099996,
                -12.934403729999872
              ],
              [
                -70.96267635499999,
                -12.938323480999827
              ],
              [
                -70.96058072999995,
                -12.941622355999925
              ],
              [
                -70.96366598099996,
                -12.943329980999977
              ],
              [
                -70.96488847999996,
                -12.946007730999952
              ],
              [
                -70.96824548099988,
                -12.946745105999923
              ],
              [
                -70.97020535599995,
                -12.95252785599996
              ],
              [
                -70.97045760599997,
                -12.957243105999908
              ],
              [
                -70.97278622999988,
                -12.962284355999941
              ],
              [
                -70.97864635499991,
                -12.970182105999982
              ],
              [
                -70.97946148099993,
                -12.973694354999964
              ],
              [
                -70.98198398099993,
                -12.976275230999818
              ],
              [
                -70.9808973559999,
                -12.978118605999839
              ],
              [
                -70.98171235599995,
                -12.982096604999981
              ],
              [
                -70.9793449799999,
                -12.981378604999918
              ],
              [
                -70.97625960599987,
                -12.982426480999948
              ],
              [
                -70.97761797999982,
                -12.985123730999817
              ],
              [
                -70.98037347999997,
                -12.98580297999996
              ],
              [
                -70.98081973099994,
                -12.98954798099993
              ],
              [
                -70.98650535599984,
                -12.991779480999924
              ],
              [
                -70.98970710499998,
                -12.996960605999902
              ],
              [
                -70.98794123099998,
                -12.998706980999884
              ],
              [
                -70.9890718559999,
                -13.001202854999974
              ],
              [
                -70.99110123099996,
                -13.001621480999972
              ],
              [
                -70.98729660599992,
                -13.010224105999896
              ],
              [
                -70.98831310499992,
                -13.012402479999935
              ],
              [
                -70.99060422999997,
                -13.013628729999937
              ],
              [
                -70.99166922999996,
                -13.017807729999959
              ],
              [
                -70.99368610599998,
                -13.020789605999937
              ],
              [
                -70.99068498099996,
                -13.023935980999966
              ],
              [
                -70.98726422999994,
                -13.023306605999835
              ],
              [
                -70.98276248099995,
                -13.023451855999951
              ],
              [
                -70.98021310599995,
                -13.025726980999877
              ],
              [
                -70.98024548099988,
                -13.031148480999946
              ],
              [
                -70.98266573099994,
                -13.036666730999912
              ],
              [
                -70.97903522999991,
                -13.04113622999995
              ],
              [
                -70.9803744809999,
                -13.042620605999957
              ],
              [
                -70.97866410599994,
                -13.045234605999951
              ],
              [
                -70.97475935499989,
                -13.047251480999932
              ],
              [
                -70.97148397999996,
                -13.053253855999913
              ],
              [
                -70.96940248099997,
                -13.054108980999956
              ],
              [
                -70.96262560599996,
                -13.052721355999836
              ],
              [
                -70.95949523099995,
                -13.053431230999934
              ],
              [
                -70.95647460599992,
                -13.055697229999964
              ],
              [
                -70.95170510499992,
                -13.057287105999933
              ],
              [
                -70.94889060499992,
                -13.057083979999845
              ],
              [
                -70.94535747999998,
                -13.059386729999858
              ],
              [
                -70.94213873099994,
                -13.05972848099998
              ],
              [
                -70.93842385599999,
                -13.062439480999956
              ],
              [
                -70.93621873099994,
                -13.066722605999928
              ],
              [
                -70.93244922999997,
                -13.068693355999926
              ],
              [
                -70.92804685599998,
                -13.067505855999912
              ],
              [
                -70.92603322999997,
                -13.069626980999885
              ],
              [
                -70.92574222999997,
                -13.07346097999988
              ],
              [
                -70.92851160599997,
                -13.07364060599997
              ],
              [
                -70.92950385599994,
                -13.076044980999882
              ],
              [
                -70.92664260599997,
                -13.078498105999927
              ],
              [
                -70.92447648099989,
                -13.0816777309999
              ],
              [
                -70.92070698099991,
                -13.083386730999905
              ],
              [
                -70.91816010599996,
                -13.083000105999929
              ],
              [
                -70.9151387309999,
                -13.084195355999952
              ],
              [
                -70.90972073099988,
                -13.088302730999885
              ],
              [
                -70.9061347309999,
                -13.091927730999885
              ],
              [
                -70.90699797999991,
                -13.093646480999894
              ],
              [
                -70.90460160599997,
                -13.100542980999933
              ],
              [
                -70.90063473099985,
                -13.102380105999885
              ],
              [
                -70.8946122299999,
                -13.101886479999905
              ],
              [
                -70.8899447309999,
                -13.102874855999971
              ],
              [
                -70.89747723099998,
                -13.104051729999924
              ],
              [
                -70.90816385599993,
                -13.107629730999918
              ],
              [
                -70.91371910599986,
                -13.107817980999869
              ],
              [
                -70.91706160499984,
                -13.109748355999898
              ],
              [
                -70.92139285499991,
                -13.110830980999935
              ],
              [
                -70.92304060599992,
                -13.115632980999976
              ],
              [
                -70.92214610499997,
                -13.121517730999926
              ],
              [
                -70.92520610599996,
                -13.12443635599982
              ],
              [
                -70.92825810499994,
                -13.129237480999961
              ],
              [
                -70.93536873099998,
                -13.130008855999904
              ],
              [
                -70.94043960599987,
                -13.132750355999917
              ],
              [
                -70.94228035499992,
                -13.135486605999915
              ],
              [
                -70.93994210499983,
                -13.13862073099989
              ],
              [
                -70.9376362299999,
                -13.144084605999979
              ],
              [
                -70.93857197999995,
                -13.150135730999978
              ],
              [
                -70.94219022999994,
                -13.156498854999938
              ],
              [
                -70.94384347999994,
                -13.157540605999884
              ],
              [
                -70.94928335599991,
                -13.158638605999897
              ],
              [
                -70.9573532309999,
                -13.16345460599996
              ],
              [
                -70.95954923099998,
                -13.166409105999946
              ],
              [
                -70.9629827309999,
                -13.169483355999944
              ],
              [
                -70.96669585599994,
                -13.16936360599982
              ],
              [
                -70.96973022999998,
                -13.167726605999974
              ],
              [
                -70.97452123099998,
                -13.16828560599987
              ],
              [
                -70.97747573099997,
                -13.170481355999925
              ],
              [
                -70.97791497999998,
                -13.173555730999908
              ],
              [
                -70.98082948099989,
                -13.178546480999955
              ],
              [
                -70.9838238559999,
                -13.18253898099988
              ],
              [
                -70.98486197999995,
                -13.185932730999923
              ],
              [
                -70.98780472999988,
                -13.189593730999889
              ],
              [
                -70.98841535599996,
                -13.194636480999975
              ],
              [
                -70.98993248099998,
                -13.197670855999945
              ],
              [
                -70.99352573099992,
                -13.20098448099992
              ],
              [
                -70.99432435599994,
                -13.203220480999903
              ],
              [
                -70.99057135499999,
                -13.21551748099995
              ],
              [
                -70.99085085599995,
                -13.22154635599992
              ],
              [
                -70.9924478559999,
                -13.2229836059999
              ],
              [
                -70.99472360499993,
                -13.222783855999978
              ],
              [
                -71.00111172999993,
                -13.229331730999888
              ],
              [
                -71.0078592299999,
                -13.230968730999962
              ],
              [
                -71.01149235599996,
                -13.239792230999967
              ],
              [
                -71.00901698099995,
                -13.245661355999971
              ],
              [
                -71.00789897999988,
                -13.251530355999932
              ],
              [
                -71.00811323099987,
                -13.255902355999922
              ],
              [
                -71.00965385599989,
                -13.26066360599998
              ],
              [
                -71.01200198099991,
                -13.264962855999954
              ],
              [
                -71.01403535499986,
                -13.267188480999891
              ],
              [
                -71.0183521059999,
                -13.26902535599993
              ],
              [
                -71.02340335599996,
                -13.269117230999882
              ],
              [
                -71.02790360599988,
                -13.270678480999948
              ],
              [
                -71.03203648099998,
                -13.271045855999944
              ],
              [
                -71.03626122999987,
                -13.270494855999914
              ],
              [
                -71.04094523099991,
                -13.268749855999943
              ],
              [
                -71.04764973099998,
                -13.262780105999923
              ],
              [
                -71.05361948099988,
                -13.25965748099992
              ],
              [
                -71.05940548099983,
                -13.257453355999928
              ],
              [
                -71.06417873099997,
                -13.256700980999938
              ],
              [
                -71.07857548099992,
                -13.247070230999952
              ],
              [
                -71.08289260599992,
                -13.244644480999966
              ],
              [
                -71.08682223099999,
                -13.245281230999979
              ],
              [
                -71.09105660499995,
                -13.240320355999927
              ],
              [
                -71.09642085599995,
                -13.238422980999815
              ],
              [
                -71.09920773099998,
                -13.238059480999937
              ],
              [
                -71.10750660499997,
                -13.238226105999956
              ],
              [
                -71.11054585499983,
                -13.236844730999962
              ],
              [
                -71.11828185599995,
                -13.23546323099987
              ],
              [
                -71.12201173099993,
                -13.233529230999977
              ],
              [
                -71.12763235599994,
                -13.22686373099998
              ],
              [
                -71.13153660599994,
                -13.220017105999943
              ],
              [
                -71.13255510599993,
                -13.216056230999982
              ],
              [
                -71.13486323099994,
                -13.211001980999924
              ],
              [
                -71.1347618559999,
                -13.204003855999815
              ],
              [
                -71.1365726059999,
                -13.199081105999824
              ],
              [
                -71.13934510599995,
                -13.195799230999967
              ],
              [
                -71.14064648099998,
                -13.180911980999838
              ],
              [
                -71.14214047999997,
                -13.178739355999937
              ],
              [
                -71.14023922999996,
                -13.16973098099993
              ],
              [
                -71.14042022999985,
                -13.166698105999899
              ],
              [
                -71.14254785599985,
                -13.163122105999946
              ],
              [
                -71.14232723099997,
                -13.160443355999917
              ],
              [
                -71.14310148099992,
                -13.155798105999963
              ],
              [
                -71.14576823099992,
                -13.150980980999918
              ],
              [
                -71.14650073099995,
                -13.1474984809999
              ],
              [
                -71.14576760599988,
                -13.142773855999963
              ],
              [
                -71.14381260599987,
                -13.140004230999978
              ],
              [
                -71.14397560599986,
                -13.137234605999936
              ],
              [
                -71.14542185599998,
                -13.13438673099995
              ],
              [
                -71.14617485499991,
                -13.130717855999876
              ],
              [
                -71.15114385599992,
                -13.124119855999936
              ],
              [
                -71.15259060599988,
                -13.12339797999988
              ],
              [
                -71.15822098099989,
                -13.122980980999898
              ],
              [
                -71.16166185599997,
                -13.119592230999956
              ],
              [
                -71.16249598099995,
                -13.115473730999952
              ],
              [
                -71.16478985599986,
                -13.112345730999948
              ],
              [
                -71.16525910599995,
                -13.109269730999927
              ],
              [
                -71.16464047999995,
                -13.105491980999886
              ],
              [
                -71.16651510599996,
                -13.103396980999946
              ],
              [
                -71.16818223099995,
                -13.094088605999957
              ],
              [
                -71.16762660599989,
                -13.089920605999907
              ],
              [
                -71.16568148099998,
                -13.084641230999978
              ],
              [
                -71.16137460499988,
                -13.075749604999942
              ],
              [
                -71.16081885599993,
                -13.071859480999876
              ],
              [
                -71.16157810599992,
                -13.06646135599982
              ],
              [
                -71.1674871059999,
                -13.060402730999897
              ],
              [
                -71.1733214809999,
                -13.056438355999887
              ],
              [
                -71.17347110599997,
                -13.051726105999819
              ],
              [
                -71.17175073099997,
                -13.04776173099998
              ],
              [
                -71.17100273099999,
                -13.04349823099983
              ],
              [
                -71.17199998099994,
                -13.039763730999937
              ],
              [
                -71.17182548099987,
                -13.03684110499995
              ],
              [
                -71.16995810599991,
                -13.033095105999962
              ],
              [
                -71.16826510599998,
                -13.02580835599997
              ],
              [
                -71.16623048099996,
                -13.022517230999881
              ],
              [
                -71.16652972999992,
                -13.017670230999954
              ],
              [
                -71.16790598099993,
                -13.014977480999903
              ],
              [
                -71.16766673099994,
                -13.011925730999906
              ],
              [
                -71.16862410499994,
                -13.010130480999976
              ],
              [
                -71.1747874809999,
                -13.006959104999908
              ],
              [
                -71.17610410599997,
                -13.004146604999903
              ],
              [
                -71.17825810499983,
                -13.00372773099997
              ],
              [
                -71.17939510599984,
                -12.99941935499993
              ],
              [
                -71.17867698099991,
                -12.995290480999927
              ],
              [
                -71.17424398099996,
                -12.990468355999894
              ],
              [
                -71.17304248099992,
                -12.983334605999914
              ],
              [
                -71.17086485599998,
                -12.981457355999964
              ],
              [
                -71.16774860599998,
                -12.981645105999917
              ],
              [
                -71.16459473099997,
                -12.979129480999973
              ],
              [
                -71.15900060599995,
                -12.97867885599993
              ],
              [
                -71.16102498099991,
                -12.973791230999893
              ],
              [
                -71.16139135599997,
                -12.968111980999936
              ],
              [
                -71.16352873099987,
                -12.965852480999956
              ],
              [
                -71.16992373099998,
                -12.96480335599989
              ],
              [
                -71.17207323099996,
                -12.965311355999916
              ],
              [
                -71.17641010599993,
                -12.970943354999974
              ],
              [
                -71.17832648099989,
                -12.96847710499992
              ],
              [
                -71.18645573099997,
                -12.968750729999954
              ],
              [
                -71.19041348099995,
                -12.966220479999947
              ],
              [
                -71.19506060599997,
                -12.959968730999947
              ],
              [
                -71.19954185499995,
                -12.95919423099997
              ],
              [
                -71.20557210599998,
                -12.96157310599989
              ],
              [
                -71.20827535499996,
                -12.959779355999956
              ],
              [
                -71.21241010599994,
                -12.958822230999942
              ],
              [
                -71.21909373099993,
                -12.9594512299999
              ],
              [
                -71.22093160599997,
                -12.95766398099994
              ],
              [
                -71.22275585599982,
                -12.961056604999953
              ],
              [
                -71.22627935599996,
                -12.96095310599992
              ],
              [
                -71.22731835599996,
                -12.964550730999974
              ],
              [
                -71.22650198099996,
                -12.966482355999915
              ],
              [
                -71.22973635599988,
                -12.96722260499996
              ],
              [
                -71.22972073099993,
                -12.971958979999897
              ],
              [
                -71.23114848099993,
                -12.972296855999957
              ],
              [
                -71.2338341059999,
                -12.969753855999954
              ],
              [
                -71.23875385599985,
                -12.971933604999947
              ],
              [
                -71.24221873099998,
                -12.970703105999917
              ],
              [
                -71.24533785599988,
                -12.967259729999853
              ],
              [
                -71.25211323099995,
                -12.96397660599996
              ],
              [
                -71.25788873099998,
                -12.964820355999962
              ],
              [
                -71.26155860599994,
                -12.962429730999872
              ],
              [
                -71.2649531059999,
                -12.962878854999929
              ],
              [
                -71.26486448099985,
                -12.96155773099997
              ],
              [
                -71.26818610599997,
                -12.954273605999958
              ],
              [
                -71.26791073099992,
                -12.951493730999914
              ],
              [
                -71.26936323099994,
                -12.948538729999939
              ],
              [
                -71.27184248099996,
                -12.945833979999975
              ],
              [
                -71.27194260599998,
                -12.944030980999912
              ],
              [
                -71.26991410599993,
                -12.942528355999912
              ],
              [
                -71.26367835599996,
                -12.935441105999814
              ],
              [
                -71.26169998099994,
                -12.93406373099998
              ],
              [
                -71.2573426059999,
                -12.933713104999924
              ],
              [
                -71.25393660599991,
                -12.931584480999902
              ],
              [
                -71.25125698099998,
                -12.92855423099985
              ],
              [
                -71.24947898099987,
                -12.921667480999872
              ],
              [
                -71.24735023099993,
                -12.91776072999994
              ],
              [
                -71.24574748099985,
                -12.917184730999963
              ],
              [
                -71.24627348099995,
                -12.91310273099998
              ],
              [
                -71.24489610599994,
                -12.90751810599994
              ],
              [
                -71.24620560599993,
                -12.906425855999828
              ],
              [
                -71.24997435599983,
                -12.900080980999917
              ],
              [
                -71.25328923099983,
                -12.898697480999942
              ],
              [
                -71.2576991059999,
                -12.89858223099992
              ],
              [
                -71.26202898099996,
                -12.893745230999912
              ],
              [
                -71.26728398099993,
                -12.892005105999829
              ],
              [
                -71.27017248099992,
                -12.890195479999932
              ],
              [
                -71.27100773099994,
                -12.886193354999932
              ],
              [
                -71.27356660499998,
                -12.880420105999974
              ],
              [
                -71.27198710599987,
                -12.879112354999961
              ],
              [
                -71.27377035599989,
                -12.875953354999979
              ],
              [
                -71.27361748099992,
                -12.870773229999827
              ],
              [
                -71.27540085599998,
                -12.867546230999892
              ],
              [
                -71.27521398099998,
                -12.865576104999946
              ],
              [
                -71.27190210599991,
                -12.863928605999888
              ],
              [
                -71.27110385599997,
                -12.86233210599994
              ],
              [
                -71.2726833559999,
                -12.855963105999933
              ],
              [
                -71.27336898099998,
                -12.848160980999978
              ],
              [
                -71.27525660599991,
                -12.844385729999942
              ],
              [
                -71.27613148099994,
                -12.83991985599988
              ],
              [
                -71.27898585599996,
                -12.836144604999902
              ],
              [
                -71.27944623099995,
                -12.832277230999921
              ],
              [
                -71.28257698099998,
                -12.827811230999885
              ],
              [
                -71.27926635599988,
                -12.82022798099996
              ],
              [
                -71.27003347999994,
                -12.819482480999966
              ],
              [
                -71.26142547999996,
                -12.816913355999873
              ],
              [
                -71.25938598099998,
                -12.814926854999896
              ],
              [
                -71.24937423099982,
                -12.81037123099992
              ],
              [
                -71.24717423099997,
                -12.808295980999901
              ],
              [
                -71.24418123099991,
                -12.807085979999954
              ],
              [
                -71.23946873099993,
                -12.803901980999967
              ],
              [
                -71.23558410599986,
                -12.797788480999941
              ],
              [
                -71.22896998099998,
                -12.794554854999888
              ],
              [
                -71.2242318559999,
                -12.790084855999964
              ],
              [
                -71.21627535599998,
                -12.784631604999959
              ],
              [
                -71.21564960599989,
                -12.78217310599996
              ],
              [
                -71.2097939809999,
                -12.781055604999949
              ],
              [
                -71.20849773099997,
                -12.779267605999962
              ],
              [
                -71.20514522999986,
                -12.778507730999877
              ],
              [
                -71.20375960599995,
                -12.776004605999901
              ],
              [
                -71.1970099809999,
                -12.773590854999952
              ],
              [
                -71.1941044809999,
                -12.770819479999886
              ],
              [
                -71.19030498099994,
                -12.769210230999875
              ],
              [
                -71.18896410599996,
                -12.76433798099987
              ],
              [
                -71.18583510599996,
                -12.757767230999946
              ],
              [
                -71.18252735599992,
                -12.754861730999892
              ],
              [
                -71.17877260599994,
                -12.748290979999979
              ],
              [
                -71.18078410499993,
                -12.74462560499984
              ],
              [
                -71.18552223099994,
                -12.740915480999888
              ],
              [
                -71.18887460499991,
                -12.736043354999936
              ],
              [
                -71.19048385599984,
                -12.73161823099997
              ],
              [
                -71.19034973099991,
                -12.729293730999927
              ],
              [
                -71.18668435599989,
                -12.724019104999968
              ],
              [
                -71.18501948099998,
                -12.717501979999952
              ],
              [
                -71.18169360599995,
                -12.717745480999952
              ],
              [
                -71.17960985599996,
                -12.714904229999945
              ],
              [
                -71.17878910599995,
                -12.711747355999876
              ],
              [
                -71.17594935599993,
                -12.707775354999967
              ],
              [
                -71.16993760599996,
                -12.705847605999963
              ],
              [
                -71.16822848099997,
                -12.701630854999962
              ],
              [
                -71.16648048099995,
                -12.700390729999924
              ],
              [
                -71.16503123099994,
                -12.695357479999927
              ],
              [
                -71.16017185499993,
                -12.691359229999875
              ],
              [
                -71.15819535599991,
                -12.688419979999935
              ],
              [
                -71.15513673099997,
                -12.68604085499993
              ],
              [
                -71.15276373099994,
                -12.683050729999877
              ],
              [
                -71.14672073099996,
                -12.678769479999858
              ],
              [
                -71.14321098099998,
                -12.678671855999937
              ],
              [
                -71.13700198099997,
                -12.676335980999966
              ],
              [
                -71.13287310599998,
                -12.671851605999962
              ],
              [
                -71.12872260599983,
                -12.669408229999874
              ],
              [
                -71.12831835599997,
                -12.666085979999878
              ],
              [
                -71.12889060599997,
                -12.663126980999948
              ],
              [
                -71.12638085599997,
                -12.661193354999966
              ],
              [
                -71.12834185599996,
                -12.657833979999964
              ],
              [
                -71.12874610599988,
                -12.65425197999997
              ],
              [
                -71.12469535599996,
                -12.650921855999911
              ],
              [
                -71.12145310599982,
                -12.649693354999897
              ],
              [
                -71.12107035599996,
                -12.647246105999898
              ],
              [
                -71.12227535599999,
                -12.644580105999864
              ],
              [
                -71.11977348099992,
                -12.638826230999939
              ],
              [
                -71.12079685499998,
                -12.633917980999968
              ],
              [
                -71.12303123099991,
                -12.62977148099992
              ],
              [
                -71.11750785599997,
                -12.62008985499989
              ],
              [
                -71.1152109809999,
                -12.617478479999932
              ],
              [
                -71.11130460599998,
                -12.615277354999876
              ],
              [
                -71.10586523099988,
                -12.613214855999956
              ],
              [
                -71.10459185599996,
                -12.611056604999874
              ],
              [
                -71.10633785599998,
                -12.60894535499989
              ],
              [
                -71.10340035499996,
                -12.603843729999937
              ],
              [
                -71.10389648099988,
                -12.601001979999921
              ],
              [
                -71.10105072999988,
                -12.594255855999961
              ],
              [
                -71.09969335599999,
                -12.595324229999903
              ],
              [
                -71.09812885599996,
                -12.591087855999945
              ],
              [
                -71.09678710499998,
                -12.592392604999816
              ],
              [
                -71.0938944809999,
                -12.59128510499994
              ],
              [
                -71.09094923099985,
                -12.592283230999897
              ],
              [
                -71.09036323099997,
                -12.588040980999892
              ],
              [
                -71.0853047299999,
                -12.588757854999812
              ],
              [
                -71.08311523099997,
                -12.586144480999963
              ],
              [
                -71.08297648099995,
                -12.584103479999897
              ],
              [
                -71.07939060499996,
                -12.58395897999992
              ],
              [
                -71.07752935599996,
                -12.582437480999886
              ],
              [
                -71.07955860599992,
                -12.580660105999925
              ],
              [
                -71.07697260499992,
                -12.57732610499994
              ],
              [
                -71.07366210599992,
                -12.577460980999888
              ],
              [
                -71.07250198099996,
                -12.579484354999977
              ],
              [
                -71.06989260599994,
                -12.578439480999975
              ],
              [
                -71.0680078559999,
                -12.576085980999835
              ],
              [
                -71.06385747999997,
                -12.577320355999916
              ],
              [
                -71.06179885499995,
                -12.580046854999978
              ],
              [
                -71.05605273099997,
                -12.579947229999902
              ],
              [
                -71.05284960599988,
                -12.575244104999967
              ],
              [
                -71.05417573099999,
                -12.573796854999955
              ],
              [
                -71.04756248099994,
                -12.57235748099987
              ],
              [
                -71.04455660499991,
                -12.569623104999948
              ],
              [
                -71.04455660599984,
                -12.564761729999873
              ],
              [
                -71.04225197999995,
                -12.56391997999998
              ],
              [
                -71.04136710499989,
                -12.56179298099994
              ],
              [
                -71.03767385599997,
                -12.562083980999944
              ],
              [
                -71.03526373099993,
                -12.56390035599992
              ],
              [
                -71.0302891049999,
                -12.562265605999926
              ],
              [
                -71.02978510499997,
                -12.559331979999968
              ],
              [
                -71.02678710499998,
                -12.561171854999941
              ],
              [
                -71.02675585599997,
                -12.563476605999938
              ],
              [
                -71.02365023099992,
                -12.563599604999922
              ],
              [
                -71.02158398099994,
                -12.562222604999931
              ],
              [
                -71.01683010599999,
                -12.563126979999879
              ],
              [
                -71.01347260499995,
                -12.565267604999974
              ],
              [
                -71.00965648099992,
                -12.564988854999854
              ],
              [
                -71.00939973099997,
                -12.56294897999993
              ],
              [
                -71.00680085599998,
                -12.562087729999973
              ],
              [
                -71.00594710599995,
                -12.55957960499984
              ],
              [
                -71.00402060499988,
                -12.55803085499997
              ],
              [
                -71.00444372999993,
                -12.556074104999936
              ],
              [
                -71.00218485599999,
                -12.554117480999878
              ],
              [
                -71.00053035599996,
                -12.54916897999982
              ],
              [
                -70.99759148099997,
                -12.547952729999906
              ],
              [
                -70.9958312309999,
                -12.544311229999948
              ],
              [
                -70.99029347999993,
                -12.542301729999963
              ],
              [
                -70.98596460599992,
                -12.539861479999956
              ],
              [
                -70.98240635599996,
                -12.538943604999929
              ],
              [
                -70.9800869799999,
                -12.539555479999933
              ],
              [
                -70.9762717299999,
                -12.536949105999952
              ],
              [
                -70.97765435499997,
                -12.53553635599991
              ],
              [
                -70.97544073099988,
                -12.53249172999989
              ],
              [
                -70.97594697999995,
                -12.529107229999909
              ],
              [
                -70.97179935599996,
                -12.527052355999956
              ],
              [
                -70.97029573099996,
                -12.525390230999847
              ],
              [
                -70.96480360499993,
                -12.522949979999908
              ],
              [
                -70.96203098099994,
                -12.522746104999896
              ],
              [
                -70.95721848099993,
                -12.520842229999971
              ],
              [
                -70.95350910599996,
                -12.523781104999955
              ],
              [
                -70.95412097999997,
                -12.527921105999894
              ],
              [
                -70.94775423099998,
                -12.525053104999927
              ],
              [
                -70.94873635499994,
                -12.522257854999907
              ],
              [
                -70.9452138559999,
                -12.520312479999973
              ],
              [
                -70.94487398099994,
                -12.518045979999954
              ],
              [
                -70.9429002309999,
                -12.514551855999969
              ],
              [
                -70.93883010499991,
                -12.517564354999877
              ],
              [
                -70.93363610499995,
                -12.516195105999941
              ],
              [
                -70.93252185599994,
                -12.514240229999928
              ],
              [
                -70.93154910499993,
                -12.509282354999982
              ],
              [
                -70.92912210499986,
                -12.508120854999959
              ],
              [
                -70.92919773099999,
                -12.511378854999975
              ],
              [
                -70.92720510599997,
                -12.513116479999951
              ],
              [
                -70.92648735499989,
                -12.50931085499991
              ],
              [
                -70.92330498099994,
                -12.509395729999937
              ],
              [
                -70.92277610599996,
                -12.505117855999913
              ],
              [
                -70.92157672999986,
                -12.50412622999994
              ],
              [
                -70.9187059809999,
                -12.50485322999998
              ],
              [
                -70.91762922999999,
                -12.501718104999895
              ],
              [
                -70.91514573099994,
                -12.499272230999964
              ],
              [
                -70.91240710499994,
                -12.498507354999902
              ],
              [
                -70.90813860599997,
                -12.502643605999936
              ],
              [
                -70.90700548099994,
                -12.504815604999976
              ],
              [
                -70.90472010599984,
                -12.5019919799999
              ],
              [
                -70.90316185499995,
                -12.504475604999982
              ],
              [
                -70.90082935499998,
                -12.50245472999984
              ],
              [
                -70.90249135599998,
                -12.500254354999925
              ],
              [
                -70.90001723099994,
                -12.498327855999946
              ],
              [
                -70.89990385599987,
                -12.495287104999932
              ],
              [
                -70.89727860499988,
                -12.495627104999869
              ],
              [
                -70.89736360599983,
                -12.492284105999943
              ],
              [
                -70.89079085499992,
                -12.492661854999938
              ],
              [
                -70.88259385499998,
                -12.488695480999922
              ],
              [
                -70.88024248099987,
                -12.490055355999914
              ],
              [
                -70.87784360499995,
                -12.488676604999966
              ],
              [
                -70.87808947999997,
                -12.484087105999947
              ],
              [
                -70.87677660499998,
                -12.48149010499992
              ],
              [
                -70.87474635599995,
                -12.480507979999913
              ],
              [
                -70.87319760499997,
                -12.478043104999927
              ],
              [
                -70.87024172999992,
                -12.477665479999928
              ],
              [
                -70.86954298099994,
                -12.474785104999967
              ],
              [
                -70.86669098099992,
                -12.473850354999911
              ],
              [
                -70.86333848099991,
                -12.471121105999941
              ],
              [
                -70.86230923099993,
                -12.467664729999967
              ],
              [
                -70.86027885599998,
                -12.465360604999944
              ],
              [
                -70.8572474799999,
                -12.464841229999934
              ],
              [
                -70.85390448099997,
                -12.465558855999973
              ],
              [
                -70.85240285599997,
                -12.460204479999902
              ],
              [
                -70.8474167309999,
                -12.455813105999937
              ],
              [
                -70.84730335599994,
                -12.452630730999942
              ],
              [
                -70.84206235499988,
                -12.4534901049999
              ],
              [
                -70.83847373099997,
                -12.451327479999918
              ],
              [
                -70.83864373099993,
                -12.449221604999877
              ],
              [
                -70.83599960499998,
                -12.44784285499992
              ],
              [
                -70.83602785499994,
                -12.44551985499993
              ],
              [
                -70.83197660499991,
                -12.445274229999939
              ],
              [
                -70.83043735599995,
                -12.443914354999947
              ],
              [
                -70.82990847999997,
                -12.439617479999981
              ],
              [
                -70.82645210499999,
                -12.439438104999965
              ],
              [
                -70.82370398099988,
                -12.436501104999934
              ],
              [
                -70.82411010499999,
                -12.4348486049999
              ],
              [
                -70.8205216049999,
                -12.433158104999848
              ],
              [
                -70.81765073099996,
                -12.435282979999954
              ],
              [
                -70.81531822999989,
                -12.43395135499992
              ],
              [
                -70.81635685499992,
                -12.43173210499998
              ],
              [
                -70.81381660599999,
                -12.429276855999944
              ],
              [
                -70.81460998099982,
                -12.426642104999928
              ],
              [
                -70.80991647999997,
                -12.426047104999896
              ],
              [
                -70.80688523099997,
                -12.423554105999926
              ],
              [
                -70.80561973099998,
                -12.419823854999947
              ],
              [
                -70.8026411059999,
                -12.416824229999918
              ],
              [
                -70.80071485499997,
                -12.418122479999965
              ],
              [
                -70.79809760499995,
                -12.41548422999989
              ],
              [
                -70.79231872999998,
                -12.4173267299999
              ],
              [
                -70.79303060499984,
                -12.414018605999956
              ],
              [
                -70.7886336059999,
                -12.411254729999882
              ],
              [
                -70.78804735499989,
                -12.408805105999875
              ],
              [
                -70.78551385499998,
                -12.405601479999916
              ],
              [
                -70.78362947999995,
                -12.40109985499987
              ],
              [
                -70.78261647999994,
                -12.396936104999895
              ],
              [
                -70.78513810599998,
                -12.396370479999973
              ],
              [
                -70.78663373099982,
                -12.39214210599988
              ],
              [
                -70.78846510499983,
                -12.39129835499989
              ],
              [
                -70.79111135599993,
                -12.392151729999966
              ],
              [
                -70.79220435499997,
                -12.389313729999913
              ],
              [
                -70.78946222999991,
                -12.389323354999817
              ],
              [
                -70.78796648099996,
                -12.383743104999951
              ],
              [
                -70.78751885499997,
                -12.37953247999991
              ],
              [
                -70.78319322999988,
                -12.376832979999847
              ],
              [
                -70.77469785499989,
                -12.375125105999928
              ],
              [
                -70.77296773099994,
                -12.37927297999994
              ],
              [
                -70.76768860599992,
                -12.381202729999927
              ],
              [
                -70.7651154799999,
                -12.37987185499992
              ],
              [
                -70.76558160499997,
                -12.377054855999972
              ],
              [
                -70.76436148099998,
                -12.375790479999921
              ],
              [
                -70.76209460599989,
                -12.3785396049999
              ],
              [
                -70.75809472999998,
                -12.381346230999952
              ],
              [
                -70.76002310499985,
                -12.385498854999923
              ],
              [
                -70.75675823099988,
                -12.390825604999861
              ],
              [
                -70.75221422999988,
                -12.389546479999979
              ],
              [
                -70.74939810499995,
                -12.387245854999946
              ],
              [
                -70.7460377299999,
                -12.386052479999876
              ],
              [
                -70.74357485499996,
                -12.387761354999896
              ],
              [
                -70.74325022999983,
                -12.391856729999972
              ],
              [
                -70.7400427309999,
                -12.392543980999903
              ],
              [
                -70.73994010499996,
                -12.388824480999915
              ],
              [
                -70.73856773099993,
                -12.38841885499994
              ],
              [
                -70.73341272999988,
                -12.389588229999958
              ],
              [
                -70.73091872999993,
                -12.3927862299999
              ],
              [
                -70.72942385599998,
                -12.396494104999931
              ],
              [
                -70.7273554809999,
                -12.240392604999897
              ],
              [
                -70.73220122999999,
                -12.240515604999871
              ],
              [
                -70.73587110499989,
                -12.23685747999997
              ],
              [
                -70.74070697999997,
                -12.234496104999891
              ],
              [
                -70.74334760599999,
                -12.23241797999998
              ],
              [
                -70.7451406049999,
                -12.229197229999954
              ],
              [
                -70.7474668559999,
                -12.228648479999947
              ],
              [
                -70.75068748099994,
                -12.22549222999993
              ],
              [
                -70.75363085499993,
                -12.219126979999942
              ],
              [
                -70.75687497999996,
                -12.214912104999826
              ],
              [
                -70.76003322999998,
                -12.214640604999829
              ],
              [
                -70.76502147999997,
                -12.215990104999946
              ],
              [
                -70.76699023099997,
                -12.214197229999911
              ],
              [
                -70.77075198099993,
                -12.20726760499997
              ],
              [
                -70.77124810499993,
                -12.201966854999966
              ],
              [
                -70.77375785499993,
                -12.200386729999934
              ],
              [
                -70.77412497999984,
                -12.198279354999954
              ],
              [
                -70.77707622999998,
                -12.19904497999994
              ],
              [
                -70.77867973099995,
                -12.196675729999868
              ],
              [
                -70.78443160599994,
                -12.19025785499997
              ],
              [
                -70.78666023099998,
                -12.190712854999958
              ],
              [
                -70.79127535599991,
                -12.187392604999957
              ],
              [
                -70.79270122999992,
                -12.183351604999928
              ],
              [
                -70.79885935599992,
                -12.184984354999926
              ],
              [
                -70.8040547299999,
                -12.183052729999872
              ],
              [
                -70.80941797999992,
                -12.178650354999945
              ],
              [
                -70.80928123099989,
                -12.177466854999977
              ],
              [
                -70.81591010599993,
                -12.169929729999978
              ],
              [
                -70.81832822999996,
                -12.164545104999945
              ],
              [
                -70.82094535499988,
                -12.164960979999876
              ],
              [
                -70.82412685499997,
                -12.163294979999876
              ],
              [
                -70.82673635599997,
                -12.159908229999871
              ],
              [
                -70.82565235599998,
                -12.156425729999967
              ],
              [
                -70.82370697999994,
                -12.154322229999934
              ],
              [
                -70.82215822999996,
                -12.15069922999993
              ],
              [
                -70.81929685499983,
                -12.147761729999957
              ],
              [
                -70.81902348099993,
                -12.144708979999962
              ],
              [
                -70.81652935499989,
                -12.14009760499988
              ],
              [
                -70.81379685599995,
                -12.13787310499987
              ],
              [
                -70.81674997999994,
                -12.130244104999974
              ],
              [
                -70.82028122999992,
                -12.126261729999953
              ],
              [
                -70.82171685499998,
                -12.12647660499988
              ],
              [
                -70.82624810499988,
                -12.123798854999848
              ],
              [
                -70.8286582309999,
                -12.123456979999958
              ],
              [
                -70.83197073099996,
                -12.120370979999905
              ],
              [
                -70.83292385599998,
                -12.117537104999826
              ],
              [
                -70.83560935599996,
                -12.113630854999826
              ],
              [
                -70.83870698099992,
                -12.111423854999828
              ],
              [
                -70.8459238559999,
                -12.108455104999962
              ],
              [
                -70.83696797999994,
                -12.078239229999838
              ],
              [
                -70.83366960599994,
                -12.078804729999888
              ],
              [
                -70.8318787309999,
                -12.077898478999884
              ],
              [
                -70.82763672999994,
                -12.077835979999975
              ],
              [
                -70.8255312309999,
                -12.076050729999963
              ],
              [
                -70.81844335599999,
                -12.073439479999877
              ],
              [
                -70.81604685499997,
                -12.073410104999937
              ],
              [
                -70.80648823099989,
                -12.075822354999957
              ],
              [
                -70.80401560499996,
                -12.075132854999936
              ],
              [
                -70.8003847299999,
                -12.077271479999979
              ],
              [
                -70.79615035599994,
                -12.076992229999973
              ],
              [
                -70.7917324799999,
                -12.072437479999962
              ],
              [
                -70.78642185499996,
                -12.069986354999912
              ],
              [
                -70.77878510599993,
                -12.072890604999941
              ],
              [
                -70.77738285599992,
                -12.07440035499991
              ],
              [
                -70.77443748099995,
                -12.07525972999997
              ],
              [
                -70.77038672999998,
                -12.074833853999962
              ],
              [
                -70.76615235499992,
                -12.07250197999997
              ],
              [
                -70.76451947999982,
                -12.068624979999981
              ],
              [
                -70.76165035499992,
                -12.065343729999825
              ],
              [
                -70.7596288549999,
                -12.064552729999946
              ],
              [
                -70.7557441059999,
                -12.069720729999972
              ],
              [
                -70.74978710499988,
                -12.073417979999874
              ],
              [
                -70.74516210599984,
                -12.071376979999968
              ],
              [
                -70.74311910499989,
                -12.073468729999831
              ],
              [
                -70.73815235599983,
                -12.071177729999874
              ],
              [
                -70.73625197999996,
                -12.073160103999953
              ],
              [
                -70.73639648099993,
                -12.074912104999953
              ],
              [
                -70.7306444809999,
                -12.072081854999908
              ],
              [
                -70.72817185499997,
                -12.075667979999878
              ],
              [
                -70.72550197999993,
                -12.077474604999964
              ],
              [
                -70.72357222999995,
                -12.076257854999938
              ],
              [
                -70.72175585599996,
                -12.078673854999977
              ],
              [
                -70.72009960499997,
                -12.078603478999867
              ],
              [
                -70.71907035499999,
                -12.08197072899992
              ],
              [
                -70.71668948099989,
                -12.083839854999951
              ],
              [
                -70.71205072999993,
                -12.085331979999978
              ],
              [
                -70.7116777299999,
                -12.087566353999932
              ],
              [
                -70.70889248099985,
                -12.087439479999887
              ],
              [
                -70.70867185499998,
                -12.090794979999885
              ],
              [
                -70.70718360499995,
                -12.092115229999877
              ],
              [
                -70.70709960499994,
                -12.096915979999892
              ],
              [
                -70.70420897999992,
                -12.09747660499994
              ],
              [
                -70.70335347999992,
                -12.100781229999882
              ],
              [
                -70.70059185499997,
                -12.0983652299999
              ],
              [
                -70.69924222999992,
                -12.099812479999912
              ],
              [
                -70.69417572999998,
                -12.100628854999968
              ],
              [
                -70.69231447999988,
                -12.09612885499996
              ],
              [
                -70.69223822999999,
                -12.093245979999892
              ],
              [
                -70.68782810499994,
                -12.089205104999962
              ],
              [
                -70.68718748099997,
                -12.08684960499994
              ],
              [
                -70.68424998099982,
                -12.08726560499997
              ],
              [
                -70.67861960499988,
                -12.090140604999931
              ],
              [
                -70.67535135499992,
                -12.088630729999977
              ],
              [
                -70.67263735499989,
                -12.08884097999993
              ],
              [
                -70.67064972999992,
                -12.087331104999976
              ],
              [
                -70.66703735499993,
                -12.08958635499988
              ],
              [
                -70.66418960499993,
                -12.086987104999935
              ],
              [
                -70.6630237299999,
                -12.084540729999958
              ],
              [
                -70.65975547999994,
                -12.08444510499993
              ],
              [
                -70.65730898099997,
                -12.085362479999901
              ],
              [
                -70.6542319799999,
                -12.082839729999876
              ],
              [
                -70.6488613549999,
                -12.083298354999897
              ],
              [
                -70.64580335499994,
                -12.085228729999926
              ],
              [
                -70.64440822999995,
                -12.087331104999976
              ],
              [
                -70.64626210499995,
                -12.090541979999898
              ],
              [
                -70.64486672999988,
                -12.092281229999912
              ],
              [
                -70.64188535499994,
                -12.089280604999885
              ],
              [
                -70.63458435599989,
                -12.092166604999932
              ],
              [
                -70.63395360599992,
                -12.095645104999903
              ],
              [
                -70.63213785599999,
                -12.097785729999941
              ],
              [
                -70.62543510599994,
                -12.09953835499988
              ],
              [
                -70.62473247999992,
                -12.104474479999908
              ],
              [
                -70.6219651049999,
                -12.106261479999887
              ],
              [
                -70.62123635499984,
                -12.108005104999847
              ],
              [
                -70.61686422999992,
                -12.10816122999995
              ],
              [
                -70.61486035499996,
                -12.111492479999981
              ],
              [
                -70.61138172999989,
                -12.112724354999955
              ],
              [
                -70.60890935499998,
                -12.109852854999872
              ],
              [
                -70.60581235499996,
                -12.110199854999962
              ],
              [
                -70.60404272999989,
                -12.112793729999908
              ],
              [
                -70.59894185499991,
                -12.113088604999973
              ],
              [
                -70.59719810499996,
                -12.11026060499995
              ],
              [
                -70.59553260499985,
                -12.110529479999968
              ],
              [
                -70.59365872999996,
                -12.113826104999816
              ],
              [
                -70.5879246049999,
                -12.113045229999955
              ],
              [
                -70.58477560499995,
                -12.116662729999973
              ],
              [
                -70.58538285499998,
                -12.120269729999961
              ],
              [
                -70.58296260499992,
                -12.12077297999997
              ],
              [
                -70.58271097999989,
                -12.124759104999896
              ],
              [
                -70.58177410499991,
                -12.126303229999849
              ],
              [
                -70.57919760599998,
                -12.126259854999887
              ],
              [
                -70.57649110599988,
                -12.129729854999937
              ],
              [
                -70.56877035499991,
                -12.125079979999953
              ],
              [
                -70.56497072999997,
                -12.12750897999996
              ],
              [
                -70.55787460499982,
                -12.129469604999827
              ],
              [
                -70.55337223099997,
                -12.128914354999893
              ],
              [
                -70.54931235499998,
                -12.125210103999905
              ],
              [
                -70.5464843549999,
                -12.125704604999953
              ],
              [
                -70.54599860599996,
                -12.12371810499991
              ],
              [
                -70.54310985499995,
                -12.123865604999935
              ],
              [
                -70.54290160499994,
                -12.119822979999867
              ],
              [
                -70.54070685499983,
                -12.118634604999954
              ],
              [
                -70.54174785499998,
                -12.115017104999936
              ],
              [
                -70.54086297999993,
                -12.114028104999932
              ],
              [
                -70.53758385599997,
                -12.116318354999976
              ],
              [
                -70.53615622999996,
                -12.113558604999866
              ]
            ]
          ]
        ],
        "type": "MultiPolygon"
      },
      "type": "Feature",
      "properties": {
        "PROVINCIA": "MANU",
        "DISTRITO": "MADRE DE DIOS",
        "name": "MADRE DE DIOS",
        "ID": "160203",
        "DEPARTAMEN": "MADRE DE DIOS"
      }
    }
  ]
}
