{
  "type": "FeatureCollection",
  "features": [
    {
      "geometry": {
        "coordinates": [
          [
            [
              [
                -71.18501948099998,
                -12.717501979999952
              ],
              [
                -71.18668435599989,
                -12.724019104999968
              ],
              [
                -71.19034973099991,
                -12.729293730999927
              ],
              [
                -71.19048385599984,
                -12.73161823099997
              ],
              [
                -71.18887460499991,
                -12.736043354999936
              ],
              [
                -71.18552223099994,
                -12.740915480999888
              ],
              [
                -71.18078410499993,
                -12.74462560499984
              ],
              [
                -71.17877260599994,
                -12.748290979999979
              ],
              [
                -71.18252735599992,
                -12.754861730999892
              ],
              [
                -71.18583510599996,
                -12.757767230999946
              ],
              [
                -71.18896410599996,
                -12.76433798099987
              ],
              [
                -71.19030498099994,
                -12.769210230999875
              ],
              [
                -71.1941044809999,
                -12.770819479999886
              ],
              [
                -71.1970099809999,
                -12.773590854999952
              ],
              [
                -71.20375960599995,
                -12.776004605999901
              ],
              [
                -71.20514522999986,
                -12.778507730999877
              ],
              [
                -71.20849773099997,
                -12.779267605999962
              ],
              [
                -71.2097939809999,
                -12.781055604999949
              ],
              [
                -71.21564960599989,
                -12.78217310599996
              ],
              [
                -71.21627535599998,
                -12.784631604999959
              ],
              [
                -71.2242318559999,
                -12.790084855999964
              ],
              [
                -71.22896998099998,
                -12.794554854999888
              ],
              [
                -71.23558410599986,
                -12.797788480999941
              ],
              [
                -71.23946873099993,
                -12.803901980999967
              ],
              [
                -71.24418123099991,
                -12.807085979999954
              ],
              [
                -71.24717423099997,
                -12.808295980999901
              ],
              [
                -71.24937423099982,
                -12.81037123099992
              ],
              [
                -71.25938598099998,
                -12.814926854999896
              ],
              [
                -71.26142547999996,
                -12.816913355999873
              ],
              [
                -71.27003347999994,
                -12.819482480999966
              ],
              [
                -71.27926635599988,
                -12.82022798099996
              ],
              [
                -71.28257698099998,
                -12.827811230999885
              ],
              [
                -71.27944623099995,
                -12.832277230999921
              ],
              [
                -71.27898585599996,
                -12.836144604999902
              ],
              [
                -71.27613148099994,
                -12.83991985599988
              ],
              [
                -71.27525660599991,
                -12.844385729999942
              ],
              [
                -71.27336898099998,
                -12.848160980999978
              ],
              [
                -71.2726833559999,
                -12.855963105999933
              ],
              [
                -71.27110385599997,
                -12.86233210599994
              ],
              [
                -71.27190210599991,
                -12.863928605999888
              ],
              [
                -71.27521398099998,
                -12.865576104999946
              ],
              [
                -71.27540085599998,
                -12.867546230999892
              ],
              [
                -71.27361748099992,
                -12.870773229999827
              ],
              [
                -71.27377035599989,
                -12.875953354999979
              ],
              [
                -71.27198710599987,
                -12.879112354999961
              ],
              [
                -71.27356660499998,
                -12.880420105999974
              ],
              [
                -71.27100773099994,
                -12.886193354999932
              ],
              [
                -71.27017248099992,
                -12.890195479999932
              ],
              [
                -71.26728398099993,
                -12.892005105999829
              ],
              [
                -71.26202898099996,
                -12.893745230999912
              ],
              [
                -71.2576991059999,
                -12.89858223099992
              ],
              [
                -71.25328923099983,
                -12.898697480999942
              ],
              [
                -71.24997435599983,
                -12.900080980999917
              ],
              [
                -71.24620560599993,
                -12.906425855999828
              ],
              [
                -71.24489610599994,
                -12.90751810599994
              ],
              [
                -71.24627348099995,
                -12.91310273099998
              ],
              [
                -71.24574748099985,
                -12.917184730999963
              ],
              [
                -71.24735023099993,
                -12.91776072999994
              ],
              [
                -71.24947898099987,
                -12.921667480999872
              ],
              [
                -71.25125698099998,
                -12.92855423099985
              ],
              [
                -71.25393660599991,
                -12.931584480999902
              ],
              [
                -71.2573426059999,
                -12.933713104999924
              ],
              [
                -71.26169998099994,
                -12.93406373099998
              ],
              [
                -71.26367835599996,
                -12.935441105999814
              ],
              [
                -71.26991410599993,
                -12.942528355999912
              ],
              [
                -71.27194260599998,
                -12.944030980999912
              ],
              [
                -71.27184248099996,
                -12.945833979999975
              ],
              [
                -71.26936323099994,
                -12.948538729999939
              ],
              [
                -71.26791073099992,
                -12.951493730999914
              ],
              [
                -71.26818610599997,
                -12.954273605999958
              ],
              [
                -71.26486448099985,
                -12.96155773099997
              ],
              [
                -71.2649531059999,
                -12.962878854999929
              ],
              [
                -71.26699823099989,
                -12.961406105999913
              ],
              [
                -71.27172073099996,
                -12.961843730999817
              ],
              [
                -71.2720489809999,
                -12.954414104999955
              ],
              [
                -71.27906835599993,
                -12.953501980999818
              ],
              [
                -71.27876373099997,
                -12.951246104999939
              ],
              [
                -71.28796485599997,
                -12.948906230999967
              ],
              [
                -71.29382998099999,
                -12.944437480999966
              ],
              [
                -71.29560160599993,
                -12.946599730999822
              ],
              [
                -71.29768360599996,
                -12.943001980999952
              ],
              [
                -71.30100973099991,
                -12.940695354999946
              ],
              [
                -71.30162110599997,
                -12.935097604999896
              ],
              [
                -71.30268160599996,
                -12.934066355999846
              ],
              [
                -71.3065722309999,
                -12.934728479999933
              ],
              [
                -71.31045510599995,
                -12.929976730999954
              ],
              [
                -71.3127519809999,
                -12.931853479999972
              ],
              [
                -71.31541410599982,
                -12.93072848099996
              ],
              [
                -71.31581060599996,
                -12.924488229999952
              ],
              [
                -71.32005273099992,
                -12.92416210599987
              ],
              [
                -71.3196028559999,
                -12.922000480999884
              ],
              [
                -71.32190023099992,
                -12.919973980999941
              ],
              [
                -71.32610660599988,
                -12.918312604999926
              ],
              [
                -71.32871048099997,
                -12.914648355999816
              ],
              [
                -71.3334352309999,
                -12.904527229999928
              ],
              [
                -71.33712298099994,
                -12.900344480999877
              ],
              [
                -71.33988023099988,
                -12.89848285499994
              ],
              [
                -71.34127048099998,
                -12.895537355999977
              ],
              [
                -71.3481396059999,
                -12.892509230999963
              ],
              [
                -71.3512266059999,
                -12.887996605999888
              ],
              [
                -71.35380698099988,
                -12.886511979999966
              ],
              [
                -71.35493810599996,
                -12.883978729999967
              ],
              [
                -71.35992473099998,
                -12.882514980999929
              ],
              [
                -71.35923385599995,
                -12.88692810599997
              ],
              [
                -71.36021448099996,
                -12.890115230999868
              ],
              [
                -71.36251023099993,
                -12.89276760599995
              ],
              [
                -71.36636598099994,
                -12.895553605999964
              ],
              [
                -71.37169285599998,
                -12.897871480999981
              ],
              [
                -71.37561560599994,
                -12.900612855999896
              ],
              [
                -71.38036298099996,
                -12.899231104999956
              ],
              [
                -71.38245810599994,
                -12.897225230999823
              ],
              [
                -71.38564510599991,
                -12.891494855999952
              ],
              [
                -71.38858723099992,
                -12.888445855999919
              ],
              [
                -71.39621873099986,
                -12.882864979999965
              ],
              [
                -71.3983941059999,
                -12.882508479999956
              ],
              [
                -71.40069423099999,
                -12.883863479999945
              ],
              [
                -71.40276248099997,
                -12.887376105999977
              ],
              [
                -71.40877135599999,
                -12.890193230999841
              ],
              [
                -71.41034048099988,
                -12.89199410599997
              ],
              [
                -71.41524385599996,
                -12.894258604999948
              ],
              [
                -71.41870298099991,
                -12.891209604999915
              ],
              [
                -71.41897048099992,
                -12.888980854999886
              ],
              [
                -71.41766885599998,
                -12.883881230999918
              ],
              [
                -71.41980860599983,
                -12.882240730999968
              ],
              [
                -71.42351723099989,
                -12.884255729999893
              ],
              [
                -71.42685148099991,
                -12.882686604999947
              ],
              [
                -71.42711898099992,
                -12.879833729999973
              ],
              [
                -71.42430173099996,
                -12.875893230999964
              ],
              [
                -71.42990048099995,
                -12.876089355999966
              ],
              [
                -71.43380535599994,
                -12.874805605999939
              ],
              [
                -71.43590935599991,
                -12.87651723099998
              ],
              [
                -71.43885148099997,
                -12.87473423099982
              ],
              [
                -71.43758560599997,
                -12.87264810499994
              ],
              [
                -71.44166860599995,
                -12.867388105999964
              ],
              [
                -71.44541310599988,
                -12.867013605999944
              ],
              [
                -71.44887223099983,
                -12.863340605999895
              ],
              [
                -71.44976373099996,
                -12.858294480999916
              ],
              [
                -71.4466254809999,
                -12.855869605999942
              ],
              [
                -71.44330910599996,
                -12.854924604999894
              ],
              [
                -71.44248873099986,
                -12.85360523099996
              ],
              [
                -71.44354098099996,
                -12.848452105999911
              ],
              [
                -71.44469985599994,
                -12.846027105999838
              ],
              [
                -71.44507423099998,
                -12.840731605999906
              ],
              [
                -71.44724960599996,
                -12.839768604999904
              ],
              [
                -71.45049473099994,
                -12.842247104999899
              ],
              [
                -71.45432835599996,
                -12.84222923099992
              ],
              [
                -71.45596873099998,
                -12.840053980999869
              ],
              [
                -71.4544531059999,
                -12.836238230999925
              ],
              [
                -71.44888998099998,
                -12.833385355999951
              ],
              [
                -71.44650073099996,
                -12.82996185599984
              ],
              [
                -71.44616198099993,
                -12.827661729999932
              ],
              [
                -71.44874735599996,
                -12.825432979999846
              ],
              [
                -71.45104748099993,
                -12.82496935499995
              ],
              [
                -71.45832235699987,
                -12.825896479999926
              ],
              [
                -71.45999835599997,
                -12.824416604999954
              ],
              [
                -71.45984473099998,
                -12.818495479999967
              ],
              [
                -71.46271210599997,
                -12.81638885599989
              ],
              [
                -71.46329160599998,
                -12.811786354999924
              ],
              [
                -71.46484648099994,
                -12.809697229999927
              ],
              [
                -71.47526798099994,
                -12.80193885499989
              ],
              [
                -71.4791154809999,
                -12.79826260599998
              ],
              [
                -71.48167185599993,
                -12.79453248099992
              ],
              [
                -71.48428198099998,
                -12.792124230999946
              ],
              [
                -71.48606360599996,
                -12.78752435499996
              ],
              [
                -71.49042048099994,
                -12.783799230999932
              ],
              [
                -71.4939313569999,
                -12.78326772999992
              ],
              [
                -71.4956576059999,
                -12.781980354999973
              ],
              [
                -71.49837285599995,
                -12.777709479999942
              ],
              [
                -71.49840798099984,
                -12.769925604999912
              ],
              [
                -71.50183123099993,
                -12.763898355999913
              ],
              [
                -71.50264935599995,
                -12.756165229999908
              ],
              [
                -71.50412873099998,
                -12.754105354999922
              ],
              [
                -71.50733073099997,
                -12.752831979999826
              ],
              [
                -71.51227435699997,
                -12.745191854999973
              ],
              [
                -71.51416660599995,
                -12.74349360499997
              ],
              [
                -71.51651273099992,
                -12.743405604999964
              ],
              [
                -71.52035123099989,
                -12.746061855999926
              ],
              [
                -71.52352573099995,
                -12.747195605999934
              ],
              [
                -71.52995560599993,
                -12.744102104999968
              ],
              [
                -71.53343785599992,
                -12.738579104999928
              ],
              [
                -71.53462023099996,
                -12.738028479999969
              ],
              [
                -71.54106635599999,
                -12.737931354999887
              ],
              [
                -71.54576748199992,
                -12.736098480999942
              ],
              [
                -71.54730198099998,
                -12.734450355999911
              ],
              [
                -71.54664835599988,
                -12.731608729999891
              ],
              [
                -71.54764298099991,
                -12.729619604999982
              ],
              [
                -71.55085398099988,
                -12.727516729999934
              ],
              [
                -71.55267260599999,
                -12.724021604999905
              ],
              [
                -71.55054135599994,
                -12.720782104999842
              ],
              [
                -71.54879185599998,
                -12.714041729999906
              ],
              [
                -71.55213273099997,
                -12.709301979999964
              ],
              [
                -71.55682135599994,
                -12.708108355999968
              ],
              [
                -71.55852635699989,
                -12.710580605999894
              ],
              [
                -71.56202160599992,
                -12.709870230999911
              ],
              [
                -71.56318673099986,
                -12.706943354999964
              ],
              [
                -71.5657441059999,
                -12.705437230999962
              ],
              [
                -71.56972248099999,
                -12.705067855999914
              ],
              [
                -71.5773664809999,
                -12.703419730999883
              ],
              [
                -71.58768160599993,
                -12.702425104999918
              ],
              [
                -71.5929102309999,
                -12.702331354999899
              ],
              [
                -71.59674548099997,
                -12.70058710599983
              ],
              [
                -71.60029848099998,
                -12.700058104999925
              ],
              [
                -71.60484510699985,
                -12.701558480999893
              ],
              [
                -71.61175585599995,
                -12.70189960599987
              ],
              [
                -71.61744023099988,
                -12.705143105999923
              ],
              [
                -71.62236373099984,
                -12.705480604999877
              ],
              [
                -71.62650735699992,
                -12.706469980999941
              ],
              [
                -71.62859085699995,
                -12.707866730999967
              ],
              [
                -71.63309523099986,
                -12.707377854999947
              ],
              [
                -71.63379360599998,
                -12.709903604999909
              ],
              [
                -71.63847260599988,
                -12.709378854999954
              ],
              [
                -71.64228910599991,
                -12.713107480999952
              ],
              [
                -71.64262310599992,
                -12.715298855999947
              ],
              [
                -71.64522460599989,
                -12.714929729999938
              ],
              [
                -71.64814060699985,
                -12.718685604999905
              ],
              [
                -71.65342773099997,
                -12.721152354999901
              ],
              [
                -71.65687498099999,
                -12.725988229999928
              ],
              [
                -71.66054498199998,
                -12.72892385599988
              ],
              [
                -71.66341998099983,
                -12.729609979999907
              ],
              [
                -71.67077998099995,
                -12.729929979999838
              ],
              [
                -71.67498048099998,
                -12.731904354999926
              ],
              [
                -71.68383010699995,
                -12.733152355999891
              ],
              [
                -71.6879569809999,
                -12.73614448099994
              ],
              [
                -71.6949687319999,
                -12.73879310599989
              ],
              [
                -71.69536523099993,
                -12.740585980999981
              ],
              [
                -71.6930312309999,
                -12.74468360499992
              ],
              [
                -71.69292385699993,
                -12.747783229999982
              ],
              [
                -71.69435160599994,
                -12.750749979999966
              ],
              [
                -71.69474810599996,
                -12.753736355999933
              ],
              [
                -71.69648048199986,
                -12.755542980999962
              ],
              [
                -71.69654885599994,
                -12.75769335599989
              ],
              [
                -71.69848648099992,
                -12.75953510599993
              ],
              [
                -71.69828710599995,
                -12.76197460599991
              ],
              [
                -71.70063873099991,
                -12.764373104999947
              ],
              [
                -71.70593360599997,
                -12.766667980999955
              ],
              [
                -71.70760348099992,
                -12.771962855999902
              ],
              [
                -71.7127909809999,
                -12.777960979999875
              ],
              [
                -71.71627735699997,
                -12.779505855999957
              ],
              [
                -71.71800198199992,
                -12.782505854999954
              ],
              [
                -71.72218360599999,
                -12.784332105999965
              ],
              [
                -71.72351760599997,
                -12.78666798099988
              ],
              [
                -71.72664648099993,
                -12.786328105999928
              ],
              [
                -71.72975973099994,
                -12.787089854999977
              ],
              [
                -71.73528323099998,
                -12.791423854999948
              ],
              [
                -71.73902148099995,
                -12.792892605999953
              ],
              [
                -71.74138673199997,
                -12.792806604999953
              ],
              [
                -71.74694135599992,
                -12.796107480999922
              ],
              [
                -71.7497031069999,
                -12.794787105999944
              ],
              [
                -71.7535253559999,
                -12.794710980999923
              ],
              [
                -71.7580038559999,
                -12.790878979999945
              ],
              [
                -71.76020898199994,
                -12.78792185499998
              ],
              [
                -71.76004885599991,
                -12.782665979999877
              ],
              [
                -71.76153510599994,
                -12.776705105999952
              ],
              [
                -71.76360348099996,
                -12.773277355999937
              ],
              [
                -71.76365623199996,
                -12.769654354999943
              ],
              [
                -71.76466410599994,
                -12.767458979999901
              ],
              [
                -71.76935548099988,
                -12.765910104999932
              ],
              [
                -71.77208010699991,
                -12.767298854999979
              ],
              [
                -71.77526173199982,
                -12.76739260599993
              ],
              [
                -71.77682423099998,
                -12.766220729999873
              ],
              [
                -71.78528510699994,
                -12.76487498099982
              ],
              [
                -71.78995510599998,
                -12.766460979999863
              ],
              [
                -71.79975973199998,
                -12.765273480999952
              ],
              [
                -71.80040035699994,
                -12.76153510499995
              ],
              [
                -71.80232223099989,
                -12.759076355999923
              ],
              [
                -71.80407035599995,
                -12.753638730999967
              ],
              [
                -71.80794535599983,
                -12.750390605999883
              ],
              [
                -71.81059185599997,
                -12.744978479999816
              ],
              [
                -71.81676560699998,
                -12.742636729999958
              ],
              [
                -71.81977935599986,
                -12.740896479999947
              ],
              [
                -71.82272260699995,
                -12.740441355999849
              ],
              [
                -71.82568360599998,
                -12.742505854999933
              ],
              [
                -71.8325507319999,
                -12.74232210599996
              ],
              [
                -71.83502148099996,
                -12.740300730999934
              ],
              [
                -71.83952348099996,
                -12.738923854999939
              ],
              [
                -71.84281248099995,
                -12.739693355999862
              ],
              [
                -71.84945698199994,
                -12.738908229999936
              ],
              [
                -71.85274410599993,
                -12.736234354999908
              ],
              [
                -71.85800973099998,
                -12.734787105999885
              ],
              [
                -71.86275385599993,
                -12.734880855999847
              ],
              [
                -71.86663085599992,
                -12.735705104999909
              ],
              [
                -71.87136910599992,
                -12.73525585599998
              ],
              [
                -71.87739648099989,
                -12.731830105999848
              ],
              [
                -71.8816152309999,
                -12.730439480999962
              ],
              [
                -71.8861387309999,
                -12.730660104999913
              ],
              [
                -71.89129685699993,
                -12.732890605999842
              ],
              [
                -71.89362310599995,
                -12.732665980999968
              ],
              [
                -71.90035160699995,
                -12.733355479999943
              ],
              [
                -71.90389560599988,
                -12.73066035499994
              ],
              [
                -71.90694785599993,
                -12.727003729999922
              ],
              [
                -71.91143760699998,
                -12.72458610599989
              ],
              [
                -71.91530585599992,
                -12.723204729999907
              ],
              [
                -71.9175853559999,
                -12.721305105999932
              ],
              [
                -71.91841423199992,
                -12.718991104999873
              ],
              [
                -71.91751623099987,
                -12.715986355999974
              ],
              [
                -71.91875960699997,
                -12.71211822999993
              ],
              [
                -71.9164607319999,
                -12.70331635599996
              ],
              [
                -71.91742285599997,
                -12.699329104999947
              ],
              [
                -71.92037935599996,
                -12.698141104999934
              ],
              [
                -71.92648560599991,
                -12.699494855999944
              ],
              [
                -71.9315781059999,
                -12.6976874799999
              ],
              [
                -71.93690198099989,
                -12.696648979999964
              ],
              [
                -71.94367135699997,
                -12.694272730999955
              ],
              [
                -71.94676585599996,
                -12.691924230999973
              ],
              [
                -71.95312073099996,
                -12.690653229999896
              ],
              [
                -71.95775785699993,
                -12.693927729999928
              ],
              [
                -71.96489098199987,
                -12.693581980999852
              ],
              [
                -71.96765398199994,
                -12.691896604999954
              ],
              [
                -71.97108010699992,
                -12.687558729999921
              ],
              [
                -71.97859548099996,
                -12.68333135599994
              ],
              [
                -71.97807048099992,
                -12.678938229999972
              ],
              [
                -71.97710335599993,
                -12.6774186049999
              ],
              [
                -71.97301423099998,
                -12.674710729999958
              ],
              [
                -71.97102485699997,
                -12.671975479999844
              ],
              [
                -71.96931185699998,
                -12.666228479999972
              ],
              [
                -71.97027885699998,
                -12.66316160499997
              ],
              [
                -71.96936710599994,
                -12.66142085499996
              ],
              [
                -71.9609733559999,
                -12.658375729999932
              ],
              [
                -71.95638098099988,
                -12.65487260499998
              ],
              [
                -71.95725635599996,
                -12.652247855999974
              ],
              [
                -71.95720998099983,
                -12.648407230999965
              ],
              [
                -71.9587296069999,
                -12.645506104999981
              ],
              [
                -71.95712585599989,
                -12.63948785599996
              ],
              [
                -71.96048910699989,
                -12.637577605999923
              ],
              [
                -71.96149260599998,
                -12.635421230999953
              ],
              [
                -71.96505673199982,
                -12.631967604999886
              ],
              [
                -71.96594098199995,
                -12.627270479999936
              ],
              [
                -71.96657648199988,
                -12.620418229999814
              ],
              [
                -71.96469760699995,
                -12.61643948099993
              ],
              [
                -71.96641060699994,
                -12.612820105999958
              ],
              [
                -71.96936710699993,
                -12.61091360499995
              ],
              [
                -71.97097848199996,
                -12.611922354999933
              ],
              [
                -71.97795085699988,
                -12.610671855999954
              ],
              [
                -71.98001010699994,
                -12.611117479999962
              ],
              [
                -71.98389998199997,
                -12.608792479999977
              ],
              [
                -71.98452598199998,
                -12.60575222999995
              ],
              [
                -71.98358698099992,
                -12.601638729999934
              ],
              [
                -71.98349760699989,
                -12.594663854999965
              ],
              [
                -71.98166448199993,
                -12.589700854999933
              ],
              [
                -71.98215623199997,
                -12.58545335499997
              ],
              [
                -71.98139610699985,
                -12.580490479999924
              ],
              [
                -71.9836766069999,
                -12.579462104999948
              ],
              [
                -71.98689560699995,
                -12.576555854999981
              ],
              [
                -71.99096435599989,
                -12.577986604999978
              ],
              [
                -71.99775585699996,
                -12.572687480999946
              ],
              [
                -72.00308098199986,
                -12.565869855999892
              ],
              [
                -72.00804398199989,
                -12.560415104999947
              ],
              [
                -72.00798785599994,
                -12.550984855999957
              ],
              [
                -72.00987248099995,
                -12.54710148099997
              ],
              [
                -72.01307048099994,
                -12.54595935499998
              ],
              [
                -72.01524048099998,
                -12.542875605999939
              ],
              [
                -72.01992323199994,
                -12.53802148099993
              ],
              [
                -72.02432048199995,
                -12.532596354999953
              ],
              [
                -72.02740435699997,
                -12.527799479999885
              ],
              [
                -72.03145885699996,
                -12.524772729999825
              ],
              [
                -72.0339144809999,
                -12.524487105999981
              ],
              [
                -72.03705535699999,
                -12.525800604999972
              ],
              [
                -72.04156685599997,
                -12.523687604999907
              ],
              [
                -72.04265185599996,
                -12.522317104999956
              ],
              [
                -72.04979023199996,
                -12.520946479999964
              ],
              [
                -72.05184610699996,
                -12.51866223099995
              ],
              [
                -72.05196048199991,
                -12.511767230999965
              ],
              [
                -72.05469548199983,
                -12.509001479999881
              ],
              [
                -72.05733835699994,
                -12.507956729999876
              ],
              [
                -72.0643221069999,
                -12.50659110499987
              ],
              [
                -72.06608435699997,
                -12.507015979999949
              ],
              [
                -72.07113235699995,
                -12.511484230999883
              ],
              [
                -72.07395985599993,
                -12.509964730999911
              ],
              [
                -72.07541360599987,
                -12.50776210599986
              ],
              [
                -72.07625048199992,
                -12.503665229999967
              ],
              [
                -72.07752810699992,
                -12.502784230999907
              ],
              [
                -72.07896160699971,
                -12.498627229999954
              ],
              [
                -72.07894260599971,
                -12.49860810499996
              ],
              [
                -72.07862960599994,
                -12.498295229999826
              ],
              [
                -72.07687598199988,
                -12.495989104999978
              ],
              [
                -72.07327823199984,
                -12.49287322999993
              ],
              [
                -72.07086910599998,
                -12.488857855999868
              ],
              [
                -72.07093335599978,
                -12.484135854999977
              ],
              [
                -72.07048360699997,
                -12.481437604999826
              ],
              [
                -72.06951998099981,
                -12.479670855999927
              ],
              [
                -72.06801023199978,
                -12.478128979999894
              ],
              [
                -72.06772110699984,
                -12.477422355999863
              ],
              [
                -72.06797810699987,
                -12.474434979999955
              ],
              [
                -72.06801023199978,
                -12.473920979999889
              ],
              [
                -72.06730348199983,
                -12.472828855999865
              ],
              [
                -72.06533998199973,
                -12.471811854999828
              ],
              [
                -72.06495860699988,
                -12.471158479999929
              ],
              [
                -72.06438035699983,
                -12.467432229999815
              ],
              [
                -72.06376998199977,
                -12.461971479999818
              ],
              [
                -72.06418760599996,
                -12.460750730999962
              ],
              [
                -72.0648621069999,
                -12.457313729999896
              ],
              [
                -72.06476585599984,
                -12.456671229999927
              ],
              [
                -72.06389848099974,
                -12.454904479999868
              ],
              [
                -72.06062198199999,
                -12.451467354999863
              ],
              [
                -72.0594884809999,
                -12.450697730999877
              ],
              [
                -72.05985085699996,
                -12.449323979999974
              ],
              [
                -72.06091110699992,
                -12.447387854999931
              ],
              [
                -72.06168210699985,
                -12.445235604999937
              ],
              [
                -72.06164998099996,
                -12.441766480999945
              ],
              [
                -72.06094323199983,
                -12.439228729999854
              ],
              [
                -72.05952985599987,
                -12.437494104999871
              ],
              [
                -72.05702435699976,
                -12.435887979999848
              ],
              [
                -72.05541823099992,
                -12.435020729999849
              ],
              [
                -72.05204535699983,
                -12.43486010499987
              ],
              [
                -72.04989310699983,
                -12.434442479999973
              ],
              [
                -72.04876710699983,
                -12.429733105999958
              ],
              [
                -72.04867948099997,
                -12.425792979999812
              ],
              [
                -72.04752923199982,
                -12.42300672999994
              ],
              [
                -72.04422110599984,
                -12.422214604999851
              ],
              [
                -72.03881635599976,
                -12.42300672999994
              ],
              [
                -72.03373760699992,
                -12.421049729999936
              ],
              [
                -72.03033635599996,
                -12.419931479999946
              ],
              [
                -72.02800660699984,
                -12.417881354999963
              ],
              [
                -72.02316098199992,
                -12.41541197999993
              ],
              [
                -72.01747660599989,
                -12.415178979999837
              ],
              [
                -72.01561285599996,
                -12.411637854999867
              ],
              [
                -72.01500710599993,
                -12.410799229999839
              ],
              [
                -72.01183873199989,
                -12.410100354999827
              ],
              [
                -72.01067398199996,
                -12.405720604999829
              ],
              [
                -72.0090897319999,
                -12.403670480999835
              ],
              [
                -72.00755223099986,
                -12.403251104999867
              ],
              [
                -72.00550210599988,
                -12.402086229999952
              ],
              [
                -72.00335885699991,
                -12.40171360599993
              ],
              [
                -72.00116898199991,
                -12.402365855999903
              ],
              [
                -71.99767610599991,
                -12.40144610499982
              ],
              [
                -71.99494848199993,
                -12.399910104999833
              ],
              [
                -71.99252535699998,
                -12.39897660499986
              ],
              [
                -71.98914860699983,
                -12.399142105999886
              ],
              [
                -71.98175348199982,
                -12.398186479999765
              ],
              [
                -71.97754148199994,
                -12.399453730999824
              ],
              [
                -71.97601323199996,
                -12.398782854999922
              ],
              [
                -71.9762368559999,
                -12.39416072999984
              ],
              [
                -71.97496948199984,
                -12.39203597999989
              ],
              [
                -71.97183848199995,
                -12.388942354999813
              ],
              [
                -71.97127935699996,
                -12.386482230999832
              ],
              [
                -71.97116748199994,
                -12.384991229999912
              ],
              [
                -71.97068298199991,
                -12.384506604999956
              ],
              [
                -71.9671789819999,
                -12.383872979999865
              ],
              [
                -71.96471898099992,
                -12.38223285599986
              ],
              [
                -71.96315348199988,
                -12.375076104999948
              ],
              [
                -71.96292973199985,
                -12.372280479999915
              ],
              [
                -71.96296710599984,
                -12.37146047999994
              ],
              [
                -71.96419710599992,
                -12.37026772999991
              ],
              [
                -71.96493360699992,
                -12.369738229999882
              ],
              [
                -71.96807373099995,
                -12.366092979999905
              ],
              [
                -71.97045923199988,
                -12.35979347999995
              ],
              [
                -71.96967648099985,
                -12.35658785499993
              ],
              [
                -71.96867010599982,
                -12.354537854999876
              ],
              [
                -71.96775385699993,
                -12.351025354999933
              ],
              [
                -71.9671789819999,
                -12.347641980999867
              ],
              [
                -71.96572535699988,
                -12.346449229999848
              ],
              [
                -71.96483085599994,
                -12.344920980999973
              ],
              [
                -71.96453273199978,
                -12.34428722999985
              ],
              [
                -71.96322798199992,
                -12.339926104999961
              ],
              [
                -71.96188610599984,
                -12.33817422999988
              ],
              [
                -71.9590904819998,
                -12.338025104999872
              ],
              [
                -71.95540035699992,
                -12.337615104999884
              ],
              [
                -71.95368573199971,
                -12.337316979999912
              ],
              [
                -71.94921273099999,
                -12.334409480999966
              ],
              [
                -71.94645435699994,
                -12.333999479999875
              ],
              [
                -71.94570885699989,
                -12.332583104999912
              ],
              [
                -71.94567123199988,
                -12.331190354999876
              ],
              [
                -71.94831810699986,
                -12.328482854999947
              ],
              [
                -71.94924998199997,
                -12.326917354999921
              ],
              [
                -71.95096460699972,
                -12.32408448099983
              ],
              [
                -71.95226923199994,
                -12.322854354999834
              ],
              [
                -71.95651860699991,
                -12.320953354999915
              ],
              [
                -71.95745048099991,
                -12.32069247999982
              ],
              [
                -71.95882960599988,
                -12.320095979999849
              ],
              [
                -71.96417185699988,
                -12.318697229999941
              ],
              [
                -71.96771285599993,
                -12.316128854999874
              ],
              [
                -71.96848248199996,
                -12.313837854999974
              ],
              [
                -71.97052735699992,
                -12.31206260499988
              ],
              [
                -71.97229098199995,
                -12.30877348099989
              ],
              [
                -71.97193948099988,
                -12.3003867299999
              ],
              [
                -71.97036723199983,
                -12.298732479999899
              ],
              [
                -71.96820123199996,
                -12.29324610499998
              ],
              [
                -71.96487498099998,
                -12.28813472999991
              ],
              [
                -71.9648281069999,
                -12.286544979999917
              ],
              [
                -71.96731635599991,
                -12.28480272999991
              ],
              [
                -71.96936723199997,
                -12.28039847999986
              ],
              [
                -71.96904685599992,
                -12.277556604999972
              ],
              [
                -71.9701074809999,
                -12.275468729999886
              ],
              [
                -71.96933010599997,
                -12.2725137299999
              ],
              [
                -71.97097848199996,
                -12.269986354999958
              ],
              [
                -71.97082623199998,
                -12.265876979999973
              ],
              [
                -71.96966598099988,
                -12.25938672999996
              ],
              [
                -71.96831448099988,
                -12.255779354999902
              ],
              [
                -71.96804098199993,
                -12.250968729999954
              ],
              [
                -71.96535548199995,
                -12.248224604999905
              ],
              [
                -71.96482810599991,
                -12.245484354999917
              ],
              [
                -71.96558398099984,
                -12.241267604999905
              ],
              [
                -71.96736910699991,
                -12.237031229999957
              ],
              [
                -71.96713285599998,
                -12.229906229999926
              ],
              [
                -71.96942185699993,
                -12.22207810499998
              ],
              [
                -71.9675976069999,
                -12.220121104999976
              ],
              [
                -71.96716410699992,
                -12.216205104999972
              ],
              [
                -71.96954298199995,
                -12.213388729999963
              ],
              [
                -71.96754485599996,
                -12.208777354999825
              ],
              [
                -71.96756835599996,
                -12.204015604999938
              ],
              [
                -71.96836135599995,
                -12.200765604999958
              ],
              [
                -71.96775798199997,
                -12.197501979999913
              ],
              [
                -71.96605660599994,
                -12.194556604999946
              ],
              [
                -71.96318748099998,
                -12.191580104999957
              ],
              [
                -71.95926760599991,
                -12.191089854999973
              ],
              [
                -71.95562698199996,
                -12.185591854999927
              ],
              [
                -71.95600198199998,
                -12.182841854999936
              ],
              [
                -71.95352935599993,
                -12.179437479999876
              ],
              [
                -71.95201935699998,
                -12.176101604999928
              ],
              [
                -71.94985935599993,
                -12.174290979999967
              ],
              [
                -71.9485781059999,
                -12.169310604999964
              ],
              [
                -71.94861523199995,
                -12.160847604999901
              ],
              [
                -71.94457223099994,
                -12.15489260499993
              ],
              [
                -71.94319935599992,
                -12.149695354999892
              ],
              [
                -71.94185548199994,
                -12.148779354999931
              ],
              [
                -71.93908010599989,
                -12.142585979999978
              ],
              [
                -71.93956835699998,
                -12.141197229999932
              ],
              [
                -71.9391093559999,
                -12.135513729999957
              ],
              [
                -71.9379726059999,
                -12.128652354999872
              ],
              [
                -71.93622660599988,
                -12.125011729999926
              ],
              [
                -71.93765235699988,
                -12.117238229999941
              ],
              [
                -71.93459385599994,
                -12.113322229999937
              ],
              [
                -71.93589848199997,
                -12.110562479999942
              ],
              [
                -71.93521098099995,
                -12.106460979999895
              ],
              [
                -71.93375385699983,
                -12.103414103999967
              ],
              [
                -71.92963473099996,
                -12.100324229999899
              ],
              [
                -71.92917573199992,
                -12.097935604999975
              ],
              [
                -71.92037885699995,
                -12.093701229999908
              ],
              [
                -71.91304685699998,
                -12.092351604999976
              ],
              [
                -71.90747848199987,
                -12.089111354999943
              ],
              [
                -71.9051054819999,
                -12.089046854999935
              ],
              [
                -71.9028769809999,
                -12.0827734799999
              ],
              [
                -71.90356448099993,
                -12.078919979999853
              ],
              [
                -71.89752935599995,
                -12.073789104999946
              ],
              [
                -71.89593560599997,
                -12.070562479999978
              ],
              [
                -71.89673635599996,
                -12.067988229999969
              ],
              [
                -71.89331835699994,
                -12.063869104999924
              ],
              [
                -71.88946485699995,
                -12.061343729999976
              ],
              [
                -71.88778610599996,
                -12.059043729999928
              ],
              [
                -71.88354923199995,
                -12.058437104999825
              ],
              [
                -71.88193785699997,
                -12.056721479999965
              ],
              [
                -71.87882885599993,
                -12.055963229999861
              ],
              [
                -71.87643073099991,
                -12.056484478999892
              ],
              [
                -71.87153973199997,
                -12.055508229999873
              ],
              [
                -71.86585260599998,
                -12.053299729999935
              ],
              [
                -71.8620989819999,
                -12.053005853999935
              ],
              [
                -71.85080060699988,
                -12.046674104999965
              ],
              [
                -71.84579585599988,
                -12.045043854999903
              ],
              [
                -71.84233623199998,
                -12.045252354999946
              ],
              [
                -71.83867748199992,
                -12.047024854999961
              ],
              [
                -71.82953060699992,
                -12.048882604999847
              ],
              [
                -71.82496185599985,
                -12.04719547999997
              ],
              [
                -71.82008735699992,
                -12.041749729999935
              ],
              [
                -71.81703660599993,
                -12.040150229999938
              ],
              [
                -71.80967585599984,
                -12.040046479999887
              ],
              [
                -71.80623985599993,
                -12.038861729999894
              ],
              [
                -71.80023848099995,
                -12.035543979999943
              ],
              [
                -71.79740410599993,
                -12.035397854999928
              ],
              [
                -71.79362160699998,
                -12.036886354999979
              ],
              [
                -71.78873135599997,
                -12.03104885499988
              ],
              [
                -71.78373860599999,
                -12.028424479999899
              ],
              [
                -71.77792948099994,
                -12.026175354999964
              ],
              [
                -71.77353223199998,
                -12.026175354999964
              ],
              [
                -71.76993460599994,
                -12.023319853999965
              ],
              [
                -71.76696498099989,
                -12.024290729999905
              ],
              [
                -71.76234510699999,
                -12.022550354999964
              ],
              [
                -71.75791148199988,
                -12.023042979999957
              ],
              [
                -71.75375485599989,
                -12.01804722999998
              ],
              [
                -71.75029685699985,
                -12.019240604999936
              ],
              [
                -71.74784873099998,
                -12.017205604999958
              ],
              [
                -71.74761010699996,
                -12.014325729999825
              ],
              [
                -71.74269885699994,
                -12.009324354999876
              ],
              [
                -71.73924835599996,
                -12.010348854999847
              ],
              [
                -71.73846098099995,
                -12.006214978999935
              ],
              [
                -71.74233648099988,
                -12.005095479999852
              ],
              [
                -71.73815335599988,
                -12.001945854999917
              ],
              [
                -71.73779660599996,
                -11.998808604999965
              ],
              [
                -71.74023260699988,
                -11.99627422999987
              ],
              [
                -71.73467173199992,
                -11.993505979999895
              ],
              [
                -71.72934448099994,
                -11.992177228999935
              ],
              [
                -71.72541985699996,
                -11.989888978999943
              ],
              [
                -71.72438635599997,
                -11.988031228999887
              ],
              [
                -71.72484160599998,
                -11.98493085499996
              ],
              [
                -71.72076935599995,
                -11.98362660499987
              ],
              [
                -71.71896060599994,
                -11.980784729999982
              ],
              [
                -71.71426098099994,
                -11.980710854999927
              ],
              [
                -71.70828173099994,
                -11.981978104999882
              ],
              [
                -71.70466473099998,
                -11.983934229999932
              ],
              [
                -71.69932523099993,
                -11.982088854999972
              ],
              [
                -71.69546210699997,
                -11.983417604999886
              ],
              [
                -71.69165173099998,
                -11.9836411039999
              ],
              [
                -71.68980573099992,
                -11.984967979999908
              ],
              [
                -71.68853648099997,
                -11.98868897999995
              ],
              [
                -71.68204635599989,
                -11.988112104999914
              ],
              [
                -71.67284485599998,
                -11.97928560399987
              ],
              [
                -71.66972960599998,
                -11.978102854999975
              ],
              [
                -71.66621060599988,
                -11.981073979999962
              ],
              [
                -71.66450860599991,
                -11.978679854999939
              ],
              [
                -71.66664323199996,
                -11.974699229999885
              ],
              [
                -71.66621060699998,
                -11.972737729999949
              ],
              [
                -71.66220110699999,
                -11.969218854999951
              ],
              [
                -71.66009548199992,
                -11.966161104999912
              ],
              [
                -71.6556533559999,
                -11.967401478999875
              ],
              [
                -71.65585523099998,
                -11.969564854999817
              ],
              [
                -71.65438410599995,
                -11.97129560499991
              ],
              [
                -71.65204773199991,
                -11.971410853999942
              ],
              [
                -71.64743235599997,
                -11.969247479999922
              ],
              [
                -71.64564410599996,
                -11.965670729999943
              ],
              [
                -71.64906185599995,
                -11.956995729999903
              ],
              [
                -71.64934560599988,
                -11.953807604999895
              ],
              [
                -71.64639123099994,
                -11.952405604999967
              ],
              [
                -71.64350360699996,
                -11.955593604999876
              ],
              [
                -71.64038223099988,
                -11.957513103999872
              ],
              [
                -71.63921385599991,
                -11.956227854999952
              ],
              [
                -71.63889673099999,
                -11.949584729999913
              ],
              [
                -71.6369604809999,
                -11.947131104999926
              ],
              [
                -71.63218673099993,
                -11.947865478999859
              ],
              [
                -71.63118535599995,
                -11.946363229999974
              ],
              [
                -71.63230360699998,
                -11.943375479999872
              ],
              [
                -71.63176948199992,
                -11.940537979999931
              ],
              [
                -71.6327877309999,
                -11.938317979999908
              ],
              [
                -71.63662673199991,
                -11.940187479999963
              ],
              [
                -71.63926398099989,
                -11.938201104999848
              ],
              [
                -71.63984798099989,
                -11.93304347999998
              ],
              [
                -71.63769498099992,
                -11.932108604999883
              ],
              [
                -71.63599248099996,
                -11.934462229999951
              ],
              [
                -71.63248723099997,
                -11.934011604999966
              ],
              [
                -71.63133535599997,
                -11.931791604999944
              ],
              [
                -71.63217010599993,
                -11.92942147999986
              ],
              [
                -71.63038410599995,
                -11.925749354999937
              ],
              [
                -71.63083473099994,
                -11.920591729999899
              ],
              [
                -71.63232035599987,
                -11.917637228999979
              ],
              [
                -71.63230360699998,
                -11.915417354999875
              ],
              [
                -71.62934923199998,
                -11.913280854999925
              ],
              [
                -71.62899873099991,
                -11.909541979999915
              ],
              [
                -71.62714598099984,
                -11.907305229999963
              ],
              [
                -71.62861485599996,
                -11.901980729999934
              ],
              [
                -71.63081810599994,
                -11.901630229999967
              ],
              [
                -71.63280423099991,
                -11.90334947999986
              ],
              [
                -71.63470723099994,
                -11.901480104999905
              ],
              [
                -71.63372235599996,
                -11.897824604999869
              ],
              [
                -71.63510773199994,
                -11.894169104999946
              ],
              [
                -71.63243710699993,
                -11.892967479999982
              ],
              [
                -71.6298166059999,
                -11.888677604999941
              ],
              [
                -71.63046760699996,
                -11.887342354999873
              ],
              [
                -71.63721085699996,
                -11.886657978999892
              ],
              [
                -71.64028210599997,
                -11.883653479999907
              ],
              [
                -71.63983148099999,
                -11.882268103999877
              ],
              [
                -71.63494085599996,
                -11.88006485499983
              ],
              [
                -71.63275423099998,
                -11.875725104999958
              ],
              [
                -71.63075135599996,
                -11.875925354999879
              ],
              [
                -71.62866485599994,
                -11.878061854999942
              ],
              [
                -71.62701248199988,
                -11.875224353999897
              ],
              [
                -71.62896535599998,
                -11.872019604999934
              ],
              [
                -71.63200323099983,
                -11.871368604999816
              ],
              [
                -71.63155248099991,
                -11.867245854999908
              ],
              [
                -71.63200323099983,
                -11.86434147999995
              ],
              [
                -71.63078473199988,
                -11.863156478999883
              ],
              [
                -71.62512635599995,
                -11.86060260499994
              ],
              [
                -71.62157098199998,
                -11.86168760399994
              ],
              [
                -71.61905060599997,
                -11.85885010499993
              ],
              [
                -71.61514485599992,
                -11.860202104999928
              ],
              [
                -71.61362598099993,
                -11.857464603999915
              ],
              [
                -71.60898573099996,
                -11.858900103999872
              ],
              [
                -71.60696598099992,
                -11.856613354999922
              ],
              [
                -71.60384473199986,
                -11.855778854999812
              ],
              [
                -71.60509660599996,
                -11.851188853999929
              ],
              [
                -71.60713298099995,
                -11.848534729999926
              ],
              [
                -71.60437885699997,
                -11.848100728999839
              ],
              [
                -71.60279310599998,
                -11.85130547999995
              ],
              [
                -71.59892073099985,
                -11.854710729999965
              ],
              [
                -71.5973017309999,
                -11.853926104999971
              ],
              [
                -71.59758548199994,
                -11.850187229999904
              ],
              [
                -71.59618335599993,
                -11.844395228999929
              ],
              [
                -71.60007248099993,
                -11.842492479999976
              ],
              [
                -71.59857023099988,
                -11.839688228999933
              ],
              [
                -71.59327885599993,
                -11.840322603999937
              ],
              [
                -71.59087548099996,
                -11.83648347899998
              ],
              [
                -71.58525035599996,
                -11.838369604999968
              ],
              [
                -71.58172848099997,
                -11.83678397899996
              ],
              [
                -71.57436760599995,
                -11.838870353999937
              ],
              [
                -71.56712360599988,
                -11.839337729999954
              ],
              [
                -71.56688985599999,
                -11.836984229999928
              ],
              [
                -71.57141323199983,
                -11.836600354999973
              ],
              [
                -71.57194723099997,
                -11.83317860499983
              ],
              [
                -71.56894298099996,
                -11.831759853999927
              ],
              [
                -71.56463648199991,
                -11.828705354999897
              ],
              [
                -71.56189910599988,
                -11.829339604999973
              ],
              [
                -71.56061385599997,
                -11.833195354999873
              ],
              [
                -71.55624073099989,
                -11.832060353999964
              ],
              [
                -71.55520585599999,
                -11.827820729999871
              ],
              [
                -71.55689173099984,
                -11.825750854999967
              ],
              [
                -71.55632423099996,
                -11.824198603999946
              ],
              [
                -71.55181748099994,
                -11.823864854999954
              ],
              [
                -71.55064910599998,
                -11.825099978999845
              ],
              [
                -71.55111648199994,
                -11.828555104999907
              ],
              [
                -71.54911348099984,
                -11.82955660499988
              ],
              [
                -71.54183598099996,
                -11.828137854999909
              ],
              [
                -71.54058423099997,
                -11.82570085499998
              ],
              [
                -71.54390573099988,
                -11.82279660499995
              ],
              [
                -71.54313798099997,
                -11.820676729999946
              ],
              [
                -71.53986648099988,
                -11.821594729999902
              ],
              [
                -71.53799685599995,
                -11.825083229999962
              ],
              [
                -71.53801373099998,
                -11.828404854999974
              ],
              [
                -71.53576035599997,
                -11.829055854999865
              ],
              [
                -71.52701398099998,
                -11.823681229999977
              ],
              [
                -71.52463135599993,
                -11.815295104999848
              ],
              [
                -71.52192060599998,
                -11.813281353999855
              ],
              [
                -71.51866773199998,
                -11.813436228999876
              ],
              [
                -71.51556973099997,
                -11.814985353999873
              ],
              [
                -71.5130913559999,
                -11.819554853999875
              ],
              [
                -71.51115510699992,
                -11.82149110499995
              ],
              [
                -71.50782473099997,
                -11.82025185499998
              ],
              [
                -71.50774723099994,
                -11.814288229999931
              ],
              [
                -71.50666298099992,
                -11.812197104999939
              ],
              [
                -71.5033326059999,
                -11.811809854999979
              ],
              [
                -71.49899535599997,
                -11.812971604999973
              ],
              [
                -71.49522798099997,
                -11.816943729999934
              ],
              [
                -71.49167635599991,
                -11.822354103999942
              ],
              [
                -71.48858935699997,
                -11.824777103999963
              ],
              [
                -71.4854028559999,
                -11.825175478999938
              ],
              [
                -71.48241548099992,
                -11.822851979999939
              ],
              [
                -71.4823489819999,
                -11.816877353999928
              ],
              [
                -71.48108785699992,
                -11.812296603999926
              ],
              [
                -71.4778348559999,
                -11.811466729999893
              ],
              [
                -71.47132898099994,
                -11.811964729999886
              ],
              [
                -71.46860723199995,
                -11.814918854999974
              ],
              [
                -71.46797648099994,
                -11.817142854999872
              ],
              [
                -71.46854085599989,
                -11.825872604999915
              ],
              [
                -71.46757823099989,
                -11.834104478999961
              ],
              [
                -71.46615098099994,
                -11.838220354999976
              ],
              [
                -71.46369460599993,
                -11.84240272999989
              ],
              [
                -71.4607404809999,
                -11.844958603999828
              ],
              [
                -71.45622623099996,
                -11.845356854999977
              ],
              [
                -71.45333835599996,
                -11.844361104999962
              ],
              [
                -71.44699860599997,
                -11.840012854999884
              ],
              [
                -71.44404435599995,
                -11.83866847899992
              ],
              [
                -71.43976248099995,
                -11.834353354999962
              ],
              [
                -71.4350491059999,
                -11.831697979999888
              ],
              [
                -71.43226085599991,
                -11.832129479999878
              ],
              [
                -71.42963860699996,
                -11.83378910399989
              ],
              [
                -71.42625298099995,
                -11.839531479999948
              ],
              [
                -71.4222698559999,
                -11.844112104999965
              ],
              [
                -71.42087573099991,
                -11.847497853999869
              ],
              [
                -71.42140685599998,
                -11.850651104999827
              ],
              [
                -71.42319923099996,
                -11.851812853999945
              ],
              [
                -71.42797885599992,
                -11.853173854999909
              ],
              [
                -71.43109910599992,
                -11.852675979999958
              ],
              [
                -71.43538098099998,
                -11.849555728999974
              ],
              [
                -71.43787048099983,
                -11.84530710499996
              ],
              [
                -71.44152173099997,
                -11.844244854999943
              ],
              [
                -71.44344698099991,
                -11.846833979999928
              ],
              [
                -71.44085785599998,
                -11.85397047999993
              ],
              [
                -71.43903223099994,
                -11.861173354999949
              ],
              [
                -71.4400944809999,
                -11.863596479999956
              ],
              [
                -71.44540535599992,
                -11.866782979999925
              ],
              [
                -71.44699860599997,
                -11.87033460399988
              ],
              [
                -71.44198660599994,
                -11.872326103999967
              ],
              [
                -71.43498285599992,
                -11.876176604999898
              ],
              [
                -71.42973823099993,
                -11.877338353999903
              ],
              [
                -71.42665123099994,
                -11.876475228999936
              ],
              [
                -71.42449373099998,
                -11.872591729999954
              ],
              [
                -71.42319923099996,
                -11.86811060499997
              ],
              [
                -71.42107485599996,
                -11.866782979999925
              ],
              [
                -71.41931560599988,
                -11.867778729999884
              ],
              [
                -71.41692573099994,
                -11.872060604999945
              ],
              [
                -71.41871810599991,
                -11.876973229999976
              ],
              [
                -71.42373035599996,
                -11.88553697999987
              ],
              [
                -71.42787948099988,
                -11.890681854999968
              ],
              [
                -71.42734835599998,
                -11.893636104999871
              ],
              [
                -71.42512435599991,
                -11.896258354999873
              ],
              [
                -71.42127398099984,
                -11.898946979999948
              ],
              [
                -71.41732398099987,
                -11.89987635499989
              ],
              [
                -71.41231198099996,
                -11.899710354999854
              ],
              [
                -71.40895948099995,
                -11.898382604999938
              ],
              [
                -71.40504260599994,
                -11.894598604999942
              ],
              [
                -71.40125860599994,
                -11.889619729999936
              ],
              [
                -71.39820485599995,
                -11.889984854999852
              ],
              [
                -71.39651210599999,
                -11.891943228999878
              ],
              [
                -71.39462023099992,
                -11.899610854999878
              ],
              [
                -71.38944185599985,
                -11.904025478999927
              ],
              [
                -71.37951723099997,
                -11.908738853999978
              ],
              [
                -71.37672910599986,
                -11.909236729999975
              ],
              [
                -71.36726910599998,
                -11.909103978999838
              ],
              [
                -71.36023210599984,
                -11.911692979999827
              ],
              [
                -71.35668048099996,
                -11.911228354999935
              ],
              [
                -71.35658085599988,
                -11.908439979999969
              ],
              [
                -71.36003298099996,
                -11.905286728999897
              ],
              [
                -71.36245610599991,
                -11.901834728999916
              ],
              [
                -71.36175898099998,
                -11.899345228999948
              ],
              [
                -71.35966785599987,
                -11.896590228999969
              ],
              [
                -71.35505398099997,
                -11.897353603999875
              ],
              [
                -71.35249823099997,
                -11.90030797999998
              ],
              [
                -71.34994235599987,
                -11.906714104999878
              ],
              [
                -71.34483060599996,
                -11.911759479999887
              ],
              [
                -71.34549448099989,
                -11.913850604999823
              ],
              [
                -71.35209985599994,
                -11.916306854999902
              ],
              [
                -71.35389223099992,
                -11.920422729999927
              ],
              [
                -71.35196710599996,
                -11.92404085499993
              ],
              [
                -71.34549448099989,
                -11.93011510499997
              ],
              [
                -71.34151123099986,
                -11.931044479999855
              ],
              [
                -71.33832473099989,
                -11.930978103999962
              ],
              [
                -71.33520460599993,
                -11.92991597899993
              ],
              [
                -71.33161985599997,
                -11.924538729999881
              ],
              [
                -71.32936273099983,
                -11.918331604999935
              ],
              [
                -71.32637548099996,
                -11.917103479999923
              ],
              [
                -71.32233123099996,
                -11.919024104999949
              ],
              [
                -71.32108573099987,
                -11.921813103999966
              ],
              [
                -71.32231373099995,
                -11.924917979999918
              ],
              [
                -71.32610260599989,
                -11.929461104999916
              ],
              [
                -71.32996173099991,
                -11.93281160499987
              ],
              [
                -71.3325753559999,
                -11.936407479999957
              ],
              [
                -71.33304898099993,
                -11.940003479999916
              ],
              [
                -71.33033010599985,
                -11.944423854999911
              ],
              [
                -71.32697973099994,
                -11.945037854999953
              ],
              [
                -71.32329598099994,
                -11.944073104999973
              ],
              [
                -71.31980523099998,
                -11.94102085499992
              ],
              [
                -71.31815635599997,
                -11.936617979999937
              ],
              [
                -71.3178757309999,
                -11.930320728999902
              ],
              [
                -71.31566547999984,
                -11.927443854999922
              ],
              [
                -71.31291148099996,
                -11.927408854999953
              ],
              [
                -71.31024523099995,
                -11.928706854999973
              ],
              [
                -71.30824548099997,
                -11.932986979999896
              ],
              [
                -71.30729835599993,
                -11.937986228999932
              ],
              [
                -71.30494773099997,
                -11.941950604999931
              ],
              [
                -71.30114123099997,
                -11.943564353999875
              ],
              [
                -71.29501935599995,
                -11.944458978999819
              ],
              [
                -71.28959910599986,
                -11.941950604999931
              ],
              [
                -71.28709073099998,
                -11.942617103999908
              ],
              [
                -71.28382798099994,
                -11.946090354999967
              ],
              [
                -71.27963560599994,
                -11.948809229999938
              ],
              [
                -71.27293485599995,
                -11.954738229999975
              ],
              [
                -71.27188235599988,
                -11.95926385499996
              ],
              [
                -71.27305760599995,
                -11.965071854999962
              ],
              [
                -71.27732010599988,
                -11.968657229999963
              ],
              [
                -71.28089860599994,
                -11.96837660499989
              ],
              [
                -71.28619610599992,
                -11.965008729999965
              ],
              [
                -71.2909673559999,
                -11.96465785499987
              ],
              [
                -71.29289685599997,
                -11.967674979999856
              ],
              [
                -71.29259860599996,
                -11.973954603999914
              ],
              [
                -71.29056385599984,
                -11.977375354999822
              ],
              [
                -71.28440685599986,
                -11.980374853999933
              ],
              [
                -71.27439073099998,
                -11.985847728999943
              ],
              [
                -71.27205773099985,
                -11.98630385499996
              ],
              [
                -71.26912835599995,
                -11.984040979999975
              ],
              [
                -71.26672523099995,
                -11.97972585399998
              ],
              [
                -71.26528685599999,
                -11.975305479999975
              ],
              [
                -71.26362035499994,
                -11.973814479999874
              ],
              [
                -71.25742823099989,
                -11.972165604999873
              ],
              [
                -71.25055210599993,
                -11.96730660499992
              ],
              [
                -71.24718410599996,
                -11.967709854999896
              ],
              [
                -71.2427286059999,
                -11.972323353999968
              ],
              [
                -71.24022023099985,
                -11.977655979999952
              ],
              [
                -71.23986935599993,
                -11.982953479999935
              ],
              [
                -71.24023772999988,
                -11.987023104999878
              ],
              [
                -71.2422023559999,
                -11.994502729999965
              ],
              [
                -71.24162348099998,
                -11.998326729999974
              ],
              [
                -71.2389221059999,
                -12.001308729999948
              ],
              [
                -71.23622085599987,
                -12.002747104999969
              ],
              [
                -71.23281773099995,
                -12.003413729999977
              ],
              [
                -71.22502948099998,
                -12.003325979999886
              ],
              [
                -71.22060898099988,
                -12.004659104999973
              ],
              [
                -71.21611848099997,
                -12.009307604999947
              ],
              [
                -71.21364510599994,
                -12.015938229999904
              ],
              [
                -71.2113998559999,
                -12.018727229999854
              ],
              [
                -71.20911948099996,
                -12.019306104999941
              ],
              [
                -71.20455872999997,
                -12.018113354999969
              ],
              [
                -71.19945398099998,
                -12.014289354999903
              ],
              [
                -71.19468285599999,
                -12.01355260399987
              ],
              [
                -71.18828035599995,
                -12.017920354999944
              ],
              [
                -71.18561410599995,
                -12.020533979999925
              ],
              [
                -71.18415810599993,
                -12.023410854999952
              ],
              [
                -71.18475448099997,
                -12.028673229999981
              ],
              [
                -71.18877148099989,
                -12.034409229999937
              ],
              [
                -71.18764898099994,
                -12.03747897999989
              ],
              [
                -71.18510535599995,
                -12.038548979999973
              ],
              [
                -71.18156197999997,
                -12.036391354999978
              ],
              [
                -71.18042185599995,
                -12.034233854999968
              ],
              [
                -71.17575585599991,
                -12.03137460499994
              ],
              [
                -71.17231773099991,
                -12.032356854999932
              ],
              [
                -71.16684485599995,
                -12.035619604999965
              ],
              [
                -71.15991610499992,
                -12.036268604999862
              ],
              [
                -71.15735498099991,
                -12.038040229999979
              ],
              [
                -71.15591660599995,
                -12.04225022999998
              ],
              [
                -71.15607448099996,
                -12.04967022999989
              ],
              [
                -71.15209260599988,
                -12.056511354999827
              ],
              [
                -71.15154873099993,
                -12.060840478999978
              ],
              [
                -71.14819835599991,
                -12.06457685499987
              ],
              [
                -71.14439185599991,
                -12.064962729999934
              ],
              [
                -71.1415502299999,
                -12.063962854999943
              ],
              [
                -71.13490198099998,
                -12.060524729999884
              ],
              [
                -71.13249885599998,
                -12.060647604999929
              ],
              [
                -71.12969223099992,
                -12.062226229999965
              ],
              [
                -71.12795560599994,
                -12.066927479999947
              ],
              [
                -71.13172710599997,
                -12.071751228999915
              ],
              [
                -71.13237610599998,
                -12.07556647999985
              ],
              [
                -71.13051672999995,
                -12.079443104999882
              ],
              [
                -71.12888535599996,
                -12.080793729999982
              ],
              [
                -71.12462285599997,
                -12.0815129799999
              ],
              [
                -71.12016735499992,
                -12.080425354999875
              ],
              [
                -71.11690460499989,
                -12.082232229999818
              ],
              [
                -71.11711510599997,
                -12.085372104999976
              ],
              [
                -71.11922010499995,
                -12.087406854999927
              ],
              [
                -71.12486835599998,
                -12.08712622999991
              ],
              [
                -71.12627172999998,
                -12.089546853999934
              ],
              [
                -71.12742948099992,
                -12.096703729999945
              ],
              [
                -71.12993785599991,
                -12.101685479999901
              ],
              [
                -71.12844685599993,
                -12.104579979999869
              ],
              [
                -71.12548235599996,
                -12.106175979999932
              ],
              [
                -71.12055323099997,
                -12.104877979999912
              ],
              [
                -71.11823773099997,
                -12.10303622899994
              ],
              [
                -71.11678185599993,
                -12.100211979999926
              ],
              [
                -71.11729047999984,
                -12.094283104999931
              ],
              [
                -71.11595735499992,
                -12.091616729999942
              ],
              [
                -71.11372960599982,
                -12.091809729999909
              ],
              [
                -71.11113348099997,
                -12.094335729999841
              ],
              [
                -71.10866023099993,
                -12.098598229999936
              ],
              [
                -71.09929310599995,
                -12.104877979999912
              ],
              [
                -71.09746885499999,
                -12.109017729999948
              ],
              [
                -71.09927573099992,
                -12.113297854999871
              ],
              [
                -71.10202960499987,
                -12.11680610499991
              ],
              [
                -71.10222248099984,
                -12.119384729999922
              ],
              [
                -71.10113498099992,
                -12.123191229999918
              ],
              [
                -71.09924047999993,
                -12.125839979999967
              ],
              [
                -71.09489023099997,
                -12.128979854999955
              ],
              [
                -71.09108372999998,
                -12.13262847999988
              ],
              [
                -71.08757547999994,
                -12.134698354999898
              ],
              [
                -71.07810323099994,
                -12.13896085499988
              ],
              [
                -71.07629648099993,
                -12.141206104999924
              ],
              [
                -71.07540185599998,
                -12.14525822999991
              ],
              [
                -71.07643673099989,
                -12.148012229999892
              ],
              [
                -71.07940123099996,
                -12.15041535499995
              ],
              [
                -71.08413735599999,
                -12.152134354999816
              ],
              [
                -71.08543548099988,
                -12.156239104999884
              ],
              [
                -71.08394448099989,
                -12.157922979999967
              ],
              [
                -71.08092735599985,
                -12.158800104999955
              ],
              [
                -71.07496322999992,
                -12.155572479999876
              ],
              [
                -71.06956072999992,
                -12.153976229999955
              ],
              [
                -71.06680660599989,
                -12.151309979999894
              ],
              [
                -71.06617510599995,
                -12.149187479999966
              ],
              [
                -71.0668241059999,
                -12.144854729999963
              ],
              [
                -71.06601723099993,
                -12.142363854999928
              ],
              [
                -71.06178973099992,
                -12.140013354999951
              ],
              [
                -71.05575547999996,
                -12.14020622999982
              ],
              [
                -71.05107210599988,
                -12.138943479999966
              ],
              [
                -71.04900210599993,
                -12.140539729999944
              ],
              [
                -71.04835310599998,
                -12.146170354999981
              ],
              [
                -71.05194910599988,
                -12.151081854999859
              ],
              [
                -71.05561523099993,
                -12.15185372999997
              ],
              [
                -71.06133360599995,
                -12.151555479999956
              ],
              [
                -71.06514010599994,
                -12.155589979999831
              ],
              [
                -71.06591197999995,
                -12.157940604999965
              ],
              [
                -71.06498223099993,
                -12.160484104999853
              ],
              [
                -71.06124598099996,
                -12.16239610499997
              ],
              [
                -71.05147548099995,
                -12.161273479999977
              ],
              [
                -71.04770410599986,
                -12.160501604999979
              ],
              [
                -71.04235398099985,
                -12.15806335499991
              ],
              [
                -71.03745985599983,
                -12.157519604999948
              ],
              [
                -71.03360073099998,
                -12.15994035499989
              ],
              [
                -71.02904010599997,
                -12.161992604999966
              ],
              [
                -71.02460210499999,
                -12.166535854999893
              ],
              [
                -71.02062023099995,
                -12.176692229999958
              ],
              [
                -71.01648047999993,
                -12.179604104999896
              ],
              [
                -71.01258623099994,
                -12.18135822999983
              ],
              [
                -71.01063922999998,
                -12.183568479999906
              ],
              [
                -71.0062889809999,
                -12.192216354999914
              ],
              [
                -71.00113185599997,
                -12.20016247999996
              ],
              [
                -70.99943010499987,
                -12.201039604999892
              ],
              [
                -70.99288735599987,
                -12.197811979999926
              ],
              [
                -70.99046660599993,
                -12.197356104999926
              ],
              [
                -70.98885285599994,
                -12.198917104999964
              ],
              [
                -70.98934398099988,
                -12.202004604999956
              ],
              [
                -70.99483435499991,
                -12.20639497999997
              ],
              [
                -70.99527298099997,
                -12.212323979999894
              ],
              [
                -70.99748322999989,
                -12.216270729999962
              ],
              [
                -71.00292098099987,
                -12.217779479999933
              ],
              [
                -71.00365773099998,
                -12.220849104999957
              ],
              [
                -70.99964073099989,
                -12.223129479999898
              ],
              [
                -70.99488710499986,
                -12.223111854999956
              ],
              [
                -70.99087010599993,
                -12.220989354999858
              ],
              [
                -70.98388860599994,
                -12.214235979999899
              ],
              [
                -70.9798541049999,
                -12.212218729999904
              ],
              [
                -70.96939948099998,
                -12.211587229999964
              ],
              [
                -70.96696122999992,
                -12.20944722999991
              ],
              [
                -70.96796110499997,
                -12.206114229999912
              ],
              [
                -70.97357435599992,
                -12.204711104999888
              ],
              [
                -70.97578460599993,
                -12.203132354999923
              ],
              [
                -70.97603010499995,
                -12.20055372999991
              ],
              [
                -70.97364448099995,
                -12.19808047999993
              ],
              [
                -70.96971510599997,
                -12.198799604999977
              ],
              [
                -70.96647010599997,
                -12.20248335499997
              ],
              [
                -70.9618392299999,
                -12.212271354999928
              ],
              [
                -70.96204973099998,
                -12.216428604999976
              ],
              [
                -70.96620698099997,
                -12.218516104999935
              ],
              [
                -70.9722763559999,
                -12.217989854999928
              ],
              [
                -70.97525835499988,
                -12.22042810499994
              ],
              [
                -70.98039798099995,
                -12.221883979999973
              ],
              [
                -70.98287123099988,
                -12.223392479999916
              ],
              [
                -70.98506397999995,
                -12.227742854999974
              ],
              [
                -70.98339748099988,
                -12.229935479999938
              ],
              [
                -70.97850348099996,
                -12.231514229999902
              ],
              [
                -70.97592485499996,
                -12.234215604999974
              ],
              [
                -70.97606522999996,
                -12.238092229999893
              ],
              [
                -70.97853860599997,
                -12.245733229999928
              ],
              [
                -70.9777492309999,
                -12.247575104999896
              ],
              [
                -70.97331123099997,
                -12.248083729999962
              ],
              [
                -70.97117123099991,
                -12.24666285499984
              ],
              [
                -70.9681191059999,
                -12.242786229999979
              ],
              [
                -70.96380385599991,
                -12.242628354999965
              ],
              [
                -70.9626109809999,
                -12.244663229999958
              ],
              [
                -70.96180410499994,
                -12.252728729999887
              ],
              [
                -70.95968160599989,
                -12.254640729999835
              ],
              [
                -70.95524348099997,
                -12.25462322999988
              ],
              [
                -70.95310360499991,
                -12.253675979999969
              ],
              [
                -70.9517178559999,
                -12.25088685499992
              ],
              [
                -70.95217398099999,
                -12.246887479999941
              ],
              [
                -70.95675223099988,
                -12.242396854999981
              ],
              [
                -70.95831335499992,
                -12.238923729999954
              ],
              [
                -70.9575239799999,
                -12.236152104999974
              ],
              [
                -70.95340185499998,
                -12.23352097999998
              ],
              [
                -70.95012160599998,
                -12.233327979999956
              ],
              [
                -70.94463110599992,
                -12.234187479999946
              ],
              [
                -70.9382461049999,
                -12.234538354999927
              ],
              [
                -70.93566747999989,
                -12.235783729999866
              ],
              [
                -70.93479047999989,
                -12.238362354999879
              ],
              [
                -70.93584298099995,
                -12.240625229999978
              ],
              [
                -70.93893023099997,
                -12.242045979999943
              ],
              [
                -70.94331560599989,
                -12.242449479999834
              ],
              [
                -70.94668347999993,
                -12.245150854999963
              ],
              [
                -70.94715710599996,
                -12.247922354999957
              ],
              [
                -70.94566610499993,
                -12.250150104999875
              ],
              [
                -70.9426664799999,
                -12.252044729999966
              ],
              [
                -70.93687785599997,
                -12.252465604999884
              ],
              [
                -70.93440460499994,
                -12.253693479999981
              ],
              [
                -70.93400122999998,
                -12.255745854999873
              ],
              [
                -70.93580785599988,
                -12.258624229999896
              ],
              [
                -70.94177185499996,
                -12.26390422999998
              ],
              [
                -70.94236835599992,
                -12.266535479999902
              ],
              [
                -70.93910560599988,
                -12.27014897999993
              ],
              [
                -70.93479047999989,
                -12.271973354999886
              ],
              [
                -70.9293877309999,
                -12.27116635499982
              ],
              [
                -70.92519535599996,
                -12.268236979999926
              ],
              [
                -70.92123098099995,
                -12.26837735499987
              ],
              [
                -70.92340610499997,
                -12.271043604999875
              ],
              [
                -70.92306422999991,
                -12.274786479999932
              ],
              [
                -70.92152923099991,
                -12.279171854999959
              ],
              [
                -70.92236248099994,
                -12.282438854999839
              ],
              [
                -70.9287211059999,
                -12.284061479999878
              ],
              [
                -70.93214173099994,
                -12.286648854999896
              ],
              [
                -70.93352310599994,
                -12.288907104999964
              ],
              [
                -70.93843473099997,
                -12.292349729999898
              ],
              [
                -70.9406492309999,
                -12.296910479999951
              ],
              [
                -70.94994623099996,
                -12.30046260499995
              ],
              [
                -70.95321323099984,
                -12.303554229999975
              ],
              [
                -70.95507698099993,
                -12.308093104999898
              ],
              [
                -70.95109335499995,
                -12.321920729999931
              ],
              [
                -70.95805885499993,
                -12.330719229999886
              ],
              [
                -70.96230410599998,
                -12.339150855999947
              ],
              [
                -70.96521722999995,
                -12.34141660499995
              ],
              [
                -70.96868522999995,
                -12.341601479999952
              ],
              [
                -70.97187560499987,
                -12.340630479999902
              ],
              [
                -70.97538985599994,
                -12.33836472999991
              ],
              [
                -70.98246447999998,
                -12.337023854999927
              ],
              [
                -70.98718085499996,
                -12.337439979999886
              ],
              [
                -70.99027898099996,
                -12.339381980999974
              ],
              [
                -70.99485672999992,
                -12.345439354999883
              ],
              [
                -71.0003591059999,
                -12.347335229999885
              ],
              [
                -71.00724885599993,
                -12.34835247999996
              ],
              [
                -71.00960698099993,
                -12.350017229999935
              ],
              [
                -71.01154910599985,
                -12.354178605999891
              ],
              [
                -71.01478585599995,
                -12.355242104999888
              ],
              [
                -71.01871623099998,
                -12.354178604999902
              ],
              [
                -71.02236910599999,
                -12.354224854999927
              ],
              [
                -71.02662310599999,
                -12.35598197999991
              ],
              [
                -71.03161685499998,
                -12.356351854999957
              ],
              [
                -71.03480748099992,
                -12.357600354999875
              ],
              [
                -71.03633335499995,
                -12.359912354999949
              ],
              [
                -71.03799798099993,
                -12.365507229999935
              ],
              [
                -71.04738460599998,
                -12.372766854999952
              ],
              [
                -71.05103735599994,
                -12.37660472999994
              ],
              [
                -71.05182360599997,
                -12.379009229999951
              ],
              [
                -71.05149998099995,
                -12.385020354999938
              ],
              [
                -71.05187122999996,
                -12.388431730999855
              ],
              [
                -71.05653748099985,
                -12.393480354999951
              ],
              [
                -71.06412323099988,
                -12.396903854999891
              ],
              [
                -71.06916335599993,
                -12.40000185499997
              ],
              [
                -71.08113935599988,
                -12.404718229999958
              ],
              [
                -71.08543960599997,
                -12.408186229999899
              ],
              [
                -71.09316160599985,
                -12.417295354999908
              ],
              [
                -71.09593598099997,
                -12.422936604999904
              ],
              [
                -71.10005123099995,
                -12.424508729999957
              ],
              [
                -71.10126398099993,
                -12.426646354999832
              ],
              [
                -71.1024152309999,
                -12.432252479999875
              ],
              [
                -71.10597122999997,
                -12.433408104999899
              ],
              [
                -71.10770473099996,
                -12.436519605999877
              ],
              [
                -71.11238273099991,
                -12.438936729999966
              ],
              [
                -71.11879510599988,
                -12.446174729999939
              ],
              [
                -71.12073673099997,
                -12.45114310599996
              ],
              [
                -71.12393473099996,
                -12.455471854999928
              ],
              [
                -71.12547660599984,
                -12.460554355999875
              ],
              [
                -71.12747535499994,
                -12.463923604999877
              ],
              [
                -71.13415685599995,
                -12.46700748099994
              ],
              [
                -71.13843998099998,
                -12.471918479999943
              ],
              [
                -71.14049573099987,
                -12.476886979999904
              ],
              [
                -71.14318760599991,
                -12.480186604999972
              ],
              [
                -71.14752673099997,
                -12.483040479999943
              ],
              [
                -71.1521569809999,
                -12.485195479999902
              ],
              [
                -71.15329273099991,
                -12.486476854999978
              ],
              [
                -71.15457410599998,
                -12.492038979999904
              ],
              [
                -71.15696210599992,
                -12.496698479999964
              ],
              [
                -71.16202923099996,
                -12.502464479999844
              ],
              [
                -71.16322322999997,
                -12.504881605999913
              ],
              [
                -71.16313585599994,
                -12.507560729999966
              ],
              [
                -71.16552385599994,
                -12.512249354999938
              ],
              [
                -71.16791160599996,
                -12.514433479999923
              ],
              [
                -71.17051473099997,
                -12.520657854999968
              ],
              [
                -71.17770785499994,
                -12.528971980999927
              ],
              [
                -71.17901573099988,
                -12.532054854999899
              ],
              [
                -71.17985648099989,
                -12.537192604999916
              ],
              [
                -71.18406023099993,
                -12.542984604999958
              ],
              [
                -71.18602198099995,
                -12.547748854999895
              ],
              [
                -71.18985210599988,
                -12.550924979999877
              ],
              [
                -71.19293485599997,
                -12.555689229999928
              ],
              [
                -71.19620448099994,
                -12.563069229999826
              ],
              [
                -71.20218323099994,
                -12.56886110499994
              ],
              [
                -71.20489223099997,
                -12.573905605999926
              ],
              [
                -71.20451860599997,
                -12.579697479999936
              ],
              [
                -71.2051071059999,
                -12.583371604999911
              ],
              [
                -71.20436910599994,
                -12.590830104999952
              ],
              [
                -71.2069237309999,
                -12.594243979999874
              ],
              [
                -71.20519335599994,
                -12.59773822999989
              ],
              [
                -71.20182035599998,
                -12.600449230999914
              ],
              [
                -71.20320885599995,
                -12.603021480999871
              ],
              [
                -71.20278135599995,
                -12.605962855999962
              ],
              [
                -71.20139260499997,
                -12.608042980999926
              ],
              [
                -71.20406248099988,
                -12.609314604999895
              ],
              [
                -71.20348435599993,
                -12.611874980999914
              ],
              [
                -71.20578710599995,
                -12.612183605999974
              ],
              [
                -71.20742772999995,
                -12.614634605999981
              ],
              [
                -71.21125785599997,
                -12.616103605999967
              ],
              [
                -71.21160935599994,
                -12.618984354999895
              ],
              [
                -71.20930473099992,
                -12.621234479999941
              ],
              [
                -71.2088847309999,
                -12.625052729999936
              ],
              [
                -71.21188285599999,
                -12.625615229999937
              ],
              [
                -71.20995310599994,
                -12.628621104999866
              ],
              [
                -71.20936523099988,
                -12.631156229999931
              ],
              [
                -71.20654298099993,
                -12.635011729999974
              ],
              [
                -71.20270510599994,
                -12.638289104999899
              ],
              [
                -71.20153910599998,
                -12.640865230999964
              ],
              [
                -71.20067573099988,
                -12.64773048099994
              ],
              [
                -71.20030273099991,
                -12.655134730999976
              ],
              [
                -71.19789848099987,
                -12.660847604999958
              ],
              [
                -71.19184048099999,
                -12.663019354999903
              ],
              [
                -71.19115898099994,
                -12.665291229999923
              ],
              [
                -71.19305935499995,
                -12.66773385499988
              ],
              [
                -71.19377522999986,
                -12.67613010499997
              ],
              [
                -71.19849360599989,
                -12.680848480999941
              ],
              [
                -71.19997635599992,
                -12.685027604999846
              ],
              [
                -71.20065048099991,
                -12.694059854999864
              ],
              [
                -71.19930248099996,
                -12.698778229999903
              ],
              [
                -71.19566260599998,
                -12.705114354999978
              ],
              [
                -71.19269673099996,
                -12.709023730999945
              ],
              [
                -71.18680773099999,
                -12.714841104999891
              ],
              [
                -71.18501948099998,
                -12.717501979999952
              ]
            ]
          ]
        ],
        "type": "MultiPolygon"
      },
      "type": "Feature",
      "properties": {
        "PROVINCIA": "MANU",
        "DISTRITO": "MANU",
        "name": "MANU",
        "ID": "160201",
        "DEPARTAMEN": "MADRE DE DIOS"
      }
    }
  ]
}
