{
  "type": "FeatureCollection",
  "features": [
    {
      "geometry": {
        "coordinates": [
          [
            [
              [
                -71.89389860699998,
                -14.789601232999871
              ],
              [
                -71.89676648099987,
                -14.794157982
              ],
              [
                -71.90254973200001,
                -14.796762482999895
              ],
              [
                -71.90772248199988,
                -14.805078481999828
              ],
              [
                -71.90943910699991,
                -14.810835856999972
              ],
              [
                -71.90830248099991,
                -14.815850231999889
              ],
              [
                -71.90693660599987,
                -14.818335481999895
              ],
              [
                -71.90651698099998,
                -14.826255857999854
              ],
              [
                -71.91264348199991,
                -14.832045607999817
              ],
              [
                -71.91415410599984,
                -14.834367732999908
              ],
              [
                -71.91596985699988,
                -14.834178981999912
              ],
              [
                -71.91748048199992,
                -14.831417981999948
              ],
              [
                -71.92168423199985,
                -14.830225982
              ],
              [
                -71.92610935699986,
                -14.827632856999912
              ],
              [
                -71.93294523099996,
                -14.825933482999915
              ],
              [
                -71.9350891069999,
                -14.823975606999909
              ],
              [
                -71.93997198099987,
                -14.822808232999876
              ],
              [
                -71.94297023099989,
                -14.823615981999922
              ],
              [
                -71.94816585699988,
                -14.828291856999897
              ],
              [
                -71.94920348200003,
                -14.831582107999907
              ],
              [
                -71.95185085699995,
                -14.83732610699991
              ],
              [
                -71.95821385700003,
                -14.84041410799989
              ],
              [
                -71.9641571059999,
                -14.846071232999975
              ],
              [
                -71.96683498199985,
                -14.8532476069999
              ],
              [
                -71.97109223099994,
                -14.858258232999901
              ],
              [
                -71.97239685699981,
                -14.859103231999939
              ],
              [
                -71.97423548199987,
                -14.865497606999895
              ],
              [
                -71.97589873099992,
                -14.869466732999967
              ],
              [
                -71.97734085699994,
                -14.87052148299989
              ],
              [
                -71.982284607,
                -14.871513357999902
              ],
              [
                -71.9856948559999,
                -14.874248482999974
              ],
              [
                -71.99111935600001,
                -14.876519232999954
              ],
              [
                -71.99938198200005,
                -14.884205856999927
              ],
              [
                -72.00334935699993,
                -14.88622098299993
              ],
              [
                -72.00493623199986,
                -14.886319981999975
              ],
              [
                -72.00949860599997,
                -14.882513981999978
              ],
              [
                -72.02005773099995,
                -14.877503357999899
              ],
              [
                -72.02683260599997,
                -14.876018482999882
              ],
              [
                -72.03086098200004,
                -14.880108857999858
              ],
              [
                -72.03239435699982,
                -14.884596857999952
              ],
              [
                -72.0345229809999,
                -14.887921357999915
              ],
              [
                -72.03503423199993,
                -14.89113048199988
              ],
              [
                -72.03381348199997,
                -14.896386107999888
              ],
              [
                -72.033958482,
                -14.89865873299982
              ],
              [
                -72.0359497309999,
                -14.900097856999878
              ],
              [
                -72.043075482,
                -14.903048481999917
              ],
              [
                -72.04645535599997,
                -14.906781231999958
              ],
              [
                -72.04591373199992,
                -14.908816356999978
              ],
              [
                -72.043342607,
                -14.910533856999962
              ],
              [
                -72.04510510699998,
                -14.913843106999934
              ],
              [
                -72.043632607,
                -14.918747856999971
              ],
              [
                -72.04359423200003,
                -14.921116856999959
              ],
              [
                -72.04206848199982,
                -14.924901981999938
              ],
              [
                -72.04109185599992,
                -14.930206482999893
              ],
              [
                -72.04166410699986,
                -14.934247981999818
              ],
              [
                -72.04431135699986,
                -14.939898356999947
              ],
              [
                -72.04573060599995,
                -14.941477732999886
              ],
              [
                -72.050094607,
                -14.942496357999971
              ],
              [
                -72.05532073200004,
                -14.942287481999927
              ],
              [
                -72.06150060699986,
                -14.93850998299996
              ],
              [
                -72.06851960699993,
                -14.937221482999973
              ],
              [
                -72.07192248099983,
                -14.93738560700001
              ],
              [
                -72.07971948099998,
                -14.939646732999847
              ],
              [
                -72.08792873200002,
                -14.94487473199996
              ],
              [
                -72.09221648199986,
                -14.94929310799995
              ],
              [
                -72.09851835699993,
                -14.953423481999948
              ],
              [
                -72.10221098199992,
                -14.954933107999977
              ],
              [
                -72.10260773199997,
                -14.940628106999952
              ],
              [
                -72.10292810700003,
                -14.935868231999962
              ],
              [
                -72.10764310699989,
                -14.92218498199992
              ],
              [
                -72.10946660699994,
                -14.918893857999933
              ],
              [
                -72.10851285699988,
                -14.913737357999878
              ],
              [
                -72.1088638569999,
                -14.906150856999943
              ],
              [
                -72.10829160599997,
                -14.903262106999932
              ],
              [
                -72.10665898199989,
                -14.89998248300003
              ],
              [
                -72.09957123200002,
                -14.892857606999883
              ],
              [
                -72.09929660699993,
                -14.891181981999978
              ],
              [
                -72.10149385599993,
                -14.890109982999945
              ],
              [
                -72.10691835700004,
                -14.889335606999964
              ],
              [
                -72.110015857,
                -14.887708608000025
              ],
              [
                -72.11473860599995,
                -14.889335606999964
              ],
              [
                -72.11949923199995,
                -14.889018982999971
              ],
              [
                -72.13159185699988,
                -14.88528160699991
              ],
              [
                -72.13406373100003,
                -14.885349232999943
              ],
              [
                -72.13739010599983,
                -14.883828106999943
              ],
              [
                -72.14032748199986,
                -14.883785232999912
              ],
              [
                -72.14370735699993,
                -14.88483235799987
              ],
              [
                -72.14650723099993,
                -14.883181606999813
              ],
              [
                -72.14771273199995,
                -14.881403856999952
              ],
              [
                -72.15003198199992,
                -14.88131998199998
              ],
              [
                -72.15216060599982,
                -14.883484856999928
              ],
              [
                -72.1588439809999,
                -14.884454732999814
              ],
              [
                -72.161476107,
                -14.885730732999946
              ],
              [
                -72.16680148199998,
                -14.890507733
              ],
              [
                -72.16579435699998,
                -14.892300607999971
              ],
              [
                -72.16562648199994,
                -14.89604660699996
              ],
              [
                -72.171333356,
                -14.89654923199987
              ],
              [
                -72.177253732,
                -14.897945357999959
              ],
              [
                -72.17931360699998,
                -14.900869357999852
              ],
              [
                -72.18126673200004,
                -14.901838356999974
              ],
              [
                -72.18346410699996,
                -14.900648106999938
              ],
              [
                -72.18593598099983,
                -14.904138607999982
              ],
              [
                -72.19319910699994,
                -14.905135106999921
              ],
              [
                -72.19947048099988,
                -14.909302731999958
              ],
              [
                -72.20184310699989,
                -14.909951231999969
              ],
              [
                -72.20920560599995,
                -14.910441356999854
              ],
              [
                -72.20984648099989,
                -14.908980232999909
              ],
              [
                -72.21604923099989,
                -14.915023857999927
              ],
              [
                -72.21587373200003,
                -14.916609732999973
              ],
              [
                -72.219688357,
                -14.920337856999879
              ],
              [
                -72.22149673199988,
                -14.920341482999902
              ],
              [
                -72.22673798099993,
                -14.92615798299994
              ],
              [
                -72.22599798199991,
                -14.929262107999932
              ],
              [
                -72.22727960599997,
                -14.93076323299988
              ],
              [
                -72.23135373199983,
                -14.931819856999823
              ],
              [
                -72.23590848199984,
                -14.934564607999903
              ],
              [
                -72.23866273199991,
                -14.93510723199995
              ],
              [
                -72.24203485699985,
                -14.938383107999925
              ],
              [
                -72.2442551069999,
                -14.943793357999937
              ],
              [
                -72.24949648200004,
                -14.945586356999968
              ],
              [
                -72.2533569819999,
                -14.946263232999911
              ],
              [
                -72.2550048569999,
                -14.949134857999923
              ],
              [
                -72.25394435699991,
                -14.955963107999935
              ],
              [
                -72.25575260699986,
                -14.961390482999946
              ],
              [
                -72.2573547319999,
                -14.962015107999832
              ],
              [
                -72.26094060699995,
                -14.965784982999821
              ],
              [
                -72.260269107,
                -14.969855357999961
              ],
              [
                -72.25817110699995,
                -14.97041798299989
              ],
              [
                -72.25682073199988,
                -14.97280310799988
              ],
              [
                -72.2563476059999,
                -14.977909982999961
              ],
              [
                -72.2574921069999,
                -14.983888606999813
              ],
              [
                -72.258644107,
                -14.986722981999947
              ],
              [
                -72.25730910699997,
                -14.988540607999937
              ],
              [
                -72.25661473199989,
                -14.994232232999877
              ],
              [
                -72.25444035699991,
                -14.997821857999952
              ],
              [
                -72.25428010699989,
                -14.999999981999963
              ],
              [
                -72.25553898199996,
                -15.001775732999931
              ],
              [
                -72.25633235699996,
                -15.007040981999978
              ],
              [
                -72.25631698199993,
                -15.011619482999947
              ],
              [
                -72.25901035699985,
                -15.01624198299993
              ],
              [
                -72.25888823099996,
                -15.020777731999885
              ],
              [
                -72.26016998199998,
                -15.02355860799986
              ],
              [
                -72.26036835699995,
                -15.026501607999933
              ],
              [
                -72.2625351069999,
                -15.032463107999945
              ],
              [
                -72.265296982,
                -15.037131357999954
              ],
              [
                -72.26547235700002,
                -15.043250106999949
              ],
              [
                -72.26814273199989,
                -15.043818481999892
              ],
              [
                -72.27154535699987,
                -15.04639435699994
              ],
              [
                -72.27260585599987,
                -15.048935857999936
              ],
              [
                -72.27840423200001,
                -15.052526482999895
              ],
              [
                -72.28511048199988,
                -15.058304732999886
              ],
              [
                -72.28486635699983,
                -15.060822357999939
              ],
              [
                -72.2867661059999,
                -15.061862982999969
              ],
              [
                -72.28635410699991,
                -15.06461523299987
              ],
              [
                -72.29223635699998,
                -15.067570732999968
              ],
              [
                -72.29667660699977,
                -15.067248357999972
              ],
              [
                -72.29869098199981,
                -15.070288606999895
              ],
              [
                -72.29934698199997,
                -15.072984731999952
              ],
              [
                -72.30506135699983,
                -15.079343732999916
              ],
              [
                -72.30878448199996,
                -15.081300732999864
              ],
              [
                -72.30908960699998,
                -15.084917982999912
              ],
              [
                -72.31129460699992,
                -15.088259731999926
              ],
              [
                -72.31700135599976,
                -15.094398481999974
              ],
              [
                -72.31983948200002,
                -15.095574357999965
              ],
              [
                -72.32748410599987,
                -15.096795106999878
              ],
              [
                -72.33103185699997,
                -15.095855856999947
              ],
              [
                -72.33527373199985,
                -15.096445106999965
              ],
              [
                -72.33761598199993,
                -15.09582998299993
              ],
              [
                -72.34690098199991,
                -15.095060482999884
              ],
              [
                -72.35027310699985,
                -15.096111357999973
              ],
              [
                -72.352882357,
                -15.096097982999936
              ],
              [
                -72.35557560699982,
                -15.097837482999978
              ],
              [
                -72.35781860699996,
                -15.101951606999933
              ],
              [
                -72.35782623199998,
                -15.10364435799994
              ],
              [
                -72.3603973569999,
                -15.110232356999859
              ],
              [
                -72.362121607,
                -15.109414107999896
              ],
              [
                -72.366821232,
                -15.11217598299993
              ],
              [
                -72.36795048099992,
                -15.116738357999907
              ],
              [
                -72.36981960699995,
                -15.118579857999976
              ],
              [
                -72.3706359819999,
                -15.123296732999961
              ],
              [
                -72.37098698199998,
                -15.130412107999916
              ],
              [
                -72.36969760699981,
                -15.135550357999819
              ],
              [
                -72.36489873200003,
                -15.137656357999902
              ],
              [
                -72.36270910699994,
                -15.137507483000036
              ],
              [
                -72.35968785699998,
                -15.13883035799995
              ],
              [
                -72.35845935699984,
                -15.140861607999966
              ],
              [
                -72.35961148199988,
                -15.14386935799996
              ],
              [
                -72.35971073199994,
                -15.148951482999905
              ],
              [
                -72.35754398199987,
                -15.153240232999963
              ],
              [
                -72.357643107,
                -15.156021232999933
              ],
              [
                -72.35993198200003,
                -15.16182423299989
              ],
              [
                -72.36254123200001,
                -15.163164106999943
              ],
              [
                -72.36359410699998,
                -15.166230232999965
              ],
              [
                -72.3658752319999,
                -15.170087856999942
              ],
              [
                -72.36443323199995,
                -15.172708482999951
              ],
              [
                -72.37016298199984,
                -15.181816107999907
              ],
              [
                -72.37193298199992,
                -15.18319898299984
              ],
              [
                -72.37466435699986,
                -15.188015982999957
              ],
              [
                -72.375694232,
                -15.192157732999817
              ],
              [
                -72.3753967319999,
                -15.194818357999964
              ],
              [
                -72.37693023199995,
                -15.197789231999934
              ],
              [
                -72.37643435699994,
                -15.200939232999872
              ],
              [
                -72.37415310699993,
                -15.202832232999981
              ],
              [
                -72.37587735699987,
                -15.204429607999828
              ],
              [
                -72.37555698199992,
                -15.207855232999918
              ],
              [
                -72.37432098199997,
                -15.209224732999928
              ],
              [
                -72.37380985699997,
                -15.215494107999973
              ],
              [
                -72.37205510699982,
                -15.225353232999908
              ],
              [
                -72.37282560699998,
                -15.227687857999967
              ],
              [
                -72.37136073199991,
                -15.231991732999916
              ],
              [
                -72.3668518569998,
                -15.23373798199998
              ],
              [
                -72.36470798100004,
                -15.2394389829999
              ],
              [
                -72.36466985699991,
                -15.241896607999934
              ],
              [
                -72.36827085699997,
                -15.246343607999904
              ],
              [
                -72.37431335699995,
                -15.248997732999953
              ],
              [
                -72.37570948199993,
                -15.250442482999972
              ],
              [
                -72.38132473199994,
                -15.250121107999917
              ],
              [
                -72.3833618569999,
                -15.250736231999895
              ],
              [
                -72.38729860699993,
                -15.253293982999878
              ],
              [
                -72.395301857,
                -15.256608982999978
              ],
              [
                -72.40278610699983,
                -15.259077982999827
              ],
              [
                -72.40592960699996,
                -15.264711357999886
              ],
              [
                -72.4114456069999,
                -15.26565360799998
              ],
              [
                -72.41329198199992,
                -15.267419857999926
              ],
              [
                -72.41959385699988,
                -15.270532607999883
              ],
              [
                -72.42794798199992,
                -15.281279607999977
              ],
              [
                -72.4331207319999,
                -15.292517607999969
              ],
              [
                -72.43739323199992,
                -15.298883482999884
              ],
              [
                -72.43841548200004,
                -15.301561357999958
              ],
              [
                -72.43965910700001,
                -15.31049635799991
              ],
              [
                -72.43833160699984,
                -15.314593357999968
              ],
              [
                -72.43769073200002,
                -15.319037482999875
              ],
              [
                -72.439239482,
                -15.32157798299994
              ],
              [
                -72.435104357,
                -15.325411857999882
              ],
              [
                -72.436675982,
                -15.326988232999952
              ],
              [
                -72.43663023200003,
                -15.330349982999905
              ],
              [
                -72.43244173199986,
                -15.335492107999926
              ],
              [
                -72.43201448199994,
                -15.34096735799983
              ],
              [
                -72.430633607,
                -15.347107857999958
              ],
              [
                -72.43113710699993,
                -15.350917857999946
              ],
              [
                -72.42941285699999,
                -15.353161857999908
              ],
              [
                -72.431686357,
                -15.357039482999937
              ],
              [
                -72.43038935699997,
                -15.359259607999945
              ],
              [
                -72.43048098199989,
                -15.362906483000017
              ],
              [
                -72.42713910699996,
                -15.368140232999963
              ],
              [
                -72.42799373199989,
                -15.370357482999907
              ],
              [
                -72.43265535700004,
                -15.370784732999937
              ],
              [
                -72.43319698199991,
                -15.374464982999939
              ],
              [
                -72.43455510699994,
                -15.37567998299994
              ],
              [
                -72.43535610699996,
                -15.379588107999837
              ],
              [
                -72.43479923199988,
                -15.38207048299995
              ],
              [
                -72.4359436069999,
                -15.384521483000015
              ],
              [
                -72.43527223199993,
                -15.387915607999958
              ],
              [
                -72.43852235700001,
                -15.389464357999941
              ],
              [
                -72.43907923199981,
                -15.394128732999889
              ],
              [
                -72.44075773199995,
                -15.397831857999961
              ],
              [
                -72.44242860700001,
                -15.395531607999885
              ],
              [
                -72.44690698199992,
                -15.391955357999905
              ],
              [
                -72.4488372319999,
                -15.39169498299998
              ],
              [
                -72.45126348199994,
                -15.389124857999946
              ],
              [
                -72.45757298199993,
                -15.388892232999979
              ],
              [
                -72.46054073199997,
                -15.388020482999934
              ],
              [
                -72.46543885699998,
                -15.388894982999943
              ],
              [
                -72.46767423199992,
                -15.389874482999971
              ],
              [
                -72.47376248199998,
                -15.39077948299996
              ],
              [
                -72.47573085699986,
                -15.391653982999856
              ],
              [
                -72.48119348199992,
                -15.391926732999934
              ],
              [
                -72.48589323199997,
                -15.392801232999943
              ],
              [
                -72.48924260699988,
                -15.395747232999952
              ],
              [
                -72.50201410700004,
                -15.397200607999935
              ],
              [
                -72.50736998199989,
                -15.398737857999947
              ],
              [
                -72.51167298199994,
                -15.398737857999947
              ],
              [
                -72.51958460699996,
                -15.406562857999916
              ],
              [
                -72.5226593569999,
                -15.417413732999933
              ],
              [
                -72.52115635699988,
                -15.42057323299997
              ],
              [
                -72.52155298199983,
                -15.423137732999976
              ],
              [
                -72.523948732,
                -15.424390732999939
              ],
              [
                -72.52405548199994,
                -15.426271482999937
              ],
              [
                -72.52234648199993,
                -15.42946260799988
              ],
              [
                -72.52342985699988,
                -15.438920982999832
              ],
              [
                -72.52081298199988,
                -15.443878232999907
              ],
              [
                -72.51558685699985,
                -15.45085810799992
              ],
              [
                -72.51483148199998,
                -15.455957357999978
              ],
              [
                -72.51563273199991,
                -15.45916748299993
              ],
              [
                -72.5147704819999,
                -15.464021732999925
              ],
              [
                -72.51362610699988,
                -15.466308607999963
              ],
              [
                -72.51069635699986,
                -15.469043732999978
              ],
              [
                -72.50759123199998,
                -15.475064232999841
              ],
              [
                -72.50762173199985,
                -15.478260982999927
              ],
              [
                -72.5115891069999,
                -15.489260732999924
              ],
              [
                -72.51589198199997,
                -15.494430482999917
              ],
              [
                -72.5160598569999,
                -15.496622107999883
              ],
              [
                -72.5265176069999,
                -15.505386732999966
              ],
              [
                -72.52962998199996,
                -15.511597982999831
              ],
              [
                -72.53373710699987,
                -15.516745483999955
              ],
              [
                -72.53503423199999,
                -15.521587357999977
              ],
              [
                -72.53784948199996,
                -15.526146857999947
              ],
              [
                -72.54145048199985,
                -15.529411357999948
              ],
              [
                -72.54360960699995,
                -15.534378982999954
              ],
              [
                -72.54721073199994,
                -15.537792232999891
              ],
              [
                -72.55040735699993,
                -15.540067733999877
              ],
              [
                -72.55761723199998,
                -15.542203858
              ],
              [
                -72.56006623299993,
                -15.540864982999949
              ],
              [
                -72.56291960700003,
                -15.53758148299994
              ],
              [
                -72.56739810700003,
                -15.538548482999943
              ],
              [
                -72.57067873200003,
                -15.538650607999955
              ],
              [
                -72.57839198199991,
                -15.545394857999952
              ],
              [
                -72.58343498199997,
                -15.548373233999882
              ],
              [
                -72.5837173569999,
                -15.549848607999934
              ],
              [
                -72.58638760699978,
                -15.550763107999956
              ],
              [
                -72.59278873199986,
                -15.551320107999913
              ],
              [
                -72.60089873299995,
                -15.550286232999895
              ],
              [
                -72.60272985699987,
                -15.550763107999956
              ],
              [
                -72.60551448199988,
                -15.554461482999955
              ],
              [
                -72.60690310699982,
                -15.559353857999838
              ],
              [
                -72.60881810699982,
                -15.559671357999889
              ],
              [
                -72.61688998199998,
                -15.555932983999924
              ],
              [
                -72.61863710699993,
                -15.556053108999947
              ],
              [
                -72.62875360699985,
                -15.559711483999934
              ],
              [
                -72.630279482,
                -15.558370607999905
              ],
              [
                -72.63417035699996,
                -15.556912482999962
              ],
              [
                -72.63642123200003,
                -15.55227185799987
              ],
              [
                -72.64026635699986,
                -15.550017357999934
              ],
              [
                -72.64420323299998,
                -15.550414982999882
              ],
              [
                -72.65255735700003,
                -15.547801857999957
              ],
              [
                -72.65603635699995,
                -15.548520107999877
              ],
              [
                -72.66069798199999,
                -15.545888857999955
              ],
              [
                -72.66370385699992,
                -15.549599607999937
              ],
              [
                -72.66803735699983,
                -15.550581982999972
              ],
              [
                -72.67456060699982,
                -15.550755482999932
              ],
              [
                -72.676063483,
                -15.551505982999913
              ],
              [
                -72.67848973299994,
                -15.554798107999943
              ],
              [
                -72.68241885799995,
                -15.558091107999871
              ],
              [
                -72.68542485699999,
                -15.559072482999909
              ],
              [
                -72.68790435699998,
                -15.557975732999921
              ],
              [
                -72.69037623199995,
                -15.558357232999981
              ],
              [
                -72.69340510699982,
                -15.56299785799996
              ],
              [
                -72.70047760699987,
                -15.5672444839999
              ],
              [
                -72.70232385699995,
                -15.568808607999927
              ],
              [
                -72.70928960699996,
                -15.577362982999887
              ],
              [
                -72.71646123199986,
                -15.584670107999898
              ],
              [
                -72.71874235699988,
                -15.588363608
              ],
              [
                -72.72130585699989,
                -15.599132607999934
              ],
              [
                -72.72351835699999,
                -15.603018733999932
              ],
              [
                -72.72077935699986,
                -15.605094857999916
              ],
              [
                -72.71981048199996,
                -15.607480108999937
              ],
              [
                -72.71449285799991,
                -15.615247607999947
              ],
              [
                -72.71107485699997,
                -15.619470607999858
              ],
              [
                -72.71012110700002,
                -15.62622448299993
              ],
              [
                -72.70928960699996,
                -15.628365482999982
              ],
              [
                -72.70281985699995,
                -15.63269698299996
              ],
              [
                -72.70214848199993,
                -15.635889108999947
              ],
              [
                -72.70365148199994,
                -15.641230607999944
              ],
              [
                -72.70449060699991,
                -15.648683607999942
              ],
              [
                -72.70379635699993,
                -15.655363982999972
              ],
              [
                -72.70169835699988,
                -15.657462107999947
              ],
              [
                -72.69570923199996,
                -15.658239357999946
              ],
              [
                -72.69290148199991,
                -15.660599732999913
              ],
              [
                -72.68886560700003,
                -15.665558857999883
              ],
              [
                -72.68376923199986,
                -15.669880857999942
              ],
              [
                -72.6801682329999,
                -15.679455732999884
              ],
              [
                -72.68024448299991,
                -15.684818233999977
              ],
              [
                -72.67501835699994,
                -15.691767733999939
              ],
              [
                -72.67444610799987,
                -15.696556982999823
              ],
              [
                -72.67031860799977,
                -15.703468357999952
              ],
              [
                -72.66457360799996,
                -15.708423607999976
              ],
              [
                -72.6633224819999,
                -15.710601857999961
              ],
              [
                -72.6591873569999,
                -15.711235107999983
              ],
              [
                -72.65071873199997,
                -15.707689233999872
              ],
              [
                -72.64854435699982,
                -15.710497857999883
              ],
              [
                -72.64611048199987,
                -15.709897982999905
              ],
              [
                -72.6455536069999,
                -15.707836107999924
              ],
              [
                -72.64344785699984,
                -15.705640732999939
              ],
              [
                -72.64141848199989,
                -15.706039483999973
              ],
              [
                -72.64064785699998,
                -15.701853607999908
              ],
              [
                -72.63916773299991,
                -15.700707482999974
              ],
              [
                -72.63784785699994,
                -15.704185483999936
              ],
              [
                -72.63405610699982,
                -15.707754108000017
              ],
              [
                -72.63067623200004,
                -15.704496357999915
              ],
              [
                -72.62547298199985,
                -15.702306733999933
              ],
              [
                -72.62319185699994,
                -15.704617483999982
              ],
              [
                -72.62194823199997,
                -15.708800357999962
              ],
              [
                -72.61911773199989,
                -15.715224108999962
              ],
              [
                -72.61817935699997,
                -15.719695107999883
              ],
              [
                -72.61493685699992,
                -15.723105482999813
              ],
              [
                -72.60547635699999,
                -15.726195358999917
              ],
              [
                -72.60299685699982,
                -15.727650607999976
              ],
              [
                -72.60290523299989,
                -15.732265483999925
              ],
              [
                -72.599586482,
                -15.736583732999975
              ],
              [
                -72.59689335699977,
                -15.74141785799992
              ],
              [
                -72.5917587319999,
                -15.746968232999961
              ],
              [
                -72.59091185699992,
                -15.749009108999928
              ],
              [
                -72.58931735699997,
                -15.760308232999932
              ],
              [
                -72.58638760699978,
                -15.765484857999922
              ],
              [
                -72.58409123299992,
                -15.767476107999926
              ],
              [
                -72.58309935800003,
                -15.769566482999892
              ],
              [
                -72.57977298199978,
                -15.772559108999985
              ],
              [
                -72.5782242319998,
                -15.775483107999946
              ],
              [
                -72.57616423199988,
                -15.782949482999982
              ],
              [
                -72.57473760699997,
                -15.785375607999924
              ],
              [
                -72.571067857,
                -15.789233107999962
              ],
              [
                -72.56343073200003,
                -15.79826073299995
              ],
              [
                -72.55909723199994,
                -15.799905733999822
              ],
              [
                -72.55307010699988,
                -15.801070232999962
              ],
              [
                -72.54551698199987,
                -15.808289482999896
              ],
              [
                -72.54256435699989,
                -15.813309607999884
              ],
              [
                -72.54146573199978,
                -15.818295482999929
              ],
              [
                -72.54171748199991,
                -15.823069608999901
              ],
              [
                -72.53947448199995,
                -15.826069858999972
              ],
              [
                -72.53740698199994,
                -15.832027357999948
              ],
              [
                -72.53525548199991,
                -15.835534107999933
              ],
              [
                -72.53491210699991,
                -15.839548232999903
              ],
              [
                -72.53394323199996,
                -15.842632232999904
              ],
              [
                -72.53157810699986,
                -15.847195607999822
              ],
              [
                -72.53067010699993,
                -15.853035983999973
              ],
              [
                -72.52899935699992,
                -15.856761982999956
              ],
              [
                -72.52835848199999,
                -15.862565983999957
              ],
              [
                -72.52433010699986,
                -15.868490232999932
              ],
              [
                -72.52031710699998,
                -15.872272482999904
              ],
              [
                -72.51393885699991,
                -15.879950483999949
              ],
              [
                -72.51057435699988,
                -15.885035482999967
              ],
              [
                -72.50746160699993,
                -15.890864358999977
              ],
              [
                -72.50830835699998,
                -15.89660260799991
              ],
              [
                -72.51004023199994,
                -15.899415983999916
              ],
              [
                -72.51635748199976,
                -15.904476107999926
              ],
              [
                -72.51864623200004,
                -15.90881348299996
              ],
              [
                -72.52514648199997,
                -15.911465607999844
              ],
              [
                -72.52755735699998,
                -15.911733607999906
              ],
              [
                -72.53654485699985,
                -15.916928233999897
              ],
              [
                -72.53871923199989,
                -15.919345858999918
              ],
              [
                -72.54165635699991,
                -15.920493107999903
              ],
              [
                -72.54450223200001,
                -15.922637983999834
              ],
              [
                -72.55004123200001,
                -15.922438608999926
              ],
              [
                -72.55342860699989,
                -15.924083732999975
              ],
              [
                -72.55697635699988,
                -15.927675232999889
              ],
              [
                -72.56531523199999,
                -15.929802858999892
              ],
              [
                -72.56944273199991,
                -15.932867108999915
              ],
              [
                -72.57603448299989,
                -15.93561935899993
              ],
              [
                -72.57911685699992,
                -15.937534358999926
              ],
              [
                -72.58448023199986,
                -15.93791585799994
              ],
              [
                -72.59143823199986,
                -15.936275482999974
              ],
              [
                -72.58956910699993,
                -15.941423358999941
              ],
              [
                -72.587135482,
                -15.949994108999931
              ],
              [
                -72.58729560699993,
                -15.953782107999928
              ],
              [
                -72.5900497319999,
                -15.96251398399994
              ],
              [
                -72.59193423299996,
                -15.965200482999933
              ],
              [
                -72.59563448199987,
                -15.96633435799987
              ],
              [
                -72.60020448199998,
                -15.969651233999969
              ],
              [
                -72.60664560700002,
                -15.971573733999946
              ],
              [
                -72.60674373199987,
                -15.972979358999964
              ],
              [
                -72.60377548199995,
                -15.975839107999889
              ],
              [
                -72.60309185699998,
                -15.979676984000037
              ],
              [
                -72.60278985699995,
                -15.985498358999905
              ],
              [
                -72.60152523199991,
                -15.98735085899989
              ],
              [
                -72.59615498199986,
                -15.991059982999957
              ],
              [
                -72.59043123199984,
                -15.994365732999881
              ],
              [
                -72.58542623199997,
                -15.996324483999956
              ],
              [
                -72.58281710799992,
                -16.001281733999974
              ],
              [
                -72.58282473199995,
                -16.005496983999933
              ],
              [
                -72.5858612319999,
                -16.00808910899991
              ],
              [
                -72.5859374819999,
                -16.009517608999886
              ],
              [
                -72.57891848199995,
                -16.018152233999956
              ],
              [
                -72.57704923199992,
                -16.021776233999958
              ],
              [
                -72.57721710799984,
                -16.024890858999925
              ],
              [
                -72.57478335699983,
                -16.028570232999982
              ],
              [
                -72.58101648299998,
                -16.029506733999938
              ],
              [
                -72.584014857,
                -16.030465983999875
              ],
              [
                -72.59618373199993,
                -16.027183483999977
              ],
              [
                -72.59766385699993,
                -16.023614858999963
              ],
              [
                -72.59975435699988,
                -16.02174760899993
              ],
              [
                -72.60122685700003,
                -16.018859858999974
              ],
              [
                -72.60309598199979,
                -16.01724623399997
              ],
              [
                -72.61057273199987,
                -16.01724623299998
              ],
              [
                -72.61453248199996,
                -16.015886357999875
              ],
              [
                -72.61843873199996,
                -16.01294323299993
              ],
              [
                -72.62489323199992,
                -16.01209448399993
              ],
              [
                -72.62925723199987,
                -16.01333998299998
              ],
              [
                -72.6328277319999,
                -16.015886357999875
              ],
              [
                -72.63765710699988,
                -16.01604460799996
              ],
              [
                -72.6400146069999,
                -16.016769358999966
              ],
              [
                -72.64186098199991,
                -16.016044608999948
              ],
              [
                -72.64929960700005,
                -16.017284357999927
              ],
              [
                -72.65293123299989,
                -16.016666357999952
              ],
              [
                -72.65401460699991,
                -16.015622982999957
              ],
              [
                -72.66243748199986,
                -16.0149268589999
              ],
              [
                -72.66338348199997,
                -16.01763910899996
              ],
              [
                -72.66529848199997,
                -16.01763348299994
              ],
              [
                -72.67364498299992,
                -16.01025185799989
              ],
              [
                -72.6743392329999,
                -16.004533733999892
              ],
              [
                -72.6752701069999,
                -16.00236898299994
              ],
              [
                -72.67480473200004,
                -15.995490107999956
              ],
              [
                -72.67805485699984,
                -15.99077498299988
              ],
              [
                -72.67797085799998,
                -15.98702710799995
              ],
              [
                -72.678672732,
                -15.98115248399995
              ],
              [
                -72.6842193579999,
                -15.98241235799992
              ],
              [
                -72.68666835799985,
                -15.984095607999961
              ],
              [
                -72.68820185699991,
                -15.988182108999922
              ],
              [
                -72.68911748199997,
                -15.993695232999926
              ],
              [
                -72.69023898199987,
                -15.996759357999963
              ],
              [
                -72.6967842329999,
                -15.998560357999963
              ],
              [
                -72.70008560699995,
                -16.006182607999904
              ],
              [
                -72.70158610700003,
                -16.008401608999918
              ],
              [
                -72.70385760700003,
                -16.016439858999945
              ],
              [
                -72.70538360699999,
                -16.0200256089999
              ],
              [
                -72.70696823299983,
                -16.026716357999874
              ],
              [
                -72.70708985799985,
                -16.033521483999948
              ],
              [
                -72.70964498299998,
                -16.03761948399989
              ],
              [
                -72.71223535699988,
                -16.051395482999908
              ],
              [
                -72.71311523199995,
                -16.053790608999975
              ],
              [
                -72.71317923200002,
                -16.063283732999935
              ],
              [
                -72.71140173199984,
                -16.070249358999888
              ],
              [
                -72.71135710699997,
                -16.076318733999926
              ],
              [
                -72.70785310699995,
                -16.091760608999948
              ],
              [
                -72.70487210699986,
                -16.096551858999874
              ],
              [
                -72.70127110699991,
                -16.10570923399996
              ],
              [
                -72.69862360699994,
                -16.10982510899987
              ],
              [
                -72.69017023199996,
                -16.117736858999933
              ],
              [
                -72.68720248299991,
                -16.119810108999957
              ],
              [
                -72.68825535799988,
                -16.126254983999956
              ],
              [
                -72.6881866069998,
                -16.130977733999885
              ],
              [
                -72.68675235700005,
                -16.137613358999943
              ],
              [
                -72.68774410699996,
                -16.14109235899997
              ],
              [
                -72.69007110799993,
                -16.14581485799988
              ],
              [
                -72.69094848299989,
                -16.150394357999915
              ],
              [
                -72.69074248199996,
                -16.153224983999905
              ],
              [
                -72.6919403569998,
                -16.15936660899996
              ],
              [
                -72.69358060699989,
                -16.16165160899982
              ],
              [
                -72.69393923299987,
                -16.163988107999955
              ],
              [
                -72.69220735700003,
                -16.16699985799994
              ],
              [
                -72.68984985700001,
                -16.173921608999933
              ],
              [
                -72.68788910699988,
                -16.184978482999952
              ],
              [
                -72.68629448199982,
                -16.187330232999955
              ],
              [
                -72.6845016069999,
                -16.194971108999937
              ],
              [
                -72.68598173199996,
                -16.20114898399987
              ],
              [
                -72.68513485799997,
                -16.210138358999927
              ],
              [
                -72.68604273199986,
                -16.213949233999926
              ],
              [
                -72.6875533569999,
                -16.216165483999873
              ],
              [
                -72.6874086069999,
                -16.21850585899989
              ],
              [
                -72.68358610799999,
                -16.225805233999893
              ],
              [
                -72.67978673299996,
                -16.23065548399984
              ],
              [
                -72.6770324819999,
                -16.235662482999942
              ],
              [
                -72.67128748199991,
                -16.237073857999917
              ],
              [
                -72.66849523199988,
                -16.238956482999924
              ],
              [
                -72.66729735799981,
                -16.24102598299993
              ],
              [
                -72.66653448199992,
                -16.24462510799998
              ],
              [
                -72.66479498199988,
                -16.246913858999903
              ],
              [
                -72.66090398199998,
                -16.248014483999953
              ],
              [
                -72.65108485699989,
                -16.247810358999914
              ],
              [
                -72.65293885699998,
                -16.250947983999936
              ],
              [
                -72.6536483569999,
                -16.25461198399995
              ],
              [
                -72.65325923199993,
                -16.25927348399989
              ],
              [
                -72.65226748199996,
                -16.263256108999826
              ],
              [
                -72.65327448199986,
                -16.271936358999938
              ],
              [
                -72.65328985699989,
                -16.275628983999923
              ],
              [
                -72.65472410799998,
                -16.27795023399989
              ],
              [
                -72.65455623299988,
                -16.280389733999925
              ],
              [
                -72.65573123299993,
                -16.28375248399982
              ],
              [
                -72.65566248300001,
                -16.287580483999932
              ],
              [
                -72.65488435700001,
                -16.289001483999982
              ],
              [
                -72.65615848200002,
                -16.291768983999816
              ],
              [
                -72.65278623199987,
                -16.29770660899993
              ],
              [
                -72.65153498199999,
                -16.302389108999932
              ],
              [
                -72.64908598199997,
                -16.30502323399992
              ],
              [
                -72.647766107,
                -16.30846210899989
              ],
              [
                -72.64459223200004,
                -16.313280108999834
              ],
              [
                -72.64214323199991,
                -16.3160514839999
              ],
              [
                -72.64038848199993,
                -16.321765858999925
              ],
              [
                -72.63626860700003,
                -16.328664733999915
              ],
              [
                -72.63549035699992,
                -16.33275410899995
              ],
              [
                -72.63385023199993,
                -16.337055233999934
              ],
              [
                -72.632140983,
                -16.337820108999892
              ],
              [
                -72.63149260699993,
                -16.34044260899998
              ],
              [
                -72.62964635699984,
                -16.343707983999877
              ],
              [
                -72.62674710700003,
                -16.34627910899991
              ],
              [
                -72.62577823199996,
                -16.349046733999955
              ],
              [
                -72.6205978569999,
                -16.35402485899988
              ],
              [
                -72.61811060699989,
                -16.360805483999968
              ],
              [
                -72.61721810799986,
                -16.366481733999933
              ],
              [
                -72.61584473199991,
                -16.367662482999947
              ],
              [
                -72.61514285699991,
                -16.371309233999966
              ],
              [
                -72.61161023299991,
                -16.375667608999947
              ],
              [
                -72.61022185699989,
                -16.379436483999882
              ],
              [
                -72.60902410799991,
                -16.38709260899998
              ],
              [
                -72.61013035699995,
                -16.393537483999978
              ],
              [
                -72.60994723199991,
                -16.39724735899989
              ],
              [
                -72.60830673199996,
                -16.401782983999908
              ],
              [
                -72.60742960699997,
                -16.40609360899998
              ],
              [
                -72.60388935699996,
                -16.41203310899988
              ],
              [
                -72.603187607,
                -16.41522785899997
              ],
              [
                -72.60047910699996,
                -16.418359733999978
              ],
              [
                -72.59888460699995,
                -16.419139858999927
              ],
              [
                -72.59902948199976,
                -16.422351858999946
              ],
              [
                -72.59761048199994,
                -16.425592483999935
              ],
              [
                -72.59362798200004,
                -16.430480983999928
              ],
              [
                -72.59711460699987,
                -16.4360637339999
              ],
              [
                -72.59725185699995,
                -16.44175335899996
              ],
              [
                -72.59682460700003,
                -16.447849233999932
              ],
              [
                -72.59944148199992,
                -16.454866358999936
              ],
              [
                -72.60292810699991,
                -16.459960983999906
              ],
              [
                -72.60611710799998,
                -16.460376733999965
              ],
              [
                -72.6088791069999,
                -16.458173733999843
              ],
              [
                -72.61139673199983,
                -16.458406484000022
              ],
              [
                -72.61341860699997,
                -16.456577358999937
              ],
              [
                -72.61830898199986,
                -16.455192483999895
              ],
              [
                -72.62335210799995,
                -16.457006483999976
              ],
              [
                -72.62654873199995,
                -16.454513608999946
              ],
              [
                -72.63126385699991,
                -16.452175108999825
              ],
              [
                -72.63434598299983,
                -16.44959448399993
              ],
              [
                -72.63851923199991,
                -16.448774358999913
              ],
              [
                -72.64095310699992,
                -16.447595608999904
              ],
              [
                -72.64395135699993,
                -16.4406127339999
              ],
              [
                -72.6490249819999,
                -16.437362608999933
              ],
              [
                -72.65029910799996,
                -16.435983608999948
              ],
              [
                -72.6530838569999,
                -16.435487733999935
              ],
              [
                -72.65991973199982,
                -16.431163733999938
              ],
              [
                -72.662048357,
                -16.427547483999945
              ],
              [
                -72.66410823299998,
                -16.42623898399995
              ],
              [
                -72.66989898199995,
                -16.42442698399998
              ],
              [
                -72.67148585699988,
                -16.42201610899997
              ],
              [
                -72.67584223199992,
                -16.411811858999954
              ],
              [
                -72.67921448199985,
                -16.405633983999962
              ],
              [
                -72.68207548299989,
                -16.401550233999842
              ],
              [
                -72.68595123199992,
                -16.397670733999917
              ],
              [
                -72.6900406069999,
                -16.394401608999885
              ],
              [
                -72.696876482,
                -16.391441358999828
              ],
              [
                -72.69850923299998,
                -16.389907858999948
              ],
              [
                -72.7002792319999,
                -16.384860982999896
              ],
              [
                -72.70484160699982,
                -16.3814334839999
              ],
              [
                -72.70841985699985,
                -16.37566373399983
              ],
              [
                -72.71035760699988,
                -16.3672886089999
              ],
              [
                -72.71321873199992,
                -16.363103857999874
              ],
              [
                -72.71526348299989,
                -16.36157223399988
              ],
              [
                -72.72128298199993,
                -16.35523973399995
              ],
              [
                -72.72220610700003,
                -16.35523973399995
              ],
              [
                -72.725875857,
                -16.351871483999957
              ],
              [
                -72.73497010699998,
                -16.346355483999844
              ],
              [
                -72.74058535699999,
                -16.343599359
              ],
              [
                -72.74599460699983,
                -16.339616733999947
              ],
              [
                -72.74977110700002,
                -16.329627983999956
              ],
              [
                -72.75202935699991,
                -16.326757483999927
              ],
              [
                -72.75639348199985,
                -16.327182733999962
              ],
              [
                -72.76287835799997,
                -16.32506560899992
              ],
              [
                -72.76595310699992,
                -16.323020983999925
              ],
              [
                -72.77188110799983,
                -16.32088285899988
              ],
              [
                -72.773567232,
                -16.319627733999937
              ],
              [
                -72.77938085699998,
                -16.316974608999885
              ],
              [
                -72.78385923299982,
                -16.31586460799997
              ],
              [
                -72.7856444819999,
                -16.31297498399988
              ],
              [
                -72.78770448199998,
                -16.31169510899997
              ],
              [
                -72.78939060699997,
                -16.312267358999975
              ],
              [
                -72.79284673300003,
                -16.31147198399998
              ],
              [
                -72.79547123299994,
                -16.308647107999832
              ],
              [
                -72.79792785799998,
                -16.308504108999898
              ],
              [
                -72.79924010799994,
                -16.304172484
              ],
              [
                -72.79846948199986,
                -16.301788358999886
              ],
              [
                -72.80026248199988,
                -16.299842858999853
              ],
              [
                -72.79917910699993,
                -16.298355108999942
              ],
              [
                -72.80208585699984,
                -16.291196858999967
              ],
              [
                -72.80491635699991,
                -16.278488108999966
              ],
              [
                -72.80880735799997,
                -16.272466607999945
              ],
              [
                -72.8092346069999,
                -16.269819233999897
              ],
              [
                -72.8068847319999,
                -16.264133483999956
              ],
              [
                -72.80708310699987,
                -16.25711635899995
              ],
              [
                -72.80648798300001,
                -16.253642983999953
              ],
              [
                -72.80939485699992,
                -16.24673460899993
              ],
              [
                -72.810104357,
                -16.24381448399987
              ],
              [
                -72.80905135799992,
                -16.23890498299994
              ],
              [
                -72.80972285699988,
                -16.233440232999953
              ],
              [
                -72.80929560699997,
                -16.230407733999925
              ],
              [
                -72.81012723199984,
                -16.221448857999974
              ],
              [
                -72.81127935799998,
                -16.221279108999966
              ],
              [
                -72.81349948299999,
                -16.216789233999975
              ],
              [
                -72.81488798199985,
                -16.215566608999893
              ],
              [
                -72.81503298300004,
                -16.207912483999962
              ],
              [
                -72.81713873299992,
                -16.202909483999974
              ],
              [
                -72.8188323569999,
                -16.2011203589999
              ],
              [
                -72.82296748199991,
                -16.194711733999895
              ],
              [
                -72.82722473299998,
                -16.189145983999822
              ],
              [
                -72.83077998199991,
                -16.185249358999897
              ],
              [
                -72.83545685699988,
                -16.178790983999875
              ],
              [
                -72.83989710799983,
                -16.176111233999904
              ],
              [
                -72.841224732,
                -16.174461358999906
              ],
              [
                -72.84267410699982,
                -16.169464108999875
              ],
              [
                -72.84303285699986,
                -16.16453173399998
              ],
              [
                -72.84378823299983,
                -16.162160857999936
              ],
              [
                -72.84377285699998,
                -16.15691760899989
              ],
              [
                -72.84239960699995,
                -16.153755233999902
              ],
              [
                -72.844772358,
                -16.15032198399996
              ],
              [
                -72.84396360799985,
                -16.14743998399996
              ],
              [
                -72.84465785799983,
                -16.144403483999895
              ],
              [
                -72.8433684819999,
                -16.139989858999968
              ],
              [
                -72.845619232,
                -16.137729607999972
              ],
              [
                -72.846343983,
                -16.13465885799991
              ],
              [
                -72.84333798299997,
                -16.126184483999964
              ],
              [
                -72.84400935799982,
                -16.122749358999954
              ],
              [
                -72.8462524819999,
                -16.121148984
              ],
              [
                -72.85092923199994,
                -16.11471173399991
              ],
              [
                -72.85382848200004,
                -16.108335607999948
              ],
              [
                -72.85620885799989,
                -16.102081358999897
              ],
              [
                -72.85810085699995,
                -16.099458734
              ],
              [
                -72.858009358,
                -16.09686473399995
              ],
              [
                -72.86013798199991,
                -16.09399798299995
              ],
              [
                -72.86332685699989,
                -16.09142873399992
              ],
              [
                -72.86592860699994,
                -16.086780608999902
              ],
              [
                -72.86605073200002,
                -16.083980607999877
              ],
              [
                -72.86783598299985,
                -16.08123973299996
              ],
              [
                -72.86914823299998,
                -16.07653235899994
              ],
              [
                -72.8727112329999,
                -16.06828885899995
              ],
              [
                -72.8729172319999,
                -16.065109233999976
              ],
              [
                -72.87580110799985,
                -16.05752198299996
              ],
              [
                -72.87750248299994,
                -16.05577285899983
              ],
              [
                -72.88039410699992,
                -16.049756983999885
              ],
              [
                -72.88450623299991,
                -16.047172608999915
              ],
              [
                -72.89035798199984,
                -16.04654698299987
              ],
              [
                -72.89359285699987,
                -16.0446453589999
              ],
              [
                -72.89580535699997,
                -16.04135510799989
              ],
              [
                -72.90293885699992,
                -16.03467748299994
              ],
              [
                -72.90632623199997,
                -16.033658982999953
              ],
              [
                -72.91062160699994,
                -16.033439608999913
              ],
              [
                -72.9121474829999,
                -16.030200983999976
              ],
              [
                -72.92256923299993,
                -16.03135298299992
              ],
              [
                -72.92773435799984,
                -16.031049733999964
              ],
              [
                -72.93450160799983,
                -16.032304732999876
              ],
              [
                -72.93957523299997,
                -16.036828982999964
              ],
              [
                -72.94765473199993,
                -16.035469107999972
              ],
              [
                -72.951324483,
                -16.03557398299995
              ],
              [
                -72.95327760799995,
                -16.03468498299992
              ],
              [
                -72.9568481079998,
                -16.035566357999926
              ],
              [
                -72.96236410799992,
                -16.032876983999813
              ],
              [
                -72.96485135800003,
                -16.032861732999947
              ],
              [
                -72.96973423299983,
                -16.029579108999883
              ],
              [
                -72.97637935700004,
                -16.02611535799997
              ],
              [
                -72.98305523199997,
                -16.024543732999973
              ],
              [
                -72.98543548299989,
                -16.022636357999886
              ],
              [
                -72.9889068579999,
                -16.021865857999842
              ],
              [
                -72.99314123199986,
                -16.01996998399983
              ],
              [
                -72.99788660799993,
                -16.019319483999936
              ],
              [
                -73.00282285799994,
                -16.019504607999977
              ],
              [
                -73.00509648299987,
                -16.020194982999953
              ],
              [
                -73.01182560799992,
                -16.01851460899985
              ],
              [
                -73.01940923199999,
                -16.01937485799988
              ],
              [
                -73.03117373299995,
                -16.015462858999854
              ],
              [
                -73.0331878579999,
                -16.016326857999843
              ],
              [
                -73.04099273199995,
                -16.01787373399992
              ],
              [
                -73.04801173299995,
                -16.01722523399991
              ],
              [
                -73.05271910699986,
                -16.017764982999893
              ],
              [
                -73.05678560799998,
                -16.015859608999904
              ],
              [
                -73.06121060699991,
                -16.018341108999948
              ],
              [
                -73.06491848199994,
                -16.01859285799992
              ],
              [
                -73.06826023299993,
                -16.017188982999926
              ],
              [
                -73.06926723199985,
                -16.01575085899998
              ],
              [
                -73.07290648199995,
                -16.01382260899993
              ],
              [
                -73.07678223200003,
                -16.00972748299995
              ],
              [
                -73.08065035799996,
                -16.01019285899997
              ],
              [
                -73.08576960699997,
                -16.00941273299992
              ],
              [
                -73.08841710799999,
                -16.0078506079999
              ],
              [
                -73.08838648299985,
                -16.0042706079999
              ],
              [
                -73.09002685699994,
                -16.000383483999883
              ],
              [
                -73.09229273299985,
                -15.999912232999975
              ],
              [
                -73.09841923299996,
                -15.997365983999885
              ],
              [
                -73.10198210699997,
                -15.993715233999978
              ],
              [
                -73.10454560799997,
                -15.990325983999867
              ],
              [
                -73.10684973299993,
                -15.988500608999914
              ],
              [
                -73.10941310700002,
                -15.989717483999982
              ],
              [
                -73.11019898300003,
                -15.992151233999891
              ],
              [
                -73.11317448199992,
                -15.995089483999891
              ],
              [
                -73.11673735700003,
                -15.99667648299993
              ],
              [
                -73.11917873299996,
                -16.00023273299996
              ],
              [
                -73.11949910699991,
                -16.004114108999943
              ],
              [
                -73.1230316079999,
                -16.008933983999952
              ],
              [
                -73.12349698199978,
                -16.012638233999894
              ],
              [
                -73.13211060699996,
                -16.008434232999946
              ],
              [
                -73.13346098199997,
                -16.00731848299995
              ],
              [
                -73.13951110699998,
                -16.005590482999935
              ],
              [
                -73.14452360799993,
                -16.007389107999927
              ],
              [
                -73.14662935699982,
                -16.00951960799989
              ],
              [
                -73.1488189829999,
                -16.010206232999963
              ],
              [
                -73.15912623299988,
                -16.017892857999982
              ],
              [
                -73.16372685799979,
                -16.018680608999887
              ],
              [
                -73.16640473199993,
                -16.017282483999963
              ],
              [
                -73.16630548199998,
                -16.01551823299991
              ],
              [
                -73.1700744829999,
                -16.01079935799993
              ],
              [
                -73.17235560699999,
                -16.009790357999975
              ],
              [
                -73.17527773299992,
                -16.006874108999853
              ],
              [
                -73.17641448299992,
                -16.004243733999886
              ],
              [
                -73.17631535799995,
                -16.00051310899994
              ],
              [
                -73.16884610799985,
                -15.992470732999948
              ],
              [
                -73.15598298299994,
                -15.989273108999953
              ],
              [
                -73.15176385699982,
                -15.983644482999921
              ],
              [
                -73.15116885799989,
                -15.97967148299989
              ],
              [
                -73.15335848299986,
                -15.971463232999952
              ],
              [
                -73.15489960799994,
                -15.96823298399994
              ],
              [
                -73.16130060800003,
                -15.959603357999924
              ],
              [
                -73.16201023299993,
                -15.955888732999881
              ],
              [
                -73.16110223299995,
                -15.94888873399998
              ],
              [
                -73.1616134819999,
                -15.946203232999892
              ],
              [
                -73.166389482,
                -15.938899983999931
              ],
              [
                -73.16717523299991,
                -15.933991358999947
              ],
              [
                -73.16862485800004,
                -15.92942423300002
              ],
              [
                -73.16763310699986,
                -15.926697732999912
              ],
              [
                -73.16862485800004,
                -15.92308610799995
              ],
              [
                -73.17110448200003,
                -15.917704607999951
              ],
              [
                -73.17149348199996,
                -15.915473982999856
              ],
              [
                -73.17404173199986,
                -15.912110357999893
              ],
              [
                -73.18377685800004,
                -15.907401108999977
              ],
              [
                -73.18870548299998,
                -15.904498108999974
              ],
              [
                -73.19018560799998,
                -15.901523607999934
              ],
              [
                -73.18897260799997,
                -15.898850482999933
              ],
              [
                -73.18937685799995,
                -15.896218358999931
              ],
              [
                -73.191551232,
                -15.894548358999941
              ],
              [
                -73.1935272319999,
                -15.890904482999929
              ],
              [
                -73.20004273300003,
                -15.883244482999942
              ],
              [
                -73.20908360799996,
                -15.88365360899985
              ],
              [
                -73.21276098299995,
                -15.880749732999902
              ],
              [
                -73.21497348299988,
                -15.877477607999879
              ],
              [
                -73.21840673299988,
                -15.876373233999914
              ],
              [
                -73.22110748299997,
                -15.87809085899994
              ],
              [
                -73.2241744829999,
                -15.876831983999864
              ],
              [
                -73.22822573299999,
                -15.876560233999953
              ],
              [
                -73.23324585699987,
                -15.874050108999882
              ],
              [
                -73.23846435799999,
                -15.873810733999903
              ],
              [
                -73.24145510799991,
                -15.872934233999956
              ],
              [
                -73.24399560799998,
                -15.873244233999912
              ],
              [
                -73.24906160799992,
                -15.870482482999932
              ],
              [
                -73.250617982,
                -15.86835285899997
              ],
              [
                -73.24865723299985,
                -15.865245858999913
              ],
              [
                -73.24831385699997,
                -15.861619982999855
              ],
              [
                -73.2496947329999,
                -15.85684398299992
              ],
              [
                -73.25378423299986,
                -15.850340857999981
              ],
              [
                -73.25418848299984,
                -15.848326732999965
              ],
              [
                -73.25856023199998,
                -15.839522358999886
              ],
              [
                -73.26054385799989,
                -15.834683357999893
              ],
              [
                -73.26244348300003,
                -15.825497607999978
              ],
              [
                -73.26181035799988,
                -15.82328035899991
              ],
              [
                -73.25669848300004,
                -15.816809483999918
              ],
              [
                -73.25556185699998,
                -15.814411107999888
              ],
              [
                -73.25606535699995,
                -15.808619482999973
              ],
              [
                -73.25475310699983,
                -15.80350585799988
              ],
              [
                -73.25592798299988,
                -15.800112733999981
              ],
              [
                -73.257011358,
                -15.790429108999888
              ],
              [
                -73.25642398299988,
                -15.787713982999946
              ],
              [
                -73.253166233,
                -15.784365608999906
              ],
              [
                -73.25126648299982,
                -15.77952385799989
              ],
              [
                -73.25144960799997,
                -15.77771385899996
              ],
              [
                -73.2551574819999,
                -15.77201273299994
              ],
              [
                -73.25665285799982,
                -15.767442732999939
              ],
              [
                -73.25611110699992,
                -15.761605232999955
              ],
              [
                -73.25688173299983,
                -15.757549232999963
              ],
              [
                -73.25543210699988,
                -15.751469608000036
              ],
              [
                -73.25149535799994,
                -15.74622060899992
              ],
              [
                -73.25176235799984,
                -15.743225107999876
              ],
              [
                -73.25045023299981,
                -15.739921607999918
              ],
              [
                -73.2474671069998,
                -15.736663857999872
              ],
              [
                -73.24606323299992,
                -15.732093858999917
              ],
              [
                -73.24298860799996,
                -15.727387482999973
              ],
              [
                -73.24015048299998,
                -15.718741357999932
              ],
              [
                -73.24147798199994,
                -15.714569983999866
              ],
              [
                -73.24471285699991,
                -15.711870232999956
              ],
              [
                -73.24422460699992,
                -15.703675232999842
              ],
              [
                -73.24363710799997,
                -15.70156473399993
              ],
              [
                -73.24113460799987,
                -15.698718108999913
              ],
              [
                -73.24132535799993,
                -15.691847858999836
              ],
              [
                -73.2408828579999,
                -15.686203982999928
              ],
              [
                -73.23897548199983,
                -15.680068982999842
              ],
              [
                -73.23787698199999,
                -15.679517732999955
              ],
              [
                -73.23217773299996,
                -15.674130482999828
              ],
              [
                -73.22772210799997,
                -15.668030607999981
              ],
              [
                -73.22676085800003,
                -15.665067732999944
              ],
              [
                -73.22421260699986,
                -15.663387358999898
              ],
              [
                -73.22415160799989,
                -15.660789482999974
              ],
              [
                -73.22180935799997,
                -15.656888107999976
              ],
              [
                -73.220207232,
                -15.652008982999916
              ],
              [
                -73.21730798200002,
                -15.646394732999909
              ],
              [
                -73.2185592329999,
                -15.63898273299992
              ],
              [
                -73.21646873299994,
                -15.634218232999899
              ],
              [
                -73.21696473299994,
                -15.629751232999979
              ],
              [
                -73.22054285699988,
                -15.623696357999904
              ],
              [
                -73.22064210699983,
                -15.618634233999842
              ],
              [
                -73.22001648299994,
                -15.614412232999939
              ],
              [
                -73.22129060799978,
                -15.610500357999967
              ],
              [
                -73.2221832329999,
                -15.602938607999874
              ],
              [
                -73.22027585799992,
                -15.599888857999872
              ],
              [
                -73.21856685799992,
                -15.59387210899996
              ],
              [
                -73.21887973199995,
                -15.589288732999876
              ],
              [
                -73.22035985799994,
                -15.58761785799993
              ],
              [
                -73.22326660700003,
                -15.581780482999932
              ],
              [
                -73.22582248299983,
                -15.574611607999884
              ],
              [
                -73.22634123299986,
                -15.570303982999917
              ],
              [
                -73.22342685699994,
                -15.564505607999934
              ],
              [
                -73.22235860800004,
                -15.561428107999973
              ],
              [
                -73.21836848299984,
                -15.554010232999929
              ],
              [
                -73.21744535800002,
                -15.551292357999955
              ],
              [
                -73.21231073299998,
                -15.546031982999978
              ],
              [
                -73.21221148200004,
                -15.543104357999937
              ],
              [
                -73.21086123199996,
                -15.540823982999939
              ],
              [
                -73.2103729829999,
                -15.536754607999853
              ],
              [
                -73.20642848299985,
                -15.529499108999914
              ],
              [
                -73.20629123299977,
                -15.5259799829999
              ],
              [
                -73.20453648299997,
                -15.522476982999876
              ],
              [
                -73.20372010799991,
                -15.51897435799998
              ],
              [
                -73.20415498300002,
                -15.514759982999976
              ],
              [
                -73.205413857,
                -15.51060385799991
              ],
              [
                -73.20142360799997,
                -15.511424107999915
              ],
              [
                -73.19551085699987,
                -15.517960607999953
              ],
              [
                -73.19421385699985,
                -15.521146732999966
              ],
              [
                -73.18883510799981,
                -15.527159732999905
              ],
              [
                -73.18419648299994,
                -15.528789482999912
              ],
              [
                -73.18091585799993,
                -15.52890973299992
              ],
              [
                -73.1758574829999,
                -15.531753482999932
              ],
              [
                -73.171867357,
                -15.53511910799989
              ],
              [
                -73.16603848299991,
                -15.538796482999942
              ],
              [
                -73.16175848299997,
                -15.543844232999959
              ],
              [
                -73.16124723299987,
                -15.545868857999892
              ],
              [
                -73.15686798299998,
                -15.549586358999932
              ],
              [
                -73.1525344829999,
                -15.55089660799996
              ],
              [
                -73.14956660699983,
                -15.556454607999854
              ],
              [
                -73.14568310799996,
                -15.556774982999968
              ],
              [
                -73.14359285699993,
                -15.55765823299987
              ],
              [
                -73.14102935799991,
                -15.560132983999893
              ],
              [
                -73.13578035699993,
                -15.562076608999973
              ],
              [
                -73.13227848299982,
                -15.565310482999905
              ],
              [
                -73.128578232,
                -15.56738473299987
              ],
              [
                -73.12801373299993,
                -15.569205232999934
              ],
              [
                -73.11695860799995,
                -15.572004357999901
              ],
              [
                -73.11185460799987,
                -15.567238982999982
              ],
              [
                -73.11074823299992,
                -15.564724983999895
              ],
              [
                -73.1078948579999,
                -15.56308648299995
              ],
              [
                -73.10504148299981,
                -15.562888107999981
              ],
              [
                -73.09450535699995,
                -15.564894732999903
              ],
              [
                -73.08846285699997,
                -15.564442607999979
              ],
              [
                -73.08298498299996,
                -15.561493857999892
              ],
              [
                -73.07839198199997,
                -15.555066107999892
              ],
              [
                -73.07568360799996,
                -15.550056483999981
              ],
              [
                -73.0712814819999,
                -15.547179232999952
              ],
              [
                -73.06664273300004,
                -15.545351982999932
              ],
              [
                -73.06322473300003,
                -15.544877982999878
              ],
              [
                -73.059852482,
                -15.543041232999883
              ],
              [
                -73.05573273199991,
                -15.538402607999956
              ],
              [
                -73.04956823199984,
                -15.533958482999935
              ],
              [
                -73.04254148300004,
                -15.528346107999937
              ],
              [
                -73.040519732,
                -15.527345607999905
              ],
              [
                -73.03786473199989,
                -15.524312982999902
              ],
              [
                -73.03495785699988,
                -15.518775983000012
              ],
              [
                -73.02970123199998,
                -15.51593585799992
              ],
              [
                -73.0240401069999,
                -15.513898982999876
              ],
              [
                -73.01840210799998,
                -15.509998357999905
              ],
              [
                -73.01632685799996,
                -15.509722732999933
              ],
              [
                -73.01352685799992,
                -15.508002232999957
              ],
              [
                -73.00891873299986,
                -15.507011357999943
              ],
              [
                -73.00500485799984,
                -15.50404448299986
              ],
              [
                -72.99977873299997,
                -15.504215232999968
              ],
              [
                -72.99749773299982,
                -15.503433232999896
              ],
              [
                -72.99532323199992,
                -15.49964998299987
              ],
              [
                -72.989570608,
                -15.49411873299988
              ],
              [
                -72.98825073199987,
                -15.490867607999917
              ],
              [
                -72.98487085799991,
                -15.486203232999912
              ],
              [
                -72.98423773299993,
                -15.483171482999978
              ],
              [
                -72.98236085799988,
                -15.481068607999873
              ],
              [
                -72.981109607,
                -15.477543857999933
              ],
              [
                -72.98298648299988,
                -15.471518482999898
              ],
              [
                -72.98463435799988,
                -15.468107232999841
              ],
              [
                -72.98531335799993,
                -15.46374698299985
              ],
              [
                -72.98519135799995,
                -15.460195482999893
              ],
              [
                -72.9834442319999,
                -15.456616357999962
              ],
              [
                -72.983795107,
                -15.454260857999941
              ],
              [
                -72.98192598299988,
                -15.443733232999932
              ],
              [
                -72.97693635799993,
                -15.435464857999932
              ],
              [
                -72.97602085799997,
                -15.431280107999896
              ],
              [
                -72.97727198199982,
                -15.428242732999934
              ],
              [
                -72.97801210700004,
                -15.424092232999897
              ],
              [
                -72.9765624819999,
                -15.420751607999819
              ],
              [
                -72.97757723200004,
                -15.41909785799993
              ],
              [
                -72.97578435799994,
                -15.417106607999926
              ],
              [
                -72.97575373199987,
                -15.413529232999963
              ],
              [
                -72.97419735799997,
                -15.41174123299993
              ],
              [
                -72.97207635799998,
                -15.406104982999977
              ],
              [
                -72.96542360800004,
                -15.397769982999876
              ],
              [
                -72.96279148199994,
                -15.39756773299996
              ],
              [
                -72.9616776069999,
                -15.39596273299992
              ],
              [
                -72.95726773299987,
                -15.396399482999925
              ],
              [
                -72.95330048199997,
                -15.39751335799997
              ],
              [
                -72.95088198199988,
                -15.399131732999933
              ],
              [
                -72.94540410799988,
                -15.399374982999916
              ],
              [
                -72.94354260699987,
                -15.39807035799987
              ],
              [
                -72.93878935799995,
                -15.396532982999872
              ],
              [
                -72.93785098199987,
                -15.394754357999943
              ],
              [
                -72.93378448299984,
                -15.394479732999969
              ],
              [
                -72.92953485799984,
                -15.39602948299995
              ],
              [
                -72.92577360699994,
                -15.396420482999872
              ],
              [
                -72.92012023199999,
                -15.39896398299993
              ],
              [
                -72.91476435799996,
                -15.399184232999858
              ],
              [
                -72.90533448199983,
                -15.402087232999975
              ],
              [
                -72.90386960800004,
                -15.404513357999974
              ],
              [
                -72.90097048299987,
                -15.406567607999932
              ],
              [
                -72.89316560799989,
                -15.410011232999977
              ],
              [
                -72.89154048199998,
                -15.407741607999924
              ],
              [
                -72.8899842319999,
                -15.40348623299991
              ],
              [
                -72.88510135699994,
                -15.403513858
              ],
              [
                -72.87741848299993,
                -15.402788107999982
              ],
              [
                -72.87506860799982,
                -15.40608973299993
              ],
              [
                -72.87371823199993,
                -15.406326232999959
              ],
              [
                -72.87067410699984,
                -15.404218732999936
              ],
              [
                -72.86608123199989,
                -15.399363357999846
              ],
              [
                -72.86350248199994,
                -15.398869482999942
              ],
              [
                -72.86101548299996,
                -15.395980857999916
              ],
              [
                -72.86068723299996,
                -15.390177732999916
              ],
              [
                -72.85771173199998,
                -15.38753885799997
              ],
              [
                -72.85650635699983,
                -15.382686607999972
              ],
              [
                -72.85689548199986,
                -15.378642982999963
              ],
              [
                -72.85625460699987,
                -15.375881232999973
              ],
              [
                -72.85345460799982,
                -15.372044607999896
              ],
              [
                -72.848411607,
                -15.36784360799993
              ],
              [
                -72.84561923299998,
                -15.363802857999929
              ],
              [
                -72.84368898199989,
                -15.357839732999878
              ],
              [
                -72.84217073299993,
                -15.35493185799993
              ],
              [
                -72.84104923200005,
                -15.349340482999935
              ],
              [
                -72.84346785699995,
                -15.343927357999974
              ],
              [
                -72.843078607,
                -15.33867448299992
              ],
              [
                -72.8410797329999,
                -15.336790232999874
              ],
              [
                -72.8386537319999,
                -15.327238107999847
              ],
              [
                -72.83870698199996,
                -15.32343860799989
              ],
              [
                -72.83719635699993,
                -15.317884482999943
              ],
              [
                -72.83468623199991,
                -15.315021481999963
              ],
              [
                -72.83013910699998,
                -15.312185232999923
              ],
              [
                -72.81573473299983,
                -15.307102107999981
              ],
              [
                -72.81137110700001,
                -15.303550732999952
              ],
              [
                -72.81233410800002,
                -15.29882510799996
              ],
              [
                -72.81214160699989,
                -15.29685748299994
              ],
              [
                -72.80936435799987,
                -15.29383473299987
              ],
              [
                -72.80370335700002,
                -15.29096510799991
              ],
              [
                -72.8011398569999,
                -15.286854732999927
              ],
              [
                -72.80012510799997,
                -15.283078232999912
              ],
              [
                -72.79702760700002,
                -15.280657732999941
              ],
              [
                -72.79140473199982,
                -15.278710357999898
              ],
              [
                -72.78908535699986,
                -15.27692798299995
              ],
              [
                -72.78847498199997,
                -15.274204231999931
              ],
              [
                -72.7894821079999,
                -15.26950935799988
              ],
              [
                -72.7891387329999,
                -15.266290607999906
              ],
              [
                -72.78977198299998,
                -15.261883856999816
              ],
              [
                -72.78791048199997,
                -15.259413732999974
              ],
              [
                -72.78674310799994,
                -15.255296731999977
              ],
              [
                -72.78748335799992,
                -15.252035107999916
              ],
              [
                -72.78530885700002,
                -15.247003607999886
              ],
              [
                -72.78277585699988,
                -15.244188357999917
              ],
              [
                -72.78099060700004,
                -15.245543482999949
              ],
              [
                -72.77706910699993,
                -15.244642232999922
              ],
              [
                -72.77358248199994,
                -15.24579523299991
              ],
              [
                -72.76957698299998,
                -15.248167982999973
              ],
              [
                -72.764327982,
                -15.249109232999956
              ],
              [
                -72.75988773199987,
                -15.24915985799987
              ],
              [
                -72.75685123199997,
                -15.250462482999922
              ],
              [
                -72.74914548199985,
                -15.251672732999964
              ],
              [
                -72.74536135699992,
                -15.25179848199997
              ],
              [
                -72.73963160799997,
                -15.25316523299989
              ],
              [
                -72.73622898199989,
                -15.251806232999968
              ],
              [
                -72.72882085799995,
                -15.251818732999936
              ],
              [
                -72.72524260699993,
                -15.25095560799997
              ],
              [
                -72.72293848199996,
                -15.249101607999933
              ],
              [
                -72.71557623199982,
                -15.246486607999941
              ],
              [
                -72.71188360699983,
                -15.245900107999887
              ],
              [
                -72.70661923299991,
                -15.24422460799991
              ],
              [
                -72.70055385699987,
                -15.243599857999982
              ],
              [
                -72.69613648199987,
                -15.243909857999881
              ],
              [
                -72.69107823199994,
                -15.242330607999975
              ],
              [
                -72.68293760699999,
                -15.242330607999975
              ],
              [
                -72.67170710699997,
                -15.238311732999875
              ],
              [
                -72.667015107,
                -15.2340354829999
              ],
              [
                -72.66119385699983,
                -15.233365107999873
              ],
              [
                -72.65565485699983,
                -15.236033482999858
              ],
              [
                -72.65100860699988,
                -15.23893923199995
              ],
              [
                -72.64627073199989,
                -15.239495232999957
              ],
              [
                -72.6405563579998,
                -15.235960982999813
              ],
              [
                -72.63705448199994,
                -15.232855857999937
              ],
              [
                -72.63695535799991,
                -15.23113823299991
              ],
              [
                -72.63211823199998,
                -15.225463857999898
              ],
              [
                -72.62687685699984,
                -15.22514535799985
              ],
              [
                -72.622322107,
                -15.221597732999953
              ],
              [
                -72.61979673199994,
                -15.220455107999896
              ],
              [
                -72.61622623200003,
                -15.220380732999956
              ],
              [
                -72.61254885699987,
                -15.219542482999884
              ],
              [
                -72.60997773199995,
                -15.220039357999951
              ],
              [
                -72.60501860699986,
                -15.224548357999936
              ],
              [
                -72.60068510699995,
                -15.224639107999963
              ],
              [
                -72.59825135699987,
                -15.222609482999928
              ],
              [
                -72.59645085699992,
                -15.21737873199993
              ],
              [
                -72.59197235799991,
                -15.213812857999926
              ],
              [
                -72.58931735699997,
                -15.208531356999913
              ],
              [
                -72.58292385699997,
                -15.204252232999977
              ],
              [
                -72.57189173200004,
                -15.20027160799998
              ],
              [
                -72.56035610699985,
                -15.200929607999967
              ],
              [
                -72.548896732,
                -15.202872232999937
              ],
              [
                -72.543914857,
                -15.203220357999953
              ],
              [
                -72.54188535699984,
                -15.204339981999965
              ],
              [
                -72.53599548200003,
                -15.20164685799989
              ],
              [
                -72.53094485699978,
                -15.20023635799987
              ],
              [
                -72.52935785699992,
                -15.199158607999891
              ],
              [
                -72.52530673199982,
                -15.193954481999981
              ],
              [
                -72.52313235699995,
                -15.190224607999937
              ],
              [
                -72.52011873200001,
                -15.18764210799992
              ],
              [
                -72.51883698199993,
                -15.183498357999895
              ],
              [
                -72.514427232,
                -15.183498357999895
              ],
              [
                -72.50905610699994,
                -15.181018857999845
              ],
              [
                -72.50601960699998,
                -15.177988107999965
              ],
              [
                -72.50444035699985,
                -15.173235858
              ],
              [
                -72.50106823199991,
                -15.171858731999976
              ],
              [
                -72.49716185699992,
                -15.169272482999872
              ],
              [
                -72.4970779819999,
                -15.166020357999912
              ],
              [
                -72.50099948199983,
                -15.166020357999912
              ],
              [
                -72.50196073200004,
                -15.162270607999972
              ],
              [
                -72.50423435699997,
                -15.157116732999953
              ],
              [
                -72.50627135699983,
                -15.155333482999936
              ],
              [
                -72.50580598199997,
                -15.153082857999891
              ],
              [
                -72.497527982,
                -15.14557648199991
              ],
              [
                -72.49790185699993,
                -15.14006810799998
              ],
              [
                -72.49954223199995,
                -15.136941857999943
              ],
              [
                -72.49894710699994,
                -15.134187731999873
              ],
              [
                -72.49235523200002,
                -15.129368732999922
              ],
              [
                -72.49088273200005,
                -15.125849731999836
              ],
              [
                -72.489906357,
                -15.118226982999886
              ],
              [
                -72.48878473199983,
                -15.116876607999927
              ],
              [
                -72.48750310699984,
                -15.111144107999962
              ],
              [
                -72.48527523199988,
                -15.109497982999926
              ],
              [
                -72.48600773199985,
                -15.105323732999977
              ],
              [
                -72.48696898199995,
                -15.104124107999894
              ],
              [
                -72.48857110699993,
                -15.098445732999949
              ],
              [
                -72.49584960699997,
                -15.088096606999954
              ],
              [
                -72.49867248199985,
                -15.079417232999958
              ],
              [
                -72.50448610699993,
                -15.07773785799992
              ],
              [
                -72.50698848199977,
                -15.074257857999953
              ],
              [
                -72.51517485699986,
                -15.07286548299993
              ],
              [
                -72.51476285699988,
                -15.068280232
              ],
              [
                -72.515991107,
                -15.06643773299993
              ],
              [
                -72.52041623199983,
                -15.062834732999931
              ],
              [
                -72.52500148199988,
                -15.061892481999905
              ],
              [
                -72.5269241069999,
                -15.05861760699986
              ],
              [
                -72.52501673199998,
                -15.051834107999923
              ],
              [
                -72.52264398199986,
                -15.04942985799994
              ],
              [
                -72.51998898199992,
                -15.048697482999899
              ],
              [
                -72.50672910699996,
                -15.049070356999948
              ],
              [
                -72.49876398199996,
                -15.045085731999961
              ],
              [
                -72.49124910699999,
                -15.040060981999943
              ],
              [
                -72.48707585699992,
                -15.038632357999973
              ],
              [
                -72.48337560699991,
                -15.038113606999957
              ],
              [
                -72.47592148199982,
                -15.036042232999876
              ],
              [
                -72.47036748199992,
                -15.031818357999896
              ],
              [
                -72.4676666069999,
                -15.031701982999948
              ],
              [
                -72.46326448199983,
                -15.029041232999873
              ],
              [
                -72.46121973199985,
                -15.02602560799994
              ],
              [
                -72.46183773199982,
                -15.0227937329999
              ],
              [
                -72.4680862319999,
                -15.017849982999962
              ],
              [
                -72.472351107,
                -15.01652723299992
              ],
              [
                -72.46711735699978,
                -15.009876232999943
              ],
              [
                -72.46244810699989,
                -15.008845356999814
              ],
              [
                -72.4600296069998,
                -15.007685606999871
              ],
              [
                -72.45400235699998,
                -15.00747960699988
              ],
              [
                -72.44847110699999,
                -15.003390356999944
              ],
              [
                -72.44548048199982,
                -15.00265210799995
              ],
              [
                -72.43786623199998,
                -14.998224232999974
              ],
              [
                -72.43270110699984,
                -14.99655435699998
              ],
              [
                -72.42831423199993,
                -14.996554357999969
              ],
              [
                -72.41509248199986,
                -14.993160233000026
              ],
              [
                -72.41031648199993,
                -14.993303357999935
              ],
              [
                -72.40303035699986,
                -14.983741732999931
              ],
              [
                -72.40251160699995,
                -14.981296481999834
              ],
              [
                -72.40322110700004,
                -14.975891107999985
              ],
              [
                -72.40270235699984,
                -14.972609481999939
              ],
              [
                -72.40270235699984,
                -14.966947607999828
              ],
              [
                -72.40155023199998,
                -14.962958356999877
              ],
              [
                -72.39916223199992,
                -14.957482357999936
              ],
              [
                -72.38727573199992,
                -14.95617860699997
              ],
              [
                -72.38217160699992,
                -14.955190606999963
              ],
              [
                -72.37702935699997,
                -14.956508606999932
              ],
              [
                -72.37567898099996,
                -14.958320607999951
              ],
              [
                -72.37330623199978,
                -14.95828723299985
              ],
              [
                -72.370704607,
                -14.956475231999946
              ],
              [
                -72.36665360699999,
                -14.947646106999912
              ],
              [
                -72.35950473199983,
                -14.944450356999937
              ],
              [
                -72.351173357,
                -14.94198035799991
              ],
              [
                -72.34500898199985,
                -14.93848798199997
              ],
              [
                -72.33721923199988,
                -14.938484107999841
              ],
              [
                -72.3344573569999,
                -14.936362231999965
              ],
              [
                -72.33247373199998,
                -14.932118358000025
              ],
              [
                -72.32837685699985,
                -14.930562982999902
              ],
              [
                -72.32307435699988,
                -14.930916731999957
              ],
              [
                -72.31812285699982,
                -14.924834232999956
              ],
              [
                -72.31488785700003,
                -14.922538732999897
              ],
              [
                -72.31033323199995,
                -14.916261732999942
              ],
              [
                -72.3054657319999,
                -14.907646106999948
              ],
              [
                -72.302406357,
                -14.899540857999966
              ],
              [
                -72.30193323200001,
                -14.895695731999979
              ],
              [
                -72.30300135699991,
                -14.886521356999936
              ],
              [
                -72.30780023199998,
                -14.881718607999971
              ],
              [
                -72.30889135699982,
                -14.879998232999924
              ],
              [
                -72.30866235699989,
                -14.877445107999904
              ],
              [
                -72.30672460699998,
                -14.87328335799998
              ],
              [
                -72.30653385699992,
                -14.870310732999883
              ],
              [
                -72.30755610699993,
                -14.868113482999888
              ],
              [
                -72.31013485699987,
                -14.865979231999972
              ],
              [
                -72.31031798200002,
                -14.864053731999888
              ],
              [
                -72.30697635699994,
                -14.855560232999949
              ],
              [
                -72.30837248199998,
                -14.852560981999943
              ],
              [
                -72.30958560699992,
                -14.847552357999973
              ],
              [
                -72.31018823199986,
                -14.842390981999927
              ],
              [
                -72.31360623199987,
                -14.838751732999924
              ],
              [
                -72.31544485699993,
                -14.833863231999942
              ],
              [
                -72.30564885699988,
                -14.827569981999943
              ],
              [
                -72.30409998199997,
                -14.825050357999942
              ],
              [
                -72.30080410699986,
                -14.824129107999909
              ],
              [
                -72.29779810699983,
                -14.821706731999939
              ],
              [
                -72.29192348199985,
                -14.818374606999953
              ],
              [
                -72.29043573099995,
                -14.819724106999956
              ],
              [
                -72.288543732,
                -14.818872607999936
              ],
              [
                -72.28497310699987,
                -14.81538298299995
              ],
              [
                -72.279388482,
                -14.81609435799993
              ],
              [
                -72.27564235700004,
                -14.814344356999982
              ],
              [
                -72.2726974819999,
                -14.81406785799993
              ],
              [
                -72.26464848099988,
                -14.81112098199992
              ],
              [
                -72.26136773199994,
                -14.80924798299992
              ],
              [
                -72.2555542319999,
                -14.804925857999876
              ],
              [
                -72.25228885699988,
                -14.803659481999944
              ],
              [
                -72.25003810699991,
                -14.805394231999912
              ],
              [
                -72.24466710699988,
                -14.811808731999974
              ],
              [
                -72.23910523199993,
                -14.812240606999922
              ],
              [
                -72.23172760700004,
                -14.809238482999945
              ],
              [
                -72.22375485600003,
                -14.805058481999936
              ],
              [
                -72.22029110699987,
                -14.799929606999967
              ],
              [
                -72.21736910600004,
                -14.800881356999923
              ],
              [
                -72.21360010699993,
                -14.80326273299994
              ],
              [
                -72.20648960699987,
                -14.800141356999973
              ],
              [
                -72.20278935600004,
                -14.797868732999973
              ],
              [
                -72.20388798199997,
                -14.793161356999917
              ],
              [
                -72.2020414819998,
                -14.79014773299997
              ],
              [
                -72.20236973199985,
                -14.788366357999962
              ],
              [
                -72.1997069819999,
                -14.785806732999902
              ],
              [
                -72.1956558569999,
                -14.784357106999948
              ],
              [
                -72.19056698099985,
                -14.77883435799987
              ],
              [
                -72.1883927319999,
                -14.778337482999973
              ],
              [
                -72.18647760599981,
                -14.780279106999956
              ],
              [
                -72.18383785699996,
                -14.779619231999902
              ],
              [
                -72.1808702319999,
                -14.776972731999933
              ],
              [
                -72.17827610599994,
                -14.776792482999952
              ],
              [
                -72.17532348099991,
                -14.778937356999961
              ],
              [
                -72.17063135699988,
                -14.77864448199989
              ],
              [
                -72.16804498099987,
                -14.780650106999929
              ],
              [
                -72.16525273199983,
                -14.780539481999938
              ],
              [
                -72.16256710700003,
                -14.782533607
              ],
              [
                -72.15966798099987,
                -14.78634160699994
              ],
              [
                -72.157569856,
                -14.785945106999975
              ],
              [
                -72.15752410699986,
                -14.7808132319999
              ],
              [
                -72.15666960699986,
                -14.778758106999874
              ],
              [
                -72.15400698199983,
                -14.777131106999889
              ],
              [
                -72.14928435699994,
                -14.778083857999945
              ],
              [
                -72.1446991069999,
                -14.777712856999926
              ],
              [
                -72.14132685599986,
                -14.781101232999958
              ],
              [
                -72.13842010599996,
                -14.781185106999942
              ],
              [
                -72.13478848100004,
                -14.783511106999924
              ],
              [
                -72.13168335699999,
                -14.789396231999888
              ],
              [
                -72.13228623099997,
                -14.791651731999934
              ],
              [
                -72.13471985599995,
                -14.794964731999926
              ],
              [
                -72.13612360599984,
                -14.798700356999916
              ],
              [
                -72.13577273199985,
                -14.800355857999875
              ],
              [
                -72.13811498099994,
                -14.807679232999874
              ],
              [
                -72.138091982,
                -14.813296356999956
              ],
              [
                -72.13293460700004,
                -14.816822982999895
              ],
              [
                -72.13230898199987,
                -14.820824607999953
              ],
              [
                -72.13250735699995,
                -14.825425107999934
              ],
              [
                -72.13117210599995,
                -14.828312856999958
              ],
              [
                -72.12869260699989,
                -14.830601731999877
              ],
              [
                -72.124366732,
                -14.832889606999913
              ],
              [
                -72.11919398099991,
                -14.834738731999892
              ],
              [
                -72.11603548199997,
                -14.83902548199984
              ],
              [
                -72.11829373199987,
                -14.841806356999882
              ],
              [
                -72.11551660699985,
                -14.842062982999892
              ],
              [
                -72.111587482,
                -14.841289482999912
              ],
              [
                -72.10905460699996,
                -14.844385106999937
              ],
              [
                -72.10765823199989,
                -14.84724235699997
              ],
              [
                -72.10444635599987,
                -14.84762860799998
              ],
              [
                -72.101692232,
                -14.84986685799987
              ],
              [
                -72.09808348199982,
                -14.849872606999895
              ],
              [
                -72.09754185699995,
                -14.85119723199989
              ],
              [
                -72.09254460699992,
                -14.855869232999964
              ],
              [
                -72.09024810699998,
                -14.856802982999909
              ],
              [
                -72.08728023200001,
                -14.863146731999905
              ],
              [
                -72.08546448099986,
                -14.869131106999873
              ],
              [
                -72.0827102319999,
                -14.873005857999942
              ],
              [
                -72.07960498199992,
                -14.873883357999887
              ],
              [
                -72.07860560699999,
                -14.876088106999873
              ],
              [
                -72.07787323199989,
                -14.88079073299997
              ],
              [
                -72.07687373099998,
                -14.883466731999931
              ],
              [
                -72.07519535599982,
                -14.88450998299993
              ],
              [
                -72.07188410699996,
                -14.884871482999927
              ],
              [
                -72.06713098099988,
                -14.887109732999932
              ],
              [
                -72.06309510699998,
                -14.887876482999957
              ],
              [
                -72.05917360599989,
                -14.88481610699995
              ],
              [
                -72.05516048099992,
                -14.883638357999928
              ],
              [
                -72.05020910699989,
                -14.884469107999848
              ],
              [
                -72.04801935699987,
                -14.887322481999945
              ],
              [
                -72.04639435699988,
                -14.887109732999932
              ],
              [
                -72.0453186069999,
                -14.884105731999966
              ],
              [
                -72.04314423099993,
                -14.880883231999974
              ],
              [
                -72.04325098199996,
                -14.879183732999934
              ],
              [
                -72.04602810699998,
                -14.877659857999902
              ],
              [
                -72.04712673099993,
                -14.875062981999974
              ],
              [
                -72.04465485699995,
                -14.868847856999878
              ],
              [
                -72.04513548199992,
                -14.865534732999947
              ],
              [
                -72.0422821059999,
                -14.862666107999928
              ],
              [
                -72.04290010599988,
                -14.858946857999968
              ],
              [
                -72.04264835599992,
                -14.855578607999973
              ],
              [
                -72.043266357,
                -14.85173223199996
              ],
              [
                -72.04094698199992,
                -14.850349481999956
              ],
              [
                -72.04084785599991,
                -14.846487981999928
              ],
              [
                -72.03925323199985,
                -14.84489623199994
              ],
              [
                -72.04038235699983,
                -14.839689231999955
              ],
              [
                -72.03814698199989,
                -14.836927356999979
              ],
              [
                -72.03607935699989,
                -14.836738731999901
              ],
              [
                -72.03427885599984,
                -14.833777482999949
              ],
              [
                -72.0325316069999,
                -14.832463106999967
              ],
              [
                -72.02672573099983,
                -14.831294981999974
              ],
              [
                -72.02528385699998,
                -14.829634607999878
              ],
              [
                -72.025649982,
                -14.82223610799997
              ],
              [
                -72.03224185699997,
                -14.81582835799992
              ],
              [
                -72.03277585699993,
                -14.81313323199987
              ],
              [
                -72.034255981,
                -14.811989731999859
              ],
              [
                -72.0390014809999,
                -14.812740356999882
              ],
              [
                -72.0405426069998,
                -14.809761981999827
              ],
              [
                -72.03895573199992,
                -14.804779106999945
              ],
              [
                -72.03504185700001,
                -14.802931733000037
              ],
              [
                -72.03447723199992,
                -14.800931981999952
              ],
              [
                -72.03491960699984,
                -14.795333856999946
              ],
              [
                -72.03449248199985,
                -14.792941108000036
              ],
              [
                -72.03543835600004,
                -14.78994548299994
              ],
              [
                -72.038940481,
                -14.788134481999862
              ],
              [
                -72.0396499819999,
                -14.782414481999979
              ],
              [
                -72.04096223199986,
                -14.778769481999916
              ],
              [
                -72.03888698199984,
                -14.77241235799994
              ],
              [
                -72.03709410599998,
                -14.769663857999888
              ],
              [
                -72.03701023199989,
                -14.767253857999947
              ],
              [
                -72.03855898099988,
                -14.763310481999895
              ],
              [
                -72.03819273199986,
                -14.760427481999955
              ],
              [
                -72.03977198099989,
                -14.756988481999883
              ],
              [
                -72.04318235699998,
                -14.754126607999979
              ],
              [
                -72.04779048200004,
                -14.738767606999943
              ],
              [
                -72.04735560599994,
                -14.734876606999876
              ],
              [
                -72.04329685599993,
                -14.728218982999977
              ],
              [
                -72.04344935699993,
                -14.726697106999893
              ],
              [
                -72.04161835699989,
                -14.723278982999886
              ],
              [
                -72.04195398099984,
                -14.720146231999934
              ],
              [
                -72.04402160699988,
                -14.718960731999914
              ],
              [
                -72.0449752319999,
                -14.716476481999962
              ],
              [
                -72.0419846069999,
                -14.709226606999891
              ],
              [
                -72.04437260699979,
                -14.70604898199997
              ],
              [
                -72.04441835699993,
                -14.702810231999877
              ],
              [
                -72.04318235599987,
                -14.700672106999889
              ],
              [
                -72.04186248099984,
                -14.694371232999913
              ],
              [
                -72.0402144819999,
                -14.691089607999913
              ],
              [
                -72.04048160699989,
                -14.688092231999974
              ],
              [
                -72.03888698100002,
                -14.687045106999847
              ],
              [
                -72.036155732,
                -14.681780856999922
              ],
              [
                -72.03358460699997,
                -14.681267732999913
              ],
              [
                -72.03299710700003,
                -14.679368981999858
              ],
              [
                -72.03058623199985,
                -14.676653856999906
              ],
              [
                -72.02534485599989,
                -14.674101856999982
              ],
              [
                -72.02449035699988,
                -14.667734107999877
              ],
              [
                -72.02113348099988,
                -14.663576106999926
              ],
              [
                -72.01583098099991,
                -14.658390981999958
              ],
              [
                -72.01564785699992,
                -14.651027731999932
              ],
              [
                -72.01467135699988,
                -14.648367106999899
              ],
              [
                -72.01072698199982,
                -14.643312481999828
              ],
              [
                -72.00796510600003,
                -14.64072798199993
              ],
              [
                -72.00146485599998,
                -14.641733107999869
              ],
              [
                -71.99602510699992,
                -14.639059981999935
              ],
              [
                -71.99079123199994,
                -14.633743231999972
              ],
              [
                -71.9879149809999,
                -14.632949856999971
              ],
              [
                -71.98149873099999,
                -14.638695731999917
              ],
              [
                -71.98081210700002,
                -14.642882357999952
              ],
              [
                -71.97621160599994,
                -14.645913106999956
              ],
              [
                -71.97618873199991,
                -14.65405460799991
              ],
              [
                -71.97356410700002,
                -14.657990482999878
              ],
              [
                -71.96926123099996,
                -14.661764107999943
              ],
              [
                -71.96363073099985,
                -14.663763107999955
              ],
              [
                -71.9633254819999,
                -14.665120981999848
              ],
              [
                -71.95843510699984,
                -14.67107960699991
              ],
              [
                -71.95624548099988,
                -14.672163982999962
              ],
              [
                -71.95115660699997,
                -14.672503356999869
              ],
              [
                -71.95124810599992,
                -14.675124107999977
              ],
              [
                -71.94989010699999,
                -14.677898356999947
              ],
              [
                -71.94425198199997,
                -14.682064106999917
              ],
              [
                -71.9412154819999,
                -14.685324606999927
              ],
              [
                -71.93065648099986,
                -14.688087481999958
              ],
              [
                -71.92961123099997,
                -14.689635231999944
              ],
              [
                -71.93374635599992,
                -14.690678606999938
              ],
              [
                -71.93613435699996,
                -14.693857231999914
              ],
              [
                -71.94216923100004,
                -14.696777356999974
              ],
              [
                -71.94799035599993,
                -14.700836232999961
              ],
              [
                -71.95027160599994,
                -14.703451107999967
              ],
              [
                -71.94941710700004,
                -14.705631231999973
              ],
              [
                -71.94597623099992,
                -14.710818231999951
              ],
              [
                -71.947395357,
                -14.712728481999932
              ],
              [
                -71.94935610699997,
                -14.717652356999906
              ],
              [
                -71.9520797319999,
                -14.719568232999904
              ],
              [
                -71.95546723099994,
                -14.723882731999936
              ],
              [
                -71.95780948099986,
                -14.726017982999963
              ],
              [
                -71.95863348199993,
                -14.728015857999935
              ],
              [
                -71.95779423200003,
                -14.730601356999898
              ],
              [
                -71.95896910699997,
                -14.73259348199997
              ],
              [
                -71.95368960599995,
                -14.734785107999983
              ],
              [
                -71.95431523199994,
                -14.737729982999895
              ],
              [
                -71.94868473199983,
                -14.744226481999817
              ],
              [
                -71.94699098099977,
                -14.74393173199985
              ],
              [
                -71.94317623099988,
                -14.745292606999897
              ],
              [
                -71.94165023099998,
                -14.748892731999888
              ],
              [
                -71.93762210700004,
                -14.750986106999903
              ],
              [
                -71.93671410699989,
                -14.754320106999899
              ],
              [
                -71.93281548199997,
                -14.756463106999945
              ],
              [
                -71.93057248199983,
                -14.761137107999957
              ],
              [
                -71.93077848099983,
                -14.762704857999893
              ],
              [
                -71.92912298099998,
                -14.769818357999952
              ],
              [
                -71.9277877319999,
                -14.773058857999956
              ],
              [
                -71.92900848199986,
                -14.77506248200001
              ],
              [
                -71.92969510599983,
                -14.781037357999821
              ],
              [
                -71.9289856069999,
                -14.784958857999925
              ],
              [
                -71.92400360699997,
                -14.789796857999931
              ],
              [
                -71.92076873099995,
                -14.791308356999934
              ],
              [
                -71.91823573099998,
                -14.791105231999893
              ],
              [
                -71.9144211059999,
                -14.79207423299988
              ],
              [
                -71.91150660699992,
                -14.791285482999967
              ],
              [
                -71.910224857,
                -14.788849982999977
              ],
              [
                -71.90798948099996,
                -14.790601732999903
              ],
              [
                -71.90331273099997,
                -14.79196260699996
              ],
              [
                -71.90048985599992,
                -14.788148857999886
              ],
              [
                -71.898429856,
                -14.788132606999966
              ],
              [
                -71.89389860699998,
                -14.789601232999871
              ]
            ]
          ]
        ],
        "type": "MultiPolygon"
      },
      "type": "Feature",
      "properties": {
        "PROVINCIA": "CONDESUYOS",
        "name": "CONDESUYOS",
        "ID": "040600",
        "DEPARTAMEN": "AREQUIPA"
      }
    }
  ]
}
