{
  "type": "FeatureCollection",
  "features": [
    {
      "geometry": {
        "coordinates": [
          [
            [
              [
                -70.47792590899991,
                -3.424217816999885
              ],
              [
                -70.66726098099986,
                -3.723068346999924
              ],
              [
                -70.71114723099987,
                -3.790295721999939
              ],
              [
                -70.71347460499999,
                -3.79422659699992
              ],
              [
                -70.71313197999996,
                -3.796425221999868
              ],
              [
                -70.7097627309999,
                -3.794312221999917
              ],
              [
                -70.70551685499987,
                -3.792683096999951
              ],
              [
                -70.70046697999993,
                -3.791761471999962
              ],
              [
                -70.69542960599995,
                -3.79155947199996
              ],
              [
                -70.69003610499982,
                -3.792004972999962
              ],
              [
                -70.68519073100003,
                -3.793339597999932
              ],
              [
                -70.68072160499992,
                -3.796142346999886
              ],
              [
                -70.67101297999989,
                -3.805446846999871
              ],
              [
                -70.66456172999989,
                -3.813653096999872
              ],
              [
                -70.65896885599989,
                -3.821808721999901
              ],
              [
                -70.65480260599986,
                -3.826984971999934
              ],
              [
                -70.65072947999982,
                -3.829827971999975
              ],
              [
                -70.64403885599984,
                -3.831126471999937
              ],
              [
                -70.6392613549998,
                -3.831643597999914
              ],
              [
                -70.63448910499983,
                -3.831201721999946
              ],
              [
                -70.62890560599988,
                -3.831486971999936
              ],
              [
                -70.62565172999984,
                -3.832817721999959
              ],
              [
                -70.62163522999987,
                -3.838668721999966
              ],
              [
                -70.61901998099995,
                -3.840059971999949
              ],
              [
                -70.61316822999999,
                -3.837831096999935
              ],
              [
                -70.58789660599996,
                -3.827381971999898
              ],
              [
                -70.58087247999993,
                -3.826811097999837
              ],
              [
                -70.57727473100005,
                -3.828010346999918
              ],
              [
                -70.5736769799999,
                -3.83029459699992
              ],
              [
                -70.56355747999999,
                -3.840104346999965
              ],
              [
                -70.5524386049999,
                -3.852891097999873
              ],
              [
                -70.54714873,
                -3.857841721999932
              ],
              [
                -70.54091597999997,
                -3.86303709799995
              ],
              [
                -70.5351152309999,
                -3.866130721999923
              ],
              [
                -70.52074385499998,
                -3.872974721999981
              ],
              [
                -70.51063072999989,
                -3.875466346999929
              ],
              [
                -70.49641110499982,
                -3.875808971999959
              ],
              [
                -70.48955897999991,
                -3.873893722999924
              ],
              [
                -70.48159760499993,
                -3.869324221999932
              ],
              [
                -70.46408847999993,
                -3.864044846999946
              ],
              [
                -70.44981172999985,
                -3.856678096999929
              ],
              [
                -70.44147410499977,
                -3.851081722999936
              ],
              [
                -70.43780285499992,
                -3.846706471999937
              ],
              [
                -70.43241210500003,
                -3.841859346999968
              ],
              [
                -70.42554497999993,
                -3.83418159699994
              ],
              [
                -70.4194784799999,
                -3.826271471999974
              ],
              [
                -70.41616010499985,
                -3.823177721999969
              ],
              [
                -70.41375785499997,
                -3.822033221999845
              ],
              [
                -70.41020897999988,
                -3.821808596999972
              ],
              [
                -70.40165035499979,
                -3.827677721999976
              ],
              [
                -70.39845310499999,
                -3.829175721999889
              ],
              [
                -70.39422660499997,
                -3.82998634799992
              ],
              [
                -70.38942772999985,
                -3.829304721999904
              ],
              [
                -70.38416210499992,
                -3.825869096999952
              ],
              [
                -70.37660935499991,
                -3.818419971999845
              ],
              [
                -70.37168947999999,
                -3.81245909699993
              ],
              [
                -70.36608198,
                -3.806500097999901
              ],
              [
                -70.3589863549999,
                -3.801115221999964
              ],
              [
                -70.35406447999998,
                -3.799287096999933
              ],
              [
                -70.34629885500004,
                -3.799759722999966
              ],
              [
                -70.324027355,
                -3.806220721999978
              ],
              [
                -70.31305647999989,
                -3.809910096999943
              ],
              [
                -70.30495510499998,
                -3.813367346999939
              ],
              [
                -70.29227535499996,
                -3.82119134699991
              ],
              [
                -70.28531648,
                -3.827171846999931
              ],
              [
                -70.27915235499995,
                -3.833724596999957
              ],
              [
                -70.27630660499995,
                -3.837630846999957
              ],
              [
                -70.27208772999995,
                -3.845671846999949
              ],
              [
                -70.26901172999999,
                -3.854056596999953
              ],
              [
                -70.26719922999985,
                -3.861521471999936
              ],
              [
                -70.26446485499991,
                -3.869675846999883
              ],
              [
                -70.26275585499991,
                -3.873236346999875
              ],
              [
                -70.25762110499988,
                -3.88047659699987
              ],
              [
                -70.25351947999997,
                -3.884499972999947
              ],
              [
                -70.24609372999993,
                -3.890367221999952
              ],
              [
                -70.23444335499988,
                -3.897269471999948
              ],
              [
                -70.22267972899982,
                -3.902568347999988
              ],
              [
                -70.21263085499999,
                -3.905568347999917
              ],
              [
                -70.20542972999988,
                -3.907185596999909
              ],
              [
                -70.19800385499997,
                -3.909605471999953
              ],
              [
                -70.19229885499982,
                -3.912943346999953
              ],
              [
                -70.18669922999987,
                -3.91834572199997
              ],
              [
                -70.18556247999987,
                -3.919955096999956
              ],
              [
                -70.18111135499993,
                -3.929374972999824
              ],
              [
                -70.17907035499991,
                -3.937298846999965
              ],
              [
                -70.17782622999988,
                -3.946138721999944
              ],
              [
                -70.17589647900002,
                -3.95555659799993
              ],
              [
                -70.17454498,
                -3.96956247199995
              ],
              [
                -70.15932135399993,
                -3.991713222999977
              ],
              [
                -70.14956510499997,
                -4.006753346999972
              ],
              [
                -70.12667322999982,
                -4.030809597999962
              ],
              [
                -70.11440410499995,
                -4.049547847999975
              ],
              [
                -70.10503497999986,
                -4.057466971999929
              ],
              [
                -70.08685447999983,
                -4.064716847999819
              ],
              [
                -70.07625835499982,
                -4.069512972999973
              ],
              [
                -70.06778160499994,
                -4.075982096999951
              ],
              [
                -70.06309697999984,
                -4.080889722999927
              ],
              [
                -70.05997397999988,
                -4.086243596999964
              ],
              [
                -70.05182660399998,
                -4.107929722999813
              ],
              [
                -70.04423147999995,
                -4.120908721999967
              ],
              [
                -70.03407947999983,
                -4.134412722999969
              ],
              [
                -70.0199633549999,
                -4.147102722999932
              ],
              [
                -69.99832535399986,
                -4.167709971999955
              ],
              [
                -69.98371098000001,
                -4.182775472999936
              ],
              [
                -69.96143635399989,
                -4.201477472999954
              ],
              [
                -69.95568947999982,
                -4.207642597999893
              ],
              [
                -69.95215035399991,
                -4.213796847999902
              ],
              [
                -69.95049222999978,
                -4.219490221999877
              ],
              [
                -69.9495929799998,
                -4.225376847999939
              ],
              [
                -69.94903935499991,
                -4.233329972999968
              ],
              [
                -69.94954335499995,
                -4.24038584799996
              ],
              [
                -69.95125960499985,
                -4.251769722999938
              ],
              [
                -69.95080172899998,
                -4.267602972999953
              ],
              [
                -69.94959185499988,
                -4.27938272199998
              ],
              [
                -69.95150310399993,
                -4.287416847999964
              ],
              [
                -69.95623085499994,
                -4.297724097999946
              ],
              [
                -69.96473397999989,
                -4.311897847999944
              ],
              [
                -69.974417979,
                -4.332777471999918
              ],
              [
                -69.98036297999977,
                -4.340416221999931
              ],
              [
                -69.98582835499997,
                -4.344766097999866
              ],
              [
                -69.99196285399978,
                -4.348167972999875
              ],
              [
                -69.99927823000002,
                -4.349173847999964
              ],
              [
                -70.0120809799999,
                -4.349110847999896
              ],
              [
                -70.01513872899994,
                -4.350518972999964
              ],
              [
                -70.0185987299999,
                -4.353254847999949
              ],
              [
                -70.02169672899987,
                -4.357358721999958
              ],
              [
                -70.02335960499988,
                -4.36074859699994
              ],
              [
                -70.02535797999985,
                -4.367618221999976
              ],
              [
                -70.02931060499986,
                -4.372376097999904
              ],
              [
                -70.03564685499992,
                -4.375117972999931
              ],
              [
                -70.0399969799999,
                -4.37535047199998
              ],
              [
                -70.04441497999994,
                -4.373742222999965
              ],
              [
                -70.04797060499988,
                -4.370971347999955
              ],
              [
                -70.05102247999997,
                -4.364915972999938
              ],
              [
                -70.05099347999999,
                -4.360565847999908
              ],
              [
                -70.04846472899999,
                -4.355876597999952
              ],
              [
                -70.04312635499991,
                -4.350509221999971
              ],
              [
                -70.04026160499984,
                -4.346968597999933
              ],
              [
                -70.0401872299999,
                -4.341503472999932
              ],
              [
                -70.04141410499989,
                -4.334959972999854
              ],
              [
                -70.04295560499997,
                -4.33218534699995
              ],
              [
                -70.04922160499984,
                -4.326334347999818
              ],
              [
                -70.05196148000005,
                -4.324863346999962
              ],
              [
                -70.06476260499988,
                -4.32347159699998
              ],
              [
                -70.07085997899998,
                -4.322318972999938
              ],
              [
                -70.07651110399985,
                -4.318861347999928
              ],
              [
                -70.07874185500003,
                -4.314697347999925
              ],
              [
                -70.07874185500003,
                -4.309975597999937
              ],
              [
                -70.07725472999982,
                -4.306964096999934
              ],
              [
                -70.07491235499998,
                -4.304807722999954
              ],
              [
                -70.07164073000001,
                -4.303729472999976
              ],
              [
                -70.06809185499992,
                -4.304146472999946
              ],
              [
                -70.06189972999988,
                -4.306071721999956
              ],
              [
                -70.05844210499987,
                -4.30644359799993
              ],
              [
                -70.05186885499984,
                -4.306239096999889
              ],
              [
                -70.04532535500005,
                -4.303592096999978
              ],
              [
                -70.04071510499989,
                -4.299784847999831
              ],
              [
                -70.039971605,
                -4.296513096999945
              ],
              [
                -70.04116122999994,
                -4.293360222999922
              ],
              [
                -70.04508735399997,
                -4.291545972999927
              ],
              [
                -70.04739447899982,
                -4.291810596999937
              ],
              [
                -70.05641960399987,
                -4.294996097999899
              ],
              [
                -70.05903697999997,
                -4.295174596999914
              ],
              [
                -70.06367685499993,
                -4.293627972999957
              ],
              [
                -70.07033947999992,
                -4.287768472999971
              ],
              [
                -70.07508210499992,
                -4.285287097999856
              ],
              [
                -70.07936723,
                -4.285410472999956
              ],
              [
                -70.08610960499982,
                -4.288070596999944
              ],
              [
                -70.09196272999998,
                -4.289017722999972
              ],
              [
                -70.096042355,
                -4.287765473000036
              ],
              [
                -70.0990714799999,
                -4.285329596999929
              ],
              [
                -70.10023135499995,
                -4.280897847999938
              ],
              [
                -70.0997852299999,
                -4.270993347999877
              ],
              [
                -70.10130222899983,
                -4.263944221999907
              ],
              [
                -70.10496060499992,
                -4.258025222999891
              ],
              [
                -70.109362605,
                -4.256151471999942
              ],
              [
                -70.112098855,
                -4.256716597999969
              ],
              [
                -70.11504360499993,
                -4.259809846999929
              ],
              [
                -70.11534972999993,
                -4.262443346999873
              ],
              [
                -70.11308047999978,
                -4.275097847999916
              ],
              [
                -70.11325897899997,
                -4.27726909699993
              ],
              [
                -70.11534097999993,
                -4.280987096999979
              ],
              [
                -70.11807735500003,
                -4.283634222999979
              ],
              [
                -70.1209922299999,
                -4.285418847999836
              ],
              [
                -70.12396647999986,
                -4.286043471999903
              ],
              [
                -70.12673247999993,
                -4.285686471999952
              ],
              [
                -70.13235410499976,
                -4.282474222999895
              ],
              [
                -70.13946272999993,
                -4.275781971999947
              ],
              [
                -70.14228835499989,
                -4.273789222999937
              ],
              [
                -70.14857210499986,
                -4.272072097999967
              ],
              [
                -70.15156635499989,
                -4.272109346999855
              ],
              [
                -70.15638672999984,
                -4.274740972999894
              ],
              [
                -70.15814422999995,
                -4.277208972999915
              ],
              [
                -70.16197847999979,
                -4.290832097999896
              ],
              [
                -70.16301947999983,
                -4.292676097999959
              ],
              [
                -70.16890860499996,
                -4.29901147299995
              ],
              [
                -70.17051472999987,
                -4.30266984799988
              ],
              [
                -70.17063372999996,
                -4.305227847999959
              ],
              [
                -70.16965222999983,
                -4.309362096999905
              ],
              [
                -70.16848222999982,
                -4.310549472999924
              ],
              [
                -70.15382872999993,
                -4.318998971999974
              ],
              [
                -70.1520739799999,
                -4.321289222999894
              ],
              [
                -70.15159798000002,
                -4.327029597999967
              ],
              [
                -70.15260922999994,
                -4.330033722999929
              ],
              [
                -70.1559404799998,
                -4.332710596999902
              ],
              [
                -70.15962872999995,
                -4.333483972999943
              ],
              [
                -70.16575585500004,
                -4.333007972999894
              ],
              [
                -70.17262910499994,
                -4.333640472999832
              ],
              [
                -70.17610660499997,
                -4.336577222999892
              ],
              [
                -70.17741485499988,
                -4.339820972999973
              ],
              [
                -70.17798035500005,
                -4.348980096999924
              ],
              [
                -70.18083560499986,
                -4.355404722999936
              ],
              [
                -70.18369097999994,
                -4.35828984799997
              ],
              [
                -70.18642735500003,
                -4.35998522299991
              ],
              [
                -70.18950585499977,
                -4.360839847999955
              ],
              [
                -70.19633035499999,
                -4.360337222999931
              ],
              [
                -70.19883035499987,
                -4.358795472999873
              ],
              [
                -70.20082310499993,
                -4.354571847999921
              ],
              [
                -70.20040660500001,
                -4.34356684699992
              ],
              [
                -70.20207235499998,
                -4.337528971999973
              ],
              [
                -70.20296460499992,
                -4.332442847999971
              ],
              [
                -70.2031133549998,
                -4.327445972999953
              ],
              [
                -70.20477897999984,
                -4.323073722999936
              ],
              [
                -70.20959735499991,
                -4.317422596999904
              ],
              [
                -70.21185785499989,
                -4.312812347999909
              ],
              [
                -70.21173885499991,
                -4.302848346999895
              ],
              [
                -70.21269072999996,
                -4.2994873479999
              ],
              [
                -70.21661673,
                -4.298178722999978
              ],
              [
                -70.21831210499994,
                -4.301480221999952
              ],
              [
                -70.21786597999989,
                -4.309183722999876
              ],
              [
                -70.21956135399984,
                -4.314388722999979
              ],
              [
                -70.2219408549999,
                -4.315994847999889
              ],
              [
                -70.22542085499981,
                -4.317035847999875
              ],
              [
                -70.22830585500003,
                -4.317035846999886
              ],
              [
                -70.23553347999996,
                -4.314121096999941
              ],
              [
                -70.24207935499993,
                -4.3125908479999
              ],
              [
                -70.24951285499992,
                -4.311890346999917
              ],
              [
                -70.25634198,
                -4.310004972999877
              ],
              [
                -70.25995748000003,
                -4.308601597999939
              ],
              [
                -70.26322447999996,
                -4.305852472999959
              ],
              [
                -70.26551473,
                -4.303086347999965
              ],
              [
                -70.26807260499999,
                -4.297078221999868
              ],
              [
                -70.26759672999987,
                -4.294728471999974
              ],
              [
                -70.26480085499992,
                -4.293538721999937
              ],
              [
                -70.25617535499998,
                -4.292140722999932
              ],
              [
                -70.24930460500002,
                -4.288779847999933
              ],
              [
                -70.24582473000004,
                -4.284615721999899
              ],
              [
                -70.2449621049999,
                -4.279351222999878
              ],
              [
                -70.24653848000003,
                -4.274830222999981
              ],
              [
                -70.24838260499985,
                -4.272837347999939
              ],
              [
                -70.25219722999998,
                -4.271197721999897
              ],
              [
                -70.25812535499995,
                -4.27169572199989
              ],
              [
                -70.26637722999988,
                -4.278072222999924
              ],
              [
                -70.2729504799999,
                -4.280987097999969
              ],
              [
                -70.28014835499994,
                -4.285656847999974
              ],
              [
                -70.28636485500004,
                -4.288155221999943
              ],
              [
                -70.2897852299999,
                -4.288006596999878
              ],
              [
                -70.29121285499997,
                -4.285775721999983
              ],
              [
                -70.29038010499983,
                -4.284229097999969
              ],
              [
                -70.28460985499987,
                -4.278964471999927
              ],
              [
                -70.2837771049999,
                -4.274443596999902
              ],
              [
                -70.28514535499994,
                -4.271171721999963
              ],
              [
                -70.29588260499992,
                -4.26703747199997
              ],
              [
                -70.30489622999983,
                -4.261122847999957
              ],
              [
                -70.30739323,
                -4.258530847999907
              ],
              [
                -70.30935635499998,
                -4.253474597999968
              ],
              [
                -70.3091481049999,
                -4.24922122299995
              ],
              [
                -70.30563835499993,
                -4.244789472999969
              ],
              [
                -70.30070097999999,
                -4.241250097999966
              ],
              [
                -70.29183747999997,
                -4.238008096999977
              ],
              [
                -70.2823493549999,
                -4.235925972999894
              ],
              [
                -70.27919660499998,
                -4.232713721999858
              ],
              [
                -70.27853410499989,
                -4.228927972999884
              ],
              [
                -70.27964273000003,
                -4.220399971999939
              ],
              [
                -70.28110022999982,
                -4.215046223
              ],
              [
                -70.28672160499991,
                -4.202673096999945
              ],
              [
                -70.2879411049999,
                -4.195565597999916
              ],
              [
                -70.28773297999993,
                -4.180514346999871
              ],
              [
                -70.28600785499992,
                -4.174327722999976
              ],
              [
                -70.28565085499986,
                -4.170401597999899
              ],
              [
                -70.28660273000003,
                -4.167367847999969
              ],
              [
                -70.29005285499983,
                -4.162608847999934
              ],
              [
                -70.2939492299999,
                -4.159307346999981
              ],
              [
                -70.30328860500003,
                -4.158831471999974
              ],
              [
                -70.30828547999977,
                -4.156808972999954
              ],
              [
                -70.31155723,
                -4.154161847999944
              ],
              [
                -70.31720847999998,
                -4.145565972999975
              ],
              [
                -70.31970697999992,
                -4.143394721999925
              ],
              [
                -70.32387098000004,
                -4.142413222999892
              ],
              [
                -70.32833247999986,
                -4.145268597999973
              ],
              [
                -70.32961147999998,
                -4.149402847999909
              ],
              [
                -70.32782685499978,
                -4.160169972999938
              ],
              [
                -70.32764822999991,
                -4.168349347999936
              ],
              [
                -70.33008735499993,
                -4.17441697199996
              ],
              [
                -70.33181247999994,
                -4.176528721999887
              ],
              [
                -70.33648210499996,
                -4.178997471999878
              ],
              [
                -70.34079260499982,
                -4.178814096999815
              ],
              [
                -70.34312660499995,
                -4.178008472999863
              ],
              [
                -70.35001535499998,
                -4.172662096999886
              ],
              [
                -70.35504197999984,
                -4.1670407229999
              ],
              [
                -70.35816497999997,
                -4.162787347999881
              ],
              [
                -70.36191260499999,
                -4.155410972999903
              ],
              [
                -70.36488697999988,
                -4.145506472999955
              ],
              [
                -70.36664185499995,
                -4.14274047299989
              ],
              [
                -70.37259047999993,
                -4.137475846999848
              ],
              [
                -70.37681397999995,
                -4.13500709799996
              ],
              [
                -70.37978835499996,
                -4.133906597999953
              ],
              [
                -70.38439435499993,
                -4.133856596999976
              ],
              [
                -70.38975235499987,
                -4.136196846999894
              ],
              [
                -70.39873435499999,
                -4.137441597999953
              ],
              [
                -70.41973047999994,
                -4.134978472999876
              ],
              [
                -70.42666385499984,
                -4.13235997299995
              ],
              [
                -70.4328206049999,
                -4.131289222999897
              ],
              [
                -70.43615110499985,
                -4.132510097999955
              ],
              [
                -70.43928497999991,
                -4.134469346999936
              ],
              [
                -70.44162460599995,
                -4.137029721999966
              ],
              [
                -70.44245735499993,
                -4.141669597999908
              ],
              [
                -70.44052410499984,
                -4.144941347999975
              ],
              [
                -70.43630047999989,
                -4.148986471999933
              ],
              [
                -70.43326672999979,
                -4.153120721999869
              ],
              [
                -70.4324933549999,
                -4.155916597999919
              ],
              [
                -70.43365335499988,
                -4.161300222999955
              ],
              [
                -70.43653847999985,
                -4.163679597999931
              ],
              [
                -70.4402917299999,
                -4.163527471999942
              ],
              [
                -70.4478111049998,
                -4.158682596999881
              ],
              [
                -70.45239160499989,
                -4.158266347999927
              ],
              [
                -70.45423572999988,
                -4.158920722999881
              ],
              [
                -70.45619872999993,
                -4.161567846999958
              ],
              [
                -70.45801310599995,
                -4.170490847999929
              ],
              [
                -70.45985722999995,
                -4.173851847999913
              ],
              [
                -70.4635751049999,
                -4.175695847999918
              ],
              [
                -70.46631147999983,
                -4.175755347999939
              ],
              [
                -70.46919660599997,
                -4.173108221999939
              ],
              [
                -70.47401497999988,
                -4.163917597999955
              ],
              [
                -70.47612672999998,
                -4.161508346999938
              ],
              [
                -70.4798443549999,
                -4.159892972999955
              ],
              [
                -70.48347335499989,
                -4.160050971999965
              ],
              [
                -70.48731022999982,
                -4.162400722999962
              ],
              [
                -70.48891635500001,
                -4.166326722999827
              ],
              [
                -70.49084960499982,
                -4.182982971999934
              ],
              [
                -70.49269373099992,
                -4.191578847999949
              ],
              [
                -70.49572748000003,
                -4.195980847999977
              ],
              [
                -70.49997085499984,
                -4.198832097999912
              ],
              [
                -70.50557260599999,
                -4.1991335969999
              ],
              [
                -70.51073710499998,
                -4.197273472999939
              ],
              [
                -70.51360322999989,
                -4.19333372299991
              ],
              [
                -70.51391710599984,
                -4.188961472999893
              ],
              [
                -70.51200447999986,
                -4.184328472999823
              ],
              [
                -70.50747610499991,
                -4.177807722999944
              ],
              [
                -70.50473972999998,
                -4.172929847999853
              ],
              [
                -70.50363922999998,
                -4.168765721999932
              ],
              [
                -70.50317122999996,
                -4.161939847999918
              ],
              [
                -70.50551310499986,
                -4.155321722999929
              ],
              [
                -70.51146173099983,
                -4.146874722999826
              ],
              [
                -70.51413860499997,
                -4.144911596999918
              ],
              [
                -70.52193135599993,
                -4.137386597999921
              ],
              [
                -70.52603585499998,
                -4.13607784699991
              ],
              [
                -70.528772355,
                -4.140569097999901
              ],
              [
                -70.53201435499983,
                -4.144554722999885
              ],
              [
                -70.53686522999982,
                -4.144915972999854
              ],
              [
                -70.54361423099994,
                -4.13908209799996
              ],
              [
                -70.5464101049999,
                -4.137208097999974
              ],
              [
                -70.54923573100001,
                -4.136375346999898
              ],
              [
                -70.55274535499996,
                -4.136970222999935
              ],
              [
                -70.55308122999986,
                -4.140989846999901
              ],
              [
                -70.55078235499991,
                -4.143186471999911
              ],
              [
                -70.54658860599983,
                -4.144554721999896
              ],
              [
                -70.54293023000002,
                -4.1480049729999
              ],
              [
                -70.54116010500002,
                -4.151619097999969
              ],
              [
                -70.54101072999998,
                -4.154795597999907
              ],
              [
                -70.54239472999984,
                -4.157552471999907
              ],
              [
                -70.54478585599998,
                -4.159062596999888
              ],
              [
                -70.55081210499998,
                -4.160199722999948
              ],
              [
                -70.55402435600001,
                -4.161538096999891
              ],
              [
                -70.55774223099996,
                -4.165345222999974
              ],
              [
                -70.5586756049999,
                -4.170800846999896
              ],
              [
                -70.55723660499996,
                -4.175338971999963
              ],
              [
                -70.5541379799999,
                -4.182487722999838
              ],
              [
                -70.5525966049999,
                -4.188723597999854
              ],
              [
                -70.55375660499988,
                -4.196754097999928
              ],
              [
                -70.55542222999986,
                -4.201602346999891
              ],
              [
                -70.55964585499999,
                -4.207164221999903
              ],
              [
                -70.56214485599992,
                -4.209083097999951
              ],
              [
                -70.5672898549999,
                -4.211001222999869
              ],
              [
                -70.57368460499993,
                -4.210882222999885
              ],
              [
                -70.57549897999985,
                -4.208056721999981
              ],
              [
                -70.57496360499988,
                -4.202910972999973
              ],
              [
                -70.573714355,
                -4.20038284799989
              ],
              [
                -70.5677954809999,
                -4.192976721999969
              ],
              [
                -70.56357623099996,
                -4.186687472999949
              ],
              [
                -70.56208472999998,
                -4.180662971999936
              ],
              [
                -70.56288785499993,
                -4.176201596999931
              ],
              [
                -70.56446422999988,
                -4.174119472999962
              ],
              [
                -70.56815235600004,
                -4.172453846999815
              ],
              [
                -70.57308973,
                -4.173494847999962
              ],
              [
                -70.58204247999993,
                -4.182477347999964
              ],
              [
                -70.58617685499996,
                -4.185243347999915
              ],
              [
                -70.60084022999996,
                -4.188039347999904
              ],
              [
                -70.61624348099997,
                -4.193481346999874
              ],
              [
                -70.620330105,
                -4.19294134699993
              ],
              [
                -70.624214855,
                -4.190753846999883
              ],
              [
                -70.62725222999984,
                -4.188277347999872
              ],
              [
                -70.631106606,
                -4.183600721999824
              ],
              [
                -70.63420110499987,
                -4.178059597999891
              ],
              [
                -70.63507460599993,
                -4.175398597999902
              ],
              [
                -70.63484610499995,
                -4.171528221999949
              ],
              [
                -70.63334960500003,
                -4.167219096999929
              ],
              [
                -70.62826347999993,
                -4.157611972999973
              ],
              [
                -70.62475385599998,
                -4.14955159699997
              ],
              [
                -70.62026260599998,
                -4.143216222999968
              ],
              [
                -70.61725848000003,
                -4.133906597999953
              ],
              [
                -70.61791285499999,
                -4.128225721999911
              ],
              [
                -70.62249335599984,
                -4.12644109699994
              ],
              [
                -70.62562160499976,
                -4.126447471999938
              ],
              [
                -70.6318516049999,
                -4.12757034699996
              ],
              [
                -70.63766235499992,
                -4.12700622199992
              ],
              [
                -70.64462235499991,
                -4.126946721999957
              ],
              [
                -70.64803322999984,
                -4.130347597999958
              ],
              [
                -70.65023810599985,
                -4.13679222199994
              ],
              [
                -70.65115885599982,
                -4.145627847999947
              ],
              [
                -70.65086835499994,
                -4.155619222999917
              ],
              [
                -70.64944085499997,
                -4.162638596999955
              ],
              [
                -70.65018435500002,
                -4.164125721999881
              ],
              [
                -70.65268273099997,
                -4.163977096999929
              ],
              [
                -70.65672785599992,
                -4.151187597999979
              ],
              [
                -70.65785810499989,
                -4.148421346999896
              ],
              [
                -70.66062422999988,
                -4.144762972999956
              ],
              [
                -70.66422310499985,
                -4.142591596999978
              ],
              [
                -70.66850135599998,
                -4.142902972999934
              ],
              [
                -70.67040972999996,
                -4.146309722999888
              ],
              [
                -70.6700824799999,
                -4.149581346999867
              ],
              [
                -70.66651322999991,
                -4.159277597999846
              ],
              [
                -70.66600773,
                -4.164958597999942
              ],
              [
                -70.66678110600003,
                -4.170223096999962
              ],
              [
                -70.66859535500004,
                -4.179056847999902
              ],
              [
                -70.67082610499995,
                -4.187622972999918
              ],
              [
                -70.67201585599992,
                -4.194404471999974
              ],
              [
                -70.67350298099984,
                -4.197884347999945
              ],
              [
                -70.67826197999989,
                -4.204457597999976
              ],
              [
                -70.68227735499977,
                -4.206926221999936
              ],
              [
                -70.68447835499995,
                -4.206480222999971
              ],
              [
                -70.68563823099993,
                -4.203297596999903
              ],
              [
                -70.68608447999998,
                -4.196635222999873
              ],
              [
                -70.68724447999995,
                -4.192054722999956
              ],
              [
                -70.6903674799999,
                -4.188188097999955
              ],
              [
                -70.69432335599998,
                -4.186671222999962
              ],
              [
                -70.70538760499983,
                -4.186736596999936
              ],
              [
                -70.71466798099988,
                -4.18803659799994
              ],
              [
                -70.7211219809999,
                -4.187117347999902
              ],
              [
                -70.72394760600002,
                -4.185987097999941
              ],
              [
                -70.72854510499991,
                -4.183000346999961
              ],
              [
                -70.7363542299999,
                -4.175035596999976
              ],
              [
                -70.74185310599995,
                -4.167010847999961
              ],
              [
                -70.74702835499988,
                -4.161210971999935
              ],
              [
                -70.75125197999984,
                -4.159069472999931
              ],
              [
                -70.75775060599983,
                -4.158519096999953
              ],
              [
                -70.76348060499993,
                -4.160012096999935
              ],
              [
                -70.76880885499997,
                -4.163421722999885
              ],
              [
                -70.77251085499995,
                -4.167891971999836
              ],
              [
                -70.78230385499984,
                -4.181287597999926
              ],
              [
                -70.786735605,
                -4.185421971999972
              ],
              [
                -70.78884735499992,
                -4.186284472999944
              ],
              [
                -70.79257785599992,
                -4.185928222999848
              ],
              [
                -70.79973348099986,
                -4.181436347999977
              ],
              [
                -70.80190235599997,
                -4.182560721999948
              ],
              [
                -70.80297547999987,
                -4.185035347999928
              ],
              [
                -70.80309448000003,
                -4.189794221999875
              ],
              [
                -70.80425448099999,
                -4.193214721999937
              ],
              [
                -70.80886460599987,
                -4.19541572299994
              ],
              [
                -70.8125231059999,
                -4.195683346999886
              ],
              [
                -70.81660585499992,
                -4.197111471999847
              ],
              [
                -70.82051298099998,
                -4.200665097999888
              ],
              [
                -70.8231116049999,
                -4.208710972999938
              ],
              [
                -70.8256398549999,
                -4.211863722999908
              ],
              [
                -70.83007160499994,
                -4.214124221999896
              ],
              [
                -70.83646635499997,
                -4.214600097999949
              ],
              [
                -70.84323860499995,
                -4.217138846999944
              ],
              [
                -70.84616273099988,
                -4.22037034799996
              ],
              [
                -70.84696572999997,
                -4.22233334799995
              ],
              [
                -70.84738210599994,
                -4.226824596999847
              ],
              [
                -70.84599560499998,
                -4.229950472999917
              ],
              [
                -70.84458197999999,
                -4.230820346999963
              ],
              [
                -70.83976785599992,
                -4.230245097999955
              ],
              [
                -70.83304585500002,
                -4.222719971999936
              ],
              [
                -70.82778960599995,
                -4.219547471999931
              ],
              [
                -70.82355698099997,
                -4.21920884799988
              ],
              [
                -70.81978035500003,
                -4.220310846999951
              ],
              [
                -70.81751985599988,
                -4.222571347999917
              ],
              [
                -70.81594348099992,
                -4.227449222999837
              ],
              [
                -70.81814448099988,
                -4.231196846999921
              ],
              [
                -70.82340910599999,
                -4.235212221999973
              ],
              [
                -70.82617523,
                -4.239435722999929
              ],
              [
                -70.82858448000002,
                -4.24815047300001
              ],
              [
                -70.83093422999991,
                -4.251779222999915
              ],
              [
                -70.83438435499983,
                -4.254099096999937
              ],
              [
                -70.83976785599992,
                -4.254545347999908
              ],
              [
                -70.84213610499995,
                -4.253389222999942
              ],
              [
                -70.84598422999977,
                -4.24948897299987
              ],
              [
                -70.85098110500002,
                -4.246960722999972
              ],
              [
                -70.85796872999981,
                -4.246755471999961
              ],
              [
                -70.8627178559999,
                -4.2492969729999
              ],
              [
                -70.86484147999982,
                -4.252284846999942
              ],
              [
                -70.86463323099991,
                -4.256151472999932
              ],
              [
                -70.86201585599991,
                -4.261445597999909
              ],
              [
                -70.85776260599988,
                -4.266383096999903
              ],
              [
                -70.85460973099987,
                -4.268762597999967
              ],
              [
                -70.84875035499982,
                -4.27084459799994
              ],
              [
                -70.84687885499989,
                -4.272205097999972
              ],
              [
                -70.84549023099993,
                -4.276310597999895
              ],
              [
                -70.84625185499988,
                -4.279381097999931
              ],
              [
                -70.84852535499988,
                -4.28129297199996
              ],
              [
                -70.85708710499995,
                -4.282613221999952
              ],
              [
                -70.85984460600002,
                -4.283634222999979
              ],
              [
                -70.86454398,
                -4.287173597999981
              ],
              [
                -70.87361572999993,
                -4.289701847999936
              ],
              [
                -70.87661972999979,
                -4.291456721999964
              ],
              [
                -70.8783149809999,
                -4.293389972999876
              ],
              [
                -70.8800402309999,
                -4.297613596999952
              ],
              [
                -70.8800402299999,
                -4.299457596999844
              ],
              [
                -70.87599510499996,
                -4.31358572299996
              ],
              [
                -70.87540035499995,
                -4.317482096999925
              ],
              [
                -70.87638185499998,
                -4.321646097999974
              ],
              [
                -70.87890998,
                -4.324114846999919
              ],
              [
                -70.88279535499987,
                -4.324634097999933
              ],
              [
                -70.88985548099987,
                -4.322984597999948
              ],
              [
                -70.89274060499986,
                -4.322835847999897
              ],
              [
                -70.89818360499999,
                -4.324412096999936
              ],
              [
                -70.90197835599992,
                -4.327798347999874
              ],
              [
                -70.90564923099987,
                -4.335952597999892
              ],
              [
                -70.91019047999993,
                -4.349515597999925
              ],
              [
                -70.911835855,
                -4.355940097999962
              ],
              [
                -70.91543473099995,
                -4.360014847999878
              ],
              [
                -70.91760598099984,
                -4.360223097999892
              ],
              [
                -70.92545823099982,
                -4.354571846999931
              ],
              [
                -70.92870023099994,
                -4.353887847999829
              ],
              [
                -70.933518606,
                -4.356059096999957
              ],
              [
                -70.93515448,
                -4.359390347999977
              ],
              [
                -70.9363146049999,
                -4.369740972999921
              ],
              [
                -70.93417298099996,
                -4.377711971999929
              ],
              [
                -70.93497610599997,
                -4.380626972999949
              ],
              [
                -70.93803960599996,
                -4.38309572299994
              ],
              [
                -70.9406569809999,
                -4.381816721999883
              ],
              [
                -70.94288772999982,
                -4.379020846999936
              ],
              [
                -70.94828860599978,
                -4.376021847999937
              ],
              [
                -70.9511914809998,
                -4.376003472999969
              ],
              [
                -70.95740248099986,
                -4.378782846999968
              ],
              [
                -70.96257785599988,
                -4.37928859799996
              ],
              [
                -70.96903210599987,
                -4.377593222999963
              ],
              [
                -70.97129260600002,
                -4.375540847999957
              ],
              [
                -70.97224435499999,
                -4.366945097999974
              ],
              [
                -70.97313660599991,
                -4.361829222999916
              ],
              [
                -70.97536735499983,
                -4.356772847999878
              ],
              [
                -70.97780635499993,
                -4.353887847999829
              ],
              [
                -70.98622373099988,
                -4.347255097999835
              ],
              [
                -70.99306272999996,
                -4.34462784699997
              ],
              [
                -70.99743947999991,
                -4.345776722999972
              ],
              [
                -70.99850760599992,
                -4.347820222999871
              ],
              [
                -70.997496356,
                -4.351032471999929
              ],
              [
                -70.99175597999994,
                -4.356267222999975
              ],
              [
                -70.98925748099998,
                -4.35939034699993
              ],
              [
                -70.98780010599984,
                -4.363970721999976
              ],
              [
                -70.98794885599989,
                -4.376552097999934
              ],
              [
                -70.99023898099983,
                -4.381519221999952
              ],
              [
                -70.99428410599995,
                -4.384909972999935
              ],
              [
                -70.99651485599998,
                -4.38580234799997
              ],
              [
                -71.0039141059998,
                -4.386318347999975
              ],
              [
                -71.00649097999991,
                -4.386030096999889
              ],
              [
                -71.01108910499988,
                -4.384463847999882
              ],
              [
                -71.01733510600002,
                -4.379986972999916
              ],
              [
                -71.01977085600004,
                -4.380992222999964
              ],
              [
                -71.0213504809999,
                -4.387795096999923
              ],
              [
                -71.02548485599993,
                -4.391929471999958
              ],
              [
                -71.03473497999988,
                -4.398532472999875
              ],
              [
                -71.03690622999983,
                -4.399335473
              ],
              [
                -71.04211123099992,
                -4.398264597999912
              ],
              [
                -71.0449963559999,
                -4.394725347999952
              ],
              [
                -71.04563085599989,
                -4.392705097999908
              ],
              [
                -71.04588873,
                -4.38696234799994
              ],
              [
                -71.04267635599979,
                -4.377206471999898
              ],
              [
                -71.04348573099986,
                -4.372820347999891
              ],
              [
                -71.04571023099982,
                -4.369562472999917
              ],
              [
                -71.04762498099996,
                -4.368089846999908
              ],
              [
                -71.05067735599982,
                -4.367480472999944
              ],
              [
                -71.05412760499985,
                -4.36941372299998
              ],
              [
                -71.05499010599988,
                -4.373637347999932
              ],
              [
                -71.05510910500004,
                -4.381578722999905
              ],
              [
                -71.05695323099997,
                -4.385772597999903
              ],
              [
                -71.06043310500002,
                -4.388627972999927
              ],
              [
                -71.06835048099998,
                -4.391432597999881
              ],
              [
                -71.07423398099996,
                -4.394100722999951
              ],
              [
                -71.08003247999994,
                -4.393863847999967
              ],
              [
                -71.08262160599986,
                -4.390471972999876
              ],
              [
                -71.08218535599991,
                -4.38864872299996
              ],
              [
                -71.07852835599994,
                -4.384605972999907
              ],
              [
                -71.0766136059998,
                -4.381370597999933
              ],
              [
                -71.07623697999998,
                -4.378732222999929
              ],
              [
                -71.07691085499994,
                -4.375362472999939
              ],
              [
                -71.07857648099991,
                -4.373042472999884
              ],
              [
                -71.082687481,
                -4.371728471999972
              ],
              [
                -71.09103085599986,
                -4.372502721999922
              ],
              [
                -71.10171498099993,
                -4.374922347999927
              ],
              [
                -71.10579148099998,
                -4.376314347999823
              ],
              [
                -71.10882547999995,
                -4.380061722999926
              ],
              [
                -71.10889872999996,
                -4.383727597999894
              ],
              [
                -71.10671360599991,
                -4.390828972999941
              ],
              [
                -71.10602960599988,
                -4.395141722999938
              ],
              [
                -71.10623772999998,
                -4.399365222999961
              ],
              [
                -71.10802235599982,
                -4.404451347999952
              ],
              [
                -71.110996731,
                -4.40742572299996
              ],
              [
                -71.11504173000003,
                -4.408139471999959
              ],
              [
                -71.11864072999998,
                -4.406890346999887
              ],
              [
                -71.120705106,
                -4.404736347999915
              ],
              [
                -71.12592785600003,
                -4.394219597999893
              ],
              [
                -71.1293621059998,
                -4.388997097999891
              ],
              [
                -71.13247985599992,
                -4.386380347999932
              ],
              [
                -71.14108748099989,
                -4.381322596999951
              ],
              [
                -71.14493373099998,
                -4.380686472999969
              ],
              [
                -71.14916335599992,
                -4.381197847999942
              ],
              [
                -71.15055510599996,
                -4.382619722999891
              ],
              [
                -71.151447481,
                -4.385921346999964
              ],
              [
                -71.15037673099994,
                -4.38952022299992
              ],
              [
                -71.14856248099983,
                -4.392851471999961
              ],
              [
                -71.14752135600003,
                -4.397402222999972
              ],
              [
                -71.148383981,
                -4.400465722999968
              ],
              [
                -71.15097160499988,
                -4.403321097999878
              ],
              [
                -71.15382698099995,
                -4.403588722999928
              ],
              [
                -71.15608748099993,
                -4.402280097999892
              ],
              [
                -71.15682960599997,
                -4.40022447299998
              ],
              [
                -71.15614698099989,
                -4.394665847999875
              ],
              [
                -71.15783772999998,
                -4.391197097999964
              ],
              [
                -71.16098085599998,
                -4.390791972999978
              ],
              [
                -71.166408231,
                -4.393505847999904
              ],
              [
                -71.17060223099998,
                -4.393684222999923
              ],
              [
                -71.17750860599989,
                -4.393038847999833
              ],
              [
                -71.18188673100002,
                -4.39389547299993
              ],
              [
                -71.18379023099988,
                -4.395180346999894
              ],
              [
                -71.18547973099993,
                -4.397892972999898
              ],
              [
                -71.18600323099992,
                -4.402937347999909
              ],
              [
                -71.18471835499992,
                -4.409195347999912
              ],
              [
                -71.18514660599982,
                -4.41350222199992
              ],
              [
                -71.18669323099982,
                -4.417975597999941
              ],
              [
                -71.190262481,
                -4.421520972999929
              ],
              [
                -71.193688856,
                -4.423067597999932
              ],
              [
                -71.19644923099986,
                -4.422544222999932
              ],
              [
                -71.19880473099988,
                -4.420212346999904
              ],
              [
                -71.20139835599997,
                -4.40981409799997
              ],
              [
                -71.20518173099993,
                -4.403270472999964
              ],
              [
                -71.20606210599993,
                -4.399629972999946
              ],
              [
                -71.20546722999984,
                -4.396631846999924
              ],
              [
                -71.19849535500003,
                -4.387970597999981
              ],
              [
                -71.19809073100004,
                -4.382093347999955
              ],
              [
                -71.19966798099989,
                -4.379330222999954
              ],
              [
                -71.20284985599983,
                -4.377667472999974
              ],
              [
                -71.21298635599999,
                -4.376644347999957
              ],
              [
                -71.2153896059998,
                -4.378452722999896
              ],
              [
                -71.21676972999984,
                -4.381022597999902
              ],
              [
                -71.21831635599983,
                -4.387803972999961
              ],
              [
                -71.21838773099995,
                -4.391801597999972
              ],
              [
                -71.21781660599987,
                -4.400676971999872
              ],
              [
                -71.21981535599986,
                -4.405293097999959
              ],
              [
                -71.22240898099989,
                -4.406173471999978
              ],
              [
                -71.22640648099997,
                -4.405649972999925
              ],
              [
                -71.22771523099982,
                -4.401937971999928
              ],
              [
                -71.22566885599997,
                -4.395965597999975
              ],
              [
                -71.225288106,
                -4.388946222999948
              ],
              [
                -71.22578785599984,
                -4.387470846999918
              ],
              [
                -71.23026323099987,
                -4.383066472999928
              ],
              [
                -71.23506773099984,
                -4.383306847999904
              ],
              [
                -71.23966010600003,
                -4.387994347999893
              ],
              [
                -71.24413347999996,
                -4.390231097999958
              ],
              [
                -71.24763123100001,
                -4.390350096999953
              ],
              [
                -71.25416598099997,
                -4.387160097999981
              ],
              [
                -71.26406060599993,
                -4.383449222999957
              ],
              [
                -71.26920573099994,
                -4.383757472999889
              ],
              [
                -71.27248435599995,
                -4.384861346999912
              ],
              [
                -71.27675585599991,
                -4.387946846999967
              ],
              [
                -71.27854048099994,
                -4.390112096999871
              ],
              [
                -71.2797539799999,
                -4.395251722999944
              ],
              [
                -71.27838060600004,
                -4.398625222999954
              ],
              [
                -71.27654173099995,
                -4.399082722999935
              ],
              [
                -71.27068823099978,
                -4.394371346999947
              ],
              [
                -71.26688110599997,
                -4.392491597999935
              ],
              [
                -71.26338348099995,
                -4.392562972999883
              ],
              [
                -71.26067073099978,
                -4.394228597999927
              ],
              [
                -71.25971898099988,
                -4.396536597999955
              ],
              [
                -71.26038523099993,
                -4.398678222999877
              ],
              [
                -71.26443023099995,
                -4.402413972999966
              ],
              [
                -71.26752360599994,
                -4.40717284699997
              ],
              [
                -71.26720610599995,
                -4.411734723
              ],
              [
                -71.26269322999985,
                -4.418594221999967
              ],
              [
                -71.26140835599995,
                -4.421449596999878
              ],
              [
                -71.26086110599988,
                -4.425113972999952
              ],
              [
                -71.2618842309999,
                -4.427826597999967
              ],
              [
                -71.26547723099992,
                -4.430872223
              ],
              [
                -71.27023598099993,
                -4.433894221999878
              ],
              [
                -71.27480473100002,
                -4.438486597999827
              ],
              [
                -71.27929610499984,
                -4.440984097999944
              ],
              [
                -71.28396560599992,
                -4.441080222999915
              ],
              [
                -71.28848635599996,
                -4.440151346999812
              ],
              [
                -71.293223856,
                -4.437084972999912
              ],
              [
                -71.29583910599985,
                -4.433418347999975
              ],
              [
                -71.30147848099989,
                -4.421045221999918
              ],
              [
                -71.30473835599986,
                -4.41714272299987
              ],
              [
                -71.30888285599997,
                -4.414814472999979
              ],
              [
                -71.31401823099986,
                -4.414382597999918
              ],
              [
                -71.31763498099997,
                -4.415953097999932
              ],
              [
                -71.31987173100003,
                -4.42004572299993
              ],
              [
                -71.31989548099995,
                -4.424090846999945
              ],
              [
                -71.31922848099993,
                -4.426218722999977
              ],
              [
                -71.31420898099992,
                -4.43181059799997
              ],
              [
                -71.30559498099996,
                -4.438224847999948
              ],
              [
                -71.30215235599997,
                -4.441962847999946
              ],
              [
                -71.30085985599987,
                -4.444435346999967
              ],
              [
                -71.30069323099985,
                -4.449527222999905
              ],
              [
                -71.30142435599993,
                -4.451935971999944
              ],
              [
                -71.30697498099994,
                -4.461662597999918
              ],
              [
                -71.30947348099988,
                -4.462423972999943
              ],
              [
                -71.3107822309999,
                -4.46140072299994
              ],
              [
                -71.31097248100002,
                -4.457712597999944
              ],
              [
                -71.31006835599999,
                -4.450193472999899
              ],
              [
                -71.31175773099989,
                -4.444958722999957
              ],
              [
                -71.31347098099997,
                -4.442721971999958
              ],
              [
                -71.31763498099997,
                -4.440413972999977
              ],
              [
                -71.33136448099998,
                -4.439366971999902
              ],
              [
                -71.3351002309999,
                -4.440699471999949
              ],
              [
                -71.33800298099999,
                -4.44098672299998
              ],
              [
                -71.3409537309999,
                -4.439366972999949
              ],
              [
                -71.34109648099991,
                -4.430372596999916
              ],
              [
                -71.34264310599997,
                -4.427279346999967
              ],
              [
                -71.34590298099994,
                -4.425542222999923
              ],
              [
                -71.34820510599991,
                -4.425955097999974
              ],
              [
                -71.35193560599993,
                -4.428419972999905
              ],
              [
                -71.35711023099998,
                -4.432870972999979
              ],
              [
                -71.36058410599992,
                -4.433632472999932
              ],
              [
                -71.36570198099997,
                -4.43224872299993
              ],
              [
                -71.37050660599988,
                -4.428159721999975
              ],
              [
                -71.37854923099991,
                -4.424185972999908
              ],
              [
                -71.38326060599991,
                -4.424185971999975
              ],
              [
                -71.3877284809999,
                -4.425601596999968
              ],
              [
                -71.39061310599993,
                -4.42723172299992
              ],
              [
                -71.39511023099988,
                -4.430872222999881
              ],
              [
                -71.3981998559999,
                -4.435294597999928
              ],
              [
                -71.39927435599998,
                -4.44167497299992
              ],
              [
                -71.40044023099989,
                -4.443840347999924
              ],
              [
                -71.40727135599997,
                -4.446860847999915
              ],
              [
                -71.40920273099982,
                -4.448732347999965
              ],
              [
                -71.41495498099988,
                -4.460234846999924
              ],
              [
                -71.41880973099995,
                -4.464708222999946
              ],
              [
                -71.42622773099998,
                -4.470446222999954
              ],
              [
                -71.432519356,
                -4.475716971999873
              ],
              [
                -71.43494248099984,
                -4.475891722999961
              ],
              [
                -71.43684598099986,
                -4.474820972999908
              ],
              [
                -71.43813098099997,
                -4.471703847999947
              ],
              [
                -71.43640260599994,
                -4.469747096999868
              ],
              [
                -71.43075073099993,
                -4.470253222999929
              ],
              [
                -71.42823235599985,
                -4.469490972999893
              ],
              [
                -71.42628123099996,
                -4.467634972999974
              ],
              [
                -71.42619285599994,
                -4.464767971999891
              ],
              [
                -71.43014973099986,
                -4.461551096999926
              ],
              [
                -71.43277623099993,
                -4.458551472999886
              ],
              [
                -71.43327273099999,
                -4.453975471999911
              ],
              [
                -71.43154585599984,
                -4.447910096999976
              ],
              [
                -71.42986223099996,
                -4.445406221999917
              ],
              [
                -71.4272937309999,
                -4.443333972999881
              ],
              [
                -71.42416385599984,
                -4.442600222999943
              ],
              [
                -71.41628535599989,
                -4.441974222999931
              ],
              [
                -71.41161373099999,
                -4.438950847999934
              ],
              [
                -71.4108676059999,
                -4.436988098000029
              ],
              [
                -71.412252481,
                -4.435391347999939
              ],
              [
                -71.41522585599989,
                -4.435396971999978
              ],
              [
                -71.41931835599985,
                -4.437394472999983
              ],
              [
                -71.42271773099992,
                -4.437268721999942
              ],
              [
                -71.425329481,
                -4.435628347999966
              ],
              [
                -71.4286751059999,
                -4.43068534799994
              ],
              [
                -71.43186973099989,
                -4.427900846999876
              ],
              [
                -71.43512898099982,
                -4.427361222999878
              ],
              [
                -71.43768910599982,
                -4.428561722999916
              ],
              [
                -71.43869048099998,
                -4.431354472999885
              ],
              [
                -71.43661835599988,
                -4.436470097999972
              ],
              [
                -71.43359648099994,
                -4.440700722999964
              ],
              [
                -71.43299210599986,
                -4.443873722999967
              ],
              [
                -71.43394185599993,
                -4.447046722999971
              ],
              [
                -71.43635935600003,
                -4.448946222999894
              ],
              [
                -71.44721660599987,
                -4.448190721999936
              ],
              [
                -71.45008735599998,
                -4.446722972999964
              ],
              [
                -71.45164148099997,
                -4.444456472999946
              ],
              [
                -71.4516288559999,
                -4.442184847999954
              ],
              [
                -71.44925498099997,
                -4.43606384799989
              ],
              [
                -71.44921360599983,
                -4.434060847999945
              ],
              [
                -71.45085748099984,
                -4.431712347999962
              ],
              [
                -71.45294360599996,
                -4.431670972999882
              ],
              [
                -71.45903560599999,
                -4.438509097999884
              ],
              [
                -71.46152223099978,
                -4.439241222999897
              ],
              [
                -71.46458898100002,
                -4.438881971999933
              ],
              [
                -71.47424523099988,
                -4.433204346999844
              ],
              [
                -71.47768498099992,
                -4.4335495979999
              ],
              [
                -71.47917685599998,
                -4.4349172229999
              ],
              [
                -71.47710473099988,
                -4.441948722999939
              ],
              [
                -71.47660748100003,
                -4.448165222999933
              ],
              [
                -71.47816848099995,
                -4.452779222999879
              ],
              [
                -71.47979860599992,
                -4.455251972999918
              ],
              [
                -71.48261410599991,
                -4.456597097999918
              ],
              [
                -71.48528285599991,
                -4.4562328479999
              ],
              [
                -71.48829185599993,
                -4.454027722999967
              ],
              [
                -71.49275635599992,
                -4.448096222999936
              ],
              [
                -71.50183248099995,
                -4.439282472999935
              ],
              [
                -71.50535510599991,
                -4.437279472999933
              ],
              [
                -71.50822848099989,
                -4.437845972999924
              ],
              [
                -71.50967898099998,
                -4.440332471999966
              ],
              [
                -71.50919548099995,
                -4.443924222999954
              ],
              [
                -71.50623923099988,
                -4.448413847999973
              ],
              [
                -71.50585248100003,
                -4.451245847999928
              ],
              [
                -71.50673648099996,
                -4.456605847999924
              ],
              [
                -71.50490498099987,
                -4.460179596999978
              ],
              [
                -71.49875198099988,
                -4.46391359699993
              ],
              [
                -71.49522923199999,
                -4.469259722999936
              ],
              [
                -71.49279785599998,
                -4.474357222999913
              ],
              [
                -71.4921899809998,
                -4.477051097999947
              ],
              [
                -71.49336423199986,
                -4.484248346999948
              ],
              [
                -71.49600285599996,
                -4.485975097999926
              ],
              [
                -71.49854460599994,
                -4.484289722999904
              ],
              [
                -71.50036823099992,
                -4.48042172199996
              ],
              [
                -71.50456773099995,
                -4.476249847999952
              ],
              [
                -71.51394760599987,
                -4.473431722999976
              ],
              [
                -71.51733210600003,
                -4.469881347999944
              ],
              [
                -71.51752560599988,
                -4.46783684799982
              ],
              [
                -71.51586785599977,
                -4.463305722999962
              ],
              [
                -71.51853335600003,
                -4.46109909799992
              ],
              [
                -71.52325848099991,
                -4.464424722999922
              ],
              [
                -71.5264883559999,
                -4.464897472999951
              ],
              [
                -71.53233448100002,
                -4.462725597999963
              ],
              [
                -71.53591610599989,
                -4.462577472999953
              ],
              [
                -71.53918648099977,
                -4.465198346999898
              ],
              [
                -71.53947660599988,
                -4.469328722999876
              ],
              [
                -71.53522173099998,
                -4.477161596999963
              ],
              [
                -71.53532573099989,
                -4.480076096999881
              ],
              [
                -71.53791573099994,
                -4.482445097999971
              ],
              [
                -71.539421231,
                -4.481803222999872
              ],
              [
                -71.54380048099995,
                -4.477341098000011
              ],
              [
                -71.54873210599999,
                -4.476249847999952
              ],
              [
                -71.55387110599992,
                -4.476194598
              ],
              [
                -71.55837460599986,
                -4.47760359799986
              ],
              [
                -71.55960410599988,
                -4.47923372199989
              ],
              [
                -71.5587337309999,
                -4.481402597999931
              ],
              [
                -71.55407835599976,
                -4.48154072299991
              ],
              [
                -71.55138448199989,
                -4.483101722999947
              ],
              [
                -71.550707606,
                -4.485560722999935
              ],
              [
                -71.55181748199982,
                -4.487072097999885
              ],
              [
                -71.55801535599988,
                -4.489483972999892
              ],
              [
                -71.56064010699998,
                -4.491735722999977
              ],
              [
                -71.56380360599991,
                -4.500908472999868
              ],
              [
                -71.56692573099986,
                -4.505757222999875
              ],
              [
                -71.56956423099996,
                -4.508229972999914
              ],
              [
                -71.592717107,
                -4.52574647199998
              ],
              [
                -71.59615685599994,
                -4.527376722999975
              ],
              [
                -71.60281535599995,
                -4.528454222999869
              ],
              [
                -71.60729360599993,
                -4.528704847999904
              ],
              [
                -71.61591135599991,
                -4.528136472999961
              ],
              [
                -71.61886760599992,
                -4.527003721999847
              ],
              [
                -71.62628585599998,
                -4.52165759799982
              ],
              [
                -71.631927981,
                -4.515742097999919
              ],
              [
                -71.63345560599998,
                -4.512332847999915
              ],
              [
                -71.633883857,
                -4.509003597999879
              ],
              [
                -71.63294435599988,
                -4.507428847999961
              ],
              [
                -71.62703185599997,
                -4.506254597999884
              ],
              [
                -71.62118848099976,
                -4.50217934799997
              ],
              [
                -71.61859135599997,
                -4.497247597999944
              ],
              [
                -71.61611860599993,
                -4.489760222999905
              ],
              [
                -71.61353523099996,
                -4.485339597999939
              ],
              [
                -71.61142160599996,
                -4.479095596999912
              ],
              [
                -71.61063423199994,
                -4.474799347999976
              ],
              [
                -71.61128348099999,
                -4.46993659799989
              ],
              [
                -71.61364573099996,
                -4.467463846999976
              ],
              [
                -71.6187156059998,
                -4.467339597999967
              ],
              [
                -71.62417235599992,
                -4.471552847999874
              ],
              [
                -71.62658985600001,
                -4.474467723000032
              ],
              [
                -71.62719760699991,
                -4.478515347999974
              ],
              [
                -71.62389598099986,
                -4.483944347999909
              ],
              [
                -71.62393748099993,
                -4.487605222999946
              ],
              [
                -71.62580248099988,
                -4.489704972999959
              ],
              [
                -71.63360748099979,
                -4.492757972999868
              ],
              [
                -71.64037535599994,
                -4.49881072199986
              ],
              [
                -71.64504585600002,
                -4.501612972999965
              ],
              [
                -71.64790535599991,
                -4.502731972999925
              ],
              [
                -71.65006035600004,
                -4.502400346999934
              ],
              [
                -71.65012948099991,
                -4.49987234799994
              ],
              [
                -71.64816785600004,
                -4.493351971999914
              ],
              [
                -71.64783635599997,
                -4.488047222999967
              ],
              [
                -71.64657923099986,
                -4.481692847999966
              ],
              [
                -71.6473943559999,
                -4.47756222199996
              ],
              [
                -71.64968748099983,
                -4.474094722999951
              ],
              [
                -71.65428760599985,
                -4.471138472999883
              ],
              [
                -71.65706423099994,
                -4.471193722999942
              ],
              [
                -71.65941273099992,
                -4.472395597999878
              ],
              [
                -71.660255356,
                -4.47659522299989
              ],
              [
                -71.65577960599978,
                -4.481844597999952
              ],
              [
                -71.65403898199997,
                -4.487577597999973
              ],
              [
                -71.65431523099994,
                -4.49380784799996
              ],
              [
                -71.655903856,
                -4.498366597999961
              ],
              [
                -71.6579346069999,
                -4.500936097999954
              ],
              [
                -71.66292160599988,
                -4.503353597999933
              ],
              [
                -71.66738360700003,
                -4.504279096999937
              ],
              [
                -71.67107185699984,
                -4.505743472999882
              ],
              [
                -71.67290935699992,
                -4.505563847999952
              ],
              [
                -71.67445660600004,
                -4.500673597999878
              ],
              [
                -71.67697073100004,
                -4.499430346999873
              ],
              [
                -71.68219048100002,
                -4.49871959799998
              ],
              [
                -71.68687285599992,
                -4.496844472999953
              ],
              [
                -71.68969373199991,
                -4.497247597999944
              ],
              [
                -71.69256710699989,
                -4.498850097999934
              ],
              [
                -71.69599310699994,
                -4.503436472999965
              ],
              [
                -71.70450273099988,
                -4.509390472999939
              ],
              [
                -71.70679598099991,
                -4.509887722999963
              ],
              [
                -71.715872106,
                -4.505328972999962
              ],
              [
                -71.7176582319999,
                -4.50379097299998
              ],
              [
                -71.72072085699983,
                -4.499236847999953
              ],
              [
                -71.72389810699997,
                -4.497247597999944
              ],
              [
                -71.72809773099982,
                -4.496695597999974
              ],
              [
                -71.73188285599991,
                -4.497261471999934
              ],
              [
                -71.73536398199991,
                -4.496625972999936
              ],
              [
                -71.73894198100004,
                -4.492661222999971
              ],
              [
                -71.73946685600004,
                -4.489704972999959
              ],
              [
                -71.73921823099988,
                -4.484400222999909
              ],
              [
                -71.7397017319999,
                -4.481637347999936
              ],
              [
                -71.74385985699996,
                -4.47185684699997
              ],
              [
                -71.74808698199979,
                -4.467974972999968
              ],
              [
                -71.7519551069999,
                -4.467615847999923
              ],
              [
                -71.75340560599983,
                -4.469135472999881
              ],
              [
                -71.75205173199998,
                -4.473031097999979
              ],
              [
                -71.74799035699988,
                -4.478280472999927
              ],
              [
                -71.74772785599998,
                -4.481941347999964
              ],
              [
                -71.74895735599978,
                -4.491321222999943
              ],
              [
                -71.7508222309998,
                -4.494581472999869
              ],
              [
                -71.75293585699995,
                -4.496487847999958
              ],
              [
                -71.75978773099996,
                -4.500880847999895
              ],
              [
                -71.76764810700001,
                -4.503698972999928
              ],
              [
                -71.76956835599992,
                -4.502441847999933
              ],
              [
                -71.769886106,
                -4.498656722999897
              ],
              [
                -71.76897435599989,
                -4.495672721999938
              ],
              [
                -71.76907098099997,
                -4.492799347999949
              ],
              [
                -71.7713503569999,
                -4.488599847999922
              ],
              [
                -71.77586773199994,
                -4.485049596999886
              ],
              [
                -71.78415635599998,
                -4.482314347999875
              ],
              [
                -71.78668435599991,
                -4.482673471999931
              ],
              [
                -71.78852160599985,
                -4.484179222999899
              ],
              [
                -71.78824535599983,
                -4.48681784799993
              ],
              [
                -71.78357610699993,
                -4.49130747199996
              ],
              [
                -71.78240185599986,
                -4.495051097999919
              ],
              [
                -71.78336885599992,
                -4.496598347999964
              ],
              [
                -71.78655998099998,
                -4.496833222999953
              ],
              [
                -71.79161598099984,
                -4.495879972999944
              ],
              [
                -71.79349485700004,
                -4.491984346999914
              ],
              [
                -71.79237585599998,
                -4.486057972999959
              ],
              [
                -71.79379873199986,
                -4.483654347999902
              ],
              [
                -71.79527535599982,
                -4.484360222999953
              ],
              [
                -71.79855085699984,
                -4.488171597999951
              ],
              [
                -71.80273660599988,
                -4.489028097999949
              ],
              [
                -71.80809673099992,
                -4.49107259799996
              ],
              [
                -71.81025260699994,
                -4.492896347999874
              ],
              [
                -71.81045885599997,
                -4.49452622299998
              ],
              [
                -71.8054579819999,
                -4.500162472999875
              ],
              [
                -71.80653548099997,
                -4.504389597999932
              ],
              [
                -71.80885635599998,
                -4.504140972999892
              ],
              [
                -71.81371898099997,
                -4.501074222999932
              ],
              [
                -71.81816735599995,
                -4.501212347999967
              ],
              [
                -71.82186948099985,
                -4.499623721999967
              ],
              [
                -71.82627623199988,
                -4.496128596999881
              ],
              [
                -71.8307658569999,
                -4.495451721999927
              ],
              [
                -71.83321110599991,
                -4.496695097999975
              ],
              [
                -71.8338464819999,
                -4.49875334799998
              ],
              [
                -71.83150385600004,
                -4.502440472999979
              ],
              [
                -71.82746423100002,
                -4.505398097999887
              ],
              [
                -71.82728473199984,
                -4.50933522299988
              ],
              [
                -71.8301579809999,
                -4.514432846999966
              ],
              [
                -71.83191248199984,
                -4.515523972999915
              ],
              [
                -71.83421948099993,
                -4.515178596999931
              ],
              [
                -71.83537985600003,
                -4.51364522199998
              ],
              [
                -71.83568385599995,
                -4.507235347999938
              ],
              [
                -71.83674748099986,
                -4.505315222999968
              ],
              [
                -71.83993173099998,
                -4.504838597
              ],
              [
                -71.84329548200003,
                -4.507746472999884
              ],
              [
                -71.84918048199995,
                -4.509072722999917
              ],
              [
                -71.85307610599989,
                -4.510882347999825
              ],
              [
                -71.85655735599988,
                -4.511365972999954
              ],
              [
                -71.85807685600003,
                -4.513092721999897
              ],
              [
                -71.86017660699986,
                -4.521118847999901
              ],
              [
                -71.86179298199983,
                -4.524144097999852
              ],
              [
                -71.86499785599989,
                -4.526451097999939
              ],
              [
                -71.86825810599998,
                -4.525221722999902
              ],
              [
                -71.86988810600002,
                -4.521740597999951
              ],
              [
                -71.87236073199989,
                -4.518715097999973
              ],
              [
                -71.87934960599978,
                -4.515264722999973
              ],
              [
                -71.884365607,
                -4.515482597999949
              ],
              [
                -71.88386823199988,
                -4.520027472999857
              ],
              [
                -71.8853463559999,
                -4.521933847999946
              ],
              [
                -71.89085835599997,
                -4.515316847999941
              ],
              [
                -71.89618098199992,
                -4.514301972999874
              ],
              [
                -71.89987910599984,
                -4.514777972999923
              ],
              [
                -71.90548773199998,
                -4.51475034799995
              ],
              [
                -71.90762885599997,
                -4.516394348
              ],
              [
                -71.9078084809999,
                -4.519778847999874
              ],
              [
                -71.90561210699997,
                -4.52140897299995
              ],
              [
                -71.90121910599987,
                -4.522928472999979
              ],
              [
                -71.8967294819999,
                -4.521850972999914
              ],
              [
                -71.89359360699996,
                -4.522513972999889
              ],
              [
                -71.89083073199998,
                -4.52563609799995
              ],
              [
                -71.88538785599985,
                -4.530415847999905
              ],
              [
                -71.88421360599995,
                -4.535886222999977
              ],
              [
                -71.88494573199995,
                -4.537792722999825
              ],
              [
                -71.88816448199992,
                -4.539436597999952
              ],
              [
                -71.89069260600002,
                -4.538621597999906
              ],
              [
                -71.89297198199995,
                -4.533358347999979
              ],
              [
                -71.8953618569999,
                -4.530153347999942
              ],
              [
                -71.9004454819999,
                -4.528882472999953
              ],
              [
                -71.90982548099998,
                -4.530153347999942
              ],
              [
                -71.916041856,
                -4.528606221999894
              ],
              [
                -71.91851460699985,
                -4.529296847999944
              ],
              [
                -71.92116698099994,
                -4.535444346999952
              ],
              [
                -71.9211946069999,
                -4.537309222999966
              ],
              [
                -71.91901198099981,
                -4.538290096999958
              ],
              [
                -71.91884635599979,
                -4.54047272299988
              ],
              [
                -71.92350160699993,
                -4.542531096999937
              ],
              [
                -71.92569810599986,
                -4.544755221999935
              ],
              [
                -71.9267203559998,
                -4.548001597999928
              ],
              [
                -71.92250698199996,
                -4.550363848000018
              ],
              [
                -71.92127748199994,
                -4.551897222999969
              ],
              [
                -71.92068348099991,
                -4.557464347999939
              ],
              [
                -71.91859748199988,
                -4.561912597999935
              ],
              [
                -71.92119460599991,
                -4.564095222999981
              ],
              [
                -71.92591910700003,
                -4.561028472999965
              ],
              [
                -71.93047785699991,
                -4.561732972999835
              ],
              [
                -71.93181785699994,
                -4.563280222999936
              ],
              [
                -71.93130660600002,
                -4.565614846999949
              ],
              [
                -71.92763210699991,
                -4.567673222999815
              ],
              [
                -71.92758648099988,
                -4.570575472999963
              ],
              [
                -71.93100135599997,
                -4.572879472999887
              ],
              [
                -71.93272960699989,
                -4.576376222999954
              ],
              [
                -71.9351609819999,
                -4.578669347999949
              ],
              [
                -71.938382607,
                -4.578868846999967
              ],
              [
                -71.94559073099998,
                -4.577508971999976
              ],
              [
                -71.94941735699996,
                -4.57945684799995
              ],
              [
                -71.95035673099989,
                -4.581363222999926
              ],
              [
                -71.94983160699996,
                -4.585189722999871
              ],
              [
                -71.94684785699991,
                -4.589030097999967
              ],
              [
                -71.94394685699979,
                -4.591641096999979
              ],
              [
                -71.94280023099992,
                -4.595439972999884
              ],
              [
                -71.94688935699986,
                -4.596268847999966
              ],
              [
                -71.94987323100003,
                -4.598064597999951
              ],
              [
                -71.95044385699998,
                -4.602006472999904
              ],
              [
                -71.94673735599991,
                -4.605621222999957
              ],
              [
                -71.94733135599995,
                -4.608425472999954
              ],
              [
                -71.95468060699989,
                -4.609129971999891
              ],
              [
                -71.95807898099997,
                -4.605538347999925
              ],
              [
                -71.96127010600003,
                -4.60591134799995
              ],
              [
                -71.96466835699982,
                -4.610939722999888
              ],
              [
                -71.96644698199992,
                -4.611292597999977
              ],
              [
                -71.96874360699996,
                -4.608991847999846
              ],
              [
                -71.97056710699985,
                -4.60846697299985
              ],
              [
                -71.97567848199998,
                -4.611312722999912
              ],
              [
                -71.97968460699997,
                -4.609765472999925
              ],
              [
                -71.9821988569999,
                -4.603921972999956
              ],
              [
                -71.9855068559998,
                -4.603998722999961
              ],
              [
                -71.9885396059999,
                -4.607127097999921
              ],
              [
                -71.99257335699997,
                -4.608342597999922
              ],
              [
                -71.9944659819999,
                -4.609889847999966
              ],
              [
                -71.99454885699998,
                -4.613757847999921
              ],
              [
                -71.99218660599985,
                -4.614103222999972
              ],
              [
                -71.98931323199997,
                -4.612528347999955
              ],
              [
                -71.98566623199991,
                -4.613163847999886
              ],
              [
                -71.98584573100004,
                -4.616479222999942
              ],
              [
                -71.98440910599999,
                -4.620098597999913
              ],
              [
                -71.98233698099989,
                -4.621576722999976
              ],
              [
                -71.98113510600001,
                -4.623938972999952
              ],
              [
                -71.9822126059999,
                -4.627434097999981
              ],
              [
                -71.99005910599993,
                -4.625955847999933
              ],
              [
                -71.99503235699984,
                -4.627420222999945
              ],
              [
                -71.99858260599996,
                -4.62753072299995
              ],
              [
                -72.00218810699994,
                -4.629050347999907
              ],
              [
                -72.00486723200004,
                -4.63443359799993
              ],
              [
                -72.00508923199993,
                -4.637297472999933
              ],
              [
                -72.00416348199997,
                -4.640972097999907
              ],
              [
                -72.0043846059998,
                -4.644149347999928
              ],
              [
                -72.00663635699993,
                -4.645171722999976
              ],
              [
                -72.01180298199995,
                -4.640516222999963
              ],
              [
                -72.01330873199993,
                -4.638292097999965
              ],
              [
                -72.01413923099989,
                -4.63286847300003
              ],
              [
                -72.01554660699998,
                -4.631080972999882
              ],
              [
                -72.02087173199988,
                -4.62982209799992
              ],
              [
                -72.033477607,
                -4.624864597999874
              ],
              [
                -72.040039482,
                -4.622750972999881
              ],
              [
                -72.04300960699987,
                -4.623400222999976
              ],
              [
                -72.04316148200002,
                -4.625223722999863
              ],
              [
                -72.04146235699977,
                -4.630390347999935
              ],
              [
                -72.0374009819999,
                -4.636661972999889
              ],
              [
                -72.03726748199995,
                -4.641549472999941
              ],
              [
                -72.03939998099992,
                -4.644084472999964
              ],
              [
                -72.04441860600002,
                -4.643569222999872
              ],
              [
                -72.04611773199991,
                -4.646152473000029
              ],
              [
                -72.044749981,
                -4.650752722999982
              ],
              [
                -72.04642173099984,
                -4.654220097999882
              ],
              [
                -72.05057998199993,
                -4.653156347999868
              ],
              [
                -72.05280410699999,
                -4.650738847999946
              ],
              [
                -72.05545623199998,
                -4.649302097999907
              ],
              [
                -72.05810485699982,
                -4.649364722999962
              ],
              [
                -72.06026373099985,
                -4.650946097999963
              ],
              [
                -72.06298510700003,
                -4.654399597999884
              ],
              [
                -72.06784773100003,
                -4.658654472999956
              ],
              [
                -72.06775110599995,
                -4.661362097999927
              ],
              [
                -72.05991835699979,
                -4.667730472999949
              ],
              [
                -72.05915848199987,
                -4.672233972999891
              ],
              [
                -72.06149310699988,
                -4.675286972999913
              ],
              [
                -72.06498823199985,
                -4.676143597999896
              ],
              [
                -72.06614860699995,
                -4.674623847999953
              ],
              [
                -72.06649398199983,
                -4.669830222999963
              ],
              [
                -72.06804110699994,
                -4.665105722999954
              ],
              [
                -72.07080398200003,
                -4.662880722999887
              ],
              [
                -72.07302810599992,
                -4.66346184799994
              ],
              [
                -72.0759014809999,
                -4.666321472999925
              ],
              [
                -72.08028073099979,
                -4.668669847999979
              ],
              [
                -72.08184173199987,
                -4.671543222999958
              ],
              [
                -72.08155160599995,
                -4.674057472999948
              ],
              [
                -72.07768360699993,
                -4.676226347999943
              ],
              [
                -72.07628835699995,
                -4.679306972999882
              ],
              [
                -72.07742110699996,
                -4.681171847999906
              ],
              [
                -72.08019773199993,
                -4.683257847999869
              ],
              [
                -72.08319523099988,
                -4.683696847999954
              ],
              [
                -72.0883103569999,
                -4.680798847999881
              ],
              [
                -72.09009810700002,
                -4.681819847999975
              ],
              [
                -72.08996448099987,
                -4.688286222999977
              ],
              [
                -72.09161598100002,
                -4.691345597999884
              ],
              [
                -72.09717560699994,
                -4.695863472999974
              ],
              [
                -72.09953785699992,
                -4.699303223000015
              ],
              [
                -72.10028385699991,
                -4.703626972999871
              ],
              [
                -72.10304673199988,
                -4.70656959799993
              ],
              [
                -72.11121098199993,
                -4.705340097999965
              ],
              [
                -72.11320223199994,
                -4.705846597999937
              ],
              [
                -72.11445735699988,
                -4.709180472999947
              ],
              [
                -72.11308973099995,
                -4.710741472999871
              ],
              [
                -72.11391860699996,
                -4.712592597999901
              ],
              [
                -72.11780035599998,
                -4.711409722999917
              ],
              [
                -72.12467010700004,
                -4.715762472999927
              ],
              [
                -72.12472460599986,
                -4.719480472999976
              ],
              [
                -72.12096398099999,
                -4.725053097999876
              ],
              [
                -72.121073357,
                -4.729282222999871
              ],
              [
                -72.12291173200003,
                -4.731891222999934
              ],
              [
                -72.12832698199992,
                -4.735151472999917
              ],
              [
                -72.13176673199996,
                -4.734681722999881
              ],
              [
                -72.13307910699984,
                -4.733300347999887
              ],
              [
                -72.13368548199992,
                -4.729565847999879
              ],
              [
                -72.13193248199991,
                -4.72684897299996
              ],
              [
                -72.12751210599993,
                -4.72390672299997
              ],
              [
                -72.12811973099991,
                -4.721267972999954
              ],
              [
                -72.13212585600002,
                -4.719845097999951
              ],
              [
                -72.13508223100001,
                -4.716902722999919
              ],
              [
                -72.138176607,
                -4.712136722999958
              ],
              [
                -72.1416577309999,
                -4.712827472999891
              ],
              [
                -72.14248098099989,
                -4.717784472999881
              ],
              [
                -72.14577448199998,
                -4.722939597999925
              ],
              [
                -72.14779135699996,
                -4.7245143479999
              ],
              [
                -72.15446373199995,
                -4.725412347999963
              ],
              [
                -72.16016910699994,
                -4.727650222999955
              ],
              [
                -72.16150910699997,
                -4.728796847999945
              ],
              [
                -72.16157810699991,
                -4.731462972999907
              ],
              [
                -72.15909373199997,
                -4.733842348
              ],
              [
                -72.16030085699992,
                -4.735664097999972
              ],
              [
                -72.16308385699989,
                -4.735773097999925
              ],
              [
                -72.16950760599991,
                -4.733963347999861
              ],
              [
                -72.17189748200002,
                -4.733894348000035
              ],
              [
                -72.174149232,
                -4.735054847999947
              ],
              [
                -72.17931023099982,
                -4.738997472999927
              ],
              [
                -72.18593285600002,
                -4.742790722999871
              ],
              [
                -72.1917624809999,
                -4.744918222999956
              ],
              [
                -72.1930752319999,
                -4.74746259799997
              ],
              [
                -72.18943048199986,
                -4.747830722999879
              ],
              [
                -72.1873557319999,
                -4.750485347999813
              ],
              [
                -72.19107460700002,
                -4.761347722999972
              ],
              [
                -72.19393135599995,
                -4.76334634799997
              ],
              [
                -72.19567198199991,
                -4.760859972999981
              ],
              [
                -72.19259135699991,
                -4.757641222999894
              ],
              [
                -72.19560285599988,
                -4.756176847999882
              ],
              [
                -72.197868357,
                -4.757986597999889
              ],
              [
                -72.200156731,
                -4.756724472999906
              ],
              [
                -72.20054835699989,
                -4.753648848000012
              ],
              [
                -72.20260673199994,
                -4.750720222999973
              ],
              [
                -72.2082429809999,
                -4.747404722999931
              ],
              [
                -72.20962448199998,
                -4.747832972999902
              ],
              [
                -72.21048085599995,
                -4.75147997299996
              ],
              [
                -72.213091857,
                -4.753538347999893
              ],
              [
                -72.21718085700002,
                -4.752985722999938
              ],
              [
                -72.221311357,
                -4.754132347999928
              ],
              [
                -72.22171198099983,
                -4.757875973999887
              ],
              [
                -72.21878973199989,
                -4.758801097999878
              ],
              [
                -72.21472185700003,
                -4.758083222999971
              ],
              [
                -72.21251160699984,
                -4.759395597999969
              ],
              [
                -72.21270498199988,
                -4.763153097999975
              ],
              [
                -72.21508110699983,
                -4.767034972999909
              ],
              [
                -72.22120085699999,
                -4.77160747299996
              ],
              [
                -72.2243781069999,
                -4.771731847999945
              ],
              [
                -72.226892356,
                -4.768416347999903
              ],
              [
                -72.22937823199982,
                -4.770432347999929
              ],
              [
                -72.22874348199986,
                -4.774950597999919
              ],
              [
                -72.231442732,
                -4.776186222999911
              ],
              [
                -72.23414485699993,
                -4.775143972999842
              ],
              [
                -72.23654860699986,
                -4.775516972999981
              ],
              [
                -72.24091398199994,
                -4.780158597999957
              ],
              [
                -72.24237823200002,
                -4.781042723999917
              ],
              [
                -72.24567985699991,
                -4.780876972999977
              ],
              [
                -72.24733760699985,
                -4.778362722999873
              ],
              [
                -72.24841510599992,
                -4.770004972999971
              ],
              [
                -72.24992085699989,
                -4.766606722999938
              ],
              [
                -72.25193773199987,
                -4.765197597999929
              ],
              [
                -72.25572285699997,
                -4.765460097999892
              ],
              [
                -72.25749110699991,
                -4.767628972999944
              ],
              [
                -72.25775360599988,
                -4.77424597299995
              ],
              [
                -72.2585653569999,
                -4.776365472999942
              ],
              [
                -72.26123485699998,
                -4.7797027229999
              ],
              [
                -72.26030923199994,
                -4.782672847999891
              ],
              [
                -72.25590248200001,
                -4.784786347999955
              ],
              [
                -72.25389935599992,
                -4.789248472999986
              ],
              [
                -72.25403760699999,
                -4.791251472999932
              ],
              [
                -72.25604060699982,
                -4.792121847999965
              ],
              [
                -72.25982573199991,
                -4.787148597999931
              ],
              [
                -72.2630997309999,
                -4.785684347999961
              ],
              [
                -72.26542060700001,
                -4.786167847999877
              ],
              [
                -72.26677435699992,
                -4.78814322300002
              ],
              [
                -72.26800385699994,
                -4.794318222999948
              ],
              [
                -72.26916423099993,
                -4.79715022299996
              ],
              [
                -72.27281123199998,
                -4.798503972999981
              ],
              [
                -72.27967673199987,
                -4.79834509799997
              ],
              [
                -72.28358648199998,
                -4.796542347999946
              ],
              [
                -72.2824122319999,
                -4.792840097999942
              ],
              [
                -72.27793635699993,
                -4.79107197299993
              ],
              [
                -72.27658260700002,
                -4.788861597999926
              ],
              [
                -72.27696935700004,
                -4.783888472999934
              ],
              [
                -72.27634773200003,
                -4.776608347999968
              ],
              [
                -72.2768312309999,
                -4.77301659799997
              ],
              [
                -72.27804685699994,
                -4.771027222999919
              ],
              [
                -72.28047823199984,
                -4.771289723
              ],
              [
                -72.28068548200002,
                -4.775585972999977
              ],
              [
                -72.28183198200003,
                -4.782230722999827
              ],
              [
                -72.2832687319999,
                -4.783418722999954
              ],
              [
                -72.28677760699998,
                -4.78042109799992
              ],
              [
                -72.29798110699994,
                -4.775447847999942
              ],
              [
                -72.30184898199997,
                -4.776014222999891
              ],
              [
                -72.30385210599997,
                -4.783059597999909
              ],
              [
                -72.30445998199991,
                -4.789124097999888
              ],
              [
                -72.30791348199983,
                -4.790270722999878
              ],
              [
                -72.31204398199992,
                -4.787701347999928
              ],
              [
                -72.31301098199998,
                -4.784510098999931
              ],
              [
                -72.30894960700005,
                -4.781166972999927
              ],
              [
                -72.30871473199988,
                -4.77649772299992
              ],
              [
                -72.31160960700004,
                -4.774407722999854
              ],
              [
                -72.31595348099984,
                -4.776649722999878
              ],
              [
                -72.32326123199988,
                -4.778362722999873
              ],
              [
                -72.32688073199995,
                -4.779992847999949
              ],
              [
                -72.32896660699998,
                -4.783073347999903
              ],
              [
                -72.32855210699995,
                -4.785753347999957
              ],
              [
                -72.32534710699991,
                -4.787683597999887
              ],
              [
                -72.3204983569999,
                -4.787701347999928
              ],
              [
                -72.32005635699983,
                -4.789952973999902
              ],
              [
                -72.32270873199991,
                -4.794262972999888
              ],
              [
                -72.32309548199993,
                -4.798061972999903
              ],
              [
                -72.32137148199985,
                -4.805086722999931
              ],
              [
                -72.3227224819999,
                -4.811696722999955
              ],
              [
                -72.32487748200003,
                -4.813216347999969
              ],
              [
                -72.32617610699992,
                -4.810674472999949
              ],
              [
                -72.32411760599996,
                -4.807400473999962
              ],
              [
                -72.32344085699992,
                -4.803836347999948
              ],
              [
                -72.32588598199999,
                -4.80155697399988
              ],
              [
                -72.32870410700002,
                -4.801999097999953
              ],
              [
                -72.33637110699988,
                -4.804789597999957
              ],
              [
                -72.33865048199982,
                -4.804457972999955
              ],
              [
                -72.3383456069999,
                -4.801047723999943
              ],
              [
                -72.33614998199988,
                -4.797937598000033
              ],
              [
                -72.33621910699992,
                -4.795229973999881
              ],
              [
                -72.33775248200004,
                -4.793461972999978
              ],
              [
                -72.34092985699994,
                -4.793765722999979
              ],
              [
                -72.34261510700003,
                -4.796514722999973
              ],
              [
                -72.343084857,
                -4.799995973999955
              ],
              [
                -72.34282235700005,
                -4.803850222999927
              ],
              [
                -72.34483923200003,
                -4.806709722999926
              ],
              [
                -72.35138685599998,
                -4.805219472999966
              ],
              [
                -72.35693360699992,
                -4.805817347999891
              ],
              [
                -72.36246810699998,
                -4.803343972999869
              ],
              [
                -72.36608710699983,
                -4.802485097999977
              ],
              [
                -72.36805185699995,
                -4.80292859799988
              ],
              [
                -72.37138160699988,
                -4.805538972999955
              ],
              [
                -72.37171923199992,
                -4.808730972999911
              ],
              [
                -72.36835835699992,
                -4.811738974000036
              ],
              [
                -72.36652023199997,
                -4.815978222999945
              ],
              [
                -72.36126823199993,
                -4.81853734799995
              ],
              [
                -72.35888960699992,
                -4.820885472999976
              ],
              [
                -72.35884360700004,
                -4.823386847999927
              ],
              [
                -72.36197423199997,
                -4.825704222999889
              ],
              [
                -72.36496148199996,
                -4.825380472999939
              ],
              [
                -72.37046073199997,
                -4.822005722999961
              ],
              [
                -72.37497260699996,
                -4.821944347999931
              ],
              [
                -72.38143348199986,
                -4.824338347999969
              ],
              [
                -72.38221610699998,
                -4.826271972999962
              ],
              [
                -72.38052798199982,
                -4.827315472999885
              ],
              [
                -72.3729622319999,
                -4.829095723999956
              ],
              [
                -72.37174973199984,
                -4.831904097999939
              ],
              [
                -72.37393198199993,
                -4.832599097999889
              ],
              [
                -72.3818171069999,
                -4.830875847999948
              ],
              [
                -72.3867739819998,
                -4.831719972999906
              ],
              [
                -72.38906060699998,
                -4.833285347999947
              ],
              [
                -72.38780223199979,
                -4.836323849
              ],
              [
                -72.37856598199994,
                -4.834833472999946
              ],
              [
                -72.37580148199999,
                -4.836538722999819
              ],
              [
                -72.37520285699992,
                -4.838349597999979
              ],
              [
                -72.37636910699996,
                -4.840973972999961
              ],
              [
                -72.37983548199998,
                -4.84353884799998
              ],
              [
                -72.38217010699998,
                -4.84620697299988
              ],
              [
                -72.38372010699987,
                -4.849629223999955
              ],
              [
                -72.3840269819998,
                -4.853711347999933
              ],
              [
                -72.38332298199998,
                -4.855413097999872
              ],
              [
                -72.38068148100001,
                -4.857072222999932
              ],
              [
                -72.381249357,
                -4.859481597999888
              ],
              [
                -72.38551560699977,
                -4.859512347999953
              ],
              [
                -72.38892260699993,
                -4.860832097999889
              ],
              [
                -72.38950573200003,
                -4.863609847999953
              ],
              [
                -72.38815523200003,
                -4.86546672399993
              ],
              [
                -72.38200123199994,
                -4.868474598999967
              ],
              [
                -72.3810344819999,
                -4.870270097999935
              ],
              [
                -72.38201660699997,
                -4.872955722999905
              ],
              [
                -72.38405773099993,
                -4.874260222999851
              ],
              [
                -72.38660773199996,
                -4.87353259799994
              ],
              [
                -72.38889185699986,
                -4.86913459799996
              ],
              [
                -72.39133185699995,
                -4.868950347999885
              ],
              [
                -72.39503910699983,
                -4.872899723999979
              ],
              [
                -72.39915860699989,
                -4.873815222999951
              ],
              [
                -72.40152198199996,
                -4.876347347999967
              ],
              [
                -72.40194498199986,
                -4.8792783479999
              ],
              [
                -72.40115348199993,
                -4.883161097999903
              ],
              [
                -72.40218185699985,
                -4.886675472999912
              ],
              [
                -72.40400798199994,
                -4.888256097999943
              ],
              [
                -72.40859285699986,
                -4.887911472999974
              ],
              [
                -72.41023873199981,
                -4.885693347999904
              ],
              [
                -72.41039285700003,
                -4.881222972999979
              ],
              [
                -72.41158923199998,
                -4.877222097999947
              ],
              [
                -72.41466610700002,
                -4.874822222999967
              ],
              [
                -72.41683760699982,
                -4.87433697299997
              ],
              [
                -72.42028123199992,
                -4.874900347999869
              ],
              [
                -72.42340585699998,
                -4.878142848999914
              ],
              [
                -72.42299160699991,
                -4.881411597999943
              ],
              [
                -72.42130348199993,
                -4.883084347999954
              ],
              [
                -72.41559573199993,
                -4.886429722999935
              ],
              [
                -72.41485798199989,
                -4.88785709799987
              ],
              [
                -72.41763510699991,
                -4.890652098999965
              ],
              [
                -72.41803460699992,
                -4.89322834799998
              ],
              [
                -72.41538285699988,
                -4.896369097999923
              ],
              [
                -72.41493473199978,
                -4.90031847299997
              ],
              [
                -72.41708323199998,
                -4.900916973999927
              ],
              [
                -72.42018310699996,
                -4.899489722999931
              ],
              [
                -72.42216285699999,
                -4.899581848999958
              ],
              [
                -72.4283321069999,
                -4.901530847999879
              ],
              [
                -72.43000485700003,
                -4.904062973999885
              ],
              [
                -72.42986673199988,
                -4.909940597999935
              ],
              [
                -72.43221473199992,
                -4.910968847999925
              ],
              [
                -72.43772748199996,
                -4.90945184799989
              ],
              [
                -72.439780482,
                -4.906318847999955
              ],
              [
                -72.44123848199985,
                -4.899627848999899
              ],
              [
                -72.44295723199986,
                -4.89820059799996
              ],
              [
                -72.44642548199994,
                -4.898538347999931
              ],
              [
                -72.44883473199997,
                -4.900103473999934
              ],
              [
                -72.45254873199997,
                -4.900993722999942
              ],
              [
                -72.45514223199996,
                -4.900226347999876
              ],
              [
                -72.45506560699994,
                -4.897632847999944
              ],
              [
                -72.45305523199994,
                -4.893535347999943
              ],
              [
                -72.4545131069998,
                -4.891494222999938
              ],
              [
                -72.45890210699986,
                -4.893274598999938
              ],
              [
                -72.46155710699998,
                -4.893427847999931
              ],
              [
                -72.46579260700003,
                -4.891570972999943
              ],
              [
                -72.46952185699985,
                -4.890880347999939
              ],
              [
                -72.47107035699997,
                -4.893537097999911
              ],
              [
                -72.46849023200002,
                -4.895134597999913
              ],
              [
                -72.46722460699993,
                -4.897140597999908
              ],
              [
                -72.46765435699996,
                -4.899996472999931
              ],
              [
                -72.46947585699985,
                -4.903200597999955
              ],
              [
                -72.46739098199993,
                -4.905504972999893
              ],
              [
                -72.46462573199994,
                -4.902651973999923
              ],
              [
                -72.46262860699989,
                -4.903068972999961
              ],
              [
                -72.46291398199986,
                -4.907260597999937
              ],
              [
                -72.462273482,
                -4.909736472999896
              ],
              [
                -72.4605657319999,
                -4.910684222999976
              ],
              [
                -72.4560667319999,
                -4.910793973999944
              ],
              [
                -72.45308210699994,
                -4.91202297399991
              ],
              [
                -72.45134848199996,
                -4.915687972999933
              ],
              [
                -72.45288448199994,
                -4.916631598999857
              ],
              [
                -72.45597910700002,
                -4.916656347999947
              ],
              [
                -72.45740548200001,
                -4.918760347999864
              ],
              [
                -72.45707635699995,
                -4.921832848999884
              ],
              [
                -72.45929348199991,
                -4.924341722999884
              ],
              [
                -72.4673108569998,
                -4.9223258479999
              ],
              [
                -72.46993410700003,
                -4.922054472999946
              ],
              [
                -72.47237660699989,
                -4.923062473999948
              ],
              [
                -72.47643273200003,
                -4.927867972999877
              ],
              [
                -72.47684973199989,
                -4.932761972999913
              ],
              [
                -72.47491848199996,
                -4.935658847999946
              ],
              [
                -72.47386510699994,
                -4.940443097999946
              ],
              [
                -72.47537935699984,
                -4.943427847999828
              ],
              [
                -72.47919985699991,
                -4.947100097999908
              ],
              [
                -72.48202898199997,
                -4.950801722999927
              ],
              [
                -72.48553410699998,
                -4.951773598999978
              ],
              [
                -72.48764060699983,
                -4.950996097999962
              ],
              [
                -72.48724310699998,
                -4.948222723999891
              ],
              [
                -72.4842674819999,
                -4.942506097999967
              ],
              [
                -72.48431135699991,
                -4.938643598999931
              ],
              [
                -72.48569298199999,
                -4.935189098999899
              ],
              [
                -72.48881035699992,
                -4.932981473999973
              ],
              [
                -72.491334107,
                -4.933771473999968
              ],
              [
                -72.49250335700003,
                -4.935400723999919
              ],
              [
                -72.49308985699997,
                -4.939345847999959
              ],
              [
                -72.49519660700003,
                -4.943932597999947
              ],
              [
                -72.49495523199994,
                -4.947795097999972
              ],
              [
                -72.49598673199984,
                -4.949857972999951
              ],
              [
                -72.50498460700004,
                -4.946873348999873
              ],
              [
                -72.50698173199999,
                -4.944415347999893
              ],
              [
                -72.50351423199987,
                -4.938709347999861
              ],
              [
                -72.50430423199998,
                -4.936273349000032
              ],
              [
                -72.50709148199985,
                -4.937831597999889
              ],
              [
                -72.50900073199989,
                -4.937765722999927
              ],
              [
                -72.51185373199996,
                -4.93563697299993
              ],
              [
                -72.516067357,
                -4.93502247299989
              ],
              [
                -72.52047860699986,
                -4.932805848999976
              ],
              [
                -72.522190357,
                -4.934912722999968
              ],
              [
                -72.52096135699992,
                -4.939521347999971
              ],
              [
                -72.52293648199992,
                -4.943932597999947
              ],
              [
                -72.52324373199986,
                -4.946609972999966
              ],
              [
                -72.52126860700002,
                -4.958329222999964
              ],
              [
                -72.52403385699995,
                -4.959228972999881
              ],
              [
                -72.52438498199984,
                -4.955915097999878
              ],
              [
                -72.5255481069999,
                -4.953654722999943
              ],
              [
                -72.52794023199993,
                -4.953830223999944
              ],
              [
                -72.53028848199989,
                -4.958921722999889
              ],
              [
                -72.53588473199983,
                -4.963486472999932
              ],
              [
                -72.53880360700003,
                -4.964100973999962
              ],
              [
                -72.54016423199982,
                -4.961269847999915
              ],
              [
                -72.537706232,
                -4.959338722999917
              ],
              [
                -72.53597248199992,
                -4.956639348999943
              ],
              [
                -72.53619198199988,
                -4.954378847999976
              ],
              [
                -72.53930835699987,
                -4.952952347999883
              ],
              [
                -72.54812935699982,
                -4.95426159799996
              ],
              [
                -72.55193648199997,
                -4.955560722999962
              ],
              [
                -72.55252110700002,
                -4.957035222999934
              ],
              [
                -72.55131360699994,
                -4.962048472999868
              ],
              [
                -72.55276685699994,
                -4.964643597999896
              ],
              [
                -72.55615810699993,
                -4.96687572299993
              ],
              [
                -72.56696210699982,
                -4.975218722999955
              ],
              [
                -72.568245982,
                -4.979610597999908
              ],
              [
                -72.56733835699987,
                -4.981836223999949
              ],
              [
                -72.56853198199997,
                -4.984029097999894
              ],
              [
                -72.57390648199993,
                -4.983396598000013
              ],
              [
                -72.58120923299987,
                -4.980785222999941
              ],
              [
                -72.58384335699992,
                -4.982965097999966
              ],
              [
                -72.58336323200001,
                -4.987532472999874
              ],
              [
                -72.58360973199996,
                -4.991295347999937
              ],
              [
                -72.58267548199984,
                -4.995006347999947
              ],
              [
                -72.58397310700002,
                -4.997653348999904
              ],
              [
                -72.5873726069999,
                -4.997809098999937
              ],
              [
                -72.58953960699989,
                -4.995771972999933
              ],
              [
                -72.59030510699989,
                -4.992592973999933
              ],
              [
                -72.58881298199998,
                -4.987662223999962
              ],
              [
                -72.59087085699991,
                -4.984365723999872
              ],
              [
                -72.5946148569999,
                -4.982925972999965
              ],
              [
                -72.59733785699996,
                -4.983367348999877
              ],
              [
                -72.59864835699983,
                -4.984781597999927
              ],
              [
                -72.59879110700001,
                -4.988479722999841
              ],
              [
                -72.59710435699998,
                -4.992411222999976
              ],
              [
                -72.59898573299995,
                -4.995149098999946
              ],
              [
                -72.60390348199996,
                -4.993202722999911
              ],
              [
                -72.608367107,
                -4.993592097999965
              ],
              [
                -72.60978148199979,
                -4.997082472999921
              ],
              [
                -72.608535733,
                -4.998587597999972
              ],
              [
                -72.60535673199979,
                -4.999184597999943
              ],
              [
                -72.60011460700002,
                -4.998548722999942
              ],
              [
                -72.59871323199997,
                -5.001649847999943
              ],
              [
                -72.60116560799992,
                -5.003674097999976
              ],
              [
                -72.60221685699986,
                -5.006009598999981
              ],
              [
                -72.6015161069999,
                -5.010122847999924
              ],
              [
                -72.60290435699983,
                -5.012380597999879
              ],
              [
                -72.60764048199991,
                -5.013211097999942
              ],
              [
                -72.61076748199991,
                -5.014378848999911
              ],
              [
                -72.61223385699992,
                -5.016558723999879
              ],
              [
                -72.61127348199994,
                -5.020464347999905
              ],
              [
                -72.60843748199994,
                -5.024294973999872
              ],
              [
                -72.60652460700004,
                -5.028223723999872
              ],
              [
                -72.60668023199986,
                -5.031311973999948
              ],
              [
                -72.6111074829999,
                -5.03085159799997
              ],
              [
                -72.61585285699994,
                -5.034518597999977
              ],
              [
                -72.61792948199991,
                -5.038223472999903
              ],
              [
                -72.61728048199996,
                -5.045432597999934
              ],
              [
                -72.61856660699988,
                -5.048748222999961
              ],
              [
                -72.62119785699997,
                -5.05180409899998
              ],
              [
                -72.62349860799992,
                -5.050765847999912
              ],
              [
                -72.62299123199978,
                -5.044925347999936
              ],
              [
                -72.62387623199982,
                -5.042376722999904
              ],
              [
                -72.62681410699997,
                -5.038966847999973
              ],
              [
                -72.62880810699994,
                -5.038353222999888
              ],
              [
                -72.63058973199992,
                -5.040606847999925
              ],
              [
                -72.6281002319999,
                -5.043981347999932
              ],
              [
                -72.62758110699991,
                -5.04791059799993
              ],
              [
                -72.62841223199996,
                -5.050876722999988
              ],
              [
                -72.63146285699986,
                -5.056193347999965
              ],
              [
                -72.63416485699986,
                -5.058907097999963
              ],
              [
                -72.64142123199986,
                -5.062989472999959
              ],
              [
                -72.643191107,
                -5.061125348999894
              ],
              [
                -72.63890810700002,
                -5.055272972999887
              ],
              [
                -72.63857773200004,
                -5.052370472999939
              ],
              [
                -72.6405834819999,
                -5.048913472999971
              ],
              [
                -72.64068973199988,
                -5.045998973999872
              ],
              [
                -72.64321473199982,
                -5.045385473999943
              ],
              [
                -72.645916607,
                -5.049102097999935
              ],
              [
                -72.65166273199992,
                -5.051096223999934
              ],
              [
                -72.65291348199992,
                -5.054010472999892
              ],
              [
                -72.65181610699989,
                -5.058116598999902
              ],
              [
                -72.65219373199989,
                -5.059980848999885
              ],
              [
                -72.65455348199998,
                -5.062836097999877
              ],
              [
                -72.65858873299993,
                -5.063426097999923
              ],
              [
                -72.66013448199982,
                -5.060653347999846
              ],
              [
                -72.65810498199994,
                -5.058317097999975
              ],
              [
                -72.65713748199983,
                -5.055296597999927
              ],
              [
                -72.65998110700002,
                -5.05431734799987
              ],
              [
                -72.66264760699994,
                -5.058824472999959
              ],
              [
                -72.66598673199991,
                -5.059119473999942
              ],
              [
                -72.66727285699983,
                -5.057101847999888
              ],
              [
                -72.6689954819999,
                -5.048771722999959
              ],
              [
                -72.67170923299989,
                -5.048677348999888
              ],
              [
                -72.67183898299987,
                -5.051957472999959
              ],
              [
                -72.67672660699998,
                -5.051134723999894
              ],
              [
                -72.68143160699998,
                -5.051084347999904
              ],
              [
                -72.68493073299987,
                -5.053171722999934
              ],
              [
                -72.68766160699988,
                -5.059036847999948
              ],
              [
                -72.68939585700002,
                -5.060311222999871
              ],
              [
                -72.69245185699992,
                -5.060901097999931
              ],
              [
                -72.69556673199997,
                -5.059874597999965
              ],
              [
                -72.69890585699994,
                -5.057668222999951
              ],
              [
                -72.70830973199998,
                -5.048854348999953
              ],
              [
                -72.71164873299995,
                -5.049739223000017
              ],
              [
                -72.71228598199991,
                -5.054199347999884
              ],
              [
                -72.71518848199992,
                -5.057455847999961
              ],
              [
                -72.71857473200004,
                -5.057514848999972
              ],
              [
                -72.720545232,
                -5.056700723999938
              ],
              [
                -72.72606710699984,
                -5.052346848999946
              ],
              [
                -72.72895773199991,
                -5.052854222999883
              ],
              [
                -72.72865110699985,
                -5.054836473999956
              ],
              [
                -72.72606710699984,
                -5.057278848999886
              ],
              [
                -72.7252766069999,
                -5.06000434799995
              ],
              [
                -72.72798073299998,
                -5.061904222999942
              ],
              [
                -72.73155360700002,
                -5.05979197299996
              ],
              [
                -72.73411398199994,
                -5.059284598999909
              ],
              [
                -72.73760385699995,
                -5.061228347999815
              ],
              [
                -72.73719360799993,
                -5.06728434799993
              ],
              [
                -72.73562173199991,
                -5.068167472999903
              ],
              [
                -72.73122323199988,
                -5.068889098999932
              ],
              [
                -72.73030298299983,
                -5.069809347999978
              ],
              [
                -72.73004335699977,
                -5.07559084899998
              ],
              [
                -72.73292235699984,
                -5.07714834899997
              ],
              [
                -72.73604910799992,
                -5.074835723999911
              ],
              [
                -72.73763010699992,
                -5.075012722999929
              ],
              [
                -72.7380903569998,
                -5.083708597999816
              ],
              [
                -72.73881010699984,
                -5.087307223999915
              ],
              [
                -72.74171260699984,
                -5.088675973999955
              ],
              [
                -72.74528785799998,
                -5.086257097999919
              ],
              [
                -72.74987860700003,
                -5.08118709799993
              ],
              [
                -72.75477423199999,
                -5.076652722999881
              ],
              [
                -72.75707485700002,
                -5.078092223999874
              ],
              [
                -72.7563787319998,
                -5.08255222299988
              ],
              [
                -72.76238435700003,
                -5.085006473999897
              ],
              [
                -72.76331648299987,
                -5.086611098999981
              ],
              [
                -72.76033135799997,
                -5.09041034899991
              ],
              [
                -72.76107473199994,
                -5.093112348999909
              ],
              [
                -72.7645318569999,
                -5.094905723000011
              ],
              [
                -72.767387107,
                -5.098539847999916
              ],
              [
                -72.77007735799998,
                -5.099719848999939
              ],
              [
                -72.77498573299994,
                -5.09639247399997
              ],
              [
                -72.77793548200003,
                -5.093159473999833
              ],
              [
                -72.78008285699997,
                -5.092014973999881
              ],
              [
                -72.78344560699986,
                -5.092545973999961
              ],
              [
                -72.7842391079999,
                -5.095307973999979
              ],
              [
                -72.78181735799996,
                -5.099235972999963
              ],
              [
                -72.77917435799986,
                -5.101288972999953
              ],
              [
                -72.78349585699993,
                -5.107496222999885
              ],
              [
                -72.78411810699998,
                -5.112498098999936
              ],
              [
                -72.78673748299991,
                -5.113312348999898
              ],
              [
                -72.78841298299983,
                -5.111672097999929
              ],
              [
                -72.78905010700004,
                -5.107967222999946
              ],
              [
                -72.79052498299995,
                -5.105843473999926
              ],
              [
                -72.79269610799992,
                -5.105807848999973
              ],
              [
                -72.79645985699983,
                -5.109807848999935
              ],
              [
                -72.80102610699998,
                -5.111365347999936
              ],
              [
                -72.80438498299992,
                -5.110731097999917
              ],
              [
                -72.80865998199988,
                -5.107967222999946
              ],
              [
                -72.81326160699984,
                -5.103035222999893
              ],
              [
                -72.81598710799994,
                -5.101949723999894
              ],
              [
                -72.81831160699988,
                -5.102775597999937
              ],
              [
                -72.81968023299999,
                -5.106433348999872
              ],
              [
                -72.81900773199993,
                -5.108804973999895
              ],
              [
                -72.81673035699998,
                -5.112568847999967
              ],
              [
                -72.81603998299988,
                -5.116303472999959
              ],
              [
                -72.8171331079999,
                -5.119426347999877
              ],
              [
                -72.81746198199994,
                -5.12403747299993
              ],
              [
                -72.81673035699998,
                -5.127140598999915
              ],
              [
                -72.81300035699991,
                -5.134715847999928
              ],
              [
                -72.81536185699997,
                -5.139140097999928
              ],
              [
                -72.81717848199992,
                -5.139457973999981
              ],
              [
                -72.81984548199989,
                -5.132780472999912
              ],
              [
                -72.82230760799985,
                -5.131679098999882
              ],
              [
                -72.82390423199996,
                -5.13246197299992
              ],
              [
                -72.82464760699992,
                -5.135199347999958
              ],
              [
                -72.8222524819999,
                -5.139482348999934
              ],
              [
                -72.82188660799983,
                -5.142042722999975
              ],
              [
                -72.82290135700003,
                -5.143682723999916
              ],
              [
                -72.82725523299985,
                -5.144060347999925
              ],
              [
                -72.83071223299999,
                -5.14003672399997
              ],
              [
                -72.83287148299985,
                -5.138491222999903
              ],
              [
                -72.83530210799995,
                -5.139718222999932
              ],
              [
                -72.83713098199985,
                -5.14370634799991
              ],
              [
                -72.84148473300002,
                -5.143210848999956
              ],
              [
                -72.84378560699997,
                -5.143741723999938
              ],
              [
                -72.84792710699998,
                -5.145877348999875
              ],
              [
                -72.85074335799993,
                -5.145510473999877
              ],
              [
                -72.85122435699986,
                -5.143776598999978
              ],
              [
                -72.84829273199978,
                -5.138066472999924
              ],
              [
                -72.85085310699986,
                -5.136013472999878
              ],
              [
                -72.85496835699985,
                -5.138695348999931
              ],
              [
                -72.86720210699997,
                -5.133837223999933
              ],
              [
                -72.87345560699987,
                -5.130994973999975
              ],
              [
                -72.87690148199988,
                -5.128804847999959
              ],
              [
                -72.88180748299999,
                -5.123022723999895
              ],
              [
                -72.88542860699982,
                -5.121913098999926
              ],
              [
                -72.89386810699983,
                -5.122409472999948
              ],
              [
                -72.89983973199992,
                -5.123478348999924
              ],
              [
                -72.90758598299993,
                -5.122412097999927
              ],
              [
                -72.912787482,
                -5.119895972999927
              ],
              [
                -72.91981448199982,
                -5.113767597999981
              ],
              [
                -72.92711360699997,
                -5.110560473999954
              ],
              [
                -72.93636498299992,
                -5.104278722999936
              ],
              [
                -72.94635873300001,
                -5.095255848999898
              ],
              [
                -72.95232073299991,
                -5.088102723999953
              ],
              [
                -72.95740485799985,
                -5.077988723999965
              ],
              [
                -72.97169273199995,
                -5.067333597999948
              ],
              [
                -72.97470048199995,
                -5.065931847999934
              ],
              [
                -72.97773760799998,
                -5.063245223999957
              ],
              [
                -72.98485548199989,
                -5.052566222999928
              ],
              [
                -72.98788560799994,
                -5.05302259799987
              ],
              [
                -72.99213448199987,
                -5.056820722999873
              ],
              [
                -72.99318573199997,
                -5.058572847999926
              ],
              [
                -72.99546348299998,
                -5.059010972999943
              ],
              [
                -73.00328973200004,
                -5.057579972999918
              ],
              [
                -73.01488310699995,
                -5.054192473999933
              ],
              [
                -73.0232638579999,
                -5.049432347999925
              ],
              [
                -73.02904635799996,
                -5.046891847999859
              ],
              [
                -73.03460135699987,
                -5.045472347999976
              ],
              [
                -73.03731385799995,
                -5.043402222999873
              ],
              [
                -73.053866858,
                -5.037248723999937
              ],
              [
                -73.057327982,
                -5.034376972999894
              ],
              [
                -73.05971260699988,
                -5.031521722999912
              ],
              [
                -73.07113398299987,
                -5.020956847999912
              ],
              [
                -73.09226373299992,
                -5.004595597999923
              ],
              [
                -73.098100607,
                -5.000796473999912
              ],
              [
                -73.10506773299994,
                -4.998911972999963
              ],
              [
                -73.11431798299986,
                -4.997790222999981
              ],
              [
                -73.169917983,
                -4.998001972999873
              ],
              [
                -73.18446510699988,
                -4.993921972999829
              ],
              [
                -73.21356448299991,
                -4.979660097999897
              ],
              [
                -73.23624410799988,
                -4.970566347999977
              ],
              [
                -73.22451723300003,
                -4.954575097999964
              ],
              [
                -73.21378910800001,
                -4.941308597999978
              ],
              [
                -73.1980872319998,
                -4.921439347999922
              ],
              [
                -73.18257223300003,
                -4.902140598000017
              ],
              [
                -73.17537698300004,
                -4.894540972999948
              ],
              [
                -73.17033273199985,
                -4.888372847999847
              ],
              [
                -73.16432223200002,
                -4.880054722999944
              ],
              [
                -73.14527935699994,
                -4.849908222999943
              ],
              [
                -73.13827935799992,
                -4.836193347999938
              ],
              [
                -73.12753723299983,
                -4.816989222999837
              ],
              [
                -73.12170898299996,
                -4.80853322299987
              ],
              [
                -73.11930085800003,
                -4.805630847999907
              ],
              [
                -73.11130473299994,
                -4.799177722999957
              ],
              [
                -73.10483635699995,
                -4.7928287229999
              ],
              [
                -73.10215235700002,
                -4.789773472999968
              ],
              [
                -73.10196585799997,
                -4.787725597999895
              ],
              [
                -73.10333648299985,
                -4.779673473999878
              ],
              [
                -73.10611723199997,
                -4.77160934799997
              ],
              [
                -73.11119923199982,
                -4.755316347999951
              ],
              [
                -73.12024023199979,
                -4.73201759799997
              ],
              [
                -73.12449785799981,
                -4.723185222999973
              ],
              [
                -73.12571673199983,
                -4.719761722999976
              ],
              [
                -73.12849423299997,
                -4.708402347999936
              ],
              [
                -73.12930860800003,
                -4.702433597999914
              ],
              [
                -73.12943948299994,
                -4.695544972999812
              ],
              [
                -73.09759960799983,
                -4.683490222999978
              ],
              [
                -73.07178923299989,
                -4.673228472999938
              ],
              [
                -73.06325773299983,
                -4.669731347999971
              ],
              [
                -73.06040235799992,
                -4.667361347999872
              ],
              [
                -73.04532573199992,
                -4.644406472999947
              ],
              [
                -73.03729335699995,
                -4.635656222999899
              ],
              [
                -73.03524273199992,
                -4.632538722999925
              ],
              [
                -73.03461810700003,
                -4.626203597999847
              ],
              [
                -73.03531060800003,
                -4.600064472999975
              ],
              [
                -73.03520123299995,
                -4.574781222999945
              ],
              [
                -73.03500198199981,
                -4.554062472999931
              ],
              [
                -73.03076485699995,
                -4.538796472999934
              ],
              [
                -73.02582948199989,
                -4.529581597999879
              ],
              [
                -73.01469923299993,
                -4.515316346999953
              ],
              [
                -73.00676573199996,
                -4.507851596999956
              ],
              [
                -72.97759960799976,
                -4.493263722999927
              ],
              [
                -72.9698446079999,
                -4.488112847999957
              ],
              [
                -72.95598373300004,
                -4.475519347999978
              ],
              [
                -72.94794073199989,
                -4.471504847999881
              ],
              [
                -72.93908010800004,
                -4.468009721999977
              ],
              [
                -72.93467773299994,
                -4.467095722999943
              ],
              [
                -72.92546873299995,
                -4.467070347999879
              ],
              [
                -72.90572848199992,
                -4.468113222999932
              ],
              [
                -72.9020238579999,
                -4.470026347999976
              ],
              [
                -72.88603810799998,
                -4.484689597999932
              ],
              [
                -72.88201748200004,
                -4.487002097999891
              ],
              [
                -72.87015735699998,
                -4.485998722999909
              ],
              [
                -72.85995510699996,
                -4.486046847000011
              ],
              [
                -72.85503323199987,
                -4.48901559799998
              ],
              [
                -72.84613273199983,
                -4.492543846999922
              ],
              [
                -72.84026360799987,
                -4.494533222999962
              ],
              [
                -72.82258598299995,
                -4.498095722999949
              ],
              [
                -72.8114413579998,
                -4.498540972999933
              ],
              [
                -72.79577310699995,
                -4.496193097999878
              ],
              [
                -72.78789235799991,
                -4.492366972999946
              ],
              [
                -72.78338085799993,
                -4.488455097999918
              ],
              [
                -72.77977960799984,
                -4.480503097999929
              ],
              [
                -72.76573635699992,
                -4.446085972999924
              ],
              [
                -72.75884960699995,
                -4.420394472999874
              ],
              [
                -72.75778323199984,
                -4.414363222999953
              ],
              [
                -72.75700185699992,
                -4.401669971999979
              ],
              [
                -72.75656248199982,
                -4.382718722999925
              ],
              [
                -72.6814356069998,
                -4.396359347999919
              ],
              [
                -72.67219398199995,
                -4.398593597999877
              ],
              [
                -72.63509573199997,
                -4.399130847999913
              ],
              [
                -72.63269723199994,
                -4.397788847999891
              ],
              [
                -72.6254446069999,
                -4.388822972999947
              ],
              [
                -72.6032402319999,
                -4.35879684799994
              ],
              [
                -72.60293910699994,
                -4.355233222999857
              ],
              [
                -72.61457010699996,
                -4.331708097999979
              ],
              [
                -72.62856060699988,
                -4.303654346999963
              ],
              [
                -72.62051573199994,
                -4.303183847999946
              ],
              [
                -72.61327135699986,
                -4.301968221999914
              ],
              [
                -72.60502735699987,
                -4.30174609799991
              ],
              [
                -72.59465435699997,
                -4.303270346999909
              ],
              [
                -72.5864311069999,
                -4.30395559699997
              ],
              [
                -72.58077735699999,
                -4.303527347999932
              ],
              [
                -72.57181548200003,
                -4.297955472999888
              ],
              [
                -72.5618886069999,
                -4.294832471999939
              ],
              [
                -72.549954232,
                -4.293605597999886
              ],
              [
                -72.5397864819999,
                -4.293883471999948
              ],
              [
                -72.53578910700003,
                -4.295111346999931
              ],
              [
                -72.51190235699983,
                -4.312792971999897
              ],
              [
                -72.50318898199998,
                -4.318503471999975
              ],
              [
                -72.49799210699996,
                -4.319388597999932
              ],
              [
                -72.48176560699994,
                -4.293296846999908
              ],
              [
                -72.463951232,
                -4.277580096999884
              ],
              [
                -72.43835935699991,
                -4.253820347999977
              ],
              [
                -72.39290035699997,
                -4.213333971999873
              ],
              [
                -72.38775660699991,
                -4.208531347999951
              ],
              [
                -72.38731035699993,
                -4.205854472999931
              ],
              [
                -72.38868098199993,
                -4.203318971999977
              ],
              [
                -72.429025357,
                -4.179810596999914
              ],
              [
                -72.4345128569999,
                -4.172126472999878
              ],
              [
                -72.436631982,
                -4.166772722999951
              ],
              [
                -72.436743482,
                -4.161530471999924
              ],
              [
                -72.43484723200004,
                -4.154503597999906
              ],
              [
                -72.42715135699984,
                -4.132753847999936
              ],
              [
                -72.42558985700003,
                -4.125001971999893
              ],
              [
                -72.42576835699981,
                -4.119051346999868
              ],
              [
                -72.42439785699992,
                -4.116081722999922
              ],
              [
                -72.4169738569999,
                -4.109000471999934
              ],
              [
                -72.41040660699991,
                -4.101919221999879
              ],
              [
                -72.40897898199984,
                -4.101062596999952
              ],
              [
                -72.40857923199997,
                -4.098606972999903
              ],
              [
                -72.41074910700002,
                -4.095751597999936
              ],
              [
                -72.41104048199998,
                -4.09100472199998
              ],
              [
                -72.40585573199996,
                -4.087340221999909
              ],
              [
                -72.40389635699984,
                -4.086585971999966
              ],
              [
                -72.395594857,
                -4.05724034699989
              ],
              [
                -72.393938607,
                -4.05535584699993
              ],
              [
                -72.38822810700003,
                -4.0526717219999
              ],
              [
                -72.386457732,
                -4.050672971999916
              ],
              [
                -72.38325973199989,
                -4.042763722999894
              ],
              [
                -72.3798053569999,
                -4.038884221999979
              ],
              [
                -72.37447010699998,
                -4.036048472999937
              ],
              [
                -72.37072135699987,
                -4.031457347999947
              ],
              [
                -72.36819060699997,
                -4.03039459699994
              ],
              [
                -72.36350785699995,
                -4.029566471999885
              ],
              [
                -72.36048310699988,
                -4.026345472999935
              ],
              [
                -72.35518823199993,
                -4.022136597999918
              ],
              [
                -72.353132357,
                -4.014769847999958
              ],
              [
                -72.35079098199998,
                -4.009744471999909
              ],
              [
                -72.34816410699989,
                -4.006003846999931
              ],
              [
                -72.34052798199991,
                -4.006327971999951
              ],
              [
                -72.33797548199993,
                -4.005979847999924
              ],
              [
                -72.3321163569999,
                -3.997974221999925
              ],
              [
                -72.3290417319999,
                -3.997162097999876
              ],
              [
                -72.32619910699998,
                -3.995247721999931
              ],
              [
                -72.32370448199987,
                -3.99478359799997
              ],
              [
                -72.31761335700003,
                -3.996001972999977
              ],
              [
                -72.31332048199977,
                -3.996349971999905
              ],
              [
                -72.3060111069999,
                -3.99426159799998
              ],
              [
                -72.30195910699985,
                -3.991467096999941
              ],
              [
                -72.29364673199996,
                -3.984846097999934
              ],
              [
                -72.27753785699991,
                -3.970734346999848
              ],
              [
                -72.26861398199998,
                -3.961553971999933
              ],
              [
                -72.25536523099987,
                -3.944792971999902
              ],
              [
                -72.25380760699989,
                -3.943274971999813
              ],
              [
                -72.2527226059999,
                -3.939734221999856
              ],
              [
                -72.25260835699987,
                -3.935051471999827
              ],
              [
                -72.25494973199989,
                -3.919689721999873
              ],
              [
                -72.25694848199987,
                -3.916548972999976
              ],
              [
                -72.26157423199982,
                -3.913322222999966
              ],
              [
                -72.26549610699993,
                -3.901931721999972
              ],
              [
                -72.27054498199988,
                -3.87863084799983
              ],
              [
                -72.27152298199996,
                -3.873271596999871
              ],
              [
                -72.27283623199992,
                -3.869788096999969
              ],
              [
                -72.27649123200001,
                -3.863392096999917
              ],
              [
                -72.27854710699984,
                -3.857338721999895
              ],
              [
                -72.28094560699986,
                -3.84631709699994
              ],
              [
                -72.28288723199978,
                -3.83483859699993
              ],
              [
                -72.28393560699982,
                -3.817648471999973
              ],
              [
                -72.28358598199986,
                -3.805038346999936
              ],
              [
                -72.28305860699993,
                -3.799603471999944
              ],
              [
                -72.27946085699995,
                -3.784412971999927
              ],
              [
                -72.27888973099994,
                -3.77887372299989
              ],
              [
                -72.28043148199987,
                -3.756259221999812
              ],
              [
                -72.27997485699984,
                -3.751519346999942
              ],
              [
                -72.27803323199987,
                -3.745208972
              ],
              [
                -72.27845460699984,
                -3.741557971999953
              ],
              [
                -72.27993935699993,
                -3.73944509699993
              ],
              [
                -72.28584960699993,
                -3.735548846999961
              ],
              [
                -72.28842973199988,
                -3.733144472999868
              ],
              [
                -72.28979535699989,
                -3.730422597999905
              ],
              [
                -72.29628423199989,
                -3.712682471999926
              ],
              [
                -72.298499107,
                -3.704267096999956
              ],
              [
                -72.30009810699988,
                -3.700041221999868
              ],
              [
                -72.30386735699983,
                -3.693445346999908
              ],
              [
                -72.30441885699997,
                -3.689607971999919
              ],
              [
                -72.30264848199994,
                -3.686124471999904
              ],
              [
                -72.29516748199984,
                -3.68338334699996
              ],
              [
                -72.28939698199997,
                -3.682594971999947
              ],
              [
                -72.28083360699986,
                -3.67881472199997
              ],
              [
                -72.27620798200002,
                -3.674645971999837
              ],
              [
                -72.27562335599987,
                -3.670912346999899
              ],
              [
                -72.27118248199997,
                -3.670020221999891
              ],
              [
                -72.267375357,
                -3.666014221999887
              ],
              [
                -72.25958985699992,
                -3.660968721999893
              ],
              [
                -72.25505510699998,
                -3.656622221999953
              ],
              [
                -72.25459823199992,
                -3.653595596999935
              ],
              [
                -72.22798635599992,
                -3.632208971999887
              ],
              [
                -72.22141760699998,
                -3.627825846999883
              ],
              [
                -72.20081248199989,
                -3.615931471999943
              ],
              [
                -72.17801860699996,
                -3.606742846999964
              ],
              [
                -72.17427348199988,
                -3.60428122199994
              ],
              [
                -72.16849035699977,
                -3.596707221999964
              ],
              [
                -72.16239048199998,
                -3.587541471999884
              ],
              [
                -72.15627998199994,
                -3.579603721999945
              ],
              [
                -72.15519498199995,
                -3.577148096999963
              ],
              [
                -72.15410998099998,
                -3.57029522199997
              ],
              [
                -72.15502373200002,
                -3.555675846999975
              ],
              [
                -72.15632998199999,
                -3.547739971999874
              ],
              [
                -72.15006248099985,
                -3.533898471999862
              ],
              [
                -72.14802223199996,
                -3.528520346999926
              ],
              [
                -72.13802735699988,
                -3.517808846999969
              ],
              [
                -72.11901948199994,
                -3.502798846999895
              ],
              [
                -72.117192982,
                -3.500567096999873
              ],
              [
                -72.11844298199986,
                -3.49766772199996
              ],
              [
                -72.12980735600001,
                -3.489672721999966
              ],
              [
                -72.13611860699996,
                -3.486988721999978
              ],
              [
                -72.15059423199989,
                -3.477965721999908
              ],
              [
                -72.15807523199999,
                -3.471284221999952
              ],
              [
                -72.16338610599985,
                -3.467686471999912
              ],
              [
                -72.17275198200002,
                -3.46194709699995
              ],
              [
                -72.17784685599997,
                -3.459863721999966
              ],
              [
                -72.18390035699997,
                -3.456094721999932
              ],
              [
                -72.19175098200003,
                -3.450104721999935
              ],
              [
                -72.19652110699991,
                -3.444159221999882
              ],
              [
                -72.198005856,
                -3.441046846999939
              ],
              [
                -72.19845123199991,
                -3.404255846999888
              ],
              [
                -72.2020157319999,
                -3.399068971999895
              ],
              [
                -72.218130857,
                -3.379290971999922
              ],
              [
                -72.22477898199986,
                -3.373046721999913
              ],
              [
                -72.23177485699995,
                -3.370388471999888
              ],
              [
                -72.23578635699994,
                -3.369438720999938
              ],
              [
                -72.23584298199984,
                -3.364874470999837
              ],
              [
                -72.23686910699985,
                -3.361835471999939
              ],
              [
                -72.24321485699988,
                -3.355669970999941
              ],
              [
                -72.2658797319998,
                -3.340480971999966
              ],
              [
                -72.27396285699996,
                -3.332783221999875
              ],
              [
                -72.27719960699983,
                -3.319213721999972
              ],
              [
                -72.28050110699996,
                -3.313146096999958
              ],
              [
                -72.28407035699996,
                -3.309487721999915
              ],
              [
                -72.28877335699997,
                -3.303873346999922
              ],
              [
                -72.29127535699996,
                -3.296619096999905
              ],
              [
                -72.29343948199988,
                -3.292935596999882
              ],
              [
                -72.29576848199986,
                -3.291433720999976
              ],
              [
                -72.29890935700001,
                -3.290634221999881
              ],
              [
                -72.30736123199989,
                -3.291605096999945
              ],
              [
                -72.31225660699982,
                -3.289054220999901
              ],
              [
                -72.31656073199997,
                -3.288260471999934
              ],
              [
                -72.32255798199986,
                -3.285508721999918
              ],
              [
                -72.33777435699989,
                -3.282446595999943
              ],
              [
                -72.3463403569998,
                -3.277592471999867
              ],
              [
                -72.34913860699987,
                -3.274765595999895
              ],
              [
                -72.361435482,
                -3.249968346999879
              ],
              [
                -72.36383398199985,
                -3.247027346999971
              ],
              [
                -72.36893398199993,
                -3.248047220999979
              ],
              [
                -72.37270310699995,
                -3.247361970999975
              ],
              [
                -72.37641498199986,
                -3.24370709699997
              ],
              [
                -72.3796129819998,
                -3.24239347199989
              ],
              [
                -72.38869323199987,
                -3.240052221999917
              ],
              [
                -72.40382648199983,
                -3.235140971999897
              ],
              [
                -72.40713873199991,
                -3.231628846999911
              ],
              [
                -72.4068306069999,
                -3.227854721999904
              ],
              [
                -72.40758073199987,
                -3.22574347099993
              ],
              [
                -72.40958710699988,
                -3.224714096999946
              ],
              [
                -72.41394898199991,
                -3.217647971999895
              ],
              [
                -72.41466610700002,
                -3.214388721999967
              ],
              [
                -72.41422235699997,
                -3.212352845999931
              ],
              [
                -72.40899398199991,
                -3.203061970999897
              ],
              [
                -72.40836585699992,
                -3.199520095999958
              ],
              [
                -72.4098138569999,
                -3.196210096999891
              ],
              [
                -72.41312610699987,
                -3.19221259699998
              ],
              [
                -72.41609560699999,
                -3.189699970999925
              ],
              [
                -72.41698285699994,
                -3.18652234599989
              ],
              [
                -72.417237732,
                -3.179135096999914
              ],
              [
                -72.418722607,
                -3.176822221999942
              ],
              [
                -72.42130323200001,
                -3.177836720999949
              ],
              [
                -72.42549110699986,
                -3.177598720999924
              ],
              [
                -72.42798960699992,
                -3.176551720999953
              ],
              [
                -72.43040435700004,
                -3.174263721999921
              ],
              [
                -72.43304498199996,
                -3.169691471999897
              ],
              [
                -72.43827148199983,
                -3.156162095999946
              ],
              [
                -72.44026748199997,
                -3.152150346999974
              ],
              [
                -72.44502923199997,
                -3.145443345999979
              ],
              [
                -72.45130260699989,
                -3.138494346999948
              ],
              [
                -72.45444348199999,
                -3.132326721999959
              ],
              [
                -72.4559282319999,
                -3.131641470999966
              ],
              [
                -72.46609323199993,
                -3.132155470999919
              ],
              [
                -72.47112773199984,
                -3.127587095999957
              ],
              [
                -72.47461485699989,
                -3.123104596999951
              ],
              [
                -72.47717210699983,
                -3.116622346999975
              ],
              [
                -72.47848735699995,
                -3.11182559599996
              ],
              [
                -72.47885160699997,
                -3.108284846999823
              ],
              [
                -72.478314232,
                -3.100460971999951
              ],
              [
                -72.47905660699996,
                -3.098662095999885
              ],
              [
                -72.48393360699998,
                -3.096172595999974
              ],
              [
                -72.49053123199991,
                -3.092081970999971
              ],
              [
                -72.49883873199991,
                -3.084922471999903
              ],
              [
                -72.50420673199989,
                -3.08395184599982
              ],
              [
                -72.51288710699993,
                -3.079668595999976
              ],
              [
                -72.51762698199997,
                -3.078269346999946
              ],
              [
                -72.52591598199996,
                -3.07738872199991
              ],
              [
                -72.53157660699998,
                -3.075575095999966
              ],
              [
                -72.53992085699991,
                -3.073653971999875
              ],
              [
                -72.54636310699988,
                -3.071399221999911
              ],
              [
                -72.55277010700001,
                -3.067543470999965
              ],
              [
                -72.55414060699991,
                -3.065687470999933
              ],
              [
                -72.55645148199989,
                -3.059827595999934
              ],
              [
                -72.55760935699993,
                -3.053925720999928
              ],
              [
                -72.55808010699991,
                -3.046802720999892
              ],
              [
                -72.55636523199985,
                -3.020732470999974
              ],
              [
                -72.55416010699992,
                -3.0084140969999
              ],
              [
                -72.55645785699988,
                -2.996991970999943
              ],
              [
                -72.55952535699993,
                -2.98912309699989
              ],
              [
                -72.56531548199985,
                -2.976206346999902
              ],
              [
                -72.56957410699994,
                -2.964033220999909
              ],
              [
                -72.57339060699996,
                -2.947851595999964
              ],
              [
                -72.57383698299986,
                -2.922107345999905
              ],
              [
                -72.57077348199988,
                -2.890898470999957
              ],
              [
                -72.56648235699993,
                -2.888775346999978
              ],
              [
                -72.55745510699995,
                -2.887607470999967
              ],
              [
                -72.54422030999979,
                -2.887519498999893
              ],
              [
                -72.53004015699986,
                -2.883476744999882
              ],
              [
                -72.51032590499995,
                -2.876146308999978
              ],
              [
                -72.49503989100003,
                -2.869432769999946
              ],
              [
                -72.467476685,
                -2.856037018999871
              ],
              [
                -72.4536277439999,
                -2.847860515999969
              ],
              [
                -72.4463227849999,
                -2.844769323999969
              ],
              [
                -72.43237973199996,
                -2.841822470999944
              ],
              [
                -72.42780710699992,
                -2.84176722199993
              ],
              [
                -72.42124110699984,
                -2.842961470999967
              ],
              [
                -72.41483985699983,
                -2.845162095999967
              ],
              [
                -72.40604151199989,
                -2.848704882999925
              ],
              [
                -72.40250474599992,
                -2.851179785999875
              ],
              [
                -72.39693858499987,
                -2.853635476999955
              ],
              [
                -72.3918323609999,
                -2.854691010999943
              ],
              [
                -72.38835685499993,
                -2.854833221999911
              ],
              [
                -72.38275829199989,
                -2.854100009999911
              ],
              [
                -72.37862716400002,
                -2.852742257999921
              ],
              [
                -72.37332365699996,
                -2.849756415999877
              ],
              [
                -72.37032334599996,
                -2.84723172199989
              ],
              [
                -72.36627855999996,
                -2.841891622999981
              ],
              [
                -72.36384952999981,
                -2.839821996999888
              ],
              [
                -72.35949075099984,
                -2.839492808999921
              ],
              [
                -72.35193541599989,
                -2.841502814999899
              ],
              [
                -72.34651713499994,
                -2.841792939999834
              ],
              [
                -72.342856181,
                -2.841380971999854
              ],
              [
                -72.33402411600002,
                -2.839233719999925
              ],
              [
                -72.31855385799986,
                -2.834388763999982
              ],
              [
                -72.3073668689999,
                -2.832324319999941
              ],
              [
                -72.30099910799998,
                -2.831882505999886
              ],
              [
                -72.29267732699998,
                -2.831862986999965
              ],
              [
                -72.28511825099997,
                -2.832528263999961
              ],
              [
                -72.27865659199995,
                -2.833776087999979
              ],
              [
                -72.26816238100002,
                -2.836975766999956
              ],
              [
                -72.25897176999985,
                -2.839464424999903
              ],
              [
                -72.25468984499986,
                -2.840171493999947
              ],
              [
                -72.25076652499996,
                -2.840072453999937
              ],
              [
                -72.24265602999992,
                -2.838349477999941
              ],
              [
                -72.23259027899991,
                -2.833931984999936
              ],
              [
                -72.227069272,
                -2.830780639999944
              ],
              [
                -72.22057088099984,
                -2.826192407999827
              ],
              [
                -72.21398510099982,
                -2.820886714999858
              ],
              [
                -72.20348721899995,
                -2.810909434999871
              ],
              [
                -72.196705732,
                -2.805270819999919
              ],
              [
                -72.1906858349999,
                -2.802115655999955
              ],
              [
                -72.18510771599995,
                -2.800488341999881
              ],
              [
                -72.17623009899978,
                -2.799546914999894
              ],
              [
                -72.17039890900003,
                -2.799955899999873
              ],
              [
                -72.16345945099988,
                -2.801742187999878
              ],
              [
                -72.15410656599988,
                -2.805826422999871
              ],
              [
                -72.14680904099987,
                -2.810118323999973
              ],
              [
                -72.13686563799979,
                -2.817739913999901
              ],
              [
                -72.12357419699987,
                -2.830639201999873
              ],
              [
                -72.11812817600003,
                -2.834314509999956
              ],
              [
                -72.11364747199991,
                -2.836145750999947
              ],
              [
                -72.1042758719999,
                -2.838607205999949
              ],
              [
                -72.08996379399991,
                -2.840140521999956
              ],
              [
                -72.078648451,
                -2.839719448999972
              ],
              [
                -72.0739228999999,
                -2.838594713999953
              ],
              [
                -72.06786109999996,
                -2.836291557999914
              ],
              [
                -72.06318484599979,
                -2.833794720999947
              ],
              [
                -72.05617465699999,
                -2.828414680999913
              ],
              [
                -72.05367686399984,
                -2.82609228299998
              ],
              [
                -72.04878323199983,
                -2.824874970999872
              ],
              [
                -72.04410548199996,
                -2.822966845999929
              ],
              [
                -72.03481248199995,
                -2.816341845999943
              ],
              [
                -72.02979971999997,
                -2.817099930999973
              ],
              [
                -72.02606462300002,
                -2.819318212999917
              ],
              [
                -72.02247590999991,
                -2.823458600999913
              ],
              [
                -72.01939039399997,
                -2.828802151999923
              ],
              [
                -72.01497615499994,
                -2.839334782999913
              ],
              [
                -72.01120831899988,
                -2.847236499999838
              ],
              [
                -72.00578788899992,
                -2.855914699999971
              ],
              [
                -71.99770264299991,
                -2.865627644999904
              ],
              [
                -71.9895236069998,
                -2.872310442999947
              ],
              [
                -71.98063952900003,
                -2.877488389999826
              ],
              [
                -71.97327785999994,
                -2.88042636099982
              ],
              [
                -71.95610372999994,
                -2.886910985999975
              ],
              [
                -71.94298287199985,
                -2.89100762399994
              ],
              [
                -71.93310865699982,
                -2.893640842999844
              ],
              [
                -71.92454432199997,
                -2.895285310999839
              ],
              [
                -71.91076645199996,
                -2.896601275999899
              ],
              [
                -71.90075944900002,
                -2.896246335999933
              ],
              [
                -71.89190145799984,
                -2.896490706999941
              ],
              [
                -71.88711833799988,
                -2.897047891999932
              ],
              [
                -71.88019392799998,
                -2.898950492999973
              ],
              [
                -71.87630523599984,
                -2.900650816999871
              ],
              [
                -71.86903530199982,
                -2.905111266999882
              ],
              [
                -71.860444627,
                -2.908780029999946
              ],
              [
                -71.85555577199989,
                -2.910404742999901
              ],
              [
                -71.84786623099984,
                -2.911860346999902
              ],
              [
                -71.83917927199997,
                -2.91219876599996
              ],
              [
                -71.83083261399992,
                -2.911197465999976
              ],
              [
                -71.82068209999983,
                -2.908849956999973
              ],
              [
                -71.81936977199996,
                -2.908201648999977
              ],
              [
                -71.81457210599984,
                -2.908115595999959
              ],
              [
                -71.80669609799992,
                -2.911254572999951
              ],
              [
                -71.80251296499978,
                -2.913644651999846
              ],
              [
                -71.7937477619999,
                -2.920482565999919
              ],
              [
                -71.78861060299994,
                -2.926687349999952
              ],
              [
                -71.78689524399994,
                -2.929792171999964
              ],
              [
                -71.78522445099998,
                -2.935715738999932
              ],
              [
                -71.78535760599982,
                -2.941122571999927
              ],
              [
                -71.78612501399988,
                -2.944594087999974
              ],
              [
                -71.78807937600004,
                -2.949901253999883
              ],
              [
                -71.78984715099983,
                -2.95793017099993
              ],
              [
                -71.78988909600002,
                -2.965284415999974
              ],
              [
                -71.78884580799985,
                -2.974265719999948
              ],
              [
                -71.78747496800003,
                -2.980857088999869
              ],
              [
                -71.785431701,
                -2.987490340999898
              ],
              [
                -71.778401761,
                -3.003766366999912
              ],
              [
                -71.77575173000002,
                -3.008880028999897
              ],
              [
                -71.77128808899982,
                -3.015538804999949
              ],
              [
                -71.76676399699988,
                -3.020662630999936
              ],
              [
                -71.76191053799994,
                -3.025405107999859
              ],
              [
                -71.75762061899991,
                -3.028938196999889
              ],
              [
                -71.74749130399988,
                -3.035722083999929
              ],
              [
                -71.73960703499989,
                -3.039502505999906
              ],
              [
                -71.7320220339999,
                -3.041699573999892
              ],
              [
                -71.72335561599994,
                -3.04364523299995
              ],
              [
                -71.71653957199999,
                -3.044768458999897
              ],
              [
                -71.7057396049999,
                -3.045836810999901
              ],
              [
                -71.69784983799991,
                -3.046075738999946
              ],
              [
                -71.69094490500004,
                -3.045912266999949
              ],
              [
                -71.68013498899984,
                -3.04495416899988
              ],
              [
                -71.66910013499995,
                -3.043073392999872
              ],
              [
                -71.66250058400004,
                -3.041332241999953
              ],
              [
                -71.66023085999984,
                -3.041515884999967
              ],
              [
                -71.65565668099998,
                -3.044607786000029
              ],
              [
                -71.65099858699995,
                -3.049806113999978
              ],
              [
                -71.64667541199992,
                -3.053934368999933
              ],
              [
                -71.64129941999983,
                -3.057728259999976
              ],
              [
                -71.63246342199989,
                -3.062681651999924
              ],
              [
                -71.62516663100001,
                -3.065496476999954
              ],
              [
                -71.61509683099996,
                -3.066996306999954
              ],
              [
                -71.60889669799997,
                -3.066520585999967
              ],
              [
                -71.6035178439999,
                -3.066696140999909
              ],
              [
                -71.59974459499989,
                -3.067696801999944
              ],
              [
                -71.5932257749999,
                -3.070858876999978
              ],
              [
                -71.58492889099989,
                -3.076374236999811
              ],
              [
                -71.57937144000005,
                -3.081010941999921
              ],
              [
                -71.57248415499987,
                -3.085332619999917
              ],
              [
                -71.56514610899995,
                -3.088558614999954
              ],
              [
                -71.5491572279999,
                -3.094032491999883
              ],
              [
                -71.54058019399997,
                -3.096351929999969
              ],
              [
                -71.53151858399991,
                -3.098015215999908
              ],
              [
                -71.52081859399993,
                -3.09928486299998
              ],
              [
                -71.51394573999988,
                -3.101663238999947
              ],
              [
                -71.50682436099987,
                -3.105792983999947
              ],
              [
                -71.50018947299998,
                -3.112171411999952
              ],
              [
                -71.49459002599986,
                -3.120889529999943
              ],
              [
                -71.48531786399997,
                -3.138740950999932
              ],
              [
                -71.48126279699983,
                -3.14554524499988
              ],
              [
                -71.4770183409999,
                -3.150999879999915
              ],
              [
                -71.47097881799982,
                -3.154534963999936
              ],
              [
                -71.4547860099999,
                -3.160750466999957
              ],
              [
                -71.44442581899989,
                -3.165834287999871
              ],
              [
                -71.44389002499997,
                -3.168161903999874
              ],
              [
                -71.44424171299977,
                -3.175196977999974
              ],
              [
                -71.4466671909999,
                -3.182786217999933
              ],
              [
                -71.44605930700004,
                -3.191411925999887
              ],
              [
                -71.4438861349999,
                -3.196205645999953
              ],
              [
                -71.44136415899987,
                -3.198485697999956
              ],
              [
                -71.43840831299991,
                -3.199982023999951
              ],
              [
                -71.433068993,
                -3.201431412999966
              ],
              [
                -71.42792813699998,
                -3.201765844999954
              ],
              [
                -71.42237308400001,
                -3.201301059999935
              ],
              [
                -71.40824567700002,
                -3.198645317999933
              ],
              [
                -71.40065846200002,
                -3.197690680999926
              ],
              [
                -71.3895864459999,
                -3.195817474999899
              ],
              [
                -71.37942899099994,
                -3.193357912999886
              ],
              [
                -71.37682687699993,
                -3.19177861999998
              ],
              [
                -71.37547878899994,
                -3.18443676499993
              ],
              [
                -71.37441187199988,
                -3.182066885999859
              ],
              [
                -71.37197012699983,
                -3.179708134999828
              ],
              [
                -71.3660002329998,
                -3.176212709999959
              ],
              [
                -71.35403648399995,
                -3.172025721999944
              ],
              [
                -71.33511135599986,
                -3.17461159599992
              ],
              [
                -71.33039848099997,
                -3.175457096999878
              ],
              [
                -71.31634308600002,
                -3.179343416999927
              ],
              [
                -71.31074223099989,
                -3.181568345999892
              ],
              [
                -71.30690666599986,
                -3.183883537999975
              ],
              [
                -71.30374531899986,
                -3.187112170999967
              ],
              [
                -71.30147059599994,
                -3.191094935999956
              ],
              [
                -71.29949731199991,
                -3.195973375999927
              ],
              [
                -71.2971440419999,
                -3.200161311999977
              ],
              [
                -71.29492969799992,
                -3.20158815699989
              ],
              [
                -71.29115407899991,
                -3.201369689999922
              ],
              [
                -71.28501909499988,
                -3.198868272999903
              ],
              [
                -71.28023864800002,
                -3.198095526999907
              ],
              [
                -71.27703738499991,
                -3.19830525999987
              ],
              [
                -71.27364092699992,
                -3.199452217999919
              ],
              [
                -71.26581226600001,
                -3.204436645999863
              ],
              [
                -71.26223683299986,
                -3.206316910999931
              ],
              [
                -71.25275495999983,
                -3.209794011999918
              ],
              [
                -71.24848155400002,
                -3.213110420999953
              ],
              [
                -71.24458643399987,
                -3.221411530999887
              ],
              [
                -71.242402283,
                -3.224085417999959
              ],
              [
                -71.23937931599988,
                -3.224042787999906
              ],
              [
                -71.23433606899988,
                -3.219789704999926
              ],
              [
                -71.22766488699983,
                -3.217439079999906
              ],
              [
                -71.22226020999983,
                -3.217038898999931
              ],
              [
                -71.20702434499998,
                -3.218945894999877
              ],
              [
                -71.19205542499992,
                -3.218629656999951
              ],
              [
                -71.18249529299993,
                -3.217643779999889
              ],
              [
                -71.17211836900003,
                -3.215532767999946
              ],
              [
                -71.15742641699995,
                -3.211402139999961
              ],
              [
                -71.15423878000001,
                -3.210810666999919
              ],
              [
                -71.14607845099982,
                -3.210799261999966
              ],
              [
                -71.13395698099993,
                -3.212255845999948
              ],
              [
                -71.11991548099985,
                -3.212482470999873
              ],
              [
                -71.11048635499986,
                -3.212285096999892
              ],
              [
                -71.08921273099998,
                -3.214303470999937
              ],
              [
                -71.07815709199986,
                -3.214263759999938
              ],
              [
                -71.07093201299989,
                -3.212193063999905
              ],
              [
                -71.068118734,
                -3.212497300999871
              ],
              [
                -71.06440173099986,
                -3.215019345999906
              ],
              [
                -71.06269348,
                -3.216917346999935
              ],
              [
                -71.05961523099995,
                -3.223591846999909
              ],
              [
                -71.0593011049998,
                -3.227883845999941
              ],
              [
                -71.05995235599994,
                -3.236449596999876
              ],
              [
                -71.05916313399985,
                -3.24094536299998
              ],
              [
                -71.05588635199996,
                -3.245997596999871
              ],
              [
                -71.05181305600001,
                -3.24888791099994
              ],
              [
                -71.044423339,
                -3.25245771799996
              ],
              [
                -71.03505234599993,
                -3.255759482999963
              ],
              [
                -71.02601310599994,
                -3.257080891999863
              ],
              [
                -71.01735728799991,
                -3.257538020999959
              ],
              [
                -71.01334741700003,
                -3.258177306999812
              ],
              [
                -71.0096368209999,
                -3.260288642999967
              ],
              [
                -71.00771285599978,
                -3.262218721999886
              ],
              [
                -70.99657110499993,
                -3.270001846999946
              ],
              [
                -70.990105481,
                -3.272863220999966
              ],
              [
                -70.981148481,
                -3.276324221999914
              ],
              [
                -70.97830273099999,
                -3.278109346999827
              ],
              [
                -70.97588460599991,
                -3.280792096999903
              ],
              [
                -70.96899563399995,
                -3.298843435999856
              ],
              [
                -70.96037984199984,
                -3.305769851999969
              ],
              [
                -70.9457836979999,
                -3.316474039999946
              ],
              [
                -70.92185291799996,
                -3.332805494999945
              ],
              [
                -70.91228919199983,
                -3.338442821999934
              ],
              [
                -70.90572460399989,
                -3.341934488999811
              ],
              [
                -70.89576712399997,
                -3.34621070299994
              ],
              [
                -70.87053469099999,
                -3.355406882999944
              ],
              [
                -70.84688817999995,
                -3.362551214999883
              ],
              [
                -70.81538878199984,
                -3.371887734999973
              ],
              [
                -70.80366652700002,
                -3.374447920999955
              ],
              [
                -70.79834716399989,
                -3.375299543999972
              ],
              [
                -70.79294244199991,
                -3.375331546999973
              ],
              [
                -70.77566261699997,
                -3.374732878999907
              ],
              [
                -70.74924270699978,
                -3.371987557999944
              ],
              [
                -70.7276766999999,
                -3.369274512999937
              ],
              [
                -70.72304710499992,
                -3.365905096999938
              ],
              [
                -70.71917497999993,
                -3.364567721999947
              ],
              [
                -70.71462448,
                -3.363954096999976
              ],
              [
                -70.70574237899996,
                -3.365999346999899
              ],
              [
                -70.70190078299999,
                -3.365520107999942
              ],
              [
                -70.69709718899992,
                -3.365640080999924
              ],
              [
                -70.6890715899998,
                -3.366847041999961
              ],
              [
                -70.68490652199995,
                -3.368076204999966
              ],
              [
                -70.67985474899984,
                -3.370378248999941
              ],
              [
                -70.67540356399991,
                -3.37341508499992
              ],
              [
                -70.671351287,
                -3.378483037999956
              ],
              [
                -70.66788714199987,
                -3.38479822499994
              ],
              [
                -70.66195910200003,
                -3.397416127999918
              ],
              [
                -70.65825620899989,
                -3.403056056999901
              ],
              [
                -70.65444723099995,
                -3.406691346999878
              ],
              [
                -70.64507741299997,
                -3.411938470999871
              ],
              [
                -70.63694745700002,
                -3.415338458999827
              ],
              [
                -70.63098607799998,
                -3.417233197999906
              ],
              [
                -70.6241357369999,
                -3.418835841999908
              ],
              [
                -70.61250229999996,
                -3.420235886999933
              ],
              [
                -70.6070322519999,
                -3.420339119999937
              ],
              [
                -70.59612839699992,
                -3.419492963999915
              ],
              [
                -70.58921140800004,
                -3.418213416999947
              ],
              [
                -70.5824223059999,
                -3.416367801999911
              ],
              [
                -70.57151517499983,
                -3.412069395999879
              ],
              [
                -70.56195026599988,
                -3.406742141999928
              ],
              [
                -70.55349009199995,
                -3.400933751999901
              ],
              [
                -70.54754092300004,
                -3.398237700999971
              ],
              [
                -70.53978520499993,
                -3.396434987999896
              ],
              [
                -70.53493545099985,
                -3.395800989999941
              ],
              [
                -70.52955790199991,
                -3.395665725999947
              ],
              [
                -70.52507545899982,
                -3.396373737999909
              ],
              [
                -70.51778518199995,
                -3.398479209999948
              ],
              [
                -70.51446517099998,
                -3.399968532999878
              ],
              [
                -70.50754721399994,
                -3.404765777999899
              ],
              [
                -70.50327600199984,
                -3.408497142999977
              ],
              [
                -70.497709623,
                -3.414366182999913
              ],
              [
                -70.49277307699992,
                -3.41878916099995
              ],
              [
                -70.48920288900001,
                -3.420972707999965
              ],
              [
                -70.48557396099994,
                -3.422224169999879
              ],
              [
                -70.48001491699989,
                -3.423174775999939
              ],
              [
                -70.47792590899991,
                -3.424217816999885
              ]
            ]
          ]
        ],
        "type": "MultiPolygon"
      },
      "type": "Feature",
      "properties": {
        "PROVINCIA": "MARISCAL RAMON CASTILLA",
        "name": "MARISCAL RAMON CASTILLA",
        "ID": "150600",
        "DEPARTAMEN": "LORETO"
      }
    }
  ]
}
