{
  "type": "FeatureCollection",
  "features": [
    {
      "geometry": {
        "coordinates": [
          [
            [
              [
                -69.88987510499993,
                -14.434274357999982
              ],
              [
                -69.89289260399983,
                -14.44362310699995
              ],
              [
                -69.89291210399995,
                -14.448304731999883
              ],
              [
                -69.88996685499995,
                -14.45811323199996
              ],
              [
                -69.89022073000001,
                -14.468302731999984
              ],
              [
                -69.89113560399994,
                -14.472969856999953
              ],
              [
                -69.89525697999989,
                -14.478569856999911
              ],
              [
                -69.90101660399984,
                -14.481089231999931
              ],
              [
                -69.90694135499996,
                -14.480145481999898
              ],
              [
                -69.91050660499991,
                -14.48371073199985
              ],
              [
                -69.91239422999985,
                -14.48449723199991
              ],
              [
                -69.91719160400004,
                -14.484602106999944
              ],
              [
                -69.91885735399984,
                -14.48368385799995
              ],
              [
                -69.92205985499987,
                -14.484298856999942
              ],
              [
                -69.92430997899999,
                -14.482408731999953
              ],
              [
                -69.92755010399992,
                -14.483623856999941
              ],
              [
                -69.93502047899995,
                -14.489609106999978
              ],
              [
                -69.94064572999997,
                -14.491229231999853
              ],
              [
                -69.94487822999997,
                -14.491712481999969
              ],
              [
                -69.94866610500003,
                -14.491384231999973
              ],
              [
                -69.95049222999978,
                -14.492353481999942
              ],
              [
                -69.94947447999994,
                -14.494476606999967
              ],
              [
                -69.95192972999996,
                -14.498525356999949
              ],
              [
                -69.952910105,
                -14.502064481999923
              ],
              [
                -69.95430860499988,
                -14.504148481999948
              ],
              [
                -69.9580273549999,
                -14.505359356999975
              ],
              [
                -69.96425185500004,
                -14.509091856999873
              ],
              [
                -69.96639847900002,
                -14.513853481999945
              ],
              [
                -69.96809572999996,
                -14.51465035699988
              ],
              [
                -69.97171872999985,
                -14.514240231999963
              ],
              [
                -69.97450385499991,
                -14.51493173199998
              ],
              [
                -69.97651172999997,
                -14.517751981999936
              ],
              [
                -69.97739447999999,
                -14.521945356999879
              ],
              [
                -69.97942185499994,
                -14.52487110699991
              ],
              [
                -69.98293947999986,
                -14.525187481999978
              ],
              [
                -69.98595697999986,
                -14.52361523199994
              ],
              [
                -69.99086722999988,
                -14.528970731999948
              ],
              [
                -69.99370372999982,
                -14.53469010699996
              ],
              [
                -69.99776135499991,
                -14.53949173199993
              ],
              [
                -70.00288647999986,
                -14.54377698199994
              ],
              [
                -70.00465110499994,
                -14.546275357999889
              ],
              [
                -70.00455397999991,
                -14.548849106999967
              ],
              [
                -70.00296760399982,
                -14.551354106999895
              ],
              [
                -70.00366022899993,
                -14.553142106999871
              ],
              [
                -70.00900560499991,
                -14.559993481999925
              ],
              [
                -70.00538585499999,
                -14.561883731999842
              ],
              [
                -70.00345535499986,
                -14.565060981999977
              ],
              [
                -70.00399498000002,
                -14.568714106999948
              ],
              [
                -69.99996997999989,
                -14.570971606999933
              ],
              [
                -69.99822848000002,
                -14.576299481999968
              ],
              [
                -69.99666810499997,
                -14.577944733000038
              ],
              [
                -69.99132635499996,
                -14.578952481999977
              ],
              [
                -69.9899601039998,
                -14.58214123199997
              ],
              [
                -69.98757722999989,
                -14.58366923299991
              ],
              [
                -69.98449323,
                -14.58379010699997
              ],
              [
                -69.97951385399983,
                -14.582597106999913
              ],
              [
                -69.97320760499986,
                -14.576396731999921
              ],
              [
                -69.96407435499992,
                -14.573288481999953
              ],
              [
                -69.9607538549999,
                -14.574121981999895
              ],
              [
                -69.95536660399983,
                -14.570950231999916
              ],
              [
                -69.95261685499997,
                -14.570042606999891
              ],
              [
                -69.94911810400004,
                -14.57217985699998
              ],
              [
                -69.94415948,
                -14.572381481999969
              ],
              [
                -69.93934197899983,
                -14.570063357999913
              ],
              [
                -69.93428260399992,
                -14.568692731999931
              ],
              [
                -69.92747547999988,
                -14.57061373299996
              ],
              [
                -69.92353860399993,
                -14.57262173199996
              ],
              [
                -69.92046247899987,
                -14.57716385699996
              ],
              [
                -69.91746635399994,
                -14.579266731999951
              ],
              [
                -69.9147681049999,
                -14.579750481999952
              ],
              [
                -69.91247922999986,
                -14.579024856999922
              ],
              [
                -69.90771510499985,
                -14.575060981999968
              ],
              [
                -69.90390760499986,
                -14.568125356999872
              ],
              [
                -69.90181210399993,
                -14.565940606999959
              ],
              [
                -69.89938222899997,
                -14.566230481999867
              ],
              [
                -69.8934524799999,
                -14.56825910699996
              ],
              [
                -69.89149072899983,
                -14.570465981999916
              ],
              [
                -69.89111285399991,
                -14.573123356999872
              ],
              [
                -69.88743397999991,
                -14.576645981999945
              ],
              [
                -69.8863281049999,
                -14.578759106999883
              ],
              [
                -69.88675973,
                -14.58074223199992
              ],
              [
                -69.88960748,
                -14.584156231999884
              ],
              [
                -69.88962110499995,
                -14.58572260699998
              ],
              [
                -69.88670897999998,
                -14.58908398199992
              ],
              [
                -69.8855058549999,
                -14.592035106999958
              ],
              [
                -69.87947660499992,
                -14.597941356999968
              ],
              [
                -69.87755660399995,
                -14.60183798199995
              ],
              [
                -69.87615035499988,
                -14.600558607999972
              ],
              [
                -69.87246097999986,
                -14.599208981999936
              ],
              [
                -69.86834960399995,
                -14.590290982999989
              ],
              [
                -69.86856060399992,
                -14.587999982999861
              ],
              [
                -69.86554685499988,
                -14.58497473299991
              ],
              [
                -69.8640058549999,
                -14.587701107999976
              ],
              [
                -69.86114447999978,
                -14.590417981999906
              ],
              [
                -69.85965822899982,
                -14.595833981999931
              ],
              [
                -69.86018947999997,
                -14.597888731999944
              ],
              [
                -69.85908597999997,
                -14.601749981999944
              ],
              [
                -69.85876560400004,
                -14.605343731999938
              ],
              [
                -69.85665235399989,
                -14.607257857999969
              ],
              [
                -69.85522660500004,
                -14.611503856999889
              ],
              [
                -69.85560835399991,
                -14.61420973199995
              ],
              [
                -69.85785197899992,
                -14.615789481999855
              ],
              [
                -69.85988647999994,
                -14.620099731999971
              ],
              [
                -69.859101355,
                -14.62360098299996
              ],
              [
                -69.85699460399996,
                -14.62813848199994
              ],
              [
                -69.85634647899997,
                -14.632797356999959
              ],
              [
                -69.85691360499999,
                -14.640494731999922
              ],
              [
                -69.85602235499988,
                -14.643128106999939
              ],
              [
                -69.85702135400004,
                -14.647049356999844
              ],
              [
                -69.8544114789999,
                -14.652115606999871
              ],
              [
                -69.84859460400003,
                -14.655800106999948
              ],
              [
                -69.84936922999998,
                -14.661561606999953
              ],
              [
                -69.85234672999997,
                -14.66549585699994
              ],
              [
                -69.85200135499991,
                -14.668824606999976
              ],
              [
                -69.850135605,
                -14.673222481999971
              ],
              [
                -69.85020222999998,
                -14.675721106999902
              ],
              [
                -69.85256772900004,
                -14.68071860699996
              ],
              [
                -69.85707247899984,
                -14.683354607999945
              ],
              [
                -69.85866460499994,
                -14.685549481999885
              ],
              [
                -69.85787260499978,
                -14.687997732999975
              ],
              [
                -69.85442072899997,
                -14.692077356999903
              ],
              [
                -69.853862854,
                -14.69521548199998
              ],
              [
                -69.855083229,
                -14.698911481999971
              ],
              [
                -69.85508323,
                -14.702642356999945
              ],
              [
                -69.85131747999998,
                -14.707767856999908
              ],
              [
                -69.84790035399988,
                -14.715857357999823
              ],
              [
                -69.84817935399985,
                -14.720041481999885
              ],
              [
                -69.84123910400001,
                -14.72266585799997
              ],
              [
                -69.84076397999985,
                -14.724907732999895
              ],
              [
                -69.83869660499988,
                -14.727632106999977
              ],
              [
                -69.83838747999988,
                -14.732713482999884
              ],
              [
                -69.8363973549998,
                -14.73752448199997
              ],
              [
                -69.83690497899988,
                -14.742659107999884
              ],
              [
                -69.84741035399992,
                -14.755860231999975
              ],
              [
                -69.85088960400003,
                -14.757256356999903
              ],
              [
                -69.85415697899992,
                -14.760787606999884
              ],
              [
                -69.85426172999996,
                -14.765937481999913
              ],
              [
                -69.85306635500001,
                -14.771964856999944
              ],
              [
                -69.85814473,
                -14.777248357999952
              ],
              [
                -69.85492985399992,
                -14.780552231999934
              ],
              [
                -69.85001147999992,
                -14.78846798199993
              ],
              [
                -69.849671979,
                -14.790257607999933
              ],
              [
                -69.86033022899989,
                -14.797884481999915
              ],
              [
                -69.90075385399996,
                -14.827275356999905
              ],
              [
                -69.90412797999988,
                -14.832025481999835
              ],
              [
                -69.90421310399984,
                -14.835464357999967
              ],
              [
                -69.90129673000001,
                -14.846768606999944
              ],
              [
                -69.90043360399983,
                -14.849047356999847
              ],
              [
                -69.89763322999994,
                -14.8513003569999
              ],
              [
                -69.9001551049999,
                -14.854534731999934
              ],
              [
                -69.91010460399986,
                -14.862746231999893
              ],
              [
                -69.91162247999978,
                -14.86528973299994
              ],
              [
                -69.91486335399986,
                -14.8650231069999
              ],
              [
                -69.92224447999996,
                -14.862401232999957
              ],
              [
                -69.92467160499996,
                -14.859957982999958
              ],
              [
                -69.93057572999999,
                -14.851395232999948
              ],
              [
                -69.93689847899998,
                -14.843458231999875
              ],
              [
                -69.94005047999991,
                -14.843117106999898
              ],
              [
                -69.94872985499995,
                -14.849752982999973
              ],
              [
                -69.95147810399999,
                -14.851204232999976
              ],
              [
                -69.96100885500005,
                -14.851747732999968
              ],
              [
                -69.96487435399985,
                -14.851065607999942
              ],
              [
                -69.96948997999993,
                -14.852048107999963
              ],
              [
                -69.97071422999988,
                -14.855602981999937
              ],
              [
                -69.97051760399995,
                -14.861154357999965
              ],
              [
                -69.97331448,
                -14.862468731999911
              ],
              [
                -69.97575197899988,
                -14.866115232999846
              ],
              [
                -69.9811621049999,
                -14.867388731999881
              ],
              [
                -69.98356497999993,
                -14.868656981999834
              ],
              [
                -69.98857810399983,
                -14.873097606999977
              ],
              [
                -69.98072985499982,
                -14.880758856999876
              ],
              [
                -69.97861635399983,
                -14.883997232999945
              ],
              [
                -69.97669147900001,
                -14.889282606999927
              ],
              [
                -69.97646298,
                -14.900081732999979
              ],
              [
                -69.97690760499995,
                -14.905370981999965
              ],
              [
                -69.9698116049999,
                -14.917809732999956
              ],
              [
                -69.96592472999998,
                -14.92544510699986
              ],
              [
                -69.96964222999992,
                -14.927696107999964
              ],
              [
                -69.97048935399994,
                -14.93462998299998
              ],
              [
                -69.97610547900001,
                -14.944005856999922
              ],
              [
                -69.97516447999988,
                -14.94617398299988
              ],
              [
                -69.97213060499985,
                -14.948774482999966
              ],
              [
                -69.965443854,
                -14.953294232999895
              ],
              [
                -69.96092410499995,
                -14.958061607999923
              ],
              [
                -69.95925248000003,
                -14.960723981999934
              ],
              [
                -69.95837597899981,
                -14.966144732999908
              ],
              [
                -69.96131873000002,
                -14.968719606999969
              ],
              [
                -69.96226460499986,
                -14.971084356999881
              ],
              [
                -69.96226460499986,
                -14.975656106999963
              ],
              [
                -69.95981710499984,
                -14.979596482999966
              ],
              [
                -69.96145235499995,
                -14.986694981999904
              ],
              [
                -69.96304072899977,
                -14.989139857999874
              ],
              [
                -69.96696885499989,
                -14.992422357999885
              ],
              [
                -69.96661885499987,
                -14.993598357999929
              ],
              [
                -69.96334310499992,
                -14.995730858
              ],
              [
                -69.96259560499988,
                -14.998852732999978
              ],
              [
                -69.96427172999984,
                -15.007914607999965
              ],
              [
                -69.96344972999992,
                -15.015605982999887
              ],
              [
                -69.96786522899987,
                -15.024874982999961
              ],
              [
                -69.96689647900001,
                -15.029646982999907
              ],
              [
                -69.9592702299999,
                -15.037835607999966
              ],
              [
                -69.95662035399994,
                -15.042212481999968
              ],
              [
                -69.95346410499991,
                -15.045308982999927
              ],
              [
                -69.95117160499984,
                -15.051561482999944
              ],
              [
                -69.94733072899993,
                -15.055045106999955
              ],
              [
                -69.94331122999989,
                -15.056980482999961
              ],
              [
                -69.93556997899992,
                -15.058409607999977
              ],
              [
                -69.929496105,
                -15.058528731999957
              ],
              [
                -69.92229072899988,
                -15.05915398299993
              ],
              [
                -69.92133797999992,
                -15.061863357999982
              ],
              [
                -69.92450947999987,
                -15.066608731999963
              ],
              [
                -69.92407047899997,
                -15.06955660799997
              ],
              [
                -69.91889647999989,
                -15.072671232999937
              ],
              [
                -69.9169828549999,
                -15.074699732999932
              ],
              [
                -69.91604210399987,
                -15.079529357999945
              ],
              [
                -69.92117485499983,
                -15.085279982999964
              ],
              [
                -69.92225147999983,
                -15.088623981999945
              ],
              [
                -69.92187773,
                -15.090980607999882
              ],
              [
                -69.9172832299999,
                -15.097923857999831
              ],
              [
                -69.91407185499992,
                -15.099036106999847
              ],
              [
                -69.91110610500004,
                -15.095081731999926
              ],
              [
                -69.90657772999998,
                -15.098664106999877
              ],
              [
                -69.90558197899992,
                -15.104279481999981
              ],
              [
                -69.90251147999982,
                -15.105441232999908
              ],
              [
                -69.90151573000003,
                -15.108677607999823
              ],
              [
                -69.89825698000004,
                -15.110800982999933
              ],
              [
                -69.89453698,
                -15.108078607999914
              ],
              [
                -69.88855197899994,
                -15.105709607999927
              ],
              [
                -69.88472835499988,
                -15.102779356999918
              ],
              [
                -69.87660935499991,
                -15.108755856999892
              ],
              [
                -69.87925197899989,
                -15.11515285799993
              ],
              [
                -69.88352085399987,
                -15.121693232999917
              ],
              [
                -69.88681073000004,
                -15.125962232999882
              ],
              [
                -69.8911187289998,
                -15.130035232999944
              ],
              [
                -69.89131460399983,
                -15.131875856999898
              ],
              [
                -69.89005622999997,
                -15.135476107999978
              ],
              [
                -69.89005622899998,
                -15.13823210799984
              ],
              [
                -69.89170985499993,
                -15.141759732999958
              ],
              [
                -69.896634479,
                -15.146752732999971
              ],
              [
                -69.89770297999985,
                -15.153242232999844
              ],
              [
                -69.89798247999988,
                -15.161492232999876
              ],
              [
                -69.90013085499993,
                -15.166203107999934
              ],
              [
                -69.90030660499997,
                -15.170482482999887
              ],
              [
                -69.89934572999988,
                -15.17493948299989
              ],
              [
                -69.8969307289999,
                -15.18082173299996
              ],
              [
                -69.886746979,
                -15.19045185799996
              ],
              [
                -69.88256635399995,
                -15.193482606999908
              ],
              [
                -69.88006847999986,
                -15.197966357999917
              ],
              [
                -69.88013910499984,
                -15.199377357999936
              ],
              [
                -69.88246735500002,
                -15.202763857999912
              ],
              [
                -69.88734522999994,
                -15.205824857999971
              ],
              [
                -69.88966722999987,
                -15.203929482000035
              ],
              [
                -69.89250360499989,
                -15.203174107999928
              ],
              [
                -69.8981502289999,
                -15.203743232999955
              ],
              [
                -69.90565522899988,
                -15.199650107999958
              ],
              [
                -69.91069522999987,
                -15.195920857999965
              ],
              [
                -69.912815605,
                -15.192580982999914
              ],
              [
                -69.91242860499995,
                -15.190295107999873
              ],
              [
                -69.91447122999983,
                -15.187656232999927
              ],
              [
                -69.91530622899984,
                -15.18468360699984
              ],
              [
                -69.91837485399981,
                -15.18419323299986
              ],
              [
                -69.91935210399993,
                -15.182457107999937
              ],
              [
                -69.91929122899978,
                -15.177837607999948
              ],
              [
                -69.92131622999989,
                -15.174289981999891
              ],
              [
                -69.92321835399997,
                -15.173035231999904
              ],
              [
                -69.92774585399985,
                -15.167057482999837
              ],
              [
                -69.92634535499991,
                -15.162133857999947
              ],
              [
                -69.92787297899991,
                -15.158481731999927
              ],
              [
                -69.93166272899987,
                -15.15634198299989
              ],
              [
                -69.93261410499997,
                -15.153918982999869
              ],
              [
                -69.93076947999992,
                -15.150786607999976
              ],
              [
                -69.93090710499996,
                -15.14918835799989
              ],
              [
                -69.93581422999989,
                -15.152711482999962
              ],
              [
                -69.94008048,
                -15.152092232999905
              ],
              [
                -69.94318623000004,
                -15.15253423299987
              ],
              [
                -69.94649022999977,
                -15.150993357999937
              ],
              [
                -69.94964647899997,
                -15.151826357999937
              ],
              [
                -69.95109310499993,
                -15.153696482999862
              ],
              [
                -69.95018398000002,
                -15.157540482999934
              ],
              [
                -69.95051660399992,
                -15.162516731999915
              ],
              [
                -69.95422510499998,
                -15.167171357999848
              ],
              [
                -69.95370235399992,
                -15.168934357999944
              ],
              [
                -69.95553835399994,
                -15.174811232999957
              ],
              [
                -69.95685360499988,
                -15.172497857999929
              ],
              [
                -69.96271172999997,
                -15.167621607999877
              ],
              [
                -69.96396210399996,
                -15.165204982999967
              ],
              [
                -69.96643547999997,
                -15.164188981999928
              ],
              [
                -69.96760672999989,
                -15.161408731999927
              ],
              [
                -69.97344360499994,
                -15.155910981999966
              ],
              [
                -69.97503935499998,
                -15.153606107999906
              ],
              [
                -69.97644160399983,
                -15.149365607999982
              ],
              [
                -69.97547597999989,
                -15.144734232999951
              ],
              [
                -69.97658072899998,
                -15.138543607999964
              ],
              [
                -69.97471123000003,
                -15.135021732999974
              ],
              [
                -69.97562922999987,
                -15.134034356999962
              ],
              [
                -69.97804672999996,
                -15.125830232999817
              ],
              [
                -69.97938222899995,
                -15.12247573299993
              ],
              [
                -69.98349185500001,
                -15.121130482999888
              ],
              [
                -69.98636422999982,
                -15.122054482999943
              ],
              [
                -69.98719760499984,
                -15.11908823199991
              ],
              [
                -69.98697060399996,
                -15.11598348299998
              ],
              [
                -69.98874197999999,
                -15.112916981999945
              ],
              [
                -69.98708835499986,
                -15.111038982999958
              ],
              [
                -69.988585355,
                -15.108917232999943
              ],
              [
                -69.99377360499983,
                -15.113412732999905
              ],
              [
                -69.99318622999982,
                -15.118320481999831
              ],
              [
                -69.98959222899998,
                -15.119448982999927
              ],
              [
                -69.99168935499995,
                -15.124778857999956
              ],
              [
                -69.99092997899993,
                -15.128239357999917
              ],
              [
                -69.99458822999992,
                -15.131084357999953
              ],
              [
                -69.99541185500004,
                -15.136902856999882
              ],
              [
                -69.99715735499979,
                -15.140189357999873
              ],
              [
                -69.99543685499998,
                -15.142154232999928
              ],
              [
                -69.99549672999979,
                -15.145132107999927
              ],
              [
                -69.99308597999988,
                -15.149301982999873
              ],
              [
                -69.99263810499986,
                -15.153307857999948
              ],
              [
                -69.99329797999991,
                -15.156559357999924
              ],
              [
                -69.99142622999995,
                -15.160462356999915
              ],
              [
                -69.9900193549999,
                -15.16744235699997
              ],
              [
                -69.99599335499983,
                -15.166590232999965
              ],
              [
                -69.99745310399999,
                -15.165200357999936
              ],
              [
                -70.002250355,
                -15.163796232999914
              ],
              [
                -70.00555272999986,
                -15.160570857999858
              ],
              [
                -70.00924610499999,
                -15.158255857999961
              ],
              [
                -70.0116431049999,
                -15.15252985799998
              ],
              [
                -70.01581172999994,
                -15.15173460799997
              ],
              [
                -70.02027272899983,
                -15.150207981999984
              ],
              [
                -70.01959497999997,
                -15.147518606999938
              ],
              [
                -70.01634710399992,
                -15.145528357999922
              ],
              [
                -70.01974360500003,
                -15.14428548299992
              ],
              [
                -70.02621848000001,
                -15.145420607999881
              ],
              [
                -70.02506697999985,
                -15.14859385699998
              ],
              [
                -70.02035547999992,
                -15.153633857999921
              ],
              [
                -70.0196562299999,
                -15.15926448199997
              ],
              [
                -70.02595722999996,
                -15.158285982999814
              ],
              [
                -70.02591372899991,
                -15.155252731999838
              ],
              [
                -70.02681110499992,
                -15.151172482999925
              ],
              [
                -70.02702535399987,
                -15.14495035699997
              ],
              [
                -70.02962185499996,
                -15.142352607999953
              ],
              [
                -70.02945310499985,
                -15.140378732999977
              ],
              [
                -70.03278047999999,
                -15.132022732999872
              ],
              [
                -70.03462660499997,
                -15.129649732999894
              ],
              [
                -70.0391663549999,
                -15.126778107999883
              ],
              [
                -70.03799035500003,
                -15.12318473199997
              ],
              [
                -70.0349167299999,
                -15.123387857999887
              ],
              [
                -70.033860355,
                -15.120489232999944
              ],
              [
                -70.03424372999984,
                -15.118601732999934
              ],
              [
                -70.03764022899992,
                -15.113758982999968
              ],
              [
                -70.04281622999991,
                -15.112800606999883
              ],
              [
                -70.0449518549998,
                -15.11065835699992
              ],
              [
                -70.05321235399998,
                -15.112062107999975
              ],
              [
                -70.0568751049999,
                -15.116094731999965
              ],
              [
                -70.05552597999991,
                -15.118585357999962
              ],
              [
                -70.05688547999995,
                -15.120234857999947
              ],
              [
                -70.0609071049999,
                -15.12068098299983
              ],
              [
                -70.06298947999983,
                -15.11876998299988
              ],
              [
                -70.06689835500003,
                -15.12067848299995
              ],
              [
                -70.07317247999993,
                -15.125513356999875
              ],
              [
                -70.0776228549999,
                -15.129869982999935
              ],
              [
                -70.08014210499982,
                -15.133324856999877
              ],
              [
                -70.08352360499998,
                -15.136323107999885
              ],
              [
                -70.08777122899983,
                -15.137072357999898
              ],
              [
                -70.08915648000004,
                -15.140147356999933
              ],
              [
                -70.09166885499991,
                -15.14289298299991
              ],
              [
                -70.09329222899993,
                -15.146476106999899
              ],
              [
                -70.09620547999992,
                -15.14721710799995
              ],
              [
                -70.1006363539999,
                -15.146581732999948
              ],
              [
                -70.10504110499983,
                -15.143990607999967
              ],
              [
                -70.10797535499995,
                -15.143872482999882
              ],
              [
                -70.11201960400001,
                -15.147825607999948
              ],
              [
                -70.117108605,
                -15.147147732999883
              ],
              [
                -70.11834385499986,
                -15.149089856999979
              ],
              [
                -70.11866472999986,
                -15.151994732999924
              ],
              [
                -70.11631360499985,
                -15.156971107999823
              ],
              [
                -70.11697635499996,
                -15.165220482999814
              ],
              [
                -70.11616435400003,
                -15.167929982999908
              ],
              [
                -70.1139848549999,
                -15.169135732999905
              ],
              [
                -70.10897472999989,
                -15.17024110799997
              ],
              [
                -70.10738022999976,
                -15.173021982999956
              ],
              [
                -70.1006817299999,
                -15.175916607999909
              ],
              [
                -70.09819772999992,
                -15.177522482999905
              ],
              [
                -70.08805997999991,
                -15.18261948299994
              ],
              [
                -70.07655447999997,
                -15.189510607999978
              ],
              [
                -70.06965060499977,
                -15.19121923299997
              ],
              [
                -70.06779622999989,
                -15.19243723299985
              ],
              [
                -70.06054360499985,
                -15.194047107999893
              ],
              [
                -70.05835510399987,
                -15.191699106999977
              ],
              [
                -70.05150535499996,
                -15.193816857999934
              ],
              [
                -70.04406635499987,
                -15.194025357999976
              ],
              [
                -70.03897335499983,
                -15.193472357999951
              ],
              [
                -70.03512785499981,
                -15.19584585799987
              ],
              [
                -70.03267885500003,
                -15.196313231999909
              ],
              [
                -70.02765510499984,
                -15.194856481999977
              ],
              [
                -70.01882885399982,
                -15.197021107999944
              ],
              [
                -70.01410435399998,
                -15.196532482999942
              ],
              [
                -70.00673572999995,
                -15.198593482999911
              ],
              [
                -70.00187585499992,
                -15.201299356999982
              ],
              [
                -69.99867797999991,
                -15.201629857999876
              ],
              [
                -69.99629972900004,
                -15.203341357999932
              ],
              [
                -69.99504698000004,
                -15.205496358
              ],
              [
                -69.99158472999983,
                -15.20708710699995
              ],
              [
                -69.98997848,
                -15.204597732999957
              ],
              [
                -69.98677535399997,
                -15.20706010799995
              ],
              [
                -69.98578760499987,
                -15.206246107999846
              ],
              [
                -69.97954385499992,
                -15.207864106999978
              ],
              [
                -69.9777391049999,
                -15.207822981999925
              ],
              [
                -69.97493573000003,
                -15.204988232999938
              ],
              [
                -69.97297447899984,
                -15.205496607999919
              ],
              [
                -69.97156160399993,
                -15.207599107999954
              ],
              [
                -69.96511085499998,
                -15.207669482999847
              ],
              [
                -69.96397322899992,
                -15.211623232999955
              ],
              [
                -69.96516397999994,
                -15.213862982999899
              ],
              [
                -69.96281897899996,
                -15.214946856999973
              ],
              [
                -69.95683747899994,
                -15.216051482999887
              ],
              [
                -69.95181922999996,
                -15.219721357999958
              ],
              [
                -69.94862360399998,
                -15.220711107999932
              ],
              [
                -69.94529822999982,
                -15.220159857999818
              ],
              [
                -69.94825735499995,
                -15.21659273299997
              ],
              [
                -69.9494376049999,
                -15.213663857999961
              ],
              [
                -69.9520608549999,
                -15.211859982999897
              ],
              [
                -69.95330235499983,
                -15.213192482999943
              ],
              [
                -69.95604722899986,
                -15.212013357999979
              ],
              [
                -69.95976023000003,
                -15.203882107999902
              ],
              [
                -69.96176710499998,
                -15.203431856999941
              ],
              [
                -69.96102747999998,
                -15.200435482999922
              ],
              [
                -69.96569422999994,
                -15.196649107999974
              ],
              [
                -69.96342010399997,
                -15.195451983
              ],
              [
                -69.95830260500003,
                -15.197063731999947
              ],
              [
                -69.95734622999987,
                -15.198835857999939
              ],
              [
                -69.95701297999983,
                -15.202989357999854
              ],
              [
                -69.95011547899986,
                -15.20920035699993
              ],
              [
                -69.94851947999996,
                -15.20953273299989
              ],
              [
                -69.94489972999997,
                -15.206186607999882
              ],
              [
                -69.94382072999986,
                -15.201995857999975
              ],
              [
                -69.94779535399982,
                -15.197538982999902
              ],
              [
                -69.9483277299999,
                -15.193490857999961
              ],
              [
                -69.945976729,
                -15.192656357999965
              ],
              [
                -69.94530272999992,
                -15.195765607999817
              ],
              [
                -69.94185047899992,
                -15.200633232999962
              ],
              [
                -69.93767560499998,
                -15.20412785699989
              ],
              [
                -69.93446797999997,
                -15.20884923299991
              ],
              [
                -69.93619997999991,
                -15.212407106999876
              ],
              [
                -69.93583297899977,
                -15.216535982999915
              ],
              [
                -69.93273422999988,
                -15.22236660699997
              ],
              [
                -69.92919260400004,
                -15.221674483000015
              ],
              [
                -69.929982355,
                -15.21863473299993
              ],
              [
                -69.92728235499999,
                -15.216782357999875
              ],
              [
                -69.92749460499994,
                -15.211827732999893
              ],
              [
                -69.92560497999983,
                -15.21168073299998
              ],
              [
                -69.92640710499995,
                -15.216519232999929
              ],
              [
                -69.92320922999977,
                -15.217848856999922
              ],
              [
                -69.92201047999987,
                -15.215695607999919
              ],
              [
                -69.91581297999983,
                -15.211616857999957
              ],
              [
                -69.91050422999996,
                -15.211143482999944
              ],
              [
                -69.9038274799999,
                -15.217800982999961
              ],
              [
                -69.8986696039999,
                -15.21651473299994
              ],
              [
                -69.89763360399996,
                -15.211229231999937
              ],
              [
                -69.89485385499984,
                -15.21011885799993
              ],
              [
                -69.893331354,
                -15.20529660799997
              ],
              [
                -69.88774310399992,
                -15.206932606999885
              ],
              [
                -69.89240823,
                -15.206681607999883
              ],
              [
                -69.89434760499995,
                -15.211044981999976
              ],
              [
                -69.89588285499997,
                -15.211851607999904
              ],
              [
                -69.89685997999999,
                -15.217972732999954
              ],
              [
                -69.89610797999995,
                -15.224467107999942
              ],
              [
                -69.89887235499998,
                -15.23082973299995
              ],
              [
                -69.90322685499984,
                -15.235645357999886
              ],
              [
                -69.90676597899994,
                -15.23386060699994
              ],
              [
                -69.91376685499984,
                -15.233452857999964
              ],
              [
                -69.92074035400003,
                -15.23250123299988
              ],
              [
                -69.92446510399992,
                -15.233697482999844
              ],
              [
                -69.92624585499993,
                -15.235342357999968
              ],
              [
                -69.93020397899994,
                -15.242717107999965
              ],
              [
                -69.93359972899998,
                -15.241580107999937
              ],
              [
                -69.93883997999995,
                -15.241829982999946
              ],
              [
                -69.94077985399997,
                -15.240349982999874
              ],
              [
                -69.94085810399997,
                -15.238254232999907
              ],
              [
                -69.94735160499988,
                -15.243039106999959
              ],
              [
                -69.95591597999993,
                -15.247564482999962
              ],
              [
                -69.96314647999998,
                -15.25103910799993
              ],
              [
                -69.9663788549999,
                -15.253542982999875
              ],
              [
                -69.97025785499989,
                -15.25742185799993
              ],
              [
                -69.98294335499992,
                -15.264693357999931
              ],
              [
                -69.98791422999989,
                -15.269601857999874
              ],
              [
                -69.99081310500003,
                -15.27176810799989
              ],
              [
                -69.99358460500002,
                -15.272883107999974
              ],
              [
                -69.99705697999991,
                -15.275750106999965
              ],
              [
                -70.00196298000003,
                -15.286422107999897
              ],
              [
                -70.00549897999986,
                -15.290244857999937
              ],
              [
                -70.00586035499998,
                -15.292411982999909
              ],
              [
                -70.00289797999994,
                -15.295811482999909
              ],
              [
                -70.00275222999994,
                -15.2992594829999
              ],
              [
                -70.00425772999989,
                -15.308777982999914
              ],
              [
                -70.00374610499978,
                -15.314777357999901
              ],
              [
                -70.00418560399999,
                -15.316777356999921
              ],
              [
                -70.00635160399997,
                -15.31904498299997
              ],
              [
                -70.00567560399998,
                -15.323958982999955
              ],
              [
                -70.00574172999995,
                -15.327515107999943
              ],
              [
                -69.99928785499992,
                -15.33242573299998
              ],
              [
                -69.99740485500001,
                -15.336669482999923
              ],
              [
                -69.99179160499989,
                -15.344024732999912
              ],
              [
                -69.988759104,
                -15.346003357999962
              ],
              [
                -69.98874172999996,
                -15.349940232999927
              ],
              [
                -69.99035522899999,
                -15.352582607999977
              ],
              [
                -69.990375729,
                -15.355599232999964
              ],
              [
                -69.98745560399988,
                -15.359738107999931
              ],
              [
                -69.98752535399996,
                -15.362503857999968
              ],
              [
                -69.98565497899983,
                -15.3700503579999
              ],
              [
                -69.98392460499991,
                -15.371219607999933
              ],
              [
                -69.97770810399999,
                -15.37877723299988
              ],
              [
                -69.97498297999994,
                -15.384498607999944
              ],
              [
                -69.97585835399991,
                -15.387219607999953
              ],
              [
                -69.98141835499996,
                -15.390863232999891
              ],
              [
                -69.98229372899982,
                -15.391714982999929
              ],
              [
                -69.98262497900004,
                -15.392282732999831
              ],
              [
                -69.98385535399996,
                -15.393229107999957
              ],
              [
                -69.98872922999982,
                -15.392046107999874
              ],
              [
                -69.992183479,
                -15.391927857999974
              ],
              [
                -69.99549597999999,
                -15.392850607999833
              ],
              [
                -69.99880822999984,
                -15.394530482999926
              ],
              [
                -70.00526735499994,
                -15.40245648299998
              ],
              [
                -70.00708910499998,
                -15.402740357999903
              ],
              [
                -70.01086860399994,
                -15.399957607999966
              ],
              [
                -70.01872435399997,
                -15.397993607999922
              ],
              [
                -70.02143022900003,
                -15.398874232999958
              ],
              [
                -70.02545447999984,
                -15.398367732999873
              ],
              [
                -70.02755510499992,
                -15.39660298299998
              ],
              [
                -70.02992347999987,
                -15.39199623299993
              ],
              [
                -70.03174022999991,
                -15.390828357999908
              ],
              [
                -70.03238497999996,
                -15.387912732999837
              ],
              [
                -70.03311485499995,
                -15.385479607999969
              ],
              [
                -70.03522360499983,
                -15.380897232999871
              ],
              [
                -70.03975797999982,
                -15.375232607999976
              ],
              [
                -70.04427847999983,
                -15.372294357999863
              ],
              [
                -70.04704722999986,
                -15.370203482999955
              ],
              [
                -70.04749922999997,
                -15.368677982999941
              ],
              [
                -70.04774397999995,
                -15.362294732999828
              ],
              [
                -70.04841510499989,
                -15.35879985799994
              ],
              [
                -70.05101098,
                -15.35427448299987
              ],
              [
                -70.05401885499992,
                -15.353709107999975
              ],
              [
                -70.06437097899999,
                -15.352948732999948
              ],
              [
                -70.06635947999985,
                -15.353416607999861
              ],
              [
                -70.06951785499996,
                -15.356399482999905
              ],
              [
                -70.07296535499984,
                -15.360560857999872
              ],
              [
                -70.07889722999994,
                -15.367539482999973
              ],
              [
                -70.08581785499985,
                -15.373529607999842
              ],
              [
                -70.09099372999998,
                -15.3791126079999
              ],
              [
                -70.09488148208487,
                -15.383893262272466
              ],
              [
                -70.0962082983906,
                -15.381935381800872
              ],
              [
                -70.09594224683389,
                -15.375600006393881
              ],
              [
                -70.10251135094302,
                -15.359811757090938
              ],
              [
                -70.10600507413182,
                -15.349068531018645
              ],
              [
                -70.10602299999988,
                -15.348811
              ],
              [
                -70.106033,
                -15.348775
              ],
              [
                -70.1060389999999,
                -15.348756999999864
              ],
              [
                -70.106056,
                -15.348702
              ],
              [
                -70.10613599999982,
                -15.348464999999862
              ],
              [
                -70.10614999999984,
                -15.348426999999845
              ],
              [
                -70.10617499999978,
                -15.348350999999866
              ],
              [
                -70.106186,
                -15.348314
              ],
              [
                -70.10621599999979,
                -15.348204
              ],
              [
                -70.10622799999982,
                -15.348166
              ],
              [
                -70.106642,
                -15.346882999999877
              ],
              [
                -70.106665,
                -15.346809999999891
              ],
              [
                -70.10668,
                -15.346756999999855
              ],
              [
                -70.10668799999985,
                -15.346732
              ],
              [
                -70.106709,
                -15.34667
              ],
              [
                -70.10671799999983,
                -15.346645
              ],
              [
                -70.10676399999983,
                -15.346496
              ],
              [
                -70.10677299999986,
                -15.346470999999895
              ],
              [
                -70.10681,
                -15.346371
              ],
              [
                -70.10681899999986,
                -15.346345999999869
              ],
              [
                -70.106895,
                -15.346108
              ],
              [
                -70.10690199999988,
                -15.346081999999797
              ],
              [
                -70.10690599999987,
                -15.346068
              ],
              [
                -70.10691299999974,
                -15.346041
              ],
              [
                -70.10692899999981,
                -15.345989
              ],
              [
                -70.10693799999984,
                -15.345963999999867
              ],
              [
                -70.10694699999988,
                -15.345938999999873
              ],
              [
                -70.106966,
                -15.345876999999803
              ],
              [
                -70.10697299999981,
                -15.345851999999866
              ],
              [
                -70.10698099999985,
                -15.345828
              ],
              [
                -70.10698899999988,
                -15.345803999999873
              ],
              [
                -70.10710299999982,
                -15.345493
              ],
              [
                -70.1071339999998,
                -15.345389999999895
              ],
              [
                -70.12354964245708,
                -15.33725689709621
              ],
              [
                -70.1320809999998,
                -15.334063999999898
              ],
              [
                -70.13213699999983,
                -15.334171999999796
              ],
              [
                -70.132646,
                -15.335136999999861
              ],
              [
                -70.132693,
                -15.335245
              ],
              [
                -70.13300499999986,
                -15.336156
              ],
              [
                -70.13303299999978,
                -15.336238
              ],
              [
                -70.133509,
                -15.336361999999895
              ],
              [
                -70.1336579999998,
                -15.336352
              ],
              [
                -70.134711,
                -15.336463999999808
              ],
              [
                -70.134833,
                -15.336481999999876
              ],
              [
                -70.13542999999987,
                -15.336741
              ],
              [
                -70.13556099999988,
                -15.336821
              ],
              [
                -70.135785,
                -15.336983
              ],
              [
                -70.135944,
                -15.337090999999816
              ],
              [
                -70.13735799999989,
                -15.338367
              ],
              [
                -70.1374609999998,
                -15.33843
              ],
              [
                -70.138273,
                -15.338796
              ],
              [
                -70.138357,
                -15.338822999999877
              ],
              [
                -70.1386559999998,
                -15.339029
              ],
              [
                -70.138768,
                -15.339100999999857
              ],
              [
                -70.138974,
                -15.339254
              ],
              [
                -70.13908599999985,
                -15.339325
              ],
              [
                -70.13914199999988,
                -15.339361
              ],
              [
                -70.139236,
                -15.339442
              ],
              [
                -70.139788,
                -15.339864
              ],
              [
                -70.139937,
                -15.339981
              ],
              [
                -70.1411999999998,
                -15.340869
              ],
              [
                -70.14130299999988,
                -15.34095
              ],
              [
                -70.14166699999981,
                -15.341200999999899
              ],
              [
                -70.1417699999999,
                -15.341273
              ],
              [
                -70.14285499999988,
                -15.342
              ],
              [
                -70.142976,
                -15.342089999999814
              ],
              [
                -70.1437439999998,
                -15.342745
              ],
              [
                -70.14382799999981,
                -15.342817
              ],
              [
                -70.1439309999999,
                -15.342888999999843
              ],
              [
                -70.144642,
                -15.343437
              ],
              [
                -70.14475399999986,
                -15.343518
              ],
              [
                -70.14512799999983,
                -15.343796
              ],
              [
                -70.14522199999988,
                -15.343868
              ],
              [
                -70.14672699999988,
                -15.344954
              ],
              [
                -70.14683899999983,
                -15.34501699999987
              ],
              [
                -70.14728799999983,
                -15.34525799999983
              ],
              [
                -70.147391,
                -15.345366
              ],
              [
                -70.14762499999983,
                -15.345519
              ],
              [
                -70.14771799999988,
                -15.345618
              ],
              [
                -70.1491489999998,
                -15.346712999999852
              ],
              [
                -70.14934599999987,
                -15.346866
              ],
              [
                -70.149599,
                -15.347099999999898
              ],
              [
                -70.14973,
                -15.347198
              ],
              [
                -70.151564,
                -15.348679999999888
              ],
              [
                -70.15171299999986,
                -15.348779
              ],
              [
                -70.15185299999973,
                -15.348886999999877
              ],
              [
                -70.15199399999983,
                -15.349003999999866
              ],
              [
                -70.15269599999982,
                -15.349559999999883
              ],
              [
                -70.15278899999981,
                -15.349631999999872
              ],
              [
                -70.15310699999975,
                -15.349893
              ],
              [
                -70.1532009999998,
                -15.349982999999895
              ],
              [
                -70.1534909999998,
                -15.350198
              ],
              [
                -70.15356599999978,
                -15.350260999999875
              ],
              [
                -70.15433299999984,
                -15.350881
              ],
              [
                -70.15441699999985,
                -15.350943
              ],
              [
                -70.1548659999998,
                -15.351294
              ],
              [
                -70.15488499999987,
                -15.351329999999791
              ],
              [
                -70.1550259999998,
                -15.351464999999848
              ],
              [
                -70.15512899999987,
                -15.351555
              ],
              [
                -70.15620499999983,
                -15.35255199999989
              ],
              [
                -70.15627999999981,
                -15.352624
              ],
              [
                -70.15636499999982,
                -15.352705
              ],
              [
                -70.1570289999998,
                -15.353316
              ],
              [
                -70.157104,
                -15.353361
              ],
              [
                -70.15725399999985,
                -15.353568
              ],
              [
                -70.15731,
                -15.353621999999802
              ],
              [
                -70.15862899999985,
                -15.354509999999891
              ],
              [
                -70.15874999999983,
                -15.354609
              ],
              [
                -70.1588809999999,
                -15.354681
              ],
              [
                -70.159021,
                -15.354743
              ],
              [
                -70.159152,
                -15.354797
              ],
              [
                -70.15924183630591,
                -15.354842534525346
              ],
              [
                -70.16122260499986,
                -15.335804732999975
              ],
              [
                -70.1628076049999,
                -15.328570107999894
              ],
              [
                -70.16279272999992,
                -15.324525357999903
              ],
              [
                -70.15780272999996,
                -15.325954982999974
              ],
              [
                -70.15504397999996,
                -15.32401673299995
              ],
              [
                -70.15206172999984,
                -15.317231857999957
              ],
              [
                -70.14913997999986,
                -15.314669857999888
              ],
              [
                -70.14808597999996,
                -15.312634732999925
              ],
              [
                -70.15084198,
                -15.310736232999943
              ],
              [
                -70.15218347999996,
                -15.308485857999926
              ],
              [
                -70.15278535499993,
                -15.304867107999826
              ],
              [
                -70.15413435499983,
                -15.299288607999927
              ],
              [
                -70.15621472999993,
                -15.2951962329999
              ],
              [
                -70.16048997999991,
                -15.292612732999942
              ],
              [
                -70.16300485399995,
                -15.29348160799998
              ],
              [
                -70.16599985499988,
                -15.297299607999946
              ],
              [
                -70.1703666049998,
                -15.299951607999901
              ],
              [
                -70.17377260399996,
                -15.302976982999951
              ],
              [
                -70.17565060499993,
                -15.302671857999883
              ],
              [
                -70.17829147999993,
                -15.300840857999845
              ],
              [
                -70.17951210499984,
                -15.300359607999894
              ],
              [
                -70.1877986049999,
                -15.299584857999946
              ],
              [
                -70.18958610499982,
                -15.300034607999919
              ],
              [
                -70.19543047999986,
                -15.299269607999975
              ],
              [
                -70.20366010499998,
                -15.299398482999948
              ],
              [
                -70.20428710499982,
                -15.298203107999825
              ],
              [
                -70.20536297999985,
                -15.294239606999952
              ],
              [
                -70.2063652299999,
                -15.288835982999899
              ],
              [
                -70.20699222999991,
                -15.28570310799995
              ],
              [
                -70.2081016049998,
                -15.267283232999887
              ],
              [
                -70.20898435499998,
                -15.26024998299988
              ],
              [
                -70.20795897999989,
                -15.257402357999922
              ],
              [
                -70.20903285499992,
                -15.251915607999877
              ],
              [
                -70.21613922999984,
                -15.252026607999937
              ],
              [
                -70.22113073000003,
                -15.251351357999908
              ],
              [
                -70.22738672999992,
                -15.251970732999837
              ],
              [
                -70.22717785499987,
                -15.245810357999915
              ],
              [
                -70.22596485499986,
                -15.23849023199989
              ],
              [
                -70.22668798,
                -15.231876482999894
              ],
              [
                -70.22677935500002,
                -15.226320357999896
              ],
              [
                -70.22591997999996,
                -15.223255856999913
              ],
              [
                -70.22597072999991,
                -15.219726481999942
              ],
              [
                -70.2275194799999,
                -15.212496107999982
              ],
              [
                -70.22757222999991,
                -15.209656232999919
              ],
              [
                -70.22968947999993,
                -15.201273482999966
              ],
              [
                -70.23333610500003,
                -15.19926760699991
              ],
              [
                -70.2423613549999,
                -15.190736357999981
              ],
              [
                -70.24533010499988,
                -15.186779356999978
              ],
              [
                -70.25423247999998,
                -15.1799784829999
              ],
              [
                -70.25979685499988,
                -15.17466210799995
              ],
              [
                -70.26597660499993,
                -15.16927348299987
              ],
              [
                -70.27107997999997,
                -15.166542732999972
              ],
              [
                -70.27490222999984,
                -15.165539857999931
              ],
              [
                -70.27879097999983,
                -15.167248107999967
              ],
              [
                -70.29859960499994,
                -15.167097607999949
              ],
              [
                -70.30282622999988,
                -15.166292982999892
              ],
              [
                -70.30856247999992,
                -15.16609185699997
              ],
              [
                -70.33432422999977,
                -15.166292982999892
              ],
              [
                -70.34081485499996,
                -15.165979857999957
              ],
              [
                -70.34525660499986,
                -15.166217857999982
              ],
              [
                -70.34966710499992,
                -15.167669982999882
              ],
              [
                -70.35626660499992,
                -15.163659982999945
              ],
              [
                -70.35700972999996,
                -15.160423482999931
              ],
              [
                -70.354879605,
                -15.158821732999911
              ],
              [
                -70.35213847999995,
                -15.158689732999903
              ],
              [
                -70.34913310499991,
                -15.155403606999982
              ],
              [
                -70.34954610499994,
                -15.14970673299996
              ],
              [
                -70.35179172999995,
                -15.146536232999836
              ],
              [
                -70.35573297999991,
                -15.146215481999945
              ],
              [
                -70.35971998000002,
                -15.144988732999934
              ],
              [
                -70.36119510500004,
                -15.142914856999937
              ],
              [
                -70.3606254799999,
                -15.139745856999923
              ],
              [
                -70.35906285499993,
                -15.13827073199991
              ],
              [
                -70.35672610499984,
                -15.13853348299989
              ],
              [
                -70.35240322999994,
                -15.140768107999975
              ],
              [
                -70.35018335500001,
                -15.140957857999865
              ],
              [
                -70.34793422999991,
                -15.139468232999889
              ],
              [
                -70.34726235499983,
                -15.135875607999822
              ],
              [
                -70.34901498,
                -15.132823231999964
              ],
              [
                -70.35142472999996,
                -15.130822482999974
              ],
              [
                -70.35523647999986,
                -15.131275107999954
              ],
              [
                -70.35789447999997,
                -15.130004481999947
              ],
              [
                -70.35901897999992,
                -15.126645607999933
              ],
              [
                -70.35909198000002,
                -15.122935981999888
              ],
              [
                -70.3571496049999,
                -15.121212732999936
              ],
              [
                -70.35311872999989,
                -15.120628482999905
              ],
              [
                -70.35005185499989,
                -15.121212731999947
              ],
              [
                -70.34717522999989,
                -15.120010107999917
              ],
              [
                -70.34833897999982,
                -15.115537482999969
              ],
              [
                -70.35258385500003,
                -15.116268857999899
              ],
              [
                -70.35684785499996,
                -15.118889483000032
              ],
              [
                -70.36016660499985,
                -15.116644731999884
              ],
              [
                -70.36015585499985,
                -15.11444298299989
              ],
              [
                -70.35846722999992,
                -15.106714981999971
              ],
              [
                -70.35527710499986,
                -15.098809981999977
              ],
              [
                -70.35264610499996,
                -15.094873107999831
              ],
              [
                -70.35158097999982,
                -15.091695606999906
              ],
              [
                -70.35211473000004,
                -15.087813106999931
              ],
              [
                -70.35160772999984,
                -15.085678357999939
              ],
              [
                -70.34747172999982,
                -15.082542982999882
              ],
              [
                -70.34779185500003,
                -15.080314857999895
              ],
              [
                -70.34525685499989,
                -15.075551732999884
              ],
              [
                -70.34461647999984,
                -15.072696482999902
              ],
              [
                -70.34564385499993,
                -15.071268857999826
              ],
              [
                -70.3492061049999,
                -15.069320982999955
              ],
              [
                -70.3548364799999,
                -15.061836107999966
              ],
              [
                -70.35494322999978,
                -15.056886232999943
              ],
              [
                -70.35607735499991,
                -15.05493823199987
              ],
              [
                -70.36005322999989,
                -15.050588732999927
              ],
              [
                -70.360680355,
                -15.048774231999971
              ],
              [
                -70.35934610499999,
                -15.046732856999881
              ],
              [
                -70.35545022999997,
                -15.045358607999958
              ],
              [
                -70.3538758549999,
                -15.043877731999942
              ],
              [
                -70.35339560499989,
                -15.041315982999947
              ],
              [
                -70.35478310500002,
                -15.039501481999935
              ],
              [
                -70.36072035500001,
                -15.039928482999926
              ],
              [
                -70.36364222999993,
                -15.037580232999971
              ],
              [
                -70.36398910499986,
                -15.035632107999959
              ],
              [
                -70.36280172999983,
                -15.032270106999874
              ],
              [
                -70.36026672999986,
                -15.031082607999963
              ],
              [
                -70.35743823099989,
                -15.032803856999976
              ],
              [
                -70.34939297999989,
                -15.034791732999963
              ],
              [
                -70.34749848000001,
                -15.034751731999961
              ],
              [
                -70.34507297999994,
                -15.03197148299995
              ],
              [
                -70.34891497999996,
                -15.029164732999902
              ],
              [
                -70.35413735499986,
                -15.027807356999858
              ],
              [
                -70.35711135499992,
                -15.023299106999957
              ],
              [
                -70.36095323,
                -15.021345482999948
              ],
              [
                -70.36257872999994,
                -15.019342481999956
              ],
              [
                -70.3650086049999,
                -15.0143512329999
              ],
              [
                -70.36494297999991,
                -15.01052560799991
              ],
              [
                -70.362831605,
                -15.00790485799996
              ],
              [
                -70.36125097999985,
                -15.003593732999946
              ],
              [
                -70.36079847999991,
                -14.999136982999971
              ],
              [
                -70.36392772999983,
                -14.99667910799991
              ],
              [
                -70.36776247999978,
                -14.996918107999875
              ],
              [
                -70.36971972999982,
                -14.998454232999961
              ],
              [
                -70.37110797999992,
                -15.002641856999901
              ],
              [
                -70.37373660499998,
                -15.003074107999964
              ],
              [
                -70.37650160499987,
                -15.001901982999982
              ],
              [
                -70.38144022999984,
                -15.001321857999926
              ],
              [
                -70.38355685499982,
                -14.999717357999941
              ],
              [
                -70.3841598549999,
                -14.99674735699989
              ],
              [
                -70.38299922999988,
                -14.994744607999905
              ],
              [
                -70.38050722999992,
                -14.99494948299997
              ],
              [
                -70.37709347999998,
                -14.996997732999887
              ],
              [
                -70.37430547999998,
                -14.996952231999956
              ],
              [
                -70.37086897999995,
                -14.994323606999899
              ],
              [
                -70.3728489799999,
                -14.990750607999928
              ],
              [
                -70.37661547999988,
                -14.992309482999872
              ],
              [
                -70.38071198,
                -14.992116106999958
              ],
              [
                -70.38059822999998,
                -14.989658107999958
              ],
              [
                -70.37562547999994,
                -14.98508373299984
              ],
              [
                -70.37590997999996,
                -14.982546106999905
              ],
              [
                -70.37795822999988,
                -14.98161310799992
              ],
              [
                -70.38321547999982,
                -14.982955856999979
              ],
              [
                -70.38697060599992,
                -14.983331357999873
              ],
              [
                -70.39027048000003,
                -14.981726857999888
              ],
              [
                -70.39150060500003,
                -14.979447357999959
              ],
              [
                -70.38583472999983,
                -14.97351235799988
              ],
              [
                -70.38815285499987,
                -14.971100857999943
              ],
              [
                -70.39159110499997,
                -14.971318732999919
              ],
              [
                -70.39703635499984,
                -14.97467923299996
              ],
              [
                -70.40063022999993,
                -14.969249482999942
              ],
              [
                -70.40170372999984,
                -14.968642731999921
              ],
              [
                -70.40176597999994,
                -14.9606303569999
              ],
              [
                -70.40539560499997,
                -14.958041356999843
              ],
              [
                -70.40663273099983,
                -14.959343983
              ],
              [
                -70.40796048099998,
                -14.963600732999907
              ],
              [
                -70.41058697999989,
                -14.965726857999982
              ],
              [
                -70.41739772999995,
                -14.96613623299993
              ],
              [
                -70.42041073000001,
                -14.965522231999842
              ],
              [
                -70.42140698000003,
                -14.961667356999897
              ],
              [
                -70.42582172999983,
                -14.960308982999948
              ],
              [
                -70.42780072999994,
                -14.958142607999946
              ],
              [
                -70.42857347999995,
                -14.954266606999965
              ],
              [
                -70.43042372999992,
                -14.951959731999978
              ],
              [
                -70.43514285599986,
                -14.951725357999862
              ],
              [
                -70.44019460499993,
                -14.954307982999921
              ],
              [
                -70.4424268549999,
                -14.953539482999929
              ],
              [
                -70.44771472999997,
                -14.949697107999896
              ],
              [
                -70.4482269799999,
                -14.947629481999968
              ],
              [
                -70.4450039799998,
                -14.94381773299989
              ],
              [
                -70.44891823,
                -14.94027048299995
              ],
              [
                -70.45382210500003,
                -14.940014732999941
              ],
              [
                -70.45698010499984,
                -14.939013982
              ],
              [
                -70.4613613549999,
                -14.934610482999972
              ],
              [
                -70.46536447999989,
                -14.93318710699998
              ],
              [
                -70.4655169809999,
                -14.928152732999877
              ],
              [
                -70.46759372999998,
                -14.92567773199994
              ],
              [
                -70.46621872999981,
                -14.92462698299994
              ],
              [
                -70.46608598,
                -14.918535106999911
              ],
              [
                -70.46702147999997,
                -14.91542973299994
              ],
              [
                -70.46380585599991,
                -14.909011482999915
              ],
              [
                -70.46374485499985,
                -14.904839232999961
              ],
              [
                -70.46248297999995,
                -14.899730731999966
              ],
              [
                -70.46107860599977,
                -14.897084857999971
              ],
              [
                -70.46111935499994,
                -14.891650606999917
              ],
              [
                -70.45895010499987,
                -14.88843198199993
              ],
              [
                -70.45642310499994,
                -14.88329985799993
              ],
              [
                -70.45598022999997,
                -14.880811981999955
              ],
              [
                -70.45146022999984,
                -14.877347106999878
              ],
              [
                -70.44884210499993,
                -14.874051606999956
              ],
              [
                -70.44386685499984,
                -14.870973232999972
              ],
              [
                -70.44111385599996,
                -14.86762585799994
              ],
              [
                -70.43657760499997,
                -14.858897482999964
              ],
              [
                -70.43667147999986,
                -14.855925357
              ],
              [
                -70.43986247999999,
                -14.853610357999912
              ],
              [
                -70.44152047999995,
                -14.848104231999969
              ],
              [
                -70.44393560499987,
                -14.845661231999884
              ],
              [
                -70.44287422999986,
                -14.84004985699994
              ],
              [
                -70.44318672999998,
                -14.83661310799988
              ],
              [
                -70.44224923099978,
                -14.832811731999982
              ],
              [
                -70.44969847999982,
                -14.827877856999919
              ],
              [
                -70.45315922999998,
                -14.827410231999977
              ],
              [
                -70.45407922999982,
                -14.823059356999977
              ],
              [
                -70.45213547999992,
                -14.817753357999948
              ],
              [
                -70.44912635499998,
                -14.812671106999915
              ],
              [
                -70.44726098000001,
                -14.806717107999873
              ],
              [
                -70.44661348,
                -14.800167856999963
              ],
              [
                -70.44511935499992,
                -14.7967312319999
              ],
              [
                -70.44554272999994,
                -14.787990481999941
              ],
              [
                -70.4405871059999,
                -14.783856731999947
              ],
              [
                -70.43822072999995,
                -14.780263731999923
              ],
              [
                -70.42681922999992,
                -14.770211106999966
              ],
              [
                -70.42585447999994,
                -14.757695731999945
              ],
              [
                -70.4239774799999,
                -14.75257660699998
              ],
              [
                -70.42295360499992,
                -14.747884106999948
              ],
              [
                -70.41979685499984,
                -14.742594357999963
              ],
              [
                -70.41834647999991,
                -14.737901856999827
              ],
              [
                -70.41713635499991,
                -14.731251731999976
              ],
              [
                -70.41634635499992,
                -14.730157857999927
              ],
              [
                -70.41184935499996,
                -14.72748398199991
              ],
              [
                -70.4042129799999,
                -14.72060685799994
              ],
              [
                -70.40024235499982,
                -14.716666981999936
              ],
              [
                -70.39877847999992,
                -14.711116356999923
              ],
              [
                -70.39793660499998,
                -14.700533608
              ],
              [
                -70.39073973099994,
                -14.688507481999977
              ],
              [
                -70.38847897999995,
                -14.683671856999979
              ],
              [
                -70.38475447999997,
                -14.676955857999928
              ],
              [
                -70.3818142299998,
                -14.666397856999879
              ],
              [
                -70.38223610499989,
                -14.664710356999876
              ],
              [
                -70.38547047999998,
                -14.661546232000035
              ],
              [
                -70.38607010500004,
                -14.653635607999888
              ],
              [
                -70.38689560499995,
                -14.65201048199998
              ],
              [
                -70.38763047999998,
                -14.645251731999963
              ],
              [
                -70.38774685500005,
                -14.636712982999939
              ],
              [
                -70.39193372999989,
                -14.63324860699987
              ],
              [
                -70.39612310499979,
                -14.632340481999961
              ],
              [
                -70.39618060499993,
                -14.627566607999881
              ],
              [
                -70.40023072999992,
                -14.62630660699989
              ],
              [
                -70.40320173099997,
                -14.62451898199987
              ],
              [
                -70.40591785499998,
                -14.620991481999965
              ],
              [
                -70.41335822999986,
                -14.61688660699997
              ],
              [
                -70.41643697999984,
                -14.615823481999826
              ],
              [
                -70.41782973099998,
                -14.613807731999941
              ],
              [
                -70.41793972999994,
                -14.610179106999965
              ],
              [
                -70.41643697999984,
                -14.606550606999974
              ],
              [
                -70.41266185499995,
                -14.601785731999883
              ],
              [
                -70.41269847999996,
                -14.600502981999966
              ],
              [
                -70.41687685499983,
                -14.598047231999942
              ],
              [
                -70.41749985499996,
                -14.59592148199988
              ],
              [
                -70.41592385499985,
                -14.59361235699987
              ],
              [
                -70.41735335499999,
                -14.591596482999876
              ],
              [
                -70.42244798000002,
                -14.588077857999906
              ],
              [
                -70.42585660500004,
                -14.582799981999926
              ],
              [
                -70.43076797999987,
                -14.57909810699988
              ],
              [
                -70.42855860499986,
                -14.57672460699996
              ],
              [
                -70.42347660500002,
                -14.57374023199992
              ],
              [
                -70.41888472999989,
                -14.568908232999888
              ],
              [
                -70.41200198099989,
                -14.56611323199985
              ],
              [
                -70.40806635499996,
                -14.563753856999938
              ],
              [
                -70.40403598,
                -14.562299731999872
              ],
              [
                -70.39783072999984,
                -14.566040356999963
              ],
              [
                -70.39543110499989,
                -14.567964856999936
              ],
              [
                -70.39240810499996,
                -14.569167981999897
              ],
              [
                -70.3884226049999,
                -14.572160857000028
              ],
              [
                -70.37946860499989,
                -14.582948356999964
              ],
              [
                -70.37541172999977,
                -14.585441606999893
              ],
              [
                -70.36772960499991,
                -14.59588673299993
              ],
              [
                -70.36467310499995,
                -14.597316982999814
              ],
              [
                -70.36252585499983,
                -14.595612106999965
              ],
              [
                -70.36112885499989,
                -14.592798856999877
              ],
              [
                -70.35744535499992,
                -14.590632856999832
              ],
              [
                -70.3561816049999,
                -14.58868360699995
              ],
              [
                -70.35371285500003,
                -14.587273356999958
              ],
              [
                -70.3469991049999,
                -14.585548106999852
              ],
              [
                -70.34493397999984,
                -14.583428481999874
              ],
              [
                -70.34206447999998,
                -14.578033231999882
              ],
              [
                -70.34215435499988,
                -14.57516173199997
              ],
              [
                -70.34538322999987,
                -14.565803106999965
              ],
              [
                -70.34750572999997,
                -14.564313856999888
              ],
              [
                -70.35126060499988,
                -14.563473231999978
              ],
              [
                -70.35083997999999,
                -14.55977448199991
              ],
              [
                -70.35397847999997,
                -14.557672856999943
              ],
              [
                -70.35669647999998,
                -14.554478481999979
              ],
              [
                -70.36664410499998,
                -14.55066760699998
              ],
              [
                -70.36748460499996,
                -14.54935073199988
              ],
              [
                -70.36920472999992,
                -14.541050731999974
              ],
              [
                -70.36868948,
                -14.540075731999934
              ],
              [
                -70.36139560499993,
                -14.53902173199998
              ],
              [
                -70.35516022999985,
                -14.534698981999952
              ],
              [
                -70.3525606049999,
                -14.53040448199988
              ],
              [
                -70.35262448000003,
                -14.527454481999882
              ],
              [
                -70.35437097999977,
                -14.521820606999938
              ],
              [
                -70.35357222999994,
                -14.520180606999872
              ],
              [
                -70.35220910500004,
                -14.513417981999964
              ],
              [
                -70.35286272999986,
                -14.50789885699993
              ],
              [
                -70.3496687299999,
                -14.504822856999965
              ],
              [
                -70.348366855,
                -14.502213106999875
              ],
              [
                -70.34624222999997,
                -14.500732481999933
              ],
              [
                -70.34524222999994,
                -14.497839856999974
              ],
              [
                -70.34150972999993,
                -14.49444135799996
              ],
              [
                -70.33993747999995,
                -14.48987498199989
              ],
              [
                -70.33828122999995,
                -14.48861323199992
              ],
              [
                -70.33747460500001,
                -14.48317973199994
              ],
              [
                -70.33821685500004,
                -14.481261731999894
              ],
              [
                -70.33417772999996,
                -14.473304731999917
              ],
              [
                -70.33088672999992,
                -14.470222731999911
              ],
              [
                -70.32955472999993,
                -14.468084106999981
              ],
              [
                -70.32902935499988,
                -14.462601606999954
              ],
              [
                -70.33017772999995,
                -14.458048856999937
              ],
              [
                -70.33396485499986,
                -14.453287106999937
              ],
              [
                -70.33092185499987,
                -14.444794981999962
              ],
              [
                -70.32998247999996,
                -14.440767606999941
              ],
              [
                -70.32940435499984,
                -14.431636731999959
              ],
              [
                -70.32734572999993,
                -14.42978910699992
              ],
              [
                -70.32636522999991,
                -14.426064481999958
              ],
              [
                -70.32648822999994,
                -14.421839856999895
              ],
              [
                -70.32722660500002,
                -14.41951560699988
              ],
              [
                -70.32384672999996,
                -14.413351856999896
              ],
              [
                -70.31986185499994,
                -14.41036885699998
              ],
              [
                -70.31802872999998,
                -14.406008231999976
              ],
              [
                -70.31932398000004,
                -14.39703998199991
              ],
              [
                -70.31948435499999,
                -14.393586106999976
              ],
              [
                -70.3171817299999,
                -14.38487110699998
              ],
              [
                -70.31533085499996,
                -14.380571981999879
              ],
              [
                -70.3154619799999,
                -14.37931860699996
              ],
              [
                -70.32195473000002,
                -14.374207606999903
              ],
              [
                -70.32349247999997,
                -14.371970856999951
              ],
              [
                -70.32328797999992,
                -14.36851960699994
              ],
              [
                -70.32400210500003,
                -14.362937981999949
              ],
              [
                -70.32341622999996,
                -14.361198606999949
              ],
              [
                -70.32554510499989,
                -14.358719106999956
              ],
              [
                -70.32784947999988,
                -14.353584606999902
              ],
              [
                -70.32664735499998,
                -14.349902731999919
              ],
              [
                -70.32294035499984,
                -14.346220981999863
              ],
              [
                -70.31892297999991,
                -14.344121856999891
              ],
              [
                -70.31473310499996,
                -14.340244231999975
              ],
              [
                -70.30757572999983,
                -14.341937981999934
              ],
              [
                -70.30612097999989,
                -14.345249481999929
              ],
              [
                -70.30433547999996,
                -14.345642106999946
              ],
              [
                -70.29792372999987,
                -14.341538856999875
              ],
              [
                -70.29326785499984,
                -14.340042231999973
              ],
              [
                -70.28113510499998,
                -14.329403856999932
              ],
              [
                -70.27616185499988,
                -14.321945981999932
              ],
              [
                -70.27267047999993,
                -14.310632606999945
              ],
              [
                -70.27129135499979,
                -14.308811481999953
              ],
              [
                -70.2679921049999,
                -14.300475606999953
              ],
              [
                -70.26650947999997,
                -14.290521856999874
              ],
              [
                -70.2682421049999,
                -14.282969606999927
              ],
              [
                -70.26107510500003,
                -14.284668981999914
              ],
              [
                -70.25932910499989,
                -14.285733606999884
              ],
              [
                -70.25698685499998,
                -14.289097856999888
              ],
              [
                -70.25594247999999,
                -14.295785856999942
              ],
              [
                -70.25256185499995,
                -14.303694231999941
              ],
              [
                -70.25129397999979,
                -14.305445106999969
              ],
              [
                -70.24785297999989,
                -14.306410856999946
              ],
              [
                -70.24598147999995,
                -14.306108981999898
              ],
              [
                -70.243023355,
                -14.308161606999931
              ],
              [
                -70.23686572999986,
                -14.309670731999915
              ],
              [
                -70.22726972999993,
                -14.307723606999957
              ],
              [
                -70.22591772999988,
                -14.302835606999963
              ],
              [
                -70.22373372999982,
                -14.297531606999883
              ],
              [
                -70.22370522899996,
                -14.29047335699994
              ],
              [
                -70.22261272999981,
                -14.282675231999974
              ],
              [
                -70.2207214799999,
                -14.277510606999954
              ],
              [
                -70.21235622999984,
                -14.268927106999968
              ],
              [
                -70.20937372999987,
                -14.268417856999918
              ],
              [
                -70.20532210499994,
                -14.272379356999977
              ],
              [
                -70.20183047999996,
                -14.278105606999816
              ],
              [
                -70.19857160499998,
                -14.28131785699992
              ],
              [
                -70.19601110499985,
                -14.285368106999954
              ],
              [
                -70.18907448000004,
                -14.28969773199998
              ],
              [
                -70.17968722999979,
                -14.29283985699982
              ],
              [
                -70.18038873,
                -14.2963144819999
              ],
              [
                -70.18038673,
                -14.30218360699996
              ],
              [
                -70.18086523,
                -14.30658398199995
              ],
              [
                -70.18181247999985,
                -14.308994106999876
              ],
              [
                -70.18178123000001,
                -14.313603481999962
              ],
              [
                -70.18311135499994,
                -14.316757856999857
              ],
              [
                -70.17976373,
                -14.321195356999908
              ],
              [
                -70.17559185499994,
                -14.321025356999883
              ],
              [
                -70.17532623,
                -14.319152356999894
              ],
              [
                -70.17213285499992,
                -14.31900385699987
              ],
              [
                -70.17110548,
                -14.320771481999941
              ],
              [
                -70.16830273,
                -14.319478481999965
              ],
              [
                -70.1676464799998,
                -14.323074231999954
              ],
              [
                -70.16549022999999,
                -14.321033231999934
              ],
              [
                -70.16324222999981,
                -14.324673857
              ],
              [
                -70.16068160500004,
                -14.323175731999982
              ],
              [
                -70.15788472999998,
                -14.32439648199994
              ],
              [
                -70.16012310499991,
                -14.3278066069999
              ],
              [
                -70.15929297999998,
                -14.330011731999946
              ],
              [
                -70.15570897999999,
                -14.331535106999866
              ],
              [
                -70.15579885499989,
                -14.335205106999922
              ],
              [
                -70.15316422999985,
                -14.335392606999903
              ],
              [
                -70.15177547999997,
                -14.338808606999919
              ],
              [
                -70.14953510499987,
                -14.3406738569999
              ],
              [
                -70.14584360499998,
                -14.336917981999932
              ],
              [
                -70.14406247999995,
                -14.338343731999942
              ],
              [
                -70.14438672999995,
                -14.341564481999967
              ],
              [
                -70.14223822999992,
                -14.342425731999981
              ],
              [
                -70.14150585499988,
                -14.344769481999947
              ],
              [
                -70.13905272999995,
                -14.346890481999935
              ],
              [
                -70.13576560500002,
                -14.347943356999906
              ],
              [
                -70.13738085499983,
                -14.349931606999917
              ],
              [
                -70.1374786049999,
                -14.35432035699995
              ],
              [
                -70.13504097999993,
                -14.354955106999967
              ],
              [
                -70.13399610499988,
                -14.35129898199989
              ],
              [
                -70.13220697999992,
                -14.349515606999944
              ],
              [
                -70.12904497999995,
                -14.353035106999926
              ],
              [
                -70.12502522999989,
                -14.353042981999977
              ],
              [
                -70.12114860499986,
                -14.355591856999922
              ],
              [
                -70.11945122999992,
                -14.354736356999922
              ],
              [
                -70.119777355,
                -14.352394481999966
              ],
              [
                -70.11658397999992,
                -14.352488231999871
              ],
              [
                -70.11663472899994,
                -14.355099606999943
              ],
              [
                -70.11403122999991,
                -14.354912106999961
              ],
              [
                -70.11329285499994,
                -14.357158231999847
              ],
              [
                -70.11130660499998,
                -14.358734356999946
              ],
              [
                -70.10819922999991,
                -14.357849606999935
              ],
              [
                -70.10609948000001,
                -14.359290231999921
              ],
              [
                -70.10168360499995,
                -14.360408231999884
              ],
              [
                -70.09897260499997,
                -14.360337856999934
              ],
              [
                -70.09785160499996,
                -14.359046856999953
              ],
              [
                -70.09388673,
                -14.360718731999839
              ],
              [
                -70.09029098000002,
                -14.36094735699993
              ],
              [
                -70.08732035499992,
                -14.363560606999954
              ],
              [
                -70.08235160499993,
                -14.362267606999978
              ],
              [
                -70.07865810399994,
                -14.362212856999918
              ],
              [
                -70.07637697999985,
                -14.364570356999934
              ],
              [
                -70.07002735399976,
                -14.366205106999928
              ],
              [
                -70.0662226039999,
                -14.366134731999978
              ],
              [
                -70.0621113549999,
                -14.368187481999882
              ],
              [
                -70.05657222999997,
                -14.368318356999964
              ],
              [
                -70.05294135400004,
                -14.3702519819999
              ],
              [
                -70.05116797999995,
                -14.369281731999934
              ],
              [
                -70.04601410499993,
                -14.368618106999975
              ],
              [
                -70.04528422899983,
                -14.366361981999944
              ],
              [
                -70.04134697999984,
                -14.365255981999894
              ],
              [
                -70.03710010499992,
                -14.36852960699997
              ],
              [
                -70.03283785499985,
                -14.366771481999876
              ],
              [
                -70.02902935499986,
                -14.367748106999954
              ],
              [
                -70.0241894799999,
                -14.367894481999883
              ],
              [
                -70.02023347999994,
                -14.366759981999905
              ],
              [
                -70.01029672899989,
                -14.367835481999975
              ],
              [
                -70.00312497899989,
                -14.370197231999896
              ],
              [
                -70.00187772899989,
                -14.369530231999875
              ],
              [
                -69.99850385499997,
                -14.371089856999959
              ],
              [
                -69.99630372900003,
                -14.368558731999883
              ],
              [
                -69.99044385500002,
                -14.369349106999891
              ],
              [
                -69.9816507299999,
                -14.36735260699993
              ],
              [
                -69.97277710500003,
                -14.368308106999905
              ],
              [
                -69.96895472999995,
                -14.371448106999935
              ],
              [
                -69.96465447899988,
                -14.373700606999876
              ],
              [
                -69.96076372999983,
                -14.374383106999971
              ],
              [
                -69.95666822899989,
                -14.377659606999885
              ],
              [
                -69.95325522899986,
                -14.385645731999944
              ],
              [
                -69.95052497899991,
                -14.389741356999878
              ],
              [
                -69.93980835499997,
                -14.398683106999954
              ],
              [
                -69.93598435499985,
                -14.399623106999968
              ],
              [
                -69.93530860499988,
                -14.401072231999933
              ],
              [
                -69.93000297999993,
                -14.402062981999961
              ],
              [
                -69.92877847999995,
                -14.403664231999926
              ],
              [
                -69.921274605,
                -14.405296856999882
              ],
              [
                -69.91750010499982,
                -14.407242856999972
              ],
              [
                -69.91038672899992,
                -14.408850356999949
              ],
              [
                -69.90560435499992,
                -14.413170606999927
              ],
              [
                -69.90064110500003,
                -14.416526356999896
              ],
              [
                -69.89801485499999,
                -14.419795606999969
              ],
              [
                -69.897194979,
                -14.422190856999975
              ],
              [
                -69.8974522289999,
                -14.425421981999932
              ],
              [
                -69.89360548000002,
                -14.427767606999907
              ],
              [
                -69.88987510499993,
                -14.434274357999982
              ]
            ]
          ]
        ],
        "type": "MultiPolygon"
      },
      "type": "Feature",
      "properties": {
        "PROVINCIA": "AZANGARO",
        "name": "AZANGARO",
        "ID": "200200",
        "DEPARTAMEN": "PUNO"
      }
    }
  ]
}
