{
  "type": "FeatureCollection",
  "features": [
    {
      "geometry": {
        "coordinates": [
          [
            [
              [
                -72.18040435699982,
                -9.999671852999938
              ],
              [
                -72.18401673199992,
                -10.003452102999972
              ],
              [
                -72.18435735699995,
                -10.003792602999908
              ],
              [
                -72.18909460599997,
                -10.00608385299995
              ],
              [
                -72.18971385699996,
                -10.008437102999892
              ],
              [
                -72.1880418569998,
                -10.011471477999862
              ],
              [
                -72.1880728569999,
                -10.013514977999819
              ],
              [
                -72.18812473199984,
                -10.014962852999815
              ],
              [
                -72.18935348199989,
                -10.020873102999872
              ],
              [
                -72.18852148199989,
                -10.023275352999974
              ],
              [
                -72.18537110599954,
                -10.026005852999845
              ],
              [
                -72.18197723199984,
                -10.030957352999906
              ],
              [
                -72.17977535699964,
                -10.041085602999829
              ],
              [
                -72.17772035699988,
                -10.044314977999875
              ],
              [
                -72.1721836069998,
                -10.048244102999888
              ],
              [
                -72.17046160699988,
                -10.051971102999971
              ],
              [
                -72.16980660699994,
                -10.057347602999869
              ],
              [
                -72.16641785599995,
                -10.060755102999963
              ],
              [
                -72.16546373199998,
                -10.063103602999945
              ],
              [
                -72.16524348099995,
                -10.070222727999862
              ],
              [
                -72.16289498199961,
                -10.076094227999931
              ],
              [
                -72.16076648199999,
                -10.077488727999935
              ],
              [
                -72.1510547319997,
                -10.081306602999916
              ],
              [
                -72.14371723199974,
                -10.086633477999953
              ],
              [
                -72.14106623099997,
                -10.090548852999973
              ],
              [
                -72.14211310699972,
                -10.092951352999819
              ],
              [
                -72.1465743559998,
                -10.098462477999817
              ],
              [
                -72.14666185699986,
                -10.101611602999867
              ],
              [
                -72.1435127309997,
                -10.112108852999881
              ],
              [
                -72.14248060699992,
                -10.124767602999839
              ],
              [
                -72.14293748199998,
                -10.133830102999866
              ],
              [
                -72.14267535699997,
                -10.13947710299982
              ],
              [
                -72.14419273099992,
                -10.142687227999943
              ],
              [
                -72.1500489819997,
                -10.14867822799988
              ],
              [
                -72.15331873199989,
                -10.159105602999944
              ],
              [
                -72.15568285699965,
                -10.164030977999971
              ],
              [
                -72.1561644819999,
                -10.164643852999973
              ],
              [
                -72.15929473099999,
                -10.16519247799988
              ],
              [
                -72.16192848199967,
                -10.164442227999814
              ],
              [
                -72.16614648099988,
                -10.16221397799984
              ],
              [
                -72.16969885699973,
                -10.162910852999858
              ],
              [
                -72.1719776069998,
                -10.164818727999887
              ],
              [
                -72.17404448199994,
                -10.165083602999857
              ],
              [
                -72.17982085699958,
                -10.164875477999942
              ],
              [
                -72.19288673199975,
                -10.162062477999825
              ],
              [
                -72.20338273199991,
                -10.161150477999854
              ],
              [
                -72.2046868569999,
                -10.161065227999813
              ],
              [
                -72.20940123099979,
                -10.160081477999881
              ],
              [
                -72.21413335699964,
                -10.159707852999873
              ],
              [
                -72.21684510699993,
                -10.160436352999909
              ],
              [
                -72.21869810699985,
                -10.16292697799986
              ],
              [
                -72.22055123099989,
                -10.163664227999845
              ],
              [
                -72.22375898199982,
                -10.163166103999913
              ],
              [
                -72.22911898199993,
                -10.16302672799992
              ],
              [
                -72.2308326059997,
                -10.16432172799989
              ],
              [
                -72.23527585699998,
                -10.166075102999912
              ],
              [
                -72.23473798199961,
                -10.170657977999952
              ],
              [
                -72.23487735699996,
                -10.17135535299991
              ],
              [
                -72.23477773199988,
                -10.175679102999823
              ],
              [
                -72.23561460699995,
                -10.182074977999832
              ],
              [
                -72.24009773199998,
                -10.187295477999953
              ],
              [
                -72.2425484809998,
                -10.18880972799991
              ],
              [
                -72.24611585599973,
                -10.187026727999921
              ],
              [
                -72.25396560699988,
                -10.186259352999741
              ],
              [
                -72.25713373199983,
                -10.188769852999826
              ],
              [
                -72.25934735699957,
                -10.188859102999913
              ],
              [
                -72.26384760699978,
                -10.187814477999893
              ],
              [
                -72.2690057319997,
                -10.185927103999973
              ],
              [
                -72.27115773199995,
                -10.185820977999981
              ],
              [
                -72.27538185599968,
                -10.18752122799998
              ],
              [
                -72.27808835699989,
                -10.187741352999979
              ],
              [
                -72.28336510699995,
                -10.187085477999972
              ],
              [
                -72.28742460699993,
                -10.185193977999973
              ],
              [
                -72.29086423199959,
                -10.182304102999865
              ],
              [
                -72.29332535699984,
                -10.18144510299993
              ],
              [
                -72.29632048199994,
                -10.182164852999904
              ],
              [
                -72.30065910699983,
                -10.185057977999918
              ],
              [
                -72.30497785599994,
                -10.18458185299994
              ],
              [
                -72.31162985699984,
                -10.179477352999925
              ],
              [
                -72.31783198199963,
                -10.180144102999861
              ],
              [
                -72.3211661069999,
                -10.182724977999783
              ],
              [
                -72.32441810699959,
                -10.182343727999864
              ],
              [
                -72.3283988569998,
                -10.179372852999904
              ],
              [
                -72.33190448199969,
                -10.177931102999878
              ],
              [
                -72.33374235699961,
                -10.177963352999882
              ],
              [
                -72.33609598099974,
                -10.179478728999868
              ],
              [
                -72.33799835699995,
                -10.183251102999975
              ],
              [
                -72.34038473199996,
                -10.186388727999883
              ],
              [
                -72.3442988569999,
                -10.19032222799973
              ],
              [
                -72.35354885699962,
                -10.1957482279999
              ],
              [
                -72.35736623199955,
                -10.199462602999915
              ],
              [
                -72.35986810699961,
                -10.200210602999903
              ],
              [
                -72.36396948199967,
                -10.200210603999892
              ],
              [
                -72.36543973199991,
                -10.20150022799993
              ],
              [
                -72.36456660699997,
                -10.206408853999903
              ],
              [
                -72.36552885699956,
                -10.209820352999827
              ],
              [
                -72.36806573199976,
                -10.213494352999874
              ],
              [
                -72.37289410699958,
                -10.216228602999877
              ],
              [
                -72.37629685699994,
                -10.21895310299982
              ],
              [
                -72.38176723199985,
                -10.222496477999812
              ],
              [
                -72.38924410699997,
                -10.224341852999885
              ],
              [
                -72.39478673199955,
                -10.227218477999884
              ],
              [
                -72.40016960699995,
                -10.225478727999814
              ],
              [
                -72.40218160699999,
                -10.22591610399985
              ],
              [
                -72.40882985699983,
                -10.230202477999853
              ],
              [
                -72.41336135699987,
                -10.232566352999868
              ],
              [
                -72.41687773199976,
                -10.232564352999873
              ],
              [
                -72.41888973199997,
                -10.233439227999895
              ],
              [
                -72.42164210699997,
                -10.237525477999952
              ],
              [
                -72.42618173199997,
                -10.239401727999848
              ],
              [
                -72.43206860699962,
                -10.244843102999937
              ],
              [
                -72.43575635699983,
                -10.252628852999749
              ],
              [
                -72.43840823199997,
                -10.25390822799983
              ],
              [
                -72.44366298199998,
                -10.254396602999918
              ],
              [
                -72.4447214819998,
                -10.255042478999883
              ],
              [
                -72.44708873199983,
                -10.260153978999767
              ],
              [
                -72.45128423199986,
                -10.264521477999835
              ],
              [
                -72.45293510699986,
                -10.270932102999836
              ],
              [
                -72.45546623199976,
                -10.276104727999893
              ],
              [
                -72.45714260699992,
                -10.278013727999848
              ],
              [
                -72.46064773199976,
                -10.284059603999935
              ],
              [
                -72.46278485699975,
                -10.288623352999707
              ],
              [
                -72.46929085699992,
                -10.294361352999829
              ],
              [
                -72.4730563569999,
                -10.30170735299987
              ],
              [
                -72.47416010699965,
                -10.309562477999918
              ],
              [
                -72.47549610699997,
                -10.315724102999923
              ],
              [
                -72.47747698199964,
                -10.321034102999818
              ],
              [
                -72.47760535699996,
                -10.321945602999904
              ],
              [
                -72.47722685699955,
                -10.328418852999846
              ],
              [
                -72.47822260699996,
                -10.3305813529999
              ],
              [
                -72.47712210699996,
                -10.33291447799985
              ],
              [
                -72.47364060699965,
                -10.334348728999942
              ],
              [
                -72.46693560699981,
                -10.34270510399972
              ],
              [
                -72.4654003569998,
                -10.34591010299988
              ],
              [
                -72.46514460699996,
                -10.349532728999861
              ],
              [
                -72.46596635699973,
                -10.352232602999948
              ],
              [
                -72.46866635699985,
                -10.356106477999845
              ],
              [
                -72.47167185699965,
                -10.35916997799984
              ],
              [
                -72.47819523199956,
                -10.36770847799994
              ],
              [
                -72.47716673199983,
                -10.378694227999858
              ],
              [
                -72.47583710699985,
                -10.381143727999756
              ],
              [
                -72.47324223199973,
                -10.382789103999926
              ],
              [
                -72.47198810699962,
                -10.38583247899993
              ],
              [
                -72.46953310699979,
                -10.38892435299988
              ],
              [
                -72.46592710699986,
                -10.390368353999975
              ],
              [
                -72.46135635699977,
                -10.393155602999855
              ],
              [
                -72.45968410699987,
                -10.396750852999958
              ],
              [
                -72.46007423199956,
                -10.400178977999929
              ],
              [
                -72.45893160699978,
                -10.403802227999961
              ],
              [
                -72.45625598199956,
                -10.407090977999928
              ],
              [
                -72.45388698199974,
                -10.412609352999823
              ],
              [
                -72.45149010699976,
                -10.41667847799988
              ],
              [
                -72.44814560699979,
                -10.420357353999975
              ],
              [
                -72.44039760699962,
                -10.426488977999895
              ],
              [
                -72.43875335699983,
                -10.42910872899995
              ],
              [
                -72.43522660699989,
                -10.43194535299989
              ],
              [
                -72.43398723199965,
                -10.435491227999819
              ],
              [
                -72.43005748199994,
                -10.439755352999953
              ],
              [
                -72.4243997319997,
                -10.442737602999955
              ],
              [
                -72.42244885699967,
                -10.44647222899988
              ],
              [
                -72.42201948199994,
                -10.457572227999833
              ],
              [
                -72.41986073199985,
                -10.471512977999907
              ],
              [
                -72.4196926069996,
                -10.477198102999921
              ],
              [
                -72.42039898199988,
                -10.479552852999973
              ],
              [
                -72.42468398199986,
                -10.483791477999944
              ],
              [
                -72.42767385699989,
                -10.48955072799987
              ],
              [
                -72.43957423199998,
                -10.494449977999864
              ],
              [
                -72.45108598199954,
                -10.498002978999864
              ],
              [
                -72.45833423199974,
                -10.50155610399986
              ],
              [
                -72.46359273199971,
                -10.50468272899991
              ],
              [
                -72.46484573199956,
                -10.50735160399995
              ],
              [
                -72.46259785699982,
                -10.509799103999853
              ],
              [
                -72.44357560699967,
                -10.514528352999832
              ],
              [
                -72.44161623199983,
                -10.514388352999958
              ],
              [
                -72.43226373199997,
                -10.512349602999848
              ],
              [
                -72.42248535699957,
                -10.513212228999805
              ],
              [
                -72.41569748199998,
                -10.514489228999878
              ],
              [
                -72.40788510699991,
                -10.517047728999898
              ],
              [
                -72.40641560699993,
                -10.519846852999876
              ],
              [
                -72.39829760699996,
                -10.528734602999918
              ],
              [
                -72.3930561069999,
                -10.531988227999932
              ],
              [
                -72.3808023569996,
                -10.537832227999843
              ],
              [
                -72.37996248199983,
                -10.543710602999852
              ],
              [
                -72.37884285699982,
                -10.547699602999955
              ],
              [
                -72.37947260699997,
                -10.55168847899995
              ],
              [
                -72.38122223199997,
                -10.555397478999964
              ],
              [
                -72.3831117319998,
                -10.557426977999853
              ],
              [
                -72.38556098199996,
                -10.565264852999974
              ],
              [
                -72.39066985699998,
                -10.571003352999867
              ],
              [
                -72.39227923199991,
                -10.574502477999943
              ],
              [
                -72.3911596069999,
                -10.583040228999891
              ],
              [
                -72.38801035699993,
                -10.592207727999835
              ],
              [
                -72.38794035699982,
                -10.594657102999975
              ],
              [
                -72.39115598199987,
                -10.597787727999844
              ],
              [
                -72.39208010699969,
                -10.599910103999946
              ],
              [
                -72.39462473199956,
                -10.6022303539998
              ],
              [
                -72.39486810699998,
                -10.607403102999967
              ],
              [
                -72.39693723199986,
                -10.610528228999897
              ],
              [
                -72.39780773199993,
                -10.620340228999964
              ],
              [
                -72.39878735699989,
                -10.626988477999816
              ],
              [
                -72.40032710699984,
                -10.629297977999954
              ],
              [
                -72.40508785699984,
                -10.632646478999789
              ],
              [
                -72.40536573199984,
                -10.635736227999928
              ],
              [
                -72.40390135699954,
                -10.639840978999814
              ],
              [
                -72.40475410699958,
                -10.647373477999906
              ],
              [
                -72.40609710699977,
                -10.64946222799989
              ],
              [
                -72.4155387319999,
                -10.650005477999912
              ],
              [
                -72.42167173199994,
                -10.649021227999924
              ],
              [
                -72.42662885699957,
                -10.647621103999882
              ],
              [
                -72.43176960699975,
                -10.643986353999878
              ],
              [
                -72.43832623199984,
                -10.636847602999865
              ],
              [
                -72.44336985699988,
                -10.636491977999924
              ],
              [
                -72.44580410699967,
                -10.638317352999877
              ],
              [
                -72.44612098199997,
                -10.642499978999922
              ],
              [
                -72.44810123199994,
                -10.647089228999846
              ],
              [
                -72.45160348199983,
                -10.657603477999828
              ],
              [
                -72.45525185699961,
                -10.666385852999952
              ],
              [
                -72.45852298199964,
                -10.675682728999845
              ],
              [
                -72.45834035699971,
                -10.678056102999847
              ],
              [
                -72.4559669819999,
                -10.68164660299982
              ],
              [
                -72.45577348199987,
                -10.688748103999956
              ],
              [
                -72.45762360699956,
                -10.696263603999967
              ],
              [
                -72.45945523199987,
                -10.707722603999969
              ],
              [
                -72.4668601069996,
                -10.716273352999849
              ],
              [
                -72.46830648199983,
                -10.726456478999978
              ],
              [
                -72.4677051069998,
                -10.733841852999888
              ],
              [
                -72.46575010699996,
                -10.740623727999946
              ],
              [
                -72.46575010699996,
                -10.743784478999828
              ],
              [
                -72.46678923199988,
                -10.750528728999882
              ],
              [
                -72.46919373199978,
                -10.758326103999877
              ],
              [
                -72.4737893569997,
                -10.762568728999895
              ],
              [
                -72.48033098199988,
                -10.765880478999918
              ],
              [
                -72.48140360699955,
                -10.76755647899995
              ],
              [
                -72.4810547319999,
                -10.77097060299991
              ],
              [
                -72.47914873199994,
                -10.774359102999767
              ],
              [
                -72.47944523199988,
                -10.777133478999815
              ],
              [
                -72.48393498199965,
                -10.780903228999819
              ],
              [
                -72.48434760699996,
                -10.792189477999898
              ],
              [
                -72.47631598199996,
                -10.805364353999835
              ],
              [
                -72.47232423199989,
                -10.817066353999962
              ],
              [
                -72.46726223199994,
                -10.821660978999887
              ],
              [
                -72.45594523199969,
                -10.82777222899989
              ],
              [
                -72.44802323199997,
                -10.832299103999901
              ],
              [
                -72.44311910699992,
                -10.83644860399994
              ],
              [
                -72.43721098199984,
                -10.842589853999868
              ],
              [
                -72.43202148199998,
                -10.852187478999952
              ],
              [
                -72.42821498199999,
                -10.861956977999853
              ],
              [
                -72.4313719819998,
                -10.879795853999951
              ],
              [
                -72.42971873199997,
                -10.886005853999961
              ],
              [
                -72.42633023199983,
                -10.891702978999831
              ],
              [
                -72.42246835699996,
                -10.89717385399996
              ],
              [
                -72.42139573199984,
                -10.902966478999701
              ],
              [
                -72.41903573199988,
                -10.90629185399996
              ],
              [
                -72.41053473199986,
                -10.908877978999897
              ],
              [
                -72.40444685699993,
                -10.914337228999955
              ],
              [
                -72.40079960699995,
                -10.915946228999928
              ],
              [
                -72.39951235699994,
                -10.917877103999842
              ],
              [
                -72.4002632319997,
                -10.92753160399991
              ],
              [
                -72.4000648569999,
                -10.929813978999846
              ],
              [
                -72.39804698199993,
                -10.93265822899997
              ],
              [
                -72.39617835699994,
                -10.933859352999889
              ],
              [
                -72.39253035699983,
                -10.93461560399993
              ],
              [
                -72.3902519819996,
                -10.935882853999885
              ],
              [
                -72.38384960699966,
                -10.941800728999965
              ],
              [
                -72.37611398199982,
                -10.947828853999852
              ],
              [
                -72.37295523199975,
                -10.950720603999855
              ],
              [
                -72.37190098199966,
                -10.953473477999978
              ],
              [
                -72.36605948199986,
                -10.95494710399987
              ],
              [
                -72.36343473199958,
                -10.956192728999895
              ],
              [
                -72.36183110699994,
                -10.961019103999831
              ],
              [
                -72.35880785699982,
                -10.962999478999905
              ],
              [
                -72.34953773199993,
                -10.967772603999947
              ],
              [
                -72.34673910699973,
                -10.969691478999835
              ],
              [
                -72.33972348199995,
                -10.97008622899989
              ],
              [
                -72.33637823199956,
                -10.96842010399996
              ],
              [
                -72.33371135699997,
                -10.968059228999948
              ],
              [
                -72.33036035599991,
                -10.968975728999851
              ],
              [
                -72.32735585699993,
                -10.971370977999868
              ],
              [
                -72.32606610599987,
                -10.974050853999927
              ],
              [
                -72.32171160699983,
                -10.976189353999928
              ],
              [
                -72.32091748199986,
                -10.977082603999861
              ],
              [
                -72.32029685699956,
                -10.980279353999947
              ],
              [
                -72.31687110699971,
                -10.982388728999865
              ],
              [
                -72.31263435699964,
                -10.983514478999837
              ],
              [
                -72.31082535699989,
                -10.983085728999981
              ],
              [
                -72.30693785699975,
                -10.979901603999963
              ],
              [
                -72.3057909819999,
                -10.977638728999864
              ],
              [
                -72.29925285699983,
                -10.975618727999972
              ],
              [
                -72.29690160699988,
                -10.976090227999805
              ],
              [
                -72.2945947319999,
                -10.978191478999861
              ],
              [
                -72.29256773199995,
                -10.976244603999874
              ],
              [
                -72.29010373199992,
                -10.975395477999882
              ],
              [
                -72.28857498199972,
                -10.97301685399998
              ],
              [
                -72.27974298199985,
                -10.975266228999942
              ],
              [
                -72.27612735699955,
                -10.975049978999891
              ],
              [
                -72.26846335699986,
                -10.973381228999926
              ],
              [
                -72.2656854819997,
                -10.972140603999947
              ],
              [
                -72.2621262319999,
                -10.971675853999955
              ],
              [
                -72.25735685699982,
                -10.974301728999706
              ],
              [
                -72.24960498099995,
                -10.977886728999863
              ],
              [
                -72.24542448199992,
                -10.981798978999905
              ],
              [
                -72.2415888569999,
                -10.98253710399996
              ],
              [
                -72.23829610699994,
                -10.98541822899989
              ],
              [
                -72.23249023199998,
                -10.994031228999859
              ],
              [
                -72.23046098199995,
                -10.995392478999861
              ],
              [
                -72.22634185599992,
                -10.999726603999818
              ],
              [
                -72.22353323199997,
                -11.001941228999726
              ],
              [
                -72.22029885699988,
                -11.005706977999921
              ],
              [
                -72.2185663569997,
                -11.01028910399998
              ],
              [
                -72.21628960599998,
                -11.01311035399982
              ],
              [
                -72.21374260599964,
                -11.013669478999702
              ],
              [
                -72.21027335599956,
                -11.013279853999904
              ],
              [
                -72.20520698199977,
                -11.007925728999908
              ],
              [
                -72.20261535699984,
                -11.006478228999867
              ],
              [
                -72.19417810699957,
                -11.004493353999862
              ],
              [
                -72.19097848099977,
                -11.005554728999925
              ],
              [
                -72.18962110699982,
                -11.007267603999821
              ],
              [
                -72.18519084745714,
                -11.008932295349553
              ],
              [
                -72.17858198199986,
                -11.01843160399983
              ],
              [
                -72.17532435699997,
                -11.024831978999941
              ],
              [
                -72.17459960599967,
                -11.027697228999955
              ],
              [
                -72.17443160699963,
                -11.032357478999813
              ],
              [
                -72.17552148199957,
                -11.034544978999975
              ],
              [
                -72.17648459634768,
                -11.038993855010858
              ],
              [
                -72.17760889564914,
                -11.040674548164588
              ],
              [
                -72.18514131725044,
                -11.041204081624244
              ],
              [
                -72.19048269823276,
                -11.043598493788863
              ],
              [
                -72.19306129594855,
                -11.049676616975773
              ],
              [
                -72.19103525488617,
                -11.051334286935798
              ],
              [
                -72.18864084272172,
                -11.05575474016274
              ],
              [
                -72.1847729461482,
                -11.056307296815987
              ],
              [
                -72.18250860699993,
                -11.05779885399977
              ],
              [
                -72.18286210699978,
                -11.062040353999976
              ],
              [
                -72.18698317276159,
                -11.068647728741098
              ],
              [
                -72.18514131725044,
                -11.071226326456724
              ],
              [
                -72.18422038949473,
                -11.074173295274761
              ],
              [
                -72.18532550280145,
                -11.077120264092628
              ],
              [
                -72.18422038949473,
                -11.079330490706013
              ],
              [
                -72.1849571316992,
                -11.083382572830772
              ],
              [
                -72.18403620394372,
                -11.086697912750878
              ],
              [
                -72.18329946173895,
                -11.092591850386782
              ],
              [
                -72.1787705974051,
                -11.097550906278059
              ],
              [
                -72.1757478541432,
                -11.092960221489022
              ],
              [
                -72.17316925642757,
                -11.091855108182301
              ],
              [
                -72.16819624654715,
                -11.092039293733365
              ],
              [
                -72.16480273199954,
                -11.090308603999972
              ],
              [
                -72.16183398199985,
                -11.090453103999948
              ],
              [
                -72.15509760599963,
                -11.088554728999895
              ],
              [
                -72.15176762703976,
                -11.086443679430602
              ],
              [
                -72.1481508463109,
                -11.08777617759381
              ],
              [
                -72.14629298199998,
                -11.090369103999933
              ],
              [
                -72.13922060699957,
                -11.09409572899989
              ],
              [
                -72.13508010699974,
                -11.095374978999871
              ],
              [
                -72.13102735699988,
                -11.098669978999908
              ],
              [
                -72.13079775895557,
                -11.103648208063191
              ],
              [
                -72.12588473099999,
                -11.10115035399997
              ],
              [
                -72.12324610699972,
                -11.10359185399983
              ],
              [
                -72.12140623199963,
                -11.107140603999824
              ],
              [
                -72.12016998199994,
                -11.114138728999933
              ],
              [
                -72.12024623099984,
                -11.11810547899995
              ],
              [
                -72.1224668559999,
                -11.123583978999932
              ],
              [
                -72.1304726059999,
                -11.131826228999955
              ],
              [
                -72.1353236900294,
                -11.135682359255156
              ],
              [
                -72.1382522885267,
                -11.136888252754261
              ],
              [
                -72.14129799861422,
                -11.13669789587368
              ],
              [
                -72.14482220307252,
                -11.136377600983792
              ],
              [
                -72.14777013255002,
                -11.138791821558868
              ],
              [
                -72.1544326233664,
                -11.139553249080791
              ],
              [
                -72.15804940409527,
                -11.140314676602543
              ],
              [
                -72.16147582794366,
                -11.14240860228756
              ],
              [
                -72.16471189491165,
                -11.14278931604872
              ],
              [
                -72.16699617747724,
                -11.142218245407264
              ],
              [
                -72.16928046004256,
                -11.143741100450939
              ],
              [
                -72.17180570120445,
                -11.148095259080321
              ],
              [
                -72.17442009581521,
                -11.151926446310881
              ],
              [
                -72.17518152333702,
                -11.156495011442246
              ],
              [
                -72.17647958877865,
                -11.159111626282083
              ],
              [
                -72.18146330039252,
                -11.154972156398571
              ],
              [
                -72.18431865359946,
                -11.155543227039857
              ],
              [
                -72.18488972424109,
                -11.158398580246967
              ],
              [
                -72.18565115176284,
                -11.161444290334202
              ],
              [
                -72.18793543432815,
                -11.16372857289997
              ],
              [
                -72.189458289372,
                -11.162776788497581
              ],
              [
                -72.1904100737745,
                -11.160302149051518
              ],
              [
                -72.19269435633981,
                -11.159540721529766
              ],
              [
                -72.19385560588586,
                -11.15666232134339
              ],
              [
                -72.19783399211252,
                -11.162586431617171
              ],
              [
                -72.19954720403695,
                -11.16372857289997
              ],
              [
                -72.19916649027607,
                -11.168297138031164
              ],
              [
                -72.20202184348301,
                -11.16962963619443
              ],
              [
                -72.20678076549467,
                -11.172294632520902
              ],
              [
                -72.20487719668995,
                -11.1734367738037
              ],
              [
                -72.20297362788517,
                -11.172865703162415
              ],
              [
                -72.19935684715637,
                -11.1734367738037
              ],
              [
                -72.19593042330808,
                -11.174007844445214
              ],
              [
                -72.19364614074249,
                -11.178576409576408
              ],
              [
                -72.19098114441584,
                -11.181431762783347
              ],
              [
                -72.18983900313305,
                -11.183716045348945
              ],
              [
                -72.18652348099994,
                -11.184888728999908
              ],
              [
                -72.18759960699998,
                -11.188628853999944
              ],
              [
                -72.18966135699986,
                -11.190920978999884
              ],
              [
                -72.19671910699958,
                -11.194113853999909
              ],
              [
                -72.19940773199983,
                -11.197810853999727
              ],
              [
                -72.20024023099995,
                -11.205296853999812
              ],
              [
                -72.1980819819999,
                -11.21177347899993
              ],
              [
                -72.19768548199988,
                -11.216773478999926
              ],
              [
                -72.19683010699998,
                -11.220784978999916
              ],
              [
                -72.19706060599987,
                -11.227861353999856
              ],
              [
                -72.19846890738302,
                -11.228617746967927
              ],
              [
                -72.2016097959106,
                -11.232186938476673
              ],
              [
                -72.20517898741934,
                -11.23989639213562
              ],
              [
                -72.20368129608102,
                -11.245243333921394
              ],
              [
                -72.2023236342124,
                -11.249176290058415
              ],
              [
                -72.2011814929296,
                -11.251460572624012
              ],
              [
                -72.2011814929296,
                -11.254601461151594
              ],
              [
                -72.2023236342124,
                -11.256171905415556
              ],
              [
                -72.20203809889176,
                -11.259312793943025
              ],
              [
                -72.1994128569998,
                -11.26423522999994
              ],
              [
                -72.20036473199968,
                -11.265107853999837
              ],
              [
                -72.20552073199997,
                -11.266614978999826
              ],
              [
                -72.20881273199996,
                -11.272365978999972
              ],
              [
                -72.20996298199964,
                -11.276173603999894
              ],
              [
                -72.21147010699991,
                -11.277601478999713
              ],
              [
                -72.21170823199998,
                -11.282162478999794
              ],
              [
                -72.21381010699963,
                -11.28418535399993
              ],
              [
                -72.21353248199966,
                -11.288429103999874
              ],
              [
                -72.2181708445109,
                -11.294576406049487
              ],
              [
                -72.2188846828127,
                -11.296860688615254
              ],
              [
                -72.21845637983171,
                -11.30028711246365
              ],
              [
                -72.21651373099996,
                -11.305165978999923
              ],
              [
                -72.21421873199978,
                -11.307962853999982
              ],
              [
                -72.21330273199993,
                -11.312435603999859
              ],
              [
                -72.21424023199978,
                -11.317214853999872
              ],
              [
                -72.21398248199995,
                -11.319743978999895
              ],
              [
                -72.21255473099995,
                -11.323007854999844
              ],
              [
                -72.20965623199993,
                -11.327749978999805
              ],
              [
                -72.20882423199993,
                -11.335382853999874
              ],
              [
                -72.20631310699963,
                -11.340971853999918
              ],
              [
                -72.20402698199985,
                -11.343357478999962
              ],
              [
                -72.20462335699989,
                -11.34743272899982
              ],
              [
                -72.20704235699975,
                -11.347756353999841
              ],
              [
                -72.21366410699972,
                -11.344219978999718
              ],
              [
                -72.21549098199989,
                -11.345803478999926
              ],
              [
                -72.22083298199993,
                -11.34515435399993
              ],
              [
                -72.22667423199971,
                -11.34260810399985
              ],
              [
                -72.2332146069997,
                -11.342957603999821
              ],
              [
                -72.23925835699998,
                -11.345060979999857
              ],
              [
                -72.24004873199965,
                -11.344750603999842
              ],
              [
                -72.24253260599983,
                -11.345202104999885
              ],
              [
                -72.24602110699954,
                -11.346160603999977
              ],
              [
                -72.24782523199968,
                -11.344839729999933
              ],
              [
                -72.25012310699992,
                -11.34109960499984
              ],
              [
                -72.25001560699991,
                -11.339056603999893
              ],
              [
                -72.24902348099988,
                -11.335560603999909
              ],
              [
                -72.24868748199998,
                -11.334328103999894
              ],
              [
                -72.24885548199984,
                -11.333318478999956
              ],
              [
                -72.24997660699961,
                -11.332306603999882
              ],
              [
                -72.25208198199982,
                -11.330566479999959
              ],
              [
                -72.2531894819997,
                -11.330078103999881
              ],
              [
                -72.25504285699975,
                -11.329861353999888
              ],
              [
                -72.2564003559998,
                -11.330206978999968
              ],
              [
                -72.25717185699978,
                -11.329880853999896
              ],
              [
                -72.25740035599995,
                -11.331734353999877
              ],
              [
                -72.25778123199984,
                -11.332597728999815
              ],
              [
                -72.2589882319997,
                -11.333628853999869
              ],
              [
                -72.25888873199955,
                -11.334683603999906
              ],
              [
                -72.25947660699978,
                -11.334644478999962
              ],
              [
                -72.26004885599997,
                -11.334072228999958
              ],
              [
                -72.26033010599997,
                -11.333984353999881
              ],
              [
                -72.26127535699993,
                -11.334310604999871
              ],
              [
                -72.26091010699992,
                -11.336599604999833
              ],
              [
                -72.26128323199987,
                -11.3371738539999
              ],
              [
                -72.26259573199985,
                -11.337086103999923
              ],
              [
                -72.26428323199985,
                -11.336351603999901
              ],
              [
                -72.26482410699992,
                -11.336095729999954
              ],
              [
                -72.26611323199984,
                -11.336964854999849
              ],
              [
                -72.26682223199987,
                -11.337306603999878
              ],
              [
                -72.26746285699994,
                -11.33731247899982
              ],
              [
                -72.26865435699995,
                -11.338144478999936
              ],
              [
                -72.26908785599966,
                -11.338230478999947
              ],
              [
                -72.26957035699996,
                -11.338062478999973
              ],
              [
                -72.27026373199988,
                -11.338150353999879
              ],
              [
                -72.27074410699993,
                -11.338841853999895
              ],
              [
                -72.27339260699995,
                -11.337863103999837
              ],
              [
                -72.2757714809996,
                -11.338121103999868
              ],
              [
                -72.28044923199974,
                -11.339248104999854
              ],
              [
                -72.2804413569998,
                -11.338515603999895
              ],
              [
                -72.28153910699996,
                -11.33637497899997
              ],
              [
                -72.28264648199973,
                -11.33627735399989
              ],
              [
                -72.28231060699983,
                -11.335578103999865
              ],
              [
                -72.28093748199973,
                -11.33477935399975
              ],
              [
                -72.28056248199988,
                -11.333972603999882
              ],
              [
                -72.28137310699998,
                -11.332896478999942
              ],
              [
                -72.28189848199975,
                -11.330931603999886
              ],
              [
                -72.28295898199974,
                -11.330470728999956
              ],
              [
                -72.28279885699982,
                -11.330117228999939
              ],
              [
                -72.2801816069998,
                -11.326046853999856
              ],
              [
                -72.2803652319999,
                -11.32506235399984
              ],
              [
                -72.28050973199987,
                -11.323673853999878
              ],
              [
                -72.2814257309999,
                -11.323382853999874
              ],
              [
                -72.28272260699981,
                -11.323377103999746
              ],
              [
                -72.28407223099993,
                -11.319720728999926
              ],
              [
                -72.28340235699966,
                -11.318242228999964
              ],
              [
                -72.28402735699996,
                -11.316730478999943
              ],
              [
                -72.28617185699966,
                -11.317382853999845
              ],
              [
                -72.2864999819999,
                -11.317214853999872
              ],
              [
                -72.28671285699966,
                -11.315589853999711
              ],
              [
                -72.28758198199989,
                -11.314306603999853
              ],
              [
                -72.28895523199992,
                -11.315150353999854
              ],
              [
                -72.28926760699983,
                -11.31581247899993
              ],
              [
                -72.28932998099992,
                -11.316624978999926
              ],
              [
                -72.28940623199975,
                -11.316933603999871
              ],
              [
                -72.29172460699982,
                -11.316349479999872
              ],
              [
                -72.29438098199978,
                -11.317123228999947
              ],
              [
                -72.29468560699985,
                -11.315681728999948
              ],
              [
                -72.29483010599955,
                -11.315437478999911
              ],
              [
                -72.29595123099995,
                -11.314996103999874
              ],
              [
                -72.29619535699999,
                -11.314745979999884
              ],
              [
                -72.29632623199961,
                -11.313464853999847
              ],
              [
                -72.29882035699984,
                -11.31285547899995
              ],
              [
                -72.30006448099994,
                -11.312189478999926
              ],
              [
                -72.30081248199991,
                -11.310894478999899
              ],
              [
                -72.30110160699985,
                -11.309289104999834
              ],
              [
                -72.30271885699955,
                -11.309818353999844
              ],
              [
                -72.30451173199992,
                -11.30917572899989
              ],
              [
                -72.30544335699983,
                -11.307476478999888
              ],
              [
                -72.30567973199993,
                -11.307333978999907
              ],
              [
                -72.30770898199978,
                -11.306999978999897
              ],
              [
                -72.30832623199979,
                -11.30753910399983
              ],
              [
                -72.30886135699984,
                -11.308636728999943
              ],
              [
                -72.31131835599973,
                -11.31008785499995
              ],
              [
                -72.31156248199994,
                -11.310152353999854
              ],
              [
                -72.3122168559999,
                -11.310746103999861
              ],
              [
                -72.31201960699985,
                -11.311466853999832
              ],
              [
                -72.31147848199993,
                -11.312021478999782
              ],
              [
                -72.31278323199979,
                -11.313378853999836
              ],
              [
                -72.31272073199995,
                -11.312710979999906
              ],
              [
                -72.31329298199995,
                -11.312779353999872
              ],
              [
                -72.31377348199993,
                -11.313460978999956
              ],
              [
                -72.31468160699984,
                -11.314046854999958
              ],
              [
                -72.31476560699986,
                -11.314716854999972
              ],
              [
                -72.31450585699986,
                -11.316080103999866
              ],
              [
                -72.31499410699985,
                -11.31652535399985
              ],
              [
                -72.31536135699986,
                -11.317720728999916
              ],
              [
                -72.31691023199994,
                -11.319027353999843
              ],
              [
                -72.31409373199995,
                -11.319978478999928
              ],
              [
                -72.3167949819998,
                -11.321212978999938
              ],
              [
                -72.31777148199996,
                -11.321439478999935
              ],
              [
                -72.32044923199965,
                -11.321941353999875
              ],
              [
                -72.32209760699988,
                -11.32407035399973
              ],
              [
                -72.32279298199995,
                -11.324708978999922
              ],
              [
                -72.32324998199994,
                -11.32292372899991
              ],
              [
                -72.32403510699987,
                -11.322253854999815
              ],
              [
                -72.32403510699987,
                -11.321630853999864
              ],
              [
                -72.32405073199993,
                -11.319273478999946
              ],
              [
                -72.32275385699955,
                -11.316994104999822
              ],
              [
                -72.32329510699975,
                -11.316763728999945
              ],
              [
                -72.32499610699989,
                -11.317384728999912
              ],
              [
                -72.32609573199966,
                -11.317800728999941
              ],
              [
                -72.32892573199996,
                -11.317330103999836
              ],
              [
                -72.33367973199967,
                -11.31598047899979
              ],
              [
                -72.33428110699987,
                -11.31599610399985
              ],
              [
                -72.33443360699988,
                -11.316548853999848
              ],
              [
                -72.33572460699975,
                -11.316613228999927
              ],
              [
                -72.33834760699989,
                -11.317847603999837
              ],
              [
                -72.33702935699989,
                -11.318162103999839
              ],
              [
                -72.33684560699987,
                -11.318665978999945
              ],
              [
                -72.33854685699959,
                -11.323126978999937
              ],
              [
                -72.33881448199998,
                -11.323517603999846
              ],
              [
                -72.33929498199984,
                -11.32382035399985
              ],
              [
                -72.34216410699992,
                -11.32360935399987
              ],
              [
                -72.34303323199998,
                -11.324955103999855
              ],
              [
                -72.34314648199984,
                -11.32504685399988
              ],
              [
                -72.34346098199984,
                -11.324859353999841
              ],
              [
                -72.34337698199982,
                -11.324433604999854
              ],
              [
                -72.34333010699976,
                -11.32368560499998
              ],
              [
                -72.34394198199993,
                -11.323399853999945
              ],
              [
                -72.34671873199983,
                -11.322820353999873
              ],
              [
                -72.34886910699976,
                -11.32253322899993
              ],
              [
                -72.34970898199998,
                -11.323191478999945
              ],
              [
                -72.34994535699991,
                -11.323617353999907
              ],
              [
                -72.35031060699993,
                -11.326050854999835
              ],
              [
                -72.35215035699991,
                -11.327947353999889
              ],
              [
                -72.35427935699994,
                -11.329925853999896
              ],
              [
                -72.35755073199954,
                -11.329748103999862
              ],
              [
                -72.35803323199985,
                -11.33043947899995
              ],
              [
                -72.35814648199954,
                -11.332001978999813
              ],
              [
                -72.3588943569996,
                -11.332623229999967
              ],
              [
                -72.36012310699994,
                -11.33305860399986
              ],
              [
                -72.3619238569998,
                -11.33399610399988
              ],
              [
                -72.36350973199984,
                -11.333956978999936
              ],
              [
                -72.36568360699994,
                -11.334843728999942
              ],
              [
                -72.36714260699995,
                -11.334568353999884
              ],
              [
                -72.36747085699966,
                -11.334976604999838
              ],
              [
                -72.36825585699995,
                -11.336068353999906
              ],
              [
                -72.36873635699965,
                -11.336054729999944
              ],
              [
                -72.3688808569998,
                -11.335839853999744
              ],
              [
                -72.36910148199985,
                -11.335289104999845
              ],
              [
                -72.36889648199985,
                -11.334095728999955
              ],
              [
                -72.36898823199971,
                -11.333410103999881
              ],
              [
                -72.36933985699994,
                -11.333232478999946
              ],
              [
                -72.37020898199972,
                -11.333429728999818
              ],
              [
                -72.37155073199972,
                -11.334228353999833
              ],
              [
                -72.3719628569998,
                -11.333634728999812
              ],
              [
                -72.37249810699996,
                -11.331373104999841
              ],
              [
                -72.37342773199987,
                -11.331505853999886
              ],
              [
                -72.37328323199989,
                -11.334441478999963
              ],
              [
                -72.37308598199974,
                -11.33584960499985
              ],
              [
                -72.37702148099976,
                -11.332414103999895
              ],
              [
                -72.37883010699966,
                -11.332638728999825
              ],
              [
                -72.38222460699996,
                -11.334845728999824
              ],
              [
                -72.38112710699983,
                -11.336816353999893
              ],
              [
                -72.3794394819999,
                -11.338408228999981
              ],
              [
                -72.37962310699999,
                -11.339015603999883
              ],
              [
                -72.38156835699982,
                -11.337939478999829
              ],
              [
                -72.38239260699999,
                -11.338081979999913
              ],
              [
                -72.38460548199959,
                -11.340179728999829
              ],
              [
                -72.38587885699997,
                -11.343398478999973
              ],
              [
                -72.38709535699991,
                -11.347660729999745
              ],
              [
                -72.3880119819998,
                -11.347255103999942
              ],
              [
                -72.38829748199998,
                -11.346969603999867
              ],
              [
                -72.38885348199989,
                -11.346729228999948
              ],
              [
                -72.39037110699968,
                -11.345812603999775
              ],
              [
                -72.39001048199987,
                -11.345406853999975
              ],
              [
                -72.38892860699997,
                -11.344895979999876
              ],
              [
                -72.38811710699997,
                -11.344460228999878
              ],
              [
                -72.38844773199997,
                -11.34376897899989
              ],
              [
                -72.38886848199996,
                -11.3435737289999
              ],
              [
                -72.39104723199995,
                -11.342747228999826
              ],
              [
                -72.39285048199974,
                -11.342086103999918
              ],
              [
                -72.3956904819999,
                -11.343092853999906
              ],
              [
                -72.39519448199962,
                -11.343949353999903
              ],
              [
                -72.39445823199964,
                -11.344685603999892
              ],
              [
                -72.39409760699982,
                -11.34603797899996
              ],
              [
                -72.39412773199973,
                -11.346488603999944
              ],
              [
                -72.39468360699982,
                -11.348532353999929
              ],
              [
                -72.39511948199981,
                -11.349764478999816
              ],
              [
                -72.39705785699988,
                -11.349388853999926
              ],
              [
                -72.39869573199968,
                -11.34794635399993
              ],
              [
                -72.39907148199995,
                -11.34599285399986
              ],
              [
                -72.39835010699977,
                -11.344204728999898
              ],
              [
                -72.3982899819996,
                -11.343408353999905
              ],
              [
                -72.39932685699995,
                -11.3431529799999
              ],
              [
                -72.40003298199957,
                -11.343814103999819
              ],
              [
                -72.40105485699956,
                -11.347149978999937
              ],
              [
                -72.4030682319999,
                -11.349959853999906
              ],
              [
                -72.40440573199999,
                -11.352935103999698
              ],
              [
                -72.4043907319998,
                -11.353295728999967
              ],
              [
                -72.4036243569999,
                -11.354512854999768
              ],
              [
                -72.40338398199981,
                -11.357112478999852
              ],
              [
                -72.40496173199989,
                -11.357473103999837
              ],
              [
                -72.40738098199995,
                -11.35634610399984
              ],
              [
                -72.40823735699985,
                -11.355098853999948
              ],
              [
                -72.41010073199965,
                -11.352003478999904
              ],
              [
                -72.41070173199972,
                -11.351762978999886
              ],
              [
                -72.4116784819999,
                -11.351582728999801
              ],
              [
                -72.41294073199998,
                -11.351597603999892
              ],
              [
                -72.4138573569997,
                -11.352454228999875
              ],
              [
                -72.41633660699966,
                -11.355444478999857
              ],
              [
                -72.41788435699965,
                -11.356841978999853
              ],
              [
                -72.42179123199998,
                -11.354648103999864
              ],
              [
                -72.42359435699967,
                -11.355173978999858
              ],
              [
                -72.42445098199994,
                -11.35597047899995
              ],
              [
                -72.42619398199992,
                -11.358915603999833
              ],
              [
                -72.42632935699993,
                -11.361740603999976
              ],
              [
                -72.42595348199956,
                -11.364039603999856
              ],
              [
                -72.42584835699984,
                -11.365211604999843
              ],
              [
                -72.42557785699984,
                -11.366053103999832
              ],
              [
                -72.42518723199993,
                -11.366533978999826
              ],
              [
                -72.42485660699975,
                -11.367705978999822
              ],
              [
                -72.42488660699985,
                -11.368126728999812
              ],
              [
                -72.42568323199976,
                -11.368607603999976
              ],
              [
                -72.42873335699989,
                -11.367781103999903
              ],
              [
                -72.43047648199996,
                -11.366999728999815
              ],
              [
                -72.43112260699996,
                -11.367345353999895
              ],
              [
                -72.43184385699976,
                -11.367405479999718
              ],
              [
                -72.43223460699994,
                -11.367315353999913
              ],
              [
                -72.43403773199992,
                -11.36651897899992
              ],
              [
                -72.43478898199982,
                -11.366203353999822
              ],
              [
                -72.43603623199982,
                -11.366098228999931
              ],
              [
                -72.43462373199992,
                -11.36913347899997
              ],
              [
                -72.43438335699983,
                -11.370080229999871
              ],
              [
                -72.43548023199963,
                -11.372454353999842
              ],
              [
                -72.43832023199997,
                -11.37301035399986
              ],
              [
                -72.44191148199974,
                -11.375038728999812
              ],
              [
                -72.44257273199992,
                -11.374347728999737
              ],
              [
                -72.44338410699982,
                -11.374197354999922
              ],
              [
                -72.44448123199965,
                -11.373806728999739
              ],
              [
                -72.44517223199989,
                -11.37293522899995
              ],
              [
                -72.44733610699996,
                -11.372875103999945
              ],
              [
                -72.44822260699976,
                -11.372063729999866
              ],
              [
                -72.44859810699984,
                -11.37089160499977
              ],
              [
                -72.44922935699975,
                -11.370801478999965
              ],
              [
                -72.44954498199985,
                -11.371116978999964
              ],
              [
                -72.44989060699993,
                -11.37170297899985
              ],
              [
                -72.44986048199985,
                -11.371958478999943
              ],
              [
                -72.44943973199958,
                -11.372905103999926
              ],
              [
                -72.44974023199984,
                -11.374873603999845
              ],
              [
                -72.45074710699993,
                -11.37533947899982
              ],
              [
                -72.4513631069999,
                -11.376826978999702
              ],
              [
                -72.45058173199965,
                -11.377713604999883
              ],
              [
                -72.44766660699986,
                -11.37941160399987
              ],
              [
                -72.4474262319996,
                -11.384520479999708
              ],
              [
                -72.44903398199966,
                -11.385767728999895
              ],
              [
                -72.45238498199973,
                -11.385407103999967
              ],
              [
                -72.45397773199988,
                -11.3855573539999
              ],
              [
                -72.4543984819997,
                -11.385316854999871
              ],
              [
                -72.45546535699987,
                -11.384430353999903
              ],
              [
                -72.45853073199993,
                -11.38539210499988
              ],
              [
                -72.45986810699992,
                -11.389674603999936
              ],
              [
                -72.4612956069999,
                -11.390170478999835
              ],
              [
                -72.4618514819997,
                -11.389794728999846
              ],
              [
                -72.4610401069998,
                -11.388412353999854
              ],
              [
                -72.46119035699962,
                -11.387841353999875
              ],
              [
                -72.46155098199989,
                -11.38770610399996
              ],
              [
                -72.4629334819997,
                -11.38766110399996
              ],
              [
                -72.46400035699969,
                -11.390095353999925
              ],
              [
                -72.46485685699986,
                -11.390606228999843
              ],
              [
                -72.46574335699967,
                -11.39027560399984
              ],
              [
                -72.46650973199985,
                -11.389569353999832
              ],
              [
                -72.46662985699993,
                -11.387615978999861
              ],
              [
                -72.46634448199984,
                -11.387120104999951
              ],
              [
                -72.46652473199993,
                -11.386308728999893
              ],
              [
                -72.4693647319998,
                -11.385256978999905
              ],
              [
                -72.47034148199998,
                -11.386068228999875
              ],
              [
                -72.47106273199961,
                -11.388727728999925
              ],
              [
                -72.47139310699987,
                -11.391312478999907
              ],
              [
                -72.47354210699967,
                -11.392289103999815
              ],
              [
                -72.47621673199973,
                -11.391778228999897
              ],
              [
                -72.47698310699991,
                -11.390170478999835
              ],
              [
                -72.47953760699988,
                -11.387826353999856
              ],
              [
                -72.48111535699968,
                -11.387555853999856
              ],
              [
                -72.48209210699986,
                -11.388532603999863
              ],
              [
                -72.48303873199984,
                -11.389298978999932
              ],
              [
                -72.48455635699992,
                -11.38973472899994
              ],
              [
                -72.4857133569999,
                -11.389824853999926
              ],
              [
                -72.48527760699972,
                -11.393025478999903
              ],
              [
                -72.4862092319998,
                -11.393205728999703
              ],
              [
                -72.48751660699998,
                -11.393340979999891
              ],
              [
                -72.48365485699992,
                -11.396797103999859
              ],
              [
                -72.48221223199994,
                -11.398119353999846
              ],
              [
                -72.48398535699982,
                -11.398479853999902
              ],
              [
                -72.48784710699988,
                -11.398870728999839
              ],
              [
                -72.4876367319996,
                -11.40270247899997
              ],
              [
                -72.48859848199987,
                -11.402762728999903
              ],
              [
                -72.48904923199996,
                -11.401034478999975
              ],
              [
                -72.48960523199986,
                -11.399817353999822
              ],
              [
                -72.49088248199985,
                -11.399546854999812
              ],
              [
                -72.49220485699965,
                -11.40035835399982
              ],
              [
                -72.49285098199982,
                -11.40300297899978
              ],
              [
                -72.49306135699982,
                -11.404009728999768
              ],
              [
                -72.49364735699999,
                -11.403949603999877
              ],
              [
                -72.4949096069999,
                -11.401334979999888
              ],
              [
                -72.4937976069998,
                -11.400223103999906
              ],
              [
                -72.49349710699983,
                -11.399501853999823
              ],
              [
                -72.49354210699954,
                -11.398299853999845
              ],
              [
                -72.49429348199999,
                -11.397563478999928
              ],
              [
                -72.49705835699996,
                -11.398840603999929
              ],
              [
                -72.49797498199968,
                -11.395835228999943
              ],
              [
                -72.49934235699993,
                -11.395354603999976
              ],
              [
                -72.50147610699992,
                -11.397262853999848
              ],
              [
                -72.50308385699998,
                -11.398840603999929
              ],
              [
                -72.50362485699998,
                -11.399592103999737
              ],
              [
                -72.50357973199988,
                -11.400763978999976
              ],
              [
                -72.50034910699992,
                -11.401229853999894
              ],
              [
                -72.49961285699993,
                -11.401845978999972
              ],
              [
                -72.49760860699956,
                -11.403200353999864
              ],
              [
                -72.4984452319996,
                -11.40430635399997
              ],
              [
                -72.49916648199985,
                -11.405575729999953
              ],
              [
                -72.50027248199962,
                -11.406710603999954
              ],
              [
                -72.50092635699963,
                -11.407451103999847
              ],
              [
                -72.50107073199985,
                -11.40854735399978
              ],
              [
                -72.5012149819998,
                -11.409018603999868
              ],
              [
                -72.50213810699961,
                -11.409364854999922
              ],
              [
                -72.50343648199993,
                -11.409153228999912
              ],
              [
                -72.50467698199998,
                -11.408133853999857
              ],
              [
                -72.50687923199968,
                -11.407672228999957
              ],
              [
                -72.5065618569999,
                -11.4084993539999
              ],
              [
                -72.50662923199968,
                -11.40873972899982
              ],
              [
                -72.50736973199986,
                -11.40927822999987
              ],
              [
                -72.50943735699968,
                -11.410759228999837
              ],
              [
                -72.50982198199989,
                -11.411509353999918
              ],
              [
                -72.50978360699992,
                -11.412942354999814
              ],
              [
                -72.5093219819999,
                -11.413451978999888
              ],
              [
                -72.50836023199992,
                -11.414019354999937
              ],
              [
                -72.50875460699996,
                -11.415173478999861
              ],
              [
                -72.50897573199995,
                -11.415827228999945
              ],
              [
                -72.50777360699988,
                -11.417779604999737
              ],
              [
                -72.5070716069996,
                -11.419231728999819
              ],
              [
                -72.50742748199974,
                -11.42110697999982
              ],
              [
                -72.50889885699962,
                -11.422337978999963
              ],
              [
                -72.50981235699999,
                -11.423847853999916
              ],
              [
                -72.51136073199984,
                -11.425088479999715
              ],
              [
                -72.51184160699984,
                -11.425030728999843
              ],
              [
                -72.51273598199958,
                -11.424588354999912
              ],
              [
                -72.51266860699997,
                -11.422722729999919
              ],
              [
                -72.51230323199985,
                -11.421395603999883
              ],
              [
                -72.51340910699986,
                -11.417885353999964
              ],
              [
                -72.51437085699968,
                -11.417067978999853
              ],
              [
                -72.51526523199988,
                -11.416952604999892
              ],
              [
                -72.51650573199993,
                -11.417269853999926
              ],
              [
                -72.51704435699963,
                -11.417327603999922
              ],
              [
                -72.51805410699978,
                -11.418019979999826
              ],
              [
                -72.51892923199989,
                -11.420712728999774
              ],
              [
                -72.51886185699965,
                -11.421953353999925
              ],
              [
                -72.51686160699961,
                -11.427175229999818
              ],
              [
                -72.51589023199989,
                -11.430031478999979
              ],
              [
                -72.51631348199965,
                -11.431493228999955
              ],
              [
                -72.51713085699987,
                -11.432349228999897
              ],
              [
                -72.51846760699954,
                -11.432704978999936
              ],
              [
                -72.51938123299982,
                -11.432656853999958
              ],
              [
                -72.52367035699996,
                -11.430839354999932
              ],
              [
                -72.52622848199996,
                -11.43421485399989
              ],
              [
                -72.52480510699996,
                -11.43707110399987
              ],
              [
                -72.52531485699996,
                -11.439244478999854
              ],
              [
                -72.52672848199995,
                -11.439350229999889
              ],
              [
                -72.52952698199977,
                -11.437811603999762
              ],
              [
                -72.53051760699975,
                -11.437648104999823
              ],
              [
                -72.53181585699997,
                -11.43920597899995
              ],
              [
                -72.5329121069999,
                -11.43945610399976
              ],
              [
                -72.53522023199992,
                -11.436330603999977
              ],
              [
                -72.5350856069997,
                -11.43508047899985
              ],
              [
                -72.53266210699991,
                -11.433580103999873
              ],
              [
                -72.53156573199988,
                -11.431425978999812
              ],
              [
                -72.53134460699988,
                -11.429858353999862
              ],
              [
                -72.53136385699997,
                -11.42739647899981
              ],
              [
                -72.53302760699995,
                -11.42491535399978
              ],
              [
                -72.5342104819996,
                -11.42497297999995
              ],
              [
                -72.53506635699989,
                -11.425396228999887
              ],
              [
                -72.53580685699978,
                -11.426261728999975
              ],
              [
                -72.53689348199998,
                -11.429089104999889
              ],
              [
                -72.53709548199964,
                -11.43105085399975
              ],
              [
                -72.53642235699982,
                -11.432695353999748
              ],
              [
                -72.53681660699993,
                -11.434926479999888
              ],
              [
                -72.5392881069996,
                -11.434205228999815
              ],
              [
                -72.54123073199986,
                -11.433743603999972
              ],
              [
                -72.54592373199984,
                -11.43297422899991
              ],
              [
                -72.5479049819998,
                -11.435993979999921
              ],
              [
                -72.54884735699989,
                -11.436888353999848
              ],
              [
                -72.54823185699968,
                -11.440792729999885
              ],
              [
                -72.54612573299994,
                -11.443264353999837
              ],
              [
                -72.54653923199987,
                -11.448072729999865
              ],
              [
                -72.54773173199987,
                -11.448341979999839
              ],
              [
                -72.54852035699975,
                -11.448034353999958
              ],
              [
                -72.54969360699965,
                -11.447139978999871
              ],
              [
                -72.55007823199986,
                -11.446505103999925
              ],
              [
                -72.55078998199969,
                -11.444985728999882
              ],
              [
                -72.55227098199992,
                -11.442446853999968
              ],
              [
                -72.5520882319999,
                -11.441398603999914
              ],
              [
                -72.55168435699989,
                -11.44037922899986
              ],
              [
                -72.55163623199962,
                -11.437811604999865
              ],
              [
                -72.55168435699989,
                -11.436090103999788
              ],
              [
                -72.55166510699979,
                -11.434022478999964
              ],
              [
                -72.55232860699954,
                -11.432551103999913
              ],
              [
                -72.55366535699983,
                -11.432079853999824
              ],
              [
                -72.55588685799978,
                -11.43230097899982
              ],
              [
                -72.55877198199994,
                -11.435378478999894
              ],
              [
                -72.56189748299983,
                -11.434714978999978
              ],
              [
                -72.56386885699959,
                -11.432647353999869
              ],
              [
                -72.56570573199997,
                -11.431656853999812
              ],
              [
                -72.56743673199992,
                -11.432608854999785
              ],
              [
                -72.56813873199974,
                -11.43409947899994
              ],
              [
                -72.56993710799986,
                -11.434724478999954
              ],
              [
                -72.57302423199985,
                -11.436734478999824
              ],
              [
                -72.57754410699982,
                -11.439032853999834
              ],
              [
                -72.57879335699988,
                -11.438575478999837
              ],
              [
                -72.57945810799981,
                -11.438542104999897
              ],
              [
                -72.5808208569996,
                -11.438907853999979
              ],
              [
                -72.5828318569998,
                -11.43889135499984
              ],
              [
                -72.58308110699983,
                -11.438641978999897
              ],
              [
                -72.58291485799992,
                -11.43752835399988
              ],
              [
                -72.58244960699989,
                -11.43702997999975
              ],
              [
                -72.57935835699982,
                -11.434969228999876
              ],
              [
                -72.57861048199976,
                -11.43375597899984
              ],
              [
                -72.57861048199976,
                -11.431894603999751
              ],
              [
                -72.5808208569996,
                -11.43079760399985
              ],
              [
                -72.58475960699997,
                -11.432310103999953
              ],
              [
                -72.58760148199974,
                -11.432559354999967
              ],
              [
                -72.58911373199999,
                -11.432974854999884
              ],
              [
                -72.59069273199998,
                -11.4345371039999
              ],
              [
                -72.59087548199983,
                -11.43786085499994
              ],
              [
                -72.59180610699991,
                -11.440037979999943
              ],
              [
                -72.59411623199992,
                -11.440835728999957
              ],
              [
                -72.5966922319999,
                -11.43933997899984
              ],
              [
                -72.59692485699986,
                -11.438093604999835
              ],
              [
                -72.59684173199992,
                -11.436697604999893
              ],
              [
                -72.59562860799991,
                -11.435085479999884
              ],
              [
                -72.59398323199974,
                -11.434786353999925
              ],
              [
                -72.59237123199995,
                -11.434171478999758
              ],
              [
                -72.59125773199975,
                -11.433307228999922
              ],
              [
                -72.59104173199972,
                -11.43209410399993
              ],
              [
                -72.59213848199988,
                -11.43053185399998
              ],
              [
                -72.59396660699997,
                -11.428587353999944
              ],
              [
                -72.59473110699963,
                -11.426160978999917
              ],
              [
                -72.59519648199995,
                -11.421906353999873
              ],
              [
                -72.59566185699981,
                -11.420560353999974
              ],
              [
                -72.59860335699983,
                -11.419313853999938
              ],
              [
                -72.6003151069998,
                -11.418532853999977
              ],
              [
                -72.60204360699964,
                -11.419014728999969
              ],
              [
                -72.60478573199987,
                -11.423036603999947
              ],
              [
                -72.60440348299994,
                -11.425612603999923
              ],
              [
                -72.60338973199964,
                -11.428088853999895
              ],
              [
                -72.6032069829999,
                -11.432609228999922
              ],
              [
                -72.60500173199989,
                -11.43543447899981
              ],
              [
                -72.60634798199999,
                -11.438957728999924
              ],
              [
                -72.6076941079998,
                -11.440104479999945
              ],
              [
                -72.6086912319999,
                -11.440137728999957
              ],
              [
                -72.61018685699992,
                -11.439472979999834
              ],
              [
                -72.6108351069999,
                -11.438292978999982
              ],
              [
                -72.6100041069999,
                -11.433772603999898
              ],
              [
                -72.60963848199992,
                -11.432692478999968
              ],
              [
                -72.60734510699962,
                -11.430149603999894
              ],
              [
                -72.60998748199967,
                -11.428238354999849
              ],
              [
                -72.61412560699966,
                -11.428404603999923
              ],
              [
                -72.61816410699987,
                -11.427706604999912
              ],
              [
                -72.62070685799983,
                -11.427075104999972
              ],
              [
                -72.62404735699965,
                -11.425978228999895
              ],
              [
                -72.62444623299962,
                -11.42461547899984
              ],
              [
                -72.62403060699995,
                -11.422820604999742
              ],
              [
                -72.6228008569999,
                -11.421906353999873
              ],
              [
                -72.61739973199985,
                -11.419330478999825
              ],
              [
                -72.61716698199996,
                -11.417784978999919
              ],
              [
                -72.61975960699971,
                -11.416654853999944
              ],
              [
                -72.62082323199996,
                -11.41532535399989
              ],
              [
                -72.62231898199991,
                -11.413048479999702
              ],
              [
                -72.6246456069996,
                -11.413447353999857
              ],
              [
                -72.6285178579999,
                -11.416638228999886
              ],
              [
                -72.63253973199994,
                -11.41517585399987
              ],
              [
                -72.63285548199997,
                -11.413679979999927
              ],
              [
                -72.63154260699969,
                -11.410937853999883
              ],
              [
                -72.63152598199991,
                -11.407846729999903
              ],
              [
                -72.63212423199985,
                -11.406400853999912
              ],
              [
                -72.63292198299996,
                -11.405686228999855
              ],
              [
                -72.63421823199991,
                -11.405054728999914
              ],
              [
                -72.63564748199968,
                -11.40545347899996
              ],
              [
                -72.63902123199995,
                -11.406001979999871
              ],
              [
                -72.6412813579999,
                -11.408793978999938
              ],
              [
                -72.6427604819998,
                -11.41253335399989
              ],
              [
                -72.64362473199981,
                -11.413297728999908
              ],
              [
                -72.64601785699966,
                -11.412084603999972
              ],
              [
                -72.64635023199963,
                -11.410140103999936
              ],
              [
                -72.64729760699987,
                -11.409043228999963
              ],
              [
                -72.64807860699983,
                -11.40852810399997
              ],
              [
                -72.64821160699972,
                -11.406716603999826
              ],
              [
                -72.64957435699995,
                -11.404589354999871
              ],
              [
                -72.6506213579998,
                -11.404489603999878
              ],
              [
                -72.65191773199996,
                -11.40422372899991
              ],
              [
                -72.65226673199987,
                -11.401016228999708
              ],
              [
                -72.65032223199984,
                -11.39933772899974
              ],
              [
                -72.65203398199998,
                -11.396296353999901
              ],
              [
                -72.65313085699978,
                -11.395847603999812
              ],
              [
                -72.65790060799964,
                -11.39689472899994
              ],
              [
                -72.66019398199995,
                -11.396479228999851
              ],
              [
                -72.66273673199993,
                -11.395598353999958
              ],
              [
                -72.66454823199979,
                -11.393820103999929
              ],
              [
                -72.66399985699962,
                -11.390812103999906
              ],
              [
                -72.6639666079999,
                -11.388285978999875
              ],
              [
                -72.66637635799998,
                -11.385759853999957
              ],
              [
                -72.66896910699955,
                -11.386773603999814
              ],
              [
                -72.66946748199985,
                -11.387604603999819
              ],
              [
                -72.6705144819997,
                -11.388734603999865
              ],
              [
                -72.67295760699989,
                -11.387538103999816
              ],
              [
                -72.67496848299999,
                -11.387222353999903
              ],
              [
                -72.67729510699985,
                -11.38778735399984
              ],
              [
                -72.68085160699968,
                -11.389648853999859
              ],
              [
                -72.68224760699991,
                -11.391493479999895
              ],
              [
                -72.68309523199997,
                -11.392939353999964
              ],
              [
                -72.68432510799994,
                -11.394036103999952
              ],
              [
                -72.68861285699961,
                -11.396828229999869
              ],
              [
                -72.69230223199969,
                -11.395698103999962
              ],
              [
                -72.69276760699984,
                -11.394202353999844
              ],
              [
                -72.69196985799982,
                -11.389233229999832
              ],
              [
                -72.69441285799962,
                -11.38619185399989
              ],
              [
                -72.69580885799985,
                -11.384945479999885
              ],
              [
                -72.69752073199982,
                -11.381904353999971
              ],
              [
                -72.69861748199997,
                -11.380408478999925
              ],
              [
                -72.70071173199989,
                -11.379826729999934
              ],
              [
                -72.70494948199968,
                -11.381156354999803
              ],
              [
                -72.70734260699999,
                -11.381339103999835
              ],
              [
                -72.70908760699967,
                -11.379926479999938
              ],
              [
                -72.71018448199993,
                -11.377616479999745
              ],
              [
                -72.70988535699996,
                -11.371749978999844
              ],
              [
                -72.71279373199991,
                -11.367096478999827
              ],
              [
                -72.71404010799955,
                -11.36310785399985
              ],
              [
                -72.71472148199962,
                -11.36016635399983
              ],
              [
                -72.71445560799992,
                -11.358620728999938
              ],
              [
                -72.71302635699988,
                -11.357640228999912
              ],
              [
                -72.70937010699987,
                -11.356476853999823
              ],
              [
                -72.70810710699982,
                -11.355213729999946
              ],
              [
                -72.70747560699988,
                -11.351540978999822
              ],
              [
                -72.71159710799992,
                -11.34768535399985
              ],
              [
                -72.71508710799986,
                -11.34798447899982
              ],
              [
                -72.71718110699965,
                -11.349097978999737
              ],
              [
                -72.71829460699968,
                -11.350311103999843
              ],
              [
                -72.71814510699983,
                -11.35218910499998
              ],
              [
                -72.71651635799998,
                -11.35541322899985
              ],
              [
                -72.71644985699999,
                -11.360515353999858
              ],
              [
                -72.71767973199997,
                -11.36211072999987
              ],
              [
                -72.72180123199973,
                -11.361462603999883
              ],
              [
                -72.72288148199976,
                -11.359036228999855
              ],
              [
                -72.72239960799988,
                -11.357158228999822
              ],
              [
                -72.72171823199989,
                -11.354891353999733
              ],
              [
                -72.72206723199963,
                -11.352548103999936
              ],
              [
                -72.72424435799991,
                -11.350055228999906
              ],
              [
                -72.72590623199966,
                -11.349639728999819
              ],
              [
                -72.72713598199971,
                -11.350088478999908
              ],
              [
                -72.7291303579998,
                -11.351368103999903
              ],
              [
                -72.73132410699958,
                -11.3513016039999
              ],
              [
                -72.7329692319999,
                -11.351999603999843
              ],
              [
                -72.73473098199992,
                -11.351534353999796
              ],
              [
                -72.73597748199967,
                -11.34997210399996
              ],
              [
                -72.73878610799989,
                -11.347745103999898
              ],
              [
                -72.74001585799994,
                -11.34889185399993
              ],
              [
                -72.74127898299992,
                -11.350337728999818
              ],
              [
                -72.74388823199962,
                -11.354027229999929
              ],
              [
                -72.74531735699992,
                -11.354874729999779
              ],
              [
                -72.74957185699986,
                -11.359012978999885
              ],
              [
                -72.75208135699984,
                -11.36049197899996
              ],
              [
                -72.75474048199959,
                -11.361289853999892
              ],
              [
                -72.75568773299972,
                -11.361605478999707
              ],
              [
                -72.75741610799992,
                -11.36275222899991
              ],
              [
                -72.75834685699982,
                -11.363749353999822
              ],
              [
                -72.75929410699996,
                -11.365560853999966
              ],
              [
                -72.76105573299986,
                -11.369067478999852
              ],
              [
                -72.76334923199983,
                -11.371610228999828
              ],
              [
                -72.76494460699985,
                -11.372308228999941
              ],
              [
                -72.76943185699969,
                -11.374136354999848
              ],
              [
                -72.77568060699997,
                -11.375748478999924
              ],
              [
                -72.78134773199992,
                -11.375299728999835
              ],
              [
                -72.78470485699995,
                -11.375964478999947
              ],
              [
                -72.78819498199971,
                -11.378906103999952
              ],
              [
                -72.79497548199976,
                -11.384556603999954
              ],
              [
                -72.79653773199988,
                -11.383592728999872
              ],
              [
                -72.79687010799967,
                -11.382578853999917
              ],
              [
                -72.79655435699965,
                -11.380302103999838
              ],
              [
                -72.79575660699982,
                -11.378507228999922
              ],
              [
                -72.79063785799968,
                -11.373022853999828
              ],
              [
                -72.78995648299997,
                -11.371909353999968
              ],
              [
                -72.78942473199976,
                -11.369466354999815
              ],
              [
                -72.78964073199978,
                -11.367654853999852
              ],
              [
                -72.79106998199956,
                -11.365062353999917
              ],
              [
                -72.79263223199968,
                -11.364314478999859
              ],
              [
                -72.79356285699976,
                -11.364148229999955
              ],
              [
                -72.79565685699964,
                -11.364131603999908
              ],
              [
                -72.79640473199998,
                -11.364264603999914
              ],
              [
                -72.79814973299995,
                -11.36494597899997
              ],
              [
                -72.79971198199979,
                -11.366740853999886
              ],
              [
                -72.79878123299989,
                -11.36855235399986
              ],
              [
                -72.79625510699958,
                -11.371227978999912
              ],
              [
                -72.79723573199982,
                -11.377942103999885
              ],
              [
                -72.79823285699962,
                -11.380318728999953
              ],
              [
                -72.79819960799989,
                -11.381598353999891
              ],
              [
                -72.79876460699984,
                -11.38435710399989
              ],
              [
                -72.79924648199983,
                -11.385055103999889
              ],
              [
                -72.80029360799978,
                -11.385919479999927
              ],
              [
                -72.80107473199985,
                -11.38586947899995
              ],
              [
                -72.80262023199981,
                -11.385104979999937
              ],
              [
                -72.80414923199976,
                -11.382961103999833
              ],
              [
                -72.80434873199965,
                -11.380069353999943
              ],
              [
                -72.80496360799964,
                -11.377028103999919
              ],
              [
                -72.80707423199993,
                -11.37642985499997
              ],
              [
                -72.8141207319996,
                -11.379820103999919
              ],
              [
                -72.81441985699956,
                -11.378906103999952
              ],
              [
                -72.81410398199972,
                -11.377426978999893
              ],
              [
                -72.81453623199997,
                -11.37564872899992
              ],
              [
                -72.81556660699977,
                -11.375116853999884
              ],
              [
                -72.81706235699971,
                -11.375266478999833
              ],
              [
                -72.8189569819998,
                -11.376180478999856
              ],
              [
                -72.82156610699985,
                -11.377925603999927
              ],
              [
                -72.82327785799964,
                -11.380169104999936
              ],
              [
                -72.82364348299978,
                -11.38297772999988
              ],
              [
                -72.82299535699963,
                -11.384423604999881
              ],
              [
                -72.82196498199983,
                -11.385104978999948
              ],
              [
                -72.82002060699989,
                -11.386833353999862
              ],
              [
                -72.81990423299993,
                -11.388096478999842
              ],
              [
                -72.82088473199997,
                -11.389226604999806
              ],
              [
                -72.82361035799971,
                -11.389326228999892
              ],
              [
                -72.8274326069996,
                -11.387847228999817
              ],
              [
                -72.8308563569999,
                -11.387996728999838
              ],
              [
                -72.83291698199997,
                -11.386866603999863
              ],
              [
                -72.83444598199964,
                -11.386151978999976
              ],
              [
                -72.83700535699984,
                -11.386966353999753
              ],
              [
                -72.84086098199964,
                -11.387448353999844
              ],
              [
                -72.84246373199983,
                -11.38684047899983
              ],
              [
                -72.84374860699955,
                -11.384341979999874
              ],
              [
                -72.84351060699976,
                -11.383080853999786
              ],
              [
                -72.84258260799999,
                -11.381986353999821
              ],
              [
                -72.84167848199996,
                -11.38043972999975
              ],
              [
                -72.8399652319996,
                -11.380082853999909
              ],
              [
                -72.83618198299985,
                -11.380606229999955
              ],
              [
                -72.83408798199986,
                -11.379654478999896
              ],
              [
                -72.83349310699975,
                -11.378655104999893
              ],
              [
                -72.83396898299969,
                -11.374300728999856
              ],
              [
                -72.83458773199982,
                -11.373206103999962
              ],
              [
                -72.83765723299996,
                -11.370731478999858
              ],
              [
                -72.83970348199989,
                -11.370422228999928
              ],
              [
                -72.84134535699985,
                -11.370945603999814
              ],
              [
                -72.84370098199997,
                -11.373491853999894
              ],
              [
                -72.84546185699992,
                -11.370445978999953
              ],
              [
                -72.84403410799973,
                -11.365805978999902
              ],
              [
                -72.8444386069998,
                -11.36328385399986
              ],
              [
                -72.84510485699968,
                -11.362569978999943
              ],
              [
                -72.84696085799987,
                -11.362236853999832
              ],
              [
                -72.85205285699965,
                -11.365282603999844
              ],
              [
                -72.85414685799998,
                -11.363902478999876
              ],
              [
                -72.8565738579997,
                -11.35776347899997
              ],
              [
                -72.86035723299966,
                -11.354931854999904
              ],
              [
                -72.8630459819999,
                -11.354860478999854
              ],
              [
                -72.86699598199988,
                -11.355693353999925
              ],
              [
                -72.86975610799982,
                -11.357049603999883
              ],
              [
                -72.87320635699956,
                -11.364425978999861
              ],
              [
                -72.87622823199985,
                -11.364782853999884
              ],
              [
                -72.87751310699974,
                -11.363688353999919
              ],
              [
                -72.87784623299996,
                -11.363022103999867
              ],
              [
                -72.87746560699964,
                -11.36085672899975
              ],
              [
                -72.87584735699994,
                -11.357668229999831
              ],
              [
                -72.8770372319999,
                -11.354313228999956
              ],
              [
                -72.87939310799987,
                -11.352671353999824
              ],
              [
                -72.88010673299993,
                -11.352433478999956
              ],
              [
                -72.88115373199997,
                -11.352623853999887
              ],
              [
                -72.88152660699956,
                -11.356351103999828
              ],
              [
                -72.88501060699997,
                -11.357611228999815
              ],
              [
                -72.88799410799982,
                -11.355405978999954
              ],
              [
                -72.8893839819998,
                -11.353497228999856
              ],
              [
                -72.8899583569999,
                -11.35275597899971
              ],
              [
                -72.89034760699968,
                -11.350939978999918
              ],
              [
                -72.88901335699995,
                -11.347456103999889
              ],
              [
                -72.88875385699998,
                -11.344731978999903
              ],
              [
                -72.89036610699998,
                -11.343175353999982
              ],
              [
                -72.89186710799981,
                -11.343101228999899
              ],
              [
                -72.89401673199995,
                -11.343953603999978
              ],
              [
                -72.89485073199995,
                -11.34506547999996
              ],
              [
                -72.89496185699983,
                -11.34838260399988
              ],
              [
                -72.89275660799979,
                -11.351532978999956
              ],
              [
                -72.89170035699988,
                -11.353348978999747
              ],
              [
                -72.89405398299994,
                -11.357963353999821
              ],
              [
                -72.89701898199985,
                -11.35792610399983
              ],
              [
                -72.89907585699996,
                -11.356110228999967
              ],
              [
                -72.90137373199974,
                -11.353256353999825
              ],
              [
                -72.90452398199989,
                -11.351699728999904
              ],
              [
                -72.90900860699969,
                -11.351903603999972
              ],
              [
                -72.91056523299989,
                -11.351347603999898
              ],
              [
                -72.91125085799968,
                -11.350661978999824
              ],
              [
                -72.9131039829997,
                -11.347456103999889
              ],
              [
                -72.9169771079998,
                -11.34469485399984
              ],
              [
                -72.91988648199992,
                -11.343638603999864
              ],
              [
                -72.92298123199993,
                -11.3436016039999
              ],
              [
                -72.92479735799964,
                -11.344991354999877
              ],
              [
                -72.92637248299985,
                -11.348252978999824
              ],
              [
                -72.92388923199991,
                -11.351292103999924
              ],
              [
                -72.92001623299973,
                -11.35403472899992
              ],
              [
                -72.92253648299999,
                -11.355405978999954
              ],
              [
                -72.92451935699972,
                -11.354164353999977
              ],
              [
                -72.92748435699991,
                -11.351829478999889
              ],
              [
                -72.92915210699988,
                -11.351106729999856
              ],
              [
                -72.93283985699992,
                -11.350383979999833
              ],
              [
                -72.93469298199994,
                -11.347066854999923
              ],
              [
                -72.93367385699992,
                -11.34380535399987
              ],
              [
                -72.93026398299986,
                -11.341433353999832
              ],
              [
                -72.92374098199963,
                -11.337912478999726
              ],
              [
                -72.92133198199997,
                -11.335225353999704
              ],
              [
                -72.92073898199993,
                -11.332853354999827
              ],
              [
                -72.92122085699992,
                -11.330648104999966
              ],
              [
                -72.92294410799968,
                -11.328331728999899
              ],
              [
                -72.92488998199957,
                -11.32727547899998
              ],
              [
                -72.92585360699991,
                -11.327312478999943
              ],
              [
                -72.92816985799988,
                -11.328776478999828
              ],
              [
                -72.93094973299958,
                -11.330889103999937
              ],
              [
                -72.93485985699982,
                -11.331537603999948
              ],
              [
                -72.93739860799991,
                -11.332649603999926
              ],
              [
                -72.93914060699962,
                -11.337078478999842
              ],
              [
                -72.94051185699993,
                -11.338486853999825
              ],
              [
                -72.94151260799987,
                -11.33898722899994
              ],
              [
                -72.94473698199965,
                -11.33991385399986
              ],
              [
                -72.94636773299976,
                -11.33989535399985
              ],
              [
                -72.94953660699986,
                -11.337634478999917
              ],
              [
                -72.94849885799988,
                -11.331444978999912
              ],
              [
                -72.94951810799984,
                -11.330499853999868
              ],
              [
                -72.95133410699981,
                -11.330425728999955
              ],
              [
                -72.95335410699988,
                -11.331519103999824
              ],
              [
                -72.9590617319999,
                -11.334725103999972
              ],
              [
                -72.96243448199988,
                -11.334372978999966
              ],
              [
                -72.96438023299976,
                -11.332575478999843
              ],
              [
                -72.96526873199991,
                -11.330276478999963
              ],
              [
                -72.96490010699961,
                -11.32949847899988
              ],
              [
                -72.95944060799997,
                -11.327601353999853
              ],
              [
                -72.95759198299987,
                -11.327316728999847
              ],
              [
                -72.95213085799992,
                -11.328265478999924
              ],
              [
                -72.95092760799974,
                -11.324632478999888
              ],
              [
                -72.95102010699986,
                -11.322318479999922
              ],
              [
                -72.95134410699984,
                -11.32116147899984
              ],
              [
                -72.9529407319996,
                -11.319911853999827
              ],
              [
                -72.95449110699963,
                -11.319634229999963
              ],
              [
                -72.9566431079997,
                -11.320166478999852
              ],
              [
                -72.95782323299983,
                -11.320374729999855
              ],
              [
                -72.95988273299969,
                -11.319310228999882
              ],
              [
                -72.96073898299966,
                -11.316394603999868
              ],
              [
                -72.95951248299997,
                -11.314196478999975
              ],
              [
                -72.95699023199973,
                -11.313386353999931
              ],
              [
                -72.9546531069999,
                -11.313802853999846
              ],
              [
                -72.95287135699982,
                -11.313363228999776
              ],
              [
                -72.95134410699984,
                -11.312113729999965
              ],
              [
                -72.94891435699998,
                -11.311095478999903
              ],
              [
                -72.94574423299969,
                -11.309892228999843
              ],
              [
                -72.94303673299993,
                -11.310910353999873
              ],
              [
                -72.94204173199995,
                -11.312692228999879
              ],
              [
                -72.94273598199965,
                -11.313872353999898
              ],
              [
                -72.94602185699983,
                -11.315306978999843
              ],
              [
                -72.94396235699969,
                -11.320050728999945
              ],
              [
                -72.94197235699988,
                -11.322503603999962
              ],
              [
                -72.93801535699987,
                -11.321739978999915
              ],
              [
                -72.93665010699988,
                -11.319934978999981
              ],
              [
                -72.93658073199964,
                -11.318106978999879
              ],
              [
                -72.93704348199992,
                -11.3169499789999
              ],
              [
                -72.93725173299993,
                -11.315306978999843
              ],
              [
                -72.93394273199988,
                -11.313154978999876
              ],
              [
                -72.93227660799977,
                -11.309475728999928
              ],
              [
                -72.93299398199997,
                -11.304940228999897
              ],
              [
                -72.9334568569999,
                -11.304269228999885
              ],
              [
                -72.93496085799973,
                -11.30382960399993
              ],
              [
                -72.9371129829999,
                -11.305032853999933
              ],
              [
                -72.93854760699958,
                -11.305703728999845
              ],
              [
                -72.94528135799993,
                -11.305449353999848
              ],
              [
                -72.94754910699999,
                -11.304755103999867
              ],
              [
                -72.94847473299984,
                -11.304616353999847
              ],
              [
                -72.95099698299998,
                -11.304940228999897
              ],
              [
                -72.95472248199985,
                -11.305472478999889
              ],
              [
                -72.95557873199982,
                -11.304084104999959
              ],
              [
                -72.95504648199966,
                -11.302718728999764
              ],
              [
                -72.95268623299995,
                -11.300404853999908
              ],
              [
                -72.95159860699994,
                -11.297628103999841
              ],
              [
                -72.95307960699972,
                -11.294180103999906
              ],
              [
                -72.95215398299979,
                -11.292907479999883
              ],
              [
                -72.94940035699994,
                -11.293462854999916
              ],
              [
                -72.94451773199972,
                -11.295360228999868
              ],
              [
                -72.94150960799988,
                -11.294411478999962
              ],
              [
                -72.93810798199962,
                -11.292953728999976
              ],
              [
                -72.93653448299955,
                -11.292421479999973
              ],
              [
                -72.93588648199994,
                -11.29001497899992
              ],
              [
                -72.93968148199997,
                -11.285849728999892
              ],
              [
                -72.93912610699994,
                -11.282077853999908
              ],
              [
                -72.94090785699956,
                -11.280573729999901
              ],
              [
                -72.94430948199982,
                -11.279763853999839
              ],
              [
                -72.94525823199962,
                -11.278167228999905
              ],
              [
                -72.94481860699966,
                -11.275945728999943
              ],
              [
                -72.94518885799965,
                -11.27543672899992
              ],
              [
                -72.94611448199959,
                -11.275043353999706
              ],
              [
                -72.94784998299974,
                -11.275158978999968
              ],
              [
                -72.95062673299981,
                -11.275066478999861
              ],
              [
                -72.9535654829997,
                -11.274719354999831
              ],
              [
                -72.95567123199993,
                -11.273516103999839
              ],
              [
                -72.95666623299957,
                -11.2722202289998
              ],
              [
                -72.95657373299991,
                -11.26847147899997
              ],
              [
                -72.95539360699996,
                -11.26377397899995
              ],
              [
                -72.95798523299999,
                -11.263010478999945
              ],
              [
                -72.96013735799988,
                -11.263982353999893
              ],
              [
                -72.9616413579999,
                -11.265810478999981
              ],
              [
                -72.96154873299969,
                -11.266481478999879
              ],
              [
                -72.96194223299983,
                -11.268078103999926
              ],
              [
                -72.96427935799994,
                -11.26886485399973
              ],
              [
                -72.96643135699992,
                -11.267800478999959
              ],
              [
                -72.96846773299984,
                -11.26509310399996
              ],
              [
                -72.96846773199974,
                -11.263496353999813
              ],
              [
                -72.96781985799987,
                -11.26046522899992
              ],
              [
                -72.96731073199993,
                -11.258498103999784
              ],
              [
                -72.96738010799999,
                -11.257132853999906
              ],
              [
                -72.96825960799993,
                -11.25333797899998
              ],
              [
                -72.9713396079996,
                -11.251975728999867
              ],
              [
                -72.97361460799954,
                -11.251610103999724
              ],
              [
                -72.97434585699983,
                -11.24937585399988
              ],
              [
                -72.9744271079997,
                -11.246978978999891
              ],
              [
                -72.97450835799987,
                -11.238691854999786
              ],
              [
                -72.9752394829996,
                -11.227967103999902
              ],
              [
                -72.97503635799984,
                -11.222848604999967
              ],
              [
                -72.9717864819998,
                -11.219679978999977
              ],
              [
                -72.9678459829999,
                -11.21890810399998
              ],
              [
                -72.9663023569999,
                -11.218176978999963
              ],
              [
                -72.96666798199988,
                -11.216633103999754
              ],
              [
                -72.97048660799999,
                -11.215211353999905
              ],
              [
                -72.97613335699992,
                -11.213180103999889
              ],
              [
                -72.97826911660786,
                -11.212471400399181
              ],
              [
                -72.98094964881801,
                -11.214258421872728
              ],
              [
                -72.98296004797555,
                -11.215598687977774
              ],
              [
                -72.98660855015015,
                -11.218130301731776
              ],
              [
                -72.99122502228983,
                -11.2200662416613
              ],
              [
                -72.9950224429212,
                -11.221778803906659
              ],
              [
                -73.00269174341116,
                -11.224369985043154
              ],
              [
                -73.00998874776099,
                -11.227869568761776
              ],
              [
                -73.01430738298819,
                -11.230252264059743
              ],
              [
                -73.0175835890231,
                -11.23300725549791
              ],
              [
                -73.01857450848416,
                -11.234171223963699
              ],
              [
                -73.01892385512787,
                -11.240825474444193
              ],
              [
                -73.01993035799967,
                -11.244827853999709
              ],
              [
                -73.02212560193476,
                -11.250683876239293
              ],
              [
                -73.02152992811017,
                -11.252024142344226
              ],
              [
                -73.02227452039062,
                -11.254853593010523
              ],
              [
                -73.02376370495199,
                -11.25723628830849
              ],
              [
                -73.02339140881168,
                -11.259172228238015
              ],
              [
                -73.02398708263615,
                -11.261480464307851
              ],
              [
                -73.02555072642537,
                -11.264160996518001
              ],
              [
                -73.03902560799992,
                -11.271308728999884
              ],
              [
                -73.04131448299984,
                -11.275581978999867
              ],
              [
                -73.04512410699994,
                -11.276480978999928
              ],
              [
                -73.05068235699991,
                -11.27733010399993
              ],
              [
                -73.05625385699994,
                -11.280134728999883
              ],
              [
                -73.06118110799986,
                -11.282888353999908
              ],
              [
                -73.06504098299985,
                -11.284354978999943
              ],
              [
                -73.06774285699993,
                -11.284586604999902
              ],
              [
                -73.06959548299983,
                -11.283583103999831
              ],
              [
                -73.07299223299987,
                -11.28003197899983
              ],
              [
                -73.0770765122424,
                -11.277191361428265
              ],
              [
                -73.07923582985609,
                -11.274659747674264
              ],
              [
                -73.08213729235382,
                -11.273284213308386
              ],
              [
                -73.08511810887268,
                -11.273915155393524
              ],
              [
                -73.08861769259158,
                -11.275032043814576
              ],
              [
                -73.09263849090678,
                -11.275553258411037
              ],
              [
                -73.09628699308155,
                -11.276595687603788
              ],
              [
                -73.0998610360283,
                -11.278978382901641
              ],
              [
                -73.10105238367737,
                -11.280393108234875
              ],
              [
                -73.10283940515075,
                -11.281807833567939
              ],
              [
                -73.10603248299998,
                -11.283351478999862
              ],
              [
                -73.11166785699987,
                -11.285281353999835
              ],
              [
                -73.11730323299986,
                -11.288755228999946
              ],
              [
                -73.12664410699983,
                -11.292769478999901
              ],
              [
                -73.13166198299996,
                -11.293927478999876
              ],
              [
                -73.13737448299975,
                -11.29377310399991
              ],
              [
                -73.14988023199993,
                -11.291765978999933
              ],
              [
                -73.15868085799997,
                -11.290916728999832
              ],
              [
                -73.16166219531743,
                -11.291413073987599
              ],
              [
                -73.16531069749249,
                -11.292827799320662
              ],
              [
                -73.168399943802,
                -11.293315325319156
              ],
              [
                -73.16964285799969,
                -11.290530728999954
              ],
              [
                -73.17203585699963,
                -11.289141228999824
              ],
              [
                -73.17535535799993,
                -11.288755228999946
              ],
              [
                -73.17692633706969,
                -11.288955919461614
              ],
              [
                -73.17811768471859,
                -11.288881460233597
              ],
              [
                -73.18072375770043,
                -11.28761565335651
              ],
              [
                -73.18362766759503,
                -11.2860520095673
              ],
              [
                -73.18645711826116,
                -11.285977550339169
              ],
              [
                -73.1875740066821,
                -11.286424305707612
              ],
              [
                -73.18950994661162,
                -11.288807001005466
              ],
              [
                -73.19025453889225,
                -11.290072807882382
              ],
              [
                -73.19144588654115,
                -11.292083207040037
              ],
              [
                -73.19372823299972,
                -11.29315547899995
              ],
              [
                -73.19673898299988,
                -11.293078228999889
              ],
              [
                -73.20052160799986,
                -11.29168872899993
              ],
              [
                -73.20477985799994,
                -11.290022104999878
              ],
              [
                -73.20738423199987,
                -11.29100597899992
              ],
              [
                -73.20834813131063,
                -11.29290225854868
              ],
              [
                -73.21006069355599,
                -11.29342347314514
              ],
              [
                -73.21154987811724,
                -11.29714643454821
              ],
              [
                -73.21437932878337,
                -11.29938021138986
              ],
              [
                -73.21641273299974,
                -11.298703228999898
              ],
              [
                -73.22214223299989,
                -11.299166228999923
              ],
              [
                -73.22856635799957,
                -11.299629228999947
              ],
              [
                -73.23713173299996,
                -11.29951347899987
              ],
              [
                -73.2382313579999,
                -11.300207979999868
              ],
              [
                -73.24071998299956,
                -11.302407228999925
              ],
              [
                -73.2451763579997,
                -11.308136854999816
              ],
              [
                -73.25003785799987,
                -11.310856978999709
              ],
              [
                -73.25351035799986,
                -11.312014478999913
              ],
              [
                -73.25883473299967,
                -11.312593103999916
              ],
              [
                -73.2621336079996,
                -11.31213022899982
              ],
              [
                -73.26890498299997,
                -11.30969947899996
              ],
              [
                -73.27255098299992,
                -11.309410103999824
              ],
              [
                -73.2748929829998,
                -11.310698103999812
              ],
              [
                -73.27908973199959,
                -11.310458353999877
              ],
              [
                -73.28153585799993,
                -11.311249728999883
              ],
              [
                -73.28285485799972,
                -11.312185103999923
              ],
              [
                -73.28947373299991,
                -11.312640728999952
              ],
              [
                -73.29100860799997,
                -11.312064978999842
              ],
              [
                -73.29405423199972,
                -11.309235354999828
              ],
              [
                -73.29688410699993,
                -11.3083719789999
              ],
              [
                -73.30355098299981,
                -11.309259354999881
              ],
              [
                -73.30805948299991,
                -11.309427228999823
              ],
              [
                -73.31501410799979,
                -11.307676478999895
              ],
              [
                -73.31863535799982,
                -11.307484728999952
              ],
              [
                -73.32351447002162,
                -11.309197296496563
              ],
              [
                -73.32703614083675,
                -11.309059911037536
              ],
              [
                -73.33053572455566,
                -11.30898545180952
              ],
              [
                -73.3353755743795,
                -11.309581125633997
              ],
              [
                -73.33835394350194,
                -11.310698014054879
              ],
              [
                -73.34170460876453,
                -11.31099585096706
              ],
              [
                -73.34483189634284,
                -11.312782872440607
              ],
              [
                -73.34714013241268,
                -11.314495434685966
              ],
              [
                -73.3479591839216,
                -11.315761241562882
              ],
              [
                -73.34870377620206,
                -11.318218396088866
              ],
              [
                -73.34870377620206,
                -11.319409743737765
              ],
              [
                -73.34810810237758,
                -11.322537031316244
              ],
              [
                -73.34849610799978,
                -11.325897228999906
              ],
              [
                -73.34988260799975,
                -11.328482728999859
              ],
              [
                -73.35295523299988,
                -11.33417835399996
              ],
              [
                -73.35881991713865,
                -11.33918479060577
              ],
              [
                -73.36010904821813,
                -11.340109409138336
              ],
              [
                -73.36232981493691,
                -11.340034949910148
              ],
              [
                -73.363595621814,
                -11.339737112998023
              ],
              [
                -73.36515926560321,
                -11.341151838331086
              ],
              [
                -73.36523372483106,
                -11.342268726752025
              ],
              [
                -73.36813110799983,
                -11.344932603999894
              ],
              [
                -73.37221548299982,
                -11.345869478999873
              ],
              [
                -73.37866048299963,
                -11.350740728999767
              ],
              [
                -73.37914648299989,
                -11.352251978999846
              ],
              [
                -73.3800796079999,
                -11.355719603999887
              ],
              [
                -73.38232798299987,
                -11.36335435399991
              ],
              [
                -73.38626248299988,
                -11.371270228999833
              ],
              [
                -73.38935385799988,
                -11.373939978999942
              ],
              [
                -73.39323039458156,
                -11.375700920150337
              ],
              [
                -73.39628322293186,
                -11.377413482395866
              ],
              [
                -73.40052739893122,
                -11.375700920150337
              ],
              [
                -73.4020910427206,
                -11.376892267799406
              ],
              [
                -73.40670751486027,
                -11.382849006044125
              ],
              [
                -73.40685643331597,
                -11.384114812921212
              ],
              [
                -73.40767548482489,
                -11.38530616057011
              ],
              [
                -73.40788778228983,
                -11.385688296007345
              ],
              [
                -73.40855863032039,
                -11.385976293622434
              ],
              [
                -73.40879237324549,
                -11.385976293622605
              ],
              [
                -73.41043047626317,
                -11.385678456710423
              ],
              [
                -73.41391073299974,
                -11.38722947899987
              ],
              [
                -73.4161261079999,
                -11.386184479999827
              ],
              [
                -73.41974948299986,
                -11.383938229999956
              ],
              [
                -73.42007223299964,
                -11.380744103999973
              ],
              [
                -73.42365048299968,
                -11.37940147899991
              ],
              [
                -73.42850260799969,
                -11.378724353999928
              ],
              [
                -73.43764210799998,
                -11.373985603999813
              ],
              [
                -73.43966098199985,
                -11.373526479999839
              ],
              [
                -73.4446913579996,
                -11.36996872899988
              ],
              [
                -73.44975860799991,
                -11.368082978999837
              ],
              [
                -73.45531148299955,
                -11.361900853999828
              ],
              [
                -73.45952235799962,
                -11.359166478999896
              ],
              [
                -73.4637419829997,
                -11.35428410399976
              ],
              [
                -73.46645610799982,
                -11.34718310399984
              ],
              [
                -73.46712535799986,
                -11.344171604999815
              ],
              [
                -73.47064635799995,
                -11.34400710499989
              ],
              [
                -73.47449898299988,
                -11.34693985399997
              ],
              [
                -73.47669635799997,
                -11.350105854999924
              ],
              [
                -73.47825285799996,
                -11.352816853999968
              ],
              [
                -73.4806942329999,
                -11.354096103999836
              ],
              [
                -73.48297548299973,
                -11.353076603999966
              ],
              [
                -73.4845614829996,
                -11.350264103999962
              ],
              [
                -73.48563910799959,
                -11.344324979999897
              ],
              [
                -73.48344710799995,
                -11.339598603999889
              ],
              [
                -73.48314948299992,
                -11.337367854999968
              ],
              [
                -73.47987248299995,
                -11.330332728999906
              ],
              [
                -73.47946798299978,
                -11.325954603999946
              ],
              [
                -73.48032460799988,
                -11.322694728999863
              ],
              [
                -73.48408748299983,
                -11.319343978999825
              ],
              [
                -73.48322998299983,
                -11.317000978999943
              ],
              [
                -73.47894273299994,
                -11.312140853999892
              ],
              [
                -73.47505873299991,
                -11.309988603999898
              ],
              [
                -73.47132310799964,
                -11.305560353999965
              ],
              [
                -73.46011023299985,
                -11.302711353999882
              ],
              [
                -73.4589041079999,
                -11.298163353999882
              ],
              [
                -73.46216973299983,
                -11.29606060399982
              ],
              [
                -73.46310098299995,
                -11.293553978999796
              ],
              [
                -73.46216973299983,
                -11.289059478999889
              ],
              [
                -73.46320873299999,
                -11.285447478999913
              ],
              [
                -73.46296135799986,
                -11.282602603999976
              ],
              [
                -73.4611306079999,
                -11.276937353999926
              ],
              [
                -73.45795798299986,
                -11.270441853999841
              ],
              [
                -73.45570010799992,
                -11.267094228999952
              ],
              [
                -73.45444235799994,
                -11.263064854999982
              ],
              [
                -73.45566335799998,
                -11.257517228999916
              ],
              [
                -73.45513573299985,
                -11.253873478999878
              ],
              [
                -73.45286135799995,
                -11.244147353999892
              ],
              [
                -73.45086685799987,
                -11.240180478999946
              ],
              [
                -73.44987198299998,
                -11.235566853999956
              ],
              [
                -73.4505946079999,
                -11.230336353999917
              ],
              [
                -73.44980360799991,
                -11.226308978999839
              ],
              [
                -73.45134848299983,
                -11.22363860399986
              ],
              [
                -73.45174185799988,
                -11.223453229999905
              ],
              [
                -73.45440348299974,
                -11.221138978999818
              ],
              [
                -73.4551684829998,
                -11.21605472899995
              ],
              [
                -73.45920098299985,
                -11.20878160399991
              ],
              [
                -73.45937423299989,
                -11.204996353999888
              ],
              [
                -73.45813723299995,
                -11.20059272899988
              ],
              [
                -73.4583846079999,
                -11.195447103999925
              ],
              [
                -73.46012460799989,
                -11.192712853999979
              ],
              [
                -73.46333535799971,
                -11.185513853999964
              ],
              [
                -73.46317535799989,
                -11.183082853999906
              ],
              [
                -73.46218385799983,
                -11.181867353999962
              ],
              [
                -73.46195585799961,
                -11.179276603999824
              ],
              [
                -73.46380248299982,
                -11.173503603999904
              ],
              [
                -73.46538260799991,
                -11.170639728999845
              ],
              [
                -73.46660248299986,
                -11.166139103999853
              ],
              [
                -73.46758685799995,
                -11.156433978999871
              ],
              [
                -73.46853998299986,
                -11.151955478999867
              ],
              [
                -73.47168448299988,
                -11.140127353999958
              ],
              [
                -73.47458835799989,
                -11.130792353999936
              ],
              [
                -73.47518648299973,
                -11.128355853999949
              ],
              [
                -73.47398135799995,
                -11.124615603999928
              ],
              [
                -73.46977248299987,
                -11.122169103999738
              ],
              [
                -73.46829960799994,
                -11.121231103999946
              ],
              [
                -73.46702048299989,
                -11.120111728999973
              ],
              [
                -73.4668787329997,
                -11.119601978999981
              ],
              [
                -73.46742373299986,
                -11.113283728999704
              ],
              [
                -73.46959385799983,
                -11.106462478999845
              ],
              [
                -73.47417973299974,
                -11.098960978999912
              ],
              [
                -73.47097510799989,
                -11.092649728999959
              ],
              [
                -73.4713252329999,
                -11.087000478999812
              ],
              [
                -73.47197360799981,
                -11.084988728999804
              ],
              [
                -73.47378998299973,
                -11.082873478999943
              ],
              [
                -73.47694035799981,
                -11.08081872899993
              ],
              [
                -73.47823723299973,
                -11.078701603999832
              ],
              [
                -73.47894210799979,
                -11.071686978999935
              ],
              [
                -73.4826034829996,
                -11.065242228999864
              ],
              [
                -73.48878710799983,
                -11.062373478999916
              ],
              [
                -73.49113360799993,
                -11.062419103999957
              ],
              [
                -73.49563998299982,
                -11.063876728999958
              ],
              [
                -73.49826685799985,
                -11.063990978999982
              ],
              [
                -73.50367473299991,
                -11.058910478999906
              ],
              [
                -73.50658873299977,
                -11.057885228999908
              ],
              [
                -73.51291985799986,
                -11.057669978999968
              ],
              [
                -73.51585848299982,
                -11.05836485399982
              ],
              [
                -73.52293835799986,
                -11.057967228999871
              ],
              [
                -73.52847748299996,
                -11.055117603999975
              ],
              [
                -73.53172023299987,
                -11.05399285399983
              ],
              [
                -73.53496185799986,
                -11.050898853999968
              ],
              [
                -73.53640185799998,
                -11.050610478999943
              ],
              [
                -73.54257873299991,
                -11.047424477999925
              ],
              [
                -73.54290160799997,
                -11.042975853999906
              ],
              [
                -73.5423886079999,
                -11.040955478999877
              ],
              [
                -73.54369710799989,
                -11.03748010299995
              ],
              [
                -73.54358785799991,
                -11.035013478999929
              ],
              [
                -73.54064773299973,
                -11.028587728999923
              ],
              [
                -73.54189035799988,
                -11.024307228999874
              ],
              [
                -73.54133810799976,
                -11.02154572899991
              ],
              [
                -73.54394348299985,
                -11.020422228999962
              ],
              [
                -73.5530116079999,
                -11.014051603999974
              ],
              [
                -73.55449235799995,
                -11.00957472899995
              ],
              [
                -73.55373635799992,
                -11.007683603999965
              ],
              [
                -73.55453535799995,
                -11.003386853999814
              ],
              [
                -73.55641123299989,
                -11.002152603999832
              ],
              [
                -73.55823798299997,
                -10.999141103999875
              ],
              [
                -73.558290983,
                -10.995011728999884
              ],
              [
                -73.55942285799995,
                -10.989909102999945
              ],
              [
                -73.55867410799982,
                -10.975347228999965
              ],
              [
                -73.56558310799994,
                -10.96824585399986
              ],
              [
                -73.56910098299994,
                -10.961702602999878
              ],
              [
                -73.5714909829997,
                -10.958093728999927
              ],
              [
                -73.57257710799996,
                -10.954499978999934
              ],
              [
                -73.57168260799995,
                -10.948557103999974
              ],
              [
                -73.56857710799994,
                -10.942348103999961
              ],
              [
                -73.564836733,
                -10.93675460399993
              ],
              [
                -73.56425898299972,
                -10.934033478999936
              ],
              [
                -73.56615485799989,
                -10.923665353999922
              ],
              [
                -73.5663137329999,
                -10.913972353999952
              ],
              [
                -73.56734660799975,
                -10.91055597899998
              ],
              [
                -73.5672671079999,
                -10.905947728999934
              ],
              [
                -73.56640573299995,
                -10.902893853999842
              ],
              [
                -73.56365010799976,
                -10.89739072899988
              ],
              [
                -73.56290898299983,
                -10.888355853999826
              ],
              [
                -73.56015535799997,
                -10.881226978999905
              ],
              [
                -73.55896460799988,
                -10.87674560399995
              ],
              [
                -73.55902435799993,
                -10.874138478999953
              ],
              [
                -73.56091710799996,
                -10.86847185399995
              ],
              [
                -73.56007573299996,
                -10.86331572899985
              ],
              [
                -73.56026148299998,
                -10.860609228999976
              ],
              [
                -73.56235323299995,
                -10.85834935299988
              ],
              [
                -73.56723348299988,
                -10.859214977999898
              ],
              [
                -73.57155935799994,
                -10.856705978999969
              ],
              [
                -73.57427473299992,
                -10.852263228999902
              ],
              [
                -73.58052298299998,
                -10.854571852999982
              ],
              [
                -73.58572748299991,
                -10.85423872899986
              ],
              [
                -73.58990623299991,
                -10.85289647899998
              ],
              [
                -73.59432898299991,
                -10.852560978999861
              ],
              [
                -73.59840123299989,
                -10.851549228999886
              ],
              [
                -73.60533760799979,
                -10.849103103999937
              ],
              [
                -73.6103962329999,
                -10.846573852999825
              ],
              [
                -73.61709548299973,
                -10.839874478999889
              ],
              [
                -73.62218548299995,
                -10.836988353999857
              ],
              [
                -73.62542498299985,
                -10.833708353999896
              ],
              [
                -73.6330364829999,
                -10.828199603999906
              ],
              [
                -73.63611010800003,
                -10.824822602999916
              ],
              [
                -73.6403466079999,
                -10.821988727999837
              ],
              [
                -73.64524498299983,
                -10.81799460399992
              ],
              [
                -73.64796910799998,
                -10.816460603999928
              ],
              [
                -73.65128885799976,
                -10.812214478999977
              ],
              [
                -73.65437698300002,
                -10.811492228999896
              ],
              [
                -73.65967923299996,
                -10.80702322899998
              ],
              [
                -73.66146723299994,
                -10.802938603999962
              ],
              [
                -73.66590660799972,
                -10.802959853999937
              ],
              [
                -73.66753535799984,
                -10.799414103999936
              ],
              [
                -73.66557098299995,
                -10.795110353999974
              ],
              [
                -73.66564598399992,
                -10.79315947899994
              ],
              [
                -73.67144723300004,
                -10.788720727999873
              ],
              [
                -73.6767751079999,
                -10.790075728999966
              ],
              [
                -73.68003610799997,
                -10.788543978999883
              ],
              [
                -73.68230898299998,
                -10.785035853999887
              ],
              [
                -73.686605983,
                -10.781704103999914
              ],
              [
                -73.68865698299987,
                -10.77905272899983
              ],
              [
                -73.69347560799997,
                -10.774758602999896
              ],
              [
                -73.69619310799982,
                -10.773029228999974
              ],
              [
                -73.70426135799994,
                -10.771264103999954
              ],
              [
                -73.70675385800001,
                -10.768890603999921
              ],
              [
                -73.7072322329999,
                -10.76664685399993
              ],
              [
                -73.71485948299994,
                -10.759885727999972
              ],
              [
                -73.71855260799987,
                -10.758420353999952
              ],
              [
                -73.7240629829999,
                -10.757687603999898
              ],
              [
                -73.72925110799991,
                -10.755577228999925
              ],
              [
                -73.73174248299989,
                -10.75381847899996
              ],
              [
                -73.73399935799978,
                -10.751092603999837
              ],
              [
                -73.73567673399981,
                -10.745691853999972
              ],
              [
                -73.73581335799986,
                -10.742129352999939
              ],
              [
                -73.73711023299995,
                -10.737312978999967
              ],
              [
                -73.74211610799989,
                -10.734008228999869
              ],
              [
                -73.74443448299996,
                -10.734017978999816
              ],
              [
                -73.75069835799997,
                -10.73553560399995
              ],
              [
                -73.75720010799995,
                -10.73590472799998
              ],
              [
                -73.76253210799979,
                -10.738223103999928
              ],
              [
                -73.76693585899983,
                -10.743199353999898
              ],
              [
                -73.77238385799984,
                -10.746377352999957
              ],
              [
                -73.77653473299983,
                -10.749295977999964
              ],
              [
                -73.78198635799998,
                -10.750624977999962
              ],
              [
                -73.78331985799991,
                -10.754559728999936
              ],
              [
                -73.78327610899993,
                -10.758024977999924
              ],
              [
                -73.78131798299984,
                -10.763423977999878
              ],
              [
                -73.78115198299997,
                -10.767475227999967
              ],
              [
                -73.77861410799994,
                -10.773298603999876
              ],
              [
                -73.77848160799971,
                -10.775039353999944
              ],
              [
                -73.78055723299997,
                -10.779463728999929
              ],
              [
                -73.78180835799992,
                -10.786179353999898
              ],
              [
                -73.78441610899995,
                -10.789366227999892
              ],
              [
                -73.78693948299991,
                -10.794138728999883
              ],
              [
                -73.79070385799997,
                -10.796360978999928
              ],
              [
                -73.79625598399991,
                -10.796778852999921
              ],
              [
                -73.80051723299988,
                -10.79590572899997
              ],
              [
                -73.80594648299996,
                -10.797592728999973
              ],
              [
                -73.81220660899993,
                -10.798619603999896
              ],
              [
                -73.8142168579999,
                -10.79989647899987
              ],
              [
                -73.81180698399999,
                -10.80558485299997
              ],
              [
                -73.81294885799997,
                -10.80789710299996
              ],
              [
                -73.81574635799979,
                -10.810580478999952
              ],
              [
                -73.81777310799998,
                -10.813806103999923
              ],
              [
                -73.8189227339999,
                -10.825385727999958
              ],
              [
                -73.81683598299998,
                -10.82810335399995
              ],
              [
                -73.81678748299987,
                -10.830141602999902
              ],
              [
                -73.82154335799981,
                -10.834509353999977
              ],
              [
                -73.82215773299976,
                -10.836072103999982
              ],
              [
                -73.8216333589998,
                -10.844430603999967
              ],
              [
                -73.817758234,
                -10.848485978999918
              ],
              [
                -73.81687773299979,
                -10.850389978999885
              ],
              [
                -73.81601235899996,
                -10.857946228999936
              ],
              [
                -73.81759423299974,
                -10.861262352999859
              ],
              [
                -73.81812385799986,
                -10.867595603999916
              ],
              [
                -73.82077435899998,
                -10.879013728999837
              ],
              [
                -73.81895535799993,
                -10.881554103999974
              ],
              [
                -73.81492698399995,
                -10.882930352999892
              ],
              [
                -73.81294748299985,
                -10.888790853999922
              ],
              [
                -73.81420273299989,
                -10.891604727999947
              ],
              [
                -73.8181693579998,
                -10.895047603999899
              ],
              [
                -73.8210632329999,
                -10.896686103999912
              ],
              [
                -73.81878273299975,
                -10.89887060399991
              ],
              [
                -73.81775748399974,
                -10.90178347899996
              ],
              [
                -73.81975773299996,
                -10.90438872899989
              ],
              [
                -73.82305698299973,
                -10.906714353999917
              ],
              [
                -73.82590060799993,
                -10.909628353999892
              ],
              [
                -73.82683623299988,
                -10.912791478999964
              ],
              [
                -73.82554485799989,
                -10.91666610399983
              ],
              [
                -73.823678358,
                -10.918886227999849
              ],
              [
                -73.82340723299978,
                -10.921072728999945
              ],
              [
                -73.82903398299993,
                -10.927903978999893
              ],
              [
                -73.83222285799991,
                -10.93304647899987
              ],
              [
                -73.83526923399972,
                -10.935192603999894
              ],
              [
                -73.83748473299988,
                -10.938239102999887
              ],
              [
                -73.84547448399996,
                -10.943887728999925
              ],
              [
                -73.84827860799999,
                -10.950761727999975
              ],
              [
                -73.85411035899978,
                -10.954905978999932
              ],
              [
                -73.85574810799994,
                -10.956965602999901
              ],
              [
                -73.85716260799984,
                -10.961953727999969
              ],
              [
                -73.85732760899998,
                -10.969912853999858
              ],
              [
                -73.85781485799998,
                -10.971552353999869
              ],
              [
                -73.86109398299993,
                -10.974122353999974
              ],
              [
                -73.86215748299992,
                -10.979971353999872
              ],
              [
                -73.86159323299995,
                -10.986738853999896
              ],
              [
                -73.86302935799995,
                -10.993779353999969
              ],
              [
                -73.86367798399988,
                -11.001737728999956
              ],
              [
                -73.86298310899986,
                -11.008455353999977
              ],
              [
                -73.86403910799999,
                -11.018050728999924
              ],
              [
                -73.86643248299987,
                -11.02544047899994
              ],
              [
                -73.86611023299986,
                -11.029187478999916
              ],
              [
                -73.86680523399991,
                -11.033588728999916
              ],
              [
                -73.8665734839999,
                -11.037352853999948
              ],
              [
                -73.86466248299996,
                -11.047429228999874
              ],
              [
                -73.86477835799997,
                -11.055536853999968
              ],
              [
                -73.86414123299983,
                -11.063412728999936
              ],
              [
                -73.86283435799999,
                -11.070120478999911
              ],
              [
                -73.86309373300003,
                -11.074447228999873
              ],
              [
                -73.86286723399985,
                -11.086692853999978
              ],
              [
                -73.86309885799983,
                -11.09074660399989
              ],
              [
                -73.86564698299998,
                -11.098680478999881
              ],
              [
                -73.86396698299973,
                -11.112269478999906
              ],
              [
                -73.86178285799991,
                -11.117502228999967
              ],
              [
                -73.85968210799973,
                -11.13255822899987
              ],
              [
                -73.86147735799995,
                -11.138754728999913
              ],
              [
                -73.86130360899972,
                -11.145530228999974
              ],
              [
                -73.85736960899999,
                -11.15871285399993
              ],
              [
                -73.85497473299989,
                -11.162236978999942
              ],
              [
                -73.85270698299985,
                -11.164326228999869
              ],
              [
                -73.85501935799994,
                -11.166135853999947
              ],
              [
                -73.85933348299994,
                -11.168110353999907
              ],
              [
                -73.86306023399993,
                -11.169124353999962
              ],
              [
                -73.87257535799984,
                -11.170062353999924
              ],
              [
                -73.87821823299998,
                -11.168313103999878
              ],
              [
                -73.88180435799995,
                -11.169408603999955
              ],
              [
                -73.88874848299997,
                -11.170081853999875
              ],
              [
                -73.89226510799978,
                -11.168109103999882
              ],
              [
                -73.89438798299983,
                -11.161933728999884
              ],
              [
                -73.8970682339999,
                -11.157988228999955
              ],
              [
                -73.89929823299997,
                -11.155779603999974
              ],
              [
                -73.90854010899972,
                -11.151662603999966
              ],
              [
                -73.91059860799987,
                -11.150118728999928
              ],
              [
                -73.91648723299977,
                -11.14310197899988
              ],
              [
                -73.92155873299998,
                -11.14285335399984
              ],
              [
                -73.92719160799993,
                -11.143812228999934
              ],
              [
                -73.9347363579999,
                -11.14234185399988
              ],
              [
                -73.93729085799987,
                -11.14460222899993
              ],
              [
                -73.94010885799986,
                -11.150167228999976
              ],
              [
                -73.94183385899987,
                -11.151216728999941
              ],
              [
                -73.95026048399995,
                -11.151431228999911
              ],
              [
                -73.95455148299999,
                -11.150398853999945
              ],
              [
                -73.95737773399998,
                -11.148136228999874
              ],
              [
                -73.95842010799998,
                -11.141534478999972
              ],
              [
                -73.96020448399992,
                -11.13839072899998
              ],
              [
                -73.96427148299989,
                -11.135654353999882
              ],
              [
                -73.96670998300004,
                -11.131211228999973
              ],
              [
                -73.97044823399983,
                -11.128697728999839
              ],
              [
                -73.97388173300004,
                -11.127209353999945
              ],
              [
                -73.97592673299971,
                -11.125498478999873
              ],
              [
                -73.97827173399992,
                -11.120626978999951
              ],
              [
                -73.97860885899973,
                -11.115435978999813
              ],
              [
                -73.9803616079999,
                -11.110480978999817
              ],
              [
                -73.98054198299991,
                -11.105745603999878
              ],
              [
                -73.9814552339999,
                -11.099400478999883
              ],
              [
                -73.98035810799996,
                -11.095445228999893
              ],
              [
                -73.98366435799988,
                -11.092707853999912
              ],
              [
                -73.98291498299989,
                -11.09073485399989
              ],
              [
                -73.98059460799982,
                -11.088656728999979
              ],
              [
                -73.97827898299971,
                -11.083141853999962
              ],
              [
                -73.97903698399972,
                -11.074211728999956
              ],
              [
                -73.97873848299992,
                -11.07003310399989
              ],
              [
                -73.98480710799993,
                -11.052722728999981
              ],
              [
                -73.98626460899993,
                -11.04963722899987
              ],
              [
                -73.98911285899987,
                -11.041117103999966
              ],
              [
                -73.99116160799974,
                -11.031445103999943
              ],
              [
                -73.99075198399987,
                -11.026872978999904
              ],
              [
                -73.99613148299989,
                -11.017449728999964
              ],
              [
                -74.00034310799992,
                -11.007598728999938
              ],
              [
                -74.0054982329998,
                -10.993192603999944
              ],
              [
                -74.0072018579998,
                -10.991308478999883
              ],
              [
                -74.01333510799992,
                -10.99377697899996
              ],
              [
                -74.02210948299984,
                -10.993349853999973
              ],
              [
                -74.02475273399989,
                -10.990431103999981
              ],
              [
                -74.02999223299986,
                -10.989992228999881
              ],
              [
                -74.03290873299994,
                -10.988856478999878
              ],
              [
                -74.03626410799984,
                -10.98901122899997
              ],
              [
                -74.043126358,
                -10.992098103999979
              ],
              [
                -74.05309973399983,
                -10.993362978999812
              ],
              [
                -74.06135835799995,
                -10.99574497899988
              ],
              [
                -74.06480698299993,
                -10.993119978999971
              ],
              [
                -74.06743198399994,
                -10.992656728999975
              ],
              [
                -74.07283660899992,
                -10.993145728999934
              ],
              [
                -74.07708298399984,
                -10.992811103999884
              ],
              [
                -74.08325973399985,
                -10.990623478999964
              ],
              [
                -74.09177835799983,
                -10.98681460299997
              ],
              [
                -74.09660848399994,
                -10.987462728999958
              ],
              [
                -74.09970960799978,
                -10.986342353999873
              ],
              [
                -74.10745623399981,
                -10.986752853999917
              ],
              [
                -74.11651873399978,
                -10.99086197899993
              ],
              [
                -74.12075210799992,
                -10.990783353999973
              ],
              [
                -74.12258023399983,
                -10.989628728999946
              ],
              [
                -74.12759860899985,
                -10.988377353999965
              ],
              [
                -74.1329281089998,
                -10.988884353999879
              ],
              [
                -74.1368483579999,
                -10.988597728999878
              ],
              [
                -74.13868260899972,
                -10.989591853999968
              ],
              [
                -74.14179948399993,
                -10.995958103999953
              ],
              [
                -74.14336998399995,
                -10.997504728999843
              ],
              [
                -74.14798610899987,
                -10.998837228999946
              ],
              [
                -74.15792773399983,
                -10.998417978999896
              ],
              [
                -74.16167235799975,
                -10.995381478999946
              ],
              [
                -74.17106998299982,
                -10.992449228999874
              ],
              [
                -74.17545073399998,
                -10.991848603999927
              ],
              [
                -74.17794098299998,
                -10.990523228999962
              ],
              [
                -74.18248235899989,
                -10.985788853999907
              ],
              [
                -74.18628948399999,
                -10.9852832279999
              ],
              [
                -74.19086998299991,
                -10.985997103999978
              ],
              [
                -74.19363610799985,
                -10.988049352999894
              ],
              [
                -74.19375510899988,
                -10.991826853999896
              ],
              [
                -74.19640223399989,
                -10.995485228999883
              ],
              [
                -74.19836523299995,
                -10.99715072899994
              ],
              [
                -74.19934935799984,
                -11.007466228999931
              ],
              [
                -74.20067848299993,
                -11.010631228999955
              ],
              [
                -74.201474609,
                -11.019663728999888
              ],
              [
                -74.20276735899995,
                -11.021013478999919
              ],
              [
                -74.20894585899975,
                -11.020614228999932
              ],
              [
                -74.21992673399996,
                -11.02077085399992
              ],
              [
                -74.22449960899996,
                -11.019144853999876
              ],
              [
                -74.23433735799983,
                -11.018794728999865
              ],
              [
                -74.23717148399993,
                -11.018363478999959
              ],
              [
                -74.24746023299991,
                -11.017809103999923
              ],
              [
                -74.25643598399978,
                -11.018222728999945
              ],
              [
                -74.25991598399986,
                -11.020007353999915
              ],
              [
                -74.26589435899973,
                -11.024111853999955
              ],
              [
                -74.27169423399988,
                -11.026431853999895
              ],
              [
                -74.27597735799998,
                -11.028930228999968
              ],
              [
                -74.28008035900001,
                -11.032526603999884
              ],
              [
                -74.28154498399988,
                -11.033130853999978
              ],
              [
                -74.2885463589999,
                -11.031461478999972
              ],
              [
                -74.29385510899994,
                -11.031325353999875
              ],
              [
                -74.30950923399985,
                -11.035817353999846
              ],
              [
                -74.31645023399994,
                -11.036712978999958
              ],
              [
                -74.32001610899977,
                -11.038422353999977
              ],
              [
                -74.33595510899988,
                -11.050267853999912
              ],
              [
                -74.33944585899997,
                -11.053957603999947
              ],
              [
                -74.35029498299974,
                -11.056669603999978
              ],
              [
                -74.35579798399988,
                -11.056669603999978
              ],
              [
                -74.3641687339998,
                -11.054809353999872
              ],
              [
                -74.370805233,
                -11.056546728999933
              ],
              [
                -74.37365473399996,
                -11.056522353999867
              ],
              [
                -74.38531023399986,
                -11.048929853999937
              ],
              [
                -74.38906648399978,
                -11.045823728999892
              ],
              [
                -74.39188373399992,
                -11.04474010399997
              ],
              [
                -74.39708460899988,
                -11.04430672899997
              ],
              [
                -74.40009660899983,
                -11.043244603999938
              ],
              [
                -74.40315235899988,
                -11.03968360399989
              ],
              [
                -74.40681685899995,
                -11.036912228999938
              ],
              [
                -74.41341673399984,
                -11.033567603999927
              ],
              [
                -74.41551285900005,
                -11.02950960399994
              ],
              [
                -74.41863760899986,
                -11.025238728999966
              ],
              [
                -74.42743948399982,
                -11.019332603999942
              ],
              [
                -74.43230548299982,
                -11.015491103999977
              ],
              [
                -74.43819585899985,
                -11.01028360399988
              ],
              [
                -74.44541048399975,
                -11.004852478999908
              ],
              [
                -74.45207048399988,
                -11.001331103999973
              ],
              [
                -74.46244023299988,
                -11.00055172899988
              ],
              [
                -74.46884460899992,
                -11.00125460399994
              ],
              [
                -74.48473973399996,
                -11.002226728999915
              ],
              [
                -74.49452623399992,
                -11.001119603999882
              ],
              [
                -74.49833285899985,
                -10.998748478999971
              ],
              [
                -74.50008098399985,
                -10.99599847899998
              ],
              [
                -74.50268910899996,
                -10.9865681039999
              ],
              [
                -74.50158598399992,
                -10.981693353999958
              ],
              [
                -74.50377410899978,
                -10.977773603999935
              ],
              [
                -74.50350710899988,
                -10.97208610399997
              ],
              [
                -74.50268248399993,
                -10.968711353999936
              ],
              [
                -74.50268248399993,
                -10.965158603999953
              ],
              [
                -74.50373235899986,
                -10.959499853999887
              ],
              [
                -74.50532698399991,
                -10.955027227999949
              ],
              [
                -74.50838373299996,
                -10.950299727999948
              ],
              [
                -74.51123735899989,
                -10.949524353999891
              ],
              [
                -74.51521373399993,
                -10.946791478999899
              ],
              [
                -74.51884448399994,
                -10.94288047799995
              ],
              [
                -74.52050323399999,
                -10.94261510399997
              ],
              [
                -74.52581098400003,
                -10.939762228999882
              ],
              [
                -74.53012360899999,
                -10.935515977999898
              ],
              [
                -74.53271123400003,
                -10.932065853999916
              ],
              [
                -74.5359622339999,
                -10.93060622899992
              ],
              [
                -74.54107098399993,
                -10.931535103999977
              ],
              [
                -74.54432198399996,
                -10.929212852999854
              ],
              [
                -74.54750673399997,
                -10.924966603999962
              ],
              [
                -74.55751310900001,
                -10.91714197899995
              ],
              [
                -74.55963173399982,
                -10.916585978999933
              ],
              [
                -74.56236348399989,
                -10.913682478999874
              ],
              [
                -74.56495460900004,
                -10.913300228999958
              ],
              [
                -74.56780923399998,
                -10.915147103999914
              ],
              [
                -74.56996023399995,
                -10.91520785399996
              ],
              [
                -74.56970698399988,
                -10.908751478999932
              ],
              [
                -74.57015010899994,
                -10.907074102999957
              ],
              [
                -74.57037160899989,
                -10.906219603999944
              ],
              [
                -74.56923223399986,
                -10.904035853999915
              ],
              [
                -74.56657760900003,
                -10.904845603999945
              ],
              [
                -74.56622560899996,
                -10.904827102999946
              ],
              [
                -74.56432673399996,
                -10.903054728999905
              ],
              [
                -74.56353548399994,
                -10.902231853999979
              ],
              [
                -74.56204798399989,
                -10.90115585299992
              ],
              [
                -74.56078210899994,
                -10.899794978999921
              ],
              [
                -74.55806035899991,
                -10.895933852999974
              ],
              [
                -74.55635523399997,
                -10.895849603999977
              ],
              [
                -74.54978310899992,
                -10.891569853999897
              ],
              [
                -74.54686048399986,
                -10.890812228999948
              ],
              [
                -74.5433031089998,
                -10.891256853999948
              ],
              [
                -74.54095260899999,
                -10.892717978999883
              ],
              [
                -74.54038085899992,
                -10.894750853999938
              ],
              [
                -74.53945260899985,
                -10.896141228999966
              ],
              [
                -74.53695048399987,
                -10.896275353999954
              ],
              [
                -74.53555298399988,
                -10.896275353999954
              ],
              [
                -74.53231310899986,
                -10.896084853999923
              ],
              [
                -74.53091560899998,
                -10.895830728999954
              ],
              [
                -74.52627823399996,
                -10.896338978999893
              ],
              [
                -74.51795635899992,
                -10.896084852999934
              ],
              [
                -74.5158723589999,
                -10.896059727999955
              ],
              [
                -74.51230260899985,
                -10.896974228999966
              ],
              [
                -74.51122273399994,
                -10.897672978999879
              ],
              [
                -74.51007923399999,
                -10.898181228999931
              ],
              [
                -74.50671248399988,
                -10.899515228999974
              ],
              [
                -74.50442548399991,
                -10.896592978999934
              ],
              [
                -74.50321848399989,
                -10.894179103999875
              ],
              [
                -74.49966110899982,
                -10.894369603999849
              ],
              [
                -74.49502373399997,
                -10.893099103999873
              ],
              [
                -74.49025935899994,
                -10.889414728999952
              ],
              [
                -74.48790885799997,
                -10.889541728999973
              ],
              [
                -74.48619373399998,
                -10.887445353999965
              ],
              [
                -74.48543135899996,
                -10.880139978999921
              ],
              [
                -74.48721010899999,
                -10.876455477999968
              ],
              [
                -74.48854410899986,
                -10.871754602999886
              ],
              [
                -74.48809948399975,
                -10.86718072899987
              ],
              [
                -74.48714660899998,
                -10.864830352999945
              ],
              [
                -74.48543135899996,
                -10.860065978999899
              ],
              [
                -74.48454210899985,
                -10.855873228999826
              ],
              [
                -74.48555848399991,
                -10.855365103999873
              ],
              [
                -74.49172048400004,
                -10.848758353999926
              ],
              [
                -74.49152985899991,
                -10.846217352999815
              ],
              [
                -74.491928234,
                -10.844609977999937
              ],
              [
                -74.48846748400001,
                -10.840291228999945
              ],
              [
                -74.48377973399982,
                -10.837577978999946
              ],
              [
                -74.48267560899995,
                -10.835391228999981
              ],
              [
                -74.4800703589998,
                -10.835093728999937
              ],
              [
                -74.46884698299993,
                -10.836859103999927
              ],
              [
                -74.46730248399984,
                -10.83665885299996
              ],
              [
                -74.46226560799983,
                -10.83230472899993
              ],
              [
                -74.45831873399993,
                -10.82826747899992
              ],
              [
                -74.45538360899991,
                -10.826390103999927
              ],
              [
                -74.44681610899988,
                -10.822027103999972
              ],
              [
                -74.44350198399985,
                -10.819753478999871
              ],
              [
                -74.44241598299988,
                -10.818931603999943
              ],
              [
                -74.43806360899993,
                -10.817214477999869
              ],
              [
                -74.43578285899986,
                -10.816998728999977
              ],
              [
                -74.43492635899997,
                -10.815112978999878
              ],
              [
                -74.43105635899985,
                -10.812957228999949
              ],
              [
                -74.42767173399994,
                -10.81338035399989
              ],
              [
                -74.42333285799998,
                -10.815347353999925
              ],
              [
                -74.42153698399994,
                -10.816103853999891
              ],
              [
                -74.41841673399978,
                -10.815336978999937
              ],
              [
                -74.41727973399986,
                -10.814120728999967
              ],
              [
                -74.41582535899988,
                -10.813512478999883
              ],
              [
                -74.41119785899997,
                -10.813829853999948
              ],
              [
                -74.40805848299976,
                -10.813463353999907
              ],
              [
                -74.40663085900002,
                -10.813341228999946
              ],
              [
                -74.40402760899991,
                -10.81183985399997
              ],
              [
                -74.398498109,
                -10.811792978999904
              ],
              [
                -74.39508623399996,
                -10.812966978999953
              ],
              [
                -74.39312448399983,
                -10.812918228999933
              ],
              [
                -74.39050785899997,
                -10.813790478999977
              ],
              [
                -74.38676485899987,
                -10.813115852999942
              ],
              [
                -74.38534773399994,
                -10.810125853999978
              ],
              [
                -74.38365235899983,
                -10.804999978999888
              ],
              [
                -74.38168160799984,
                -10.801550728999871
              ],
              [
                -74.37832610899977,
                -10.797066353999924
              ],
              [
                -74.37566410899979,
                -10.79270310399994
              ],
              [
                -74.37439648400004,
                -10.788568353999949
              ],
              [
                -74.37451948399985,
                -10.784896478999883
              ],
              [
                -74.37662685899988,
                -10.781144353999878
              ],
              [
                -74.37864748399988,
                -10.780076978999944
              ],
              [
                -74.38061710799985,
                -10.777040603999978
              ],
              [
                -74.38291485899992,
                -10.773511978999863
              ],
              [
                -74.38521260899995,
                -10.764484978999917
              ],
              [
                -74.38545873399988,
                -10.75972535399984
              ],
              [
                -74.38332510799984,
                -10.756524853999963
              ],
              [
                -74.38406373399994,
                -10.749877728999934
              ],
              [
                -74.38250448399992,
                -10.747908227999972
              ],
              [
                -74.38020673399984,
                -10.749467353999933
              ],
              [
                -74.3777448589999,
                -10.749713603999965
              ],
              [
                -74.37462648299993,
                -10.751354852999953
              ],
              [
                -74.37224660799973,
                -10.753488478999941
              ],
              [
                -74.37060535899991,
                -10.753078228999982
              ],
              [
                -74.36814348300004,
                -10.751847227999917
              ],
              [
                -74.36527123399992,
                -10.754965603999835
              ],
              [
                -74.36149635899983,
                -10.758412353999915
              ],
              [
                -74.35971285899996,
                -10.75941210399992
              ],
              [
                -74.35820423400003,
                -10.756742853999981
              ],
              [
                -74.35658835899994,
                -10.753903978999915
              ],
              [
                -74.35270123399988,
                -10.752855852999971
              ],
              [
                -74.35029910899982,
                -10.754733853999937
              ],
              [
                -74.34926235900002,
                -10.753693978999934
              ],
              [
                -74.34846485899993,
                -10.748357353999893
              ],
              [
                -74.349338359,
                -10.74556210399993
              ],
              [
                -74.34698435899992,
                -10.742714853999871
              ],
              [
                -74.33702148399982,
                -10.733857478999937
              ],
              [
                -74.33412110899991,
                -10.73201560299998
              ],
              [
                -74.3316294839999,
                -10.73097847899993
              ],
              [
                -74.32390660899995,
                -10.729511602999878
              ],
              [
                -74.32113573299983,
                -10.728598728999941
              ],
              [
                -74.32002510899997,
                -10.728025603999981
              ],
              [
                -74.31730560900002,
                -10.726707228999942
              ],
              [
                -74.31696685899988,
                -10.72325210299988
              ],
              [
                -74.31789335899998,
                -10.721155478999947
              ],
              [
                -74.31852710800001,
                -10.718717603999949
              ],
              [
                -74.31716198299989,
                -10.715499603999945
              ],
              [
                -74.31379760899983,
                -10.713646853999876
              ],
              [
                -74.31238373299993,
                -10.71452447799993
              ],
              [
                -74.30992798399996,
                -10.713677727999936
              ],
              [
                -74.3056249839999,
                -10.70876560399995
              ],
              [
                -74.29938460799985,
                -10.700098103999892
              ],
              [
                -74.299109359,
                -10.699591852999959
              ],
              [
                -74.29540460899989,
                -10.695729853999978
              ],
              [
                -74.29097160899983,
                -10.688611102999914
              ],
              [
                -74.28767385899982,
                -10.684457227999928
              ],
              [
                -74.28627973399983,
                -10.680327353999928
              ],
              [
                -74.287432234,
                -10.675789478999889
              ],
              [
                -74.287432234,
                -10.672110603999954
              ],
              [
                -74.28688110899986,
                -10.670412102999933
              ],
              [
                -74.28427885899993,
                -10.67088422899991
              ],
              [
                -74.28081898399984,
                -10.67359960399989
              ],
              [
                -74.27832035899996,
                -10.674736352999957
              ],
              [
                -74.27523710899993,
                -10.675389978999874
              ],
              [
                -74.27105223399997,
                -10.678855228999964
              ],
              [
                -74.26548998399983,
                -10.680212978999975
              ],
              [
                -74.26330023399993,
                -10.680125353999927
              ],
              [
                -74.26014685899997,
                -10.680519603999926
              ],
              [
                -74.25931473399987,
                -10.677891727999906
              ],
              [
                -74.2596212339999,
                -10.675570477999884
              ],
              [
                -74.26058473399996,
                -10.673205478999876
              ],
              [
                -74.25992785899996,
                -10.66935135299991
              ],
              [
                -74.25510723399998,
                -10.663981602999968
              ],
              [
                -74.25368648300002,
                -10.660756603999971
              ],
              [
                -74.25147110799986,
                -10.658416852999892
              ],
              [
                -74.24573760899978,
                -10.654504227999894
              ],
              [
                -74.24455510899998,
                -10.654372853999973
              ],
              [
                -74.24091998300003,
                -10.655423977999874
              ],
              [
                -74.23465698299998,
                -10.653934852999953
              ],
              [
                -74.22935135899985,
                -10.653319727999872
              ],
              [
                -74.22757810900004,
                -10.651839853999888
              ],
              [
                -74.2279446089999,
                -10.648076602999936
              ],
              [
                -74.22886423399996,
                -10.645957978999945
              ],
              [
                -74.22936473399989,
                -10.636469477999924
              ],
              [
                -74.22985148399994,
                -10.635495352999897
              ],
              [
                -74.22966498299985,
                -10.634598352999944
              ],
              [
                -74.22861398399994,
                -10.63460997899989
              ],
              [
                -74.22509435899997,
                -10.63352985399996
              ],
              [
                -74.22268898399989,
                -10.63309697799997
              ],
              [
                -74.21848123399991,
                -10.634776727999963
              ],
              [
                -74.21418123299992,
                -10.634954978999929
              ],
              [
                -74.21206123399986,
                -10.63430947899991
              ],
              [
                -74.21095998299995,
                -10.633999727999935
              ],
              [
                -74.21038748399991,
                -10.633743228999947
              ],
              [
                -74.20695610899986,
                -10.63133160399991
              ],
              [
                -74.2062362339999,
                -10.630851727999982
              ],
              [
                -74.20572023400001,
                -10.630647727999815
              ],
              [
                -74.20368060899983,
                -10.630143853999868
              ],
              [
                -74.20342860799985,
                -10.630167853999978
              ],
              [
                -74.20300873399992,
                -10.630275727999958
              ],
              [
                -74.2025887339999,
                -10.630455728999891
              ],
              [
                -74.20063985900003,
                -10.632669602999954
              ],
              [
                -74.19873873299986,
                -10.635870477999845
              ],
              [
                -74.19763110799988,
                -10.63745072799992
              ],
              [
                -74.19338123299997,
                -10.638904352999873
              ],
              [
                -74.19141185799998,
                -10.638967228999832
              ],
              [
                -74.18485885899986,
                -10.63725422899995
              ],
              [
                -74.18110648399988,
                -10.636710352999955
              ],
              [
                -74.17527473399991,
                -10.637543352999955
              ],
              [
                -74.17267060899991,
                -10.63687285299983
              ],
              [
                -74.17188060899991,
                -10.63673597899998
              ],
              [
                -74.16924273399997,
                -10.637114353999891
              ],
              [
                -74.1674932329999,
                -10.63825460299995
              ],
              [
                -74.16384548299988,
                -10.639565478999941
              ],
              [
                -74.16279110899995,
                -10.639508478999915
              ],
              [
                -74.16253460899998,
                -10.639650978999896
              ],
              [
                -74.16065373399994,
                -10.640420353999957
              ],
              [
                -74.15948523399999,
                -10.64114710299998
              ],
              [
                -74.15800335899985,
                -10.647160228999951
              ],
              [
                -74.1567209829999,
                -10.650095477999969
              ],
              [
                -74.15315898299986,
                -10.65190797899993
              ],
              [
                -74.15119235799995,
                -10.651577478999968
              ],
              [
                -74.14931148300002,
                -10.65072247899991
              ],
              [
                -74.14868448399983,
                -10.652631853999878
              ],
              [
                -74.14451473399981,
                -10.654773978999913
              ],
              [
                -74.1436497339999,
                -10.655556603999855
              ],
              [
                -74.14101273399984,
                -10.65652635399988
              ],
              [
                -74.14053385899985,
                -10.658282227999962
              ],
              [
                -74.14101273399984,
                -10.659718853999891
              ],
              [
                -74.14156960899993,
                -10.662764978999974
              ],
              [
                -74.1411164829999,
                -10.664247977999821
              ],
              [
                -74.14061373399988,
                -10.66706185299995
              ],
              [
                -74.13861835799997,
                -10.67073322899995
              ],
              [
                -74.13622385899993,
                -10.671690977999958
              ],
              [
                -74.13579810899995,
                -10.669342603999894
              ],
              [
                -74.13656223399994,
                -10.668763603999878
              ],
              [
                -74.13725685899988,
                -10.66767535299988
              ],
              [
                -74.13660848299986,
                -10.66647122899991
              ],
              [
                -74.1351264839999,
                -10.664572352999926
              ],
              [
                -74.13200035899996,
                -10.660948353999913
              ],
              [
                -74.13098148399979,
                -10.654742478999879
              ],
              [
                -74.13232460899997,
                -10.652241602999936
              ],
              [
                -74.13230148399992,
                -10.64918497799988
              ],
              [
                -74.133227734,
                -10.647980853999911
              ],
              [
                -74.13385285899994,
                -10.645016852999959
              ],
              [
                -74.13454760799988,
                -10.637699478999934
              ],
              [
                -74.13607598399994,
                -10.634920603999944
              ],
              [
                -74.13690973399991,
                -10.632702852999955
              ],
              [
                -74.13664473399984,
                -10.632011602999967
              ],
              [
                -74.13752635799995,
                -10.629832977999968
              ],
              [
                -74.13833685899988,
                -10.628910478999956
              ],
              [
                -74.13940185899997,
                -10.625197477999961
              ],
              [
                -74.13959610899997,
                -10.617310852999879
              ],
              [
                -74.1392464839999,
                -10.613192602999902
              ],
              [
                -74.13831410800003,
                -10.61051197899991
              ],
              [
                -74.13780723299976,
                -10.608866228999887
              ],
              [
                -74.13549760799987,
                -10.608028477999937
              ],
              [
                -74.13273048299982,
                -10.605130478999968
              ],
              [
                -74.13381048399998,
                -10.600692978999973
              ],
              [
                -74.13579623399988,
                -10.59743885399996
              ],
              [
                -74.13633273299996,
                -10.594984102999945
              ],
              [
                -74.13945298399994,
                -10.59008085299996
              ],
              [
                -74.14149823299988,
                -10.583368352999969
              ],
              [
                -74.14435623399993,
                -10.579015727999888
              ],
              [
                -74.1457118589999,
                -10.577092227999913
              ],
              [
                -74.14977598399992,
                -10.573285977999944
              ],
              [
                -74.15174223299988,
                -10.570376978999946
              ],
              [
                -74.15400848399997,
                -10.566080227999976
              ],
              [
                -74.15493885799987,
                -10.563315977999935
              ],
              [
                -74.15582698399999,
                -10.559222853999927
              ],
              [
                -74.15551810900001,
                -10.553971352999838
              ],
              [
                -74.15691735799999,
                -10.549197477999883
              ],
              [
                -74.16122848399982,
                -10.541446227999927
              ],
              [
                -74.16261723399987,
                -10.538695478999955
              ],
              [
                -74.16676560799982,
                -10.533792977999951
              ],
              [
                -74.169204359,
                -10.531628852999972
              ],
              [
                -74.17023135899996,
                -10.528621352999892
              ],
              [
                -74.17327098299995,
                -10.522714977999954
              ],
              [
                -74.17414848399989,
                -10.519982477999918
              ],
              [
                -74.17487373299986,
                -10.518802353999945
              ],
              [
                -74.17600510800003,
                -10.516303852999897
              ],
              [
                -74.18062473399982,
                -10.506970102999901
              ],
              [
                -74.18158060799993,
                -10.505012602999955
              ],
              [
                -74.181759484,
                -10.504178102999902
              ],
              [
                -74.18166735899973,
                -10.501912102999938
              ],
              [
                -74.17833998399988,
                -10.500404478999883
              ],
              [
                -74.17752723400002,
                -10.499483228999964
              ],
              [
                -74.17747298299997,
                -10.49205922799996
              ],
              [
                -74.17952798300001,
                -10.488074602999973
              ],
              [
                -74.18139423299988,
                -10.485161352999967
              ],
              [
                -74.18763023399993,
                -10.48311310399987
              ],
              [
                -74.18867710799992,
                -10.482612352999979
              ],
              [
                -74.18958748399984,
                -10.481975103999957
              ],
              [
                -74.19118298399997,
                -10.477428103999955
              ],
              [
                -74.19275448399986,
                -10.47390572799992
              ],
              [
                -74.19559535799982,
                -10.472512227999914
              ],
              [
                -74.19763285899984,
                -10.469847602999948
              ],
              [
                -74.20391210799988,
                -10.463550727999973
              ],
              [
                -74.21016185899998,
                -10.457895852999968
              ],
              [
                -74.21322510899995,
                -10.456123102999925
              ],
              [
                -74.21449473400003,
                -10.455674977999877
              ],
              [
                -74.21525260799984,
                -10.453273477999971
              ],
              [
                -74.21718685899992,
                -10.452403103999814
              ],
              [
                -74.22076523399988,
                -10.45211285399995
              ],
              [
                -74.22502560899989,
                -10.451417852999896
              ],
              [
                -74.22569773399988,
                -10.450073477999979
              ],
              [
                -74.22502560899989,
                -10.444845352999948
              ],
              [
                -74.22577248399978,
                -10.443874477999884
              ],
              [
                -74.22816235799996,
                -10.442978228999891
              ],
              [
                -74.23503360899997,
                -10.442455477999886
              ],
              [
                -74.2375982329998,
                -10.441006602999948
              ],
              [
                -74.23929073399995,
                -10.441185728999926
              ],
              [
                -74.24085910899987,
                -10.438795852999874
              ],
              [
                -74.24093385899994,
                -10.435584227999982
              ],
              [
                -74.24354785799994,
                -10.433717102999935
              ],
              [
                -74.24511623399997,
                -10.43110310399993
              ],
              [
                -74.24534035899984,
                -10.428414352999937
              ],
              [
                -74.24474285799988,
                -10.425277477999941
              ],
              [
                -74.24489223399979,
                -10.422887603999982
              ],
              [
                -74.24653535799996,
                -10.42102035299996
              ],
              [
                -74.25146460799994,
                -10.418182352999963
              ],
              [
                -74.25288360799993,
                -10.417136727999946
              ],
              [
                -74.25333173399997,
                -10.414597352999976
              ],
              [
                -74.25236085899985,
                -10.413178227999822
              ],
              [
                -74.248701234,
                -10.411684603999959
              ],
              [
                -74.24424098399993,
                -10.41044597799987
              ],
              [
                -74.2468341089999,
                -10.405933728999912
              ],
              [
                -74.24556435799991,
                -10.403319602999886
              ],
              [
                -74.24451873399988,
                -10.400033478999887
              ],
              [
                -74.244817484,
                -10.396672602999956
              ],
              [
                -74.244817484,
                -10.394655978999936
              ],
              [
                -74.24347310799999,
                -10.39099635299982
              ],
              [
                -74.2422034839999,
                -10.388905103999889
              ],
              [
                -74.24200460799989,
                -10.383165102999953
              ],
              [
                -74.248178359,
                -10.382332727999938
              ],
              [
                -74.25012023399995,
                -10.381212352999967
              ],
              [
                -74.25400398399995,
                -10.377328727999952
              ],
              [
                -74.25490023399982,
                -10.372847477999926
              ],
              [
                -74.25818635899992,
                -10.368814477999877
              ],
              [
                -74.25945610899976,
                -10.365005477999944
              ],
              [
                -74.26072573399989,
                -10.364781352999955
              ],
              [
                -74.26184610799987,
                -10.362092602999894
              ],
              [
                -74.25915735899997,
                -10.357163352999976
              ],
              [
                -74.25915735899997,
                -10.35596835299998
              ],
              [
                -74.25766360900002,
                -10.353877102999945
              ],
              [
                -74.25602048299987,
                -10.350441478999926
              ],
              [
                -74.25612198399983,
                -10.348253352999961
              ],
              [
                -74.25325773399999,
                -10.340740228999948
              ],
              [
                -74.25025373399978,
                -10.33783447899998
              ],
              [
                -74.24779710899998,
                -10.331995978999885
              ],
              [
                -74.24667773399983,
                -10.330681977999973
              ],
              [
                -74.2425233589999,
                -10.329263602999958
              ],
              [
                -74.23882923399987,
                -10.326645478999922
              ],
              [
                -74.23872835899988,
                -10.324679978999939
              ],
              [
                -74.23691410799995,
                -10.321605727999952
              ],
              [
                -74.23807323299985,
                -10.318279602999894
              ],
              [
                -74.24134910899983,
                -10.315709352999875
              ],
              [
                -74.24402010899985,
                -10.315306102999898
              ],
              [
                -74.24860623399996,
                -10.314600602999974
              ],
              [
                -74.25016848399991,
                -10.314449352999873
              ],
              [
                -74.24951335899988,
                -10.310467977999963
              ],
              [
                -74.25164310799988,
                -10.309191727999973
              ],
              [
                -74.25198648299988,
                -10.30856297799994
              ],
              [
                -74.25243760899991,
                -10.307669102999967
              ],
              [
                -74.25254785899995,
                -10.307382228999927
              ],
              [
                -74.252525859,
                -10.306411228999877
              ],
              [
                -74.25243760899991,
                -10.305859477999945
              ],
              [
                -74.25219498399997,
                -10.30513110399994
              ],
              [
                -74.25112610799982,
                -10.303160477999938
              ],
              [
                -74.24885823299985,
                -10.301547727999889
              ],
              [
                -74.24716585899989,
                -10.298807977999957
              ],
              [
                -74.24680885899977,
                -10.297659727999928
              ],
              [
                -74.24157973299998,
                -10.295192477999876
              ],
              [
                -74.24002510799988,
                -10.295035352999946
              ],
              [
                -74.23437085899985,
                -10.29543535299996
              ],
              [
                -74.23357648400003,
                -10.29371847799996
              ],
              [
                -74.23361323299986,
                -10.292110477999927
              ],
              [
                -74.23349210899988,
                -10.291552852999928
              ],
              [
                -74.23322535900002,
                -10.290704227999925
              ],
              [
                -74.2328374839999,
                -10.289879977999874
              ],
              [
                -74.23230410799982,
                -10.289370977999965
              ],
              [
                -74.23130998399989,
                -10.288594978999868
              ],
              [
                -74.23079310899993,
                -10.288007852999954
              ],
              [
                -74.23070385899985,
                -10.287891852999962
              ],
              [
                -74.23055835899987,
                -10.287479727999937
              ],
              [
                -74.23025298299984,
                -10.283150602999967
              ],
              [
                -74.22787548299993,
                -10.279841853999926
              ],
              [
                -74.22715773399989,
                -10.27732972900003
              ],
              [
                -74.228368859,
                -10.26566660299983
              ],
              [
                -74.22715110899986,
                -10.264421352999932
              ],
              [
                -74.22633198399996,
                -10.260519977999877
              ],
              [
                -74.22396435899998,
                -10.256198978999919
              ],
              [
                -74.22413360899998,
                -10.254650727999888
              ],
              [
                -74.22913560799986,
                -10.25114272799982
              ],
              [
                -74.2259768589999,
                -10.24323585299993
              ],
              [
                -74.22695473399989,
                -10.23883597799994
              ],
              [
                -74.22639510799985,
                -10.230497602999947
              ],
              [
                -74.22975960899987,
                -10.227398352999955
              ],
              [
                -74.23464873400002,
                -10.220009853999954
              ],
              [
                -74.23504785799992,
                -10.217154603999973
              ],
              [
                -74.23375835899998,
                -10.211689602999968
              ],
              [
                -74.23258685900004,
                -10.209304853999981
              ],
              [
                -74.23022585899992,
                -10.206976977999943
              ],
              [
                -74.22733585799989,
                -10.198751977999905
              ],
              [
                -74.22800635899978,
                -10.192969227999981
              ],
              [
                -74.229440109,
                -10.192444227999886
              ],
              [
                -74.230088609,
                -10.18787985299997
              ],
              [
                -74.23166060899996,
                -10.18505160299992
              ],
              [
                -74.23876448299995,
                -10.182341102999942
              ],
              [
                -74.24047798399988,
                -10.17986560299994
              ],
              [
                -74.24324985899989,
                -10.177465852999944
              ],
              [
                -74.24542748399995,
                -10.176653227999964
              ],
              [
                -74.25212798300004,
                -10.1761944779999
              ],
              [
                -74.256149859,
                -10.174729227999933
              ],
              [
                -74.26129998399989,
                -10.176005852999936
              ],
              [
                -74.2641007339999,
                -10.17286897799994
              ],
              [
                -74.26684548399999,
                -10.171692727999925
              ],
              [
                -74.27222298299989,
                -10.171692727999925
              ],
              [
                -74.27379148399996,
                -10.172756977999882
              ],
              [
                -74.28047048300004,
                -10.17136347799999
              ],
              [
                -74.28521860899997,
                -10.17180472799987
              ],
              [
                -74.29661373300002,
                -10.166456102999916
              ],
              [
                -74.30140760799992,
                -10.165692727999897
              ],
              [
                -74.30369773399985,
                -10.163860602999932
              ],
              [
                -74.30426398399999,
                -10.159089102999928
              ],
              [
                -74.30645035899988,
                -10.156543852999903
              ],
              [
                -74.30709073399993,
                -10.153128478999975
              ],
              [
                -74.30677210899995,
                -10.14676722799993
              ],
              [
                -74.30773698400003,
                -10.143852852999942
              ],
              [
                -74.306728733,
                -10.138867477999952
              ],
              [
                -74.30964148399994,
                -10.137242978000018
              ],
              [
                -74.30868923299994,
                -10.13096922799997
              ],
              [
                -74.31222335899997,
                -10.126559977999818
              ],
              [
                -74.31299485899984,
                -10.124815602999888
              ],
              [
                -74.31244235899999,
                -10.121502602999954
              ],
              [
                -74.3136746089998,
                -10.119766102999904
              ],
              [
                -74.31412273399991,
                -10.114444602999981
              ],
              [
                -74.3150189829999,
                -10.113156227999923
              ],
              [
                -74.32537348400001,
                -10.11179972799988
              ],
              [
                -74.32775523399988,
                -10.109652727999958
              ],
              [
                -74.331274109,
                -10.108545727999854
              ],
              [
                -74.33348298399989,
                -10.110104477999926
              ],
              [
                -74.33642173299984,
                -10.110935852999887
              ],
              [
                -74.33705973399987,
                -10.112521227999878
              ],
              [
                -74.33963048399994,
                -10.112470602999963
              ],
              [
                -74.3474467339999,
                -10.114248602999908
              ],
              [
                -74.35170710899996,
                -10.116261352999913
              ],
              [
                -74.35335085899999,
                -10.118307602999948
              ],
              [
                -74.35564948400003,
                -10.118765727999914
              ],
              [
                -74.3588588579999,
                -10.116748977999919
              ],
              [
                -74.36349523299992,
                -10.114938227999971
              ],
              [
                -74.36696673400002,
                -10.112896477999925
              ],
              [
                -74.37039248399986,
                -10.109742852999943
              ],
              [
                -74.3715103589999,
                -10.10658610299987
              ],
              [
                -74.37474598400001,
                -10.103555728
              ],
              [
                -74.37709010799989,
                -10.099873977999891
              ],
              [
                -74.37846323399992,
                -10.091272602999936
              ],
              [
                -74.38015535899984,
                -10.088411852999911
              ],
              [
                -74.37880073400004,
                -10.086627477999969
              ],
              [
                -74.37913735899991,
                -10.080230352999934
              ],
              [
                -74.37886798399995,
                -10.076863352999965
              ],
              [
                -74.37772323299998,
                -10.07356385299994
              ],
              [
                -74.38055148399985,
                -10.069456227999979
              ],
              [
                -74.38257160900002,
                -10.068244102999927
              ],
              [
                -74.38533248399995,
                -10.06447322799994
              ],
              [
                -74.38499573399997,
                -10.061308352999845
              ],
              [
                -74.38775660899995,
                -10.058614727999895
              ],
              [
                -74.38989898399984,
                -10.051349477999963
              ],
              [
                -74.39260498299996,
                -10.053093102999924
              ],
              [
                -74.39778998400004,
                -10.05080360299985
              ],
              [
                -74.39960810899993,
                -10.053093102999924
              ],
              [
                -74.40432185899988,
                -10.050601477999976
              ],
              [
                -74.40810735899987,
                -10.046864977999917
              ],
              [
                -74.411750859,
                -10.041138602999979
              ],
              [
                -74.41342235899992,
                -10.03468135299994
              ],
              [
                -74.41503398399993,
                -10.032165352999925
              ],
              [
                -74.41468023399989,
                -10.029610102999982
              ],
              [
                -74.41813973299998,
                -10.02725135299994
              ],
              [
                -74.41831898399988,
                -10.024816977999876
              ],
              [
                -74.4140286089999,
                -10.020569977999969
              ],
              [
                -74.41424423399997,
                -10.012772102999918
              ],
              [
                -74.41239848399994,
                -10.00824022799992
              ],
              [
                -74.41491610900005,
                -10.003546352999876
              ],
              [
                -74.416847733,
                -9.996836727999948
              ],
              [
                -74.42109760899984,
                -9.991895727999918
              ],
              [
                -74.42403460799983,
                -9.98944260299993
              ],
              [
                -74.42427635900003,
                -9.98415622799996
              ],
              [
                -74.4218229839999,
                -9.980839352999965
              ],
              [
                -74.42056635899996,
                -9.974196727999924
              ],
              [
                -74.41896835799986,
                -9.970482477999951
              ],
              [
                -74.41585873399987,
                -9.967416102999948
              ],
              [
                -74.41417435899996,
                -9.960980852999967
              ],
              [
                -74.41141035899989,
                -9.958173602999977
              ],
              [
                -74.41232623399998,
                -9.953955102999885
              ],
              [
                -74.408790233,
                -9.95193597799988
              ],
              [
                -74.40346110900003,
                -9.946331227999963
              ],
              [
                -74.39861198400001,
                -9.939799602999813
              ],
              [
                -74.39524723399995,
                -9.933465852999973
              ],
              [
                -74.39257510899995,
                -9.92960635299994
              ],
              [
                -74.38782485899992,
                -9.926340477999872
              ],
              [
                -74.38277773399977,
                -9.924559227999964
              ],
              [
                -74.3768399839999,
                -9.921590227999957
              ],
              [
                -74.37375385899998,
                -9.918931602999976
              ],
              [
                -74.36991248299978,
                -9.910506352999903
              ],
              [
                -74.36691535899985,
                -9.906315101999951
              ],
              [
                -74.3617721089999,
                -9.903297477999956
              ],
              [
                -74.35931510900002,
                -9.895914853000022
              ],
              [
                -74.35921523399992,
                -9.892914852999922
              ],
              [
                -74.36691998399988,
                -9.88235347799997
              ],
              [
                -74.3695004829998,
                -9.878252102999966
              ],
              [
                -74.37481035799982,
                -9.873778727999877
              ],
              [
                -74.37585135799998,
                -9.869267351999895
              ],
              [
                -74.37436860899987,
                -9.86579710299992
              ],
              [
                -74.37168710899988,
                -9.86242147799993
              ],
              [
                -74.37238110800001,
                -9.857373852999842
              ],
              [
                -74.37099298399994,
                -9.850117851999869
              ],
              [
                -74.36922635899992,
                -9.846647602999894
              ],
              [
                -74.36805910899989,
                -9.846300601999872
              ],
              [
                -74.36480960799997,
                -9.848382727999933
              ],
              [
                -74.35742748399997,
                -9.855039352999938
              ],
              [
                -74.35178035799998,
                -9.857941727999844
              ],
              [
                -74.34641723399989,
                -9.8585727279999
              ],
              [
                -74.34360948400001,
                -9.859487602999934
              ],
              [
                -74.341219734,
                -9.862035227999968
              ],
              [
                -74.33967573399991,
                -9.865722602999881
              ],
              [
                -74.3384578589999,
                -9.865974977999883
              ],
              [
                -74.33306773399988,
                -9.860098101999938
              ],
              [
                -74.33331248299999,
                -9.857546852999917
              ],
              [
                -74.3351738589999,
                -9.85421097799997
              ],
              [
                -74.33579748299996,
                -9.848521477999952
              ],
              [
                -74.33423798399991,
                -9.845070602999897
              ],
              [
                -74.33337998399998,
                -9.838188601999889
              ],
              [
                -74.33000723399988,
                -9.83333410299997
              ],
              [
                -74.32421685900005,
                -9.832671226999878
              ],
              [
                -74.32014223399989,
                -9.827855726999815
              ],
              [
                -74.31967435899998,
                -9.82635460299997
              ],
              [
                -74.32032235900004,
                -9.818245352999895
              ],
              [
                -74.31841010899996,
                -9.811037477999946
              ],
              [
                -74.31695898399994,
                -9.801581977999888
              ],
              [
                -74.31296735899997,
                -9.802947102999951
              ],
              [
                -74.30663048399987,
                -9.805815726999981
              ],
              [
                -74.29947698399997,
                -9.807530977999875
              ],
              [
                -74.29474985899998,
                -9.806066726999973
              ],
              [
                -74.29261623399992,
                -9.803096602999972
              ],
              [
                -74.29207248399996,
                -9.79795097799996
              ],
              [
                -74.29062698399991,
                -9.793009727999959
              ],
              [
                -74.283959483,
                -9.787025852999875
              ],
              [
                -74.28090285899987,
                -9.785275351999928
              ],
              [
                -74.2753033589999,
                -9.783832977999964
              ],
              [
                -74.27199723299992,
                -9.780092476999926
              ],
              [
                -74.26708935900001,
                -9.77730135299987
              ],
              [
                -74.25808360899987,
                -9.774035602999959
              ],
              [
                -74.25341810899988,
                -9.771726602999934
              ],
              [
                -74.23888473399995,
                -9.771759477999922
              ],
              [
                -74.22305060799988,
                -9.773342851999928
              ],
              [
                -74.21632098399988,
                -9.773342851999928
              ],
              [
                -74.20638723300004,
                -9.771957227999962
              ],
              [
                -74.19863148300004,
                -9.770061352999903
              ],
              [
                -74.187945733,
                -9.766269727999884
              ],
              [
                -74.18398173399993,
                -9.763799352999968
              ],
              [
                -74.1825722339999,
                -9.761349602999871
              ],
              [
                -74.1799224839998,
                -9.75312085299987
              ],
              [
                -74.17731935799998,
                -9.74827347799993
              ],
              [
                -74.17450210899983,
                -9.744062602999861
              ],
              [
                -74.16954285799977,
                -9.733576851999942
              ],
              [
                -74.16638110899999,
                -9.728641726999967
              ],
              [
                -74.15240448399987,
                -9.709681101999934
              ],
              [
                -74.14977148399998,
                -9.707578102999946
              ],
              [
                -74.14443160799993,
                -9.704640602999973
              ],
              [
                -74.13724610799994,
                -9.702316352999958
              ],
              [
                -74.13260735899985,
                -9.702187352999943
              ],
              [
                -74.12378710900003,
                -9.70412885299993
              ],
              [
                -74.11844723299998,
                -9.705841851999821
              ],
              [
                -74.109404483,
                -9.709599852999872
              ],
              [
                -74.10648435799988,
                -9.711562477999905
              ],
              [
                -74.103796859,
                -9.712341852999941
              ],
              [
                -74.09825748399999,
                -9.710698977999868
              ],
              [
                -74.09179810900002,
                -9.710412351999878
              ],
              [
                -74.08299498299988,
                -9.710683353000036
              ],
              [
                -74.07608960799996,
                -9.708026852999865
              ],
              [
                -74.06926123399995,
                -9.706938352999941
              ],
              [
                -74.06579498399987,
                -9.705536852999899
              ],
              [
                -74.06441198399983,
                -9.701495351999881
              ],
              [
                -74.06470885799996,
                -9.69852635299992
              ],
              [
                -74.06619335899995,
                -9.694567852999967
              ],
              [
                -74.06886535799981,
                -9.690411227999903
              ],
              [
                -74.06945898299989,
                -9.686611352999932
              ],
              [
                -74.06767773399986,
                -9.681801602999883
              ],
              [
                -74.06322435899989,
                -9.674280351999926
              ],
              [
                -74.0595627329999,
                -9.66893622699996
              ],
              [
                -74.05164560799994,
                -9.65894097699993
              ],
              [
                -74.04755073399997,
                -9.65583397699993
              ],
              [
                -74.04399023299987,
                -9.656103852999934
              ],
              [
                -74.03789585899995,
                -9.655562102999966
              ],
              [
                -74.01631560899989,
                -9.64894560199997
              ],
              [
                -74.00770598400004,
                -9.645976727999937
              ],
              [
                -74.00275760799985,
                -9.64360160299998
              ],
              [
                -73.99544135899998,
                -9.639042976999974
              ],
              [
                -73.98577835899982,
                -9.635183602999973
              ],
              [
                -73.97989710900004,
                -9.63162697699994
              ],
              [
                -73.97504785799998,
                -9.62727260299988
              ],
              [
                -73.96851623299983,
                -9.61925660299994
              ],
              [
                -73.96465673299997,
                -9.614011476999906
              ],
              [
                -73.95975385899993,
                -9.61078710199996
              ],
              [
                -73.95436448399988,
                -9.60926122799998
              ],
              [
                -73.94311698399991,
                -9.607472978000033
              ],
              [
                -73.92526923299994,
                -9.60757885199996
              ],
              [
                -73.90353323299996,
                -9.605384727
              ],
              [
                -73.89362110899998,
                -9.603691352999931
              ],
              [
                -73.88328510799982,
                -9.600146477999886
              ],
              [
                -73.87554085799997,
                -9.59655860199996
              ],
              [
                -73.8678047329999,
                -9.589751976999878
              ],
              [
                -73.85684198400003,
                -9.574714977999975
              ],
              [
                -73.85321285799995,
                -9.568808601999933
              ],
              [
                -73.83729060799999,
                -9.551961352999967
              ],
              [
                -73.82096160799983,
                -9.53197072699993
              ],
              [
                -73.81722073299983,
                -9.52957222699996
              ],
              [
                -73.80700773299992,
                -9.528012227999966
              ],
              [
                -73.79711135799982,
                -9.529991477999943
              ],
              [
                -73.786918108,
                -9.530882102999897
              ],
              [
                -73.77737110799984,
                -9.532246102999977
              ],
              [
                -73.76989635799993,
                -9.531772726999975
              ],
              [
                -73.76475023299992,
                -9.530882102999897
              ],
              [
                -73.7590103579999,
                -9.531772727999964
              ],
              [
                -73.75307260799985,
                -9.535236477999945
              ],
              [
                -73.74768748299982,
                -9.539005852999878
              ],
              [
                -73.74339060799991,
                -9.540347602999873
              ],
              [
                -73.73946285799991,
                -9.539898477999941
              ],
              [
                -73.73252923299998,
                -9.538371102999974
              ],
              [
                -73.71413473299992,
                -9.534742226999981
              ],
              [
                -73.706216859,
                -9.532990228000017
              ],
              [
                -73.6998373589999,
                -9.530772478000017
              ],
              [
                -73.69477810799998,
                -9.528375977999929
              ],
              [
                -73.69048873399993,
                -9.52774822799995
              ],
              [
                -73.6845254829999,
                -9.529840601999979
              ],
              [
                -73.67668885800003,
                -9.536974352999948
              ],
              [
                -73.6703332329999,
                -9.540681727999925
              ],
              [
                -73.66321260799992,
                -9.543094476999954
              ],
              [
                -73.66041910799999,
                -9.546081102999892
              ],
              [
                -73.65986748299991,
                -9.55143260199992
              ],
              [
                -73.66628148299992,
                -9.566212102999941
              ],
              [
                -73.66531248299987,
                -9.571972602999892
              ],
              [
                -73.64306285799984,
                -9.590388226999949
              ],
              [
                -73.63828948299988,
                -9.596373601999915
              ],
              [
                -73.62879048300005,
                -9.610408977999953
              ],
              [
                -73.62519173299984,
                -9.616943727999967
              ],
              [
                -73.61884648299991,
                -9.630581352999911
              ],
              [
                -73.61619460799989,
                -9.63512722799993
              ],
              [
                -73.60918648299992,
                -9.644408352999903
              ],
              [
                -73.5965047329999,
                -9.651238977999924
              ],
              [
                -73.58371948299987,
                -9.65567822700001
              ],
              [
                -73.57377260799984,
                -9.65669947799995
              ],
              [
                -73.57007685799988,
                -9.657448477999822
              ],
              [
                -73.56653098299984,
                -9.661244102000012
              ],
              [
                -73.56425385799992,
                -9.665267601999915
              ],
              [
                -73.56214060799994,
                -9.671921852999901
              ],
              [
                -73.56043798299993,
                -9.675727477999942
              ],
              [
                -73.55794535799993,
                -9.678460977999976
              ],
              [
                -73.55304648299995,
                -9.68217010199993
              ],
              [
                -73.54747073299984,
                -9.689554727999962
              ],
              [
                -73.54071073299997,
                -9.70094847799993
              ],
              [
                -73.53777935799991,
                -9.707669977999899
              ],
              [
                -73.53371723299989,
                -9.71115847699997
              ],
              [
                -73.52734948299997,
                -9.713031352999963
              ],
              [
                -73.51781448299994,
                -9.714996102999976
              ],
              [
                -73.51546098299997,
                -9.717428477999874
              ],
              [
                -73.50939798299987,
                -9.721105101999967
              ],
              [
                -73.50750185799984,
                -9.722843351999927
              ],
              [
                -73.50147823299989,
                -9.726845852999872
              ],
              [
                -73.49754323299993,
                -9.730987976999927
              ],
              [
                -73.49420398300003,
                -9.732407977999912
              ],
              [
                -73.48930873299992,
                -9.733655102999933
              ],
              [
                -73.48820023300004,
                -9.735491727999886
              ],
              [
                -73.48466448299996,
                -9.737269351999885
              ],
              [
                -73.48268923299986,
                -9.740646977999972
              ],
              [
                -73.47751398299994,
                -9.74430122699988
              ],
              [
                -73.46937598299985,
                -9.750780102999954
              ],
              [
                -73.46701798299995,
                -9.757634227999858
              ],
              [
                -73.46350173299999,
                -9.763171102999934
              ],
              [
                -73.46291135799999,
                -9.767108101999895
              ],
              [
                -73.46350510799982,
                -9.776608601999953
              ],
              [
                -73.46173735799994,
                -9.784129477999954
              ],
              [
                -73.461327983,
                -9.788385352999853
              ],
              [
                -73.45934873299984,
                -9.795609602999946
              ],
              [
                -73.45628085800001,
                -9.797885852999968
              ],
              [
                -73.4481436079999,
                -9.798221726999941
              ],
              [
                -73.4442373579999,
                -9.802555101999872
              ],
              [
                -73.43845310799992,
                -9.805251977999887
              ],
              [
                -73.42897648299993,
                -9.806252727999833
              ],
              [
                -73.42384373299996,
                -9.807941351999943
              ],
              [
                -73.4165351069999,
                -9.811242227999912
              ],
              [
                -73.4009707329999,
                -9.819552727999906
              ],
              [
                -73.3934726079998,
                -9.822573477999981
              ],
              [
                -73.37503173299996,
                -9.82440810299994
              ],
              [
                -73.37097423299997,
                -9.826783226999964
              ],
              [
                -73.37155273299987,
                -9.833595726999931
              ],
              [
                -73.37453685799989,
                -9.839549476999935
              ],
              [
                -73.37542760799994,
                -9.847862477999968
              ],
              [
                -73.37329885799977,
                -9.858021477999955
              ],
              [
                -73.37038048299996,
                -9.861618351999937
              ],
              [
                -73.36236435799992,
                -9.867160352999917
              ],
              [
                -73.355238858,
                -9.87270222799998
              ],
              [
                -73.347479733,
                -9.876756602999876
              ],
              [
                -73.34382723200002,
                -9.878045851999957
              ],
              [
                -73.32822198299982,
                -9.88576547799994
              ],
              [
                -73.31575260799997,
                -9.888833352999939
              ],
              [
                -73.31209085799986,
                -9.890713602999881
              ],
              [
                -73.309220982,
                -9.892989852999904
              ],
              [
                -73.30813235799991,
                -9.89665147699992
              ],
              [
                -73.30590235799986,
                -9.900658226999894
              ],
              [
                -73.30134560799979,
                -9.904535352999972
              ],
              [
                -73.29566298299989,
                -9.91416797799991
              ],
              [
                -73.29368373299991,
                -9.920006852999961
              ],
              [
                -73.28596448299999,
                -9.931387727999947
              ],
              [
                -73.28497485799983,
                -9.935643102999961
              ],
              [
                -73.28319348199994,
                -9.93831510299998
              ],
              [
                -73.27873985699995,
                -9.941714352999952
              ],
              [
                -73.273594108,
                -9.947914602999958
              ],
              [
                -73.26795310799992,
                -9.952268977999893
              ],
              [
                -73.26092673299985,
                -9.955534977999946
              ],
              [
                -73.25252373299986,
                -9.958520477999969
              ],
              [
                -73.24243160799989,
                -9.963812476999976
              ],
              [
                -73.23002148299997,
                -9.966562477999958
              ],
              [
                -73.22614660800002,
                -9.967930102999958
              ],
              [
                -73.22142510799989,
                -9.972195727999917
              ],
              [
                -73.22080635699984,
                -9.975744977999966
              ],
              [
                -73.22289035799997,
                -9.980205977999958
              ],
              [
                -73.22276010799993,
                -9.983169102999966
              ],
              [
                -73.2212093579999,
                -9.98566010299993
              ],
              [
                -73.2208918579999,
                -9.989030102999948
              ],
              [
                -73.21976848299994,
                -9.990129227999944
              ],
              [
                -73.21998823299992,
                -9.99310860299994
              ],
              [
                -73.21896260799997,
                -9.99533097799997
              ],
              [
                -73.21930460799985,
                -9.999311727999896
              ],
              [
                -73.21732910799983,
                -10.001044603000025
              ],
              [
                -73.21041498299991,
                -10.002242227999886
              ],
              [
                -73.20607798299989,
                -10.005555977999961
              ],
              [
                -73.20431973299998,
                -10.005926852999949
              ],
              [
                -73.194538733,
                -10.010226602999978
              ],
              [
                -73.19124998300003,
                -10.012613227999907
              ],
              [
                -73.18715673299994,
                -10.018338352999933
              ],
              [
                -73.18752648299989,
                -10.023805352999943
              ],
              [
                -73.18881435799995,
                -10.027185977999977
              ],
              [
                -73.19413423199984,
                -10.035758227999963
              ],
              [
                -73.1970312329999,
                -10.047646477999933
              ],
              [
                -73.19438585699987,
                -10.057851352999876
              ],
              [
                -73.19409235699993,
                -10.062840102999928
              ],
              [
                -73.19486910699982,
                -10.073851603000037
              ],
              [
                -73.1947631079999,
                -10.079063977999965
              ],
              [
                -73.193715108,
                -10.081998602999874
              ],
              [
                -73.18597460799998,
                -10.089759727999876
              ],
              [
                -73.17946685799996,
                -10.093853477999971
              ],
              [
                -73.17442385799995,
                -10.085103477999837
              ],
              [
                -73.17133398299984,
                -10.078540977999978
              ],
              [
                -73.16690985799988,
                -10.07305197799991
              ],
              [
                -73.16477935799992,
                -10.06943747799994
              ],
              [
                -73.15616598199983,
                -10.057113227999935
              ],
              [
                -73.1539922319999,
                -10.052734352999892
              ],
              [
                -73.15331448199987,
                -10.04986522799993
              ],
              [
                -73.15263273299979,
                -10.041251227999965
              ],
              [
                -73.15190998299983,
                -10.038009852999892
              ],
              [
                -73.15059885699998,
                -10.037950227999943
              ],
              [
                -73.14981585799984,
                -10.03816647799988
              ],
              [
                -73.14925798199988,
                -10.038278102999982
              ],
              [
                -73.14806610799985,
                -10.038307852999935
              ],
              [
                -73.14729135699997,
                -10.03815885299997
              ],
              [
                -73.14424223299983,
                -10.036732477999976
              ],
              [
                -73.14297073199998,
                -10.035387602999947
              ],
              [
                -73.13569998299994,
                -10.031126602999962
              ],
              [
                -73.1328203569999,
                -10.028632852999976
              ],
              [
                -73.12295773299991,
                -10.021926477999898
              ],
              [
                -73.12102085699996,
                -10.02151685299998
              ],
              [
                -73.11923310799983,
                -10.021256102999871
              ],
              [
                -73.11740798199992,
                -10.02080910299992
              ],
              [
                -73.11450260699996,
                -10.01928197799998
              ],
              [
                -73.11252860699994,
                -10.017754852999929
              ],
              [
                -73.10966048299997,
                -10.013918227999966
              ],
              [
                -73.10850585699984,
                -10.01295010299998
              ],
              [
                -73.106053982,
                -10.012020977999953
              ],
              [
                -73.10379285699986,
                -10.011243602999912
              ],
              [
                -73.10255248299984,
                -10.009960102999969
              ],
              [
                -73.10276985800004,
                -10.009214727999904
              ],
              [
                -73.10452623299989,
                -10.006236102999935
              ],
              [
                -73.10396323299994,
                -10.001828602999865
              ],
              [
                -73.10261685699999,
                -9.99896272799998
              ],
              [
                -73.10028423299991,
                -9.996556477999832
              ],
              [
                -73.09964598199986,
                -9.989730852999969
              ],
              [
                -73.09932910799984,
                -9.98864335299993
              ],
              [
                -73.09883573299987,
                -9.987570227999981
              ],
              [
                -73.09625773199991,
                -9.986784602999876
              ],
              [
                -73.09148310699993,
                -9.988016852999976
              ],
              [
                -73.0903406079999,
                -9.98803672799994
              ],
              [
                -73.08943210800004,
                -9.988282352999931
              ],
              [
                -73.088769233,
                -9.988625977999845
              ],
              [
                -73.08732060700004,
                -9.988871602999893
              ],
              [
                -73.08030160699997,
                -9.988484852999875
              ],
              [
                -73.07958348299996,
                -9.98819022799995
              ],
              [
                -73.07921510799997,
                -9.987600977999932
              ],
              [
                -73.07902223299999,
                -9.98657435299998
              ],
              [
                -73.07865798299997,
                -9.984987352999951
              ],
              [
                -73.07770585699996,
                -9.98329422799992
              ],
              [
                -73.0769074829999,
                -9.982258477999949
              ],
              [
                -73.07617373299985,
                -9.981632727999965
              ],
              [
                -73.07462098299982,
                -9.980591977999893
              ],
              [
                -73.07060623299998,
                -9.979280477999907
              ],
              [
                -73.06974310699997,
                -9.978784227999881
              ],
              [
                -73.06802523299996,
                -9.976138852999952
              ],
              [
                -73.06776535699993,
                -9.975701727999933
              ],
              [
                -73.06695935799996,
                -9.973648227999945
              ],
              [
                -73.06661373299994,
                -9.972404102999917
              ],
              [
                -73.06711035799992,
                -9.968814477999956
              ],
              [
                -73.0714492319999,
                -9.963132852999934
              ],
              [
                -73.0756387319999,
                -9.960281227999928
              ],
              [
                -73.08540423299985,
                -9.954597602999911
              ],
              [
                -73.08844198299983,
                -9.953049227999884
              ],
              [
                -73.09144160700004,
                -9.950753102999897
              ],
              [
                -73.09318360799983,
                -9.949542476999909
              ],
              [
                -73.09496160699996,
                -9.94727047799995
              ],
              [
                -73.09506048299988,
                -9.945442977999903
              ],
              [
                -73.09367748199986,
                -9.944158727999877
              ],
              [
                -73.09224060799988,
                -9.943134977999932
              ],
              [
                -73.092195732,
                -9.94302272799996
              ],
              [
                -73.09219573299998,
                -9.942627602999949
              ],
              [
                -73.09268923299999,
                -9.94157260299994
              ],
              [
                -73.09789848299988,
                -9.934721102999902
              ],
              [
                -73.10096160699999,
                -9.93351260299994
              ],
              [
                -73.10194085699993,
                -9.932970852999858
              ],
              [
                -73.103020357,
                -9.929314352999938
              ],
              [
                -73.1019201069999,
                -9.926698851999959
              ],
              [
                -73.10254510800002,
                -9.925719601999958
              ],
              [
                -73.1070251069998,
                -9.924531852999962
              ],
              [
                -73.10839298299999,
                -9.924150727999972
              ],
              [
                -73.10954635799993,
                -9.923552477999976
              ],
              [
                -73.1098797329999,
                -9.923281602999907
              ],
              [
                -73.11173423199995,
                -9.918926727999917
              ],
              [
                -73.11002823299992,
                -9.912712102999876
              ],
              [
                -73.11044498199988,
                -9.90956047799989
              ],
              [
                -73.11252873299998,
                -9.90763310199992
              ],
              [
                -73.11383485699986,
                -9.905760102999977
              ],
              [
                -73.11411748299997,
                -9.903205227999933
              ],
              [
                -73.1140393579999,
                -9.90284060199997
              ],
              [
                -73.11380498199986,
                -9.902554102999886
              ],
              [
                -73.1124506079999,
                -9.901407977999952
              ],
              [
                -73.11179935699982,
                -9.900991227999896
              ],
              [
                -73.11133048199986,
                -9.90060060299993
              ],
              [
                -73.11073148199978,
                -9.89974110299994
              ],
              [
                -73.11026260799997,
                -9.899428477999948
              ],
              [
                -73.10976023299997,
                -9.89937710299995
              ],
              [
                -73.10924685699985,
                -9.899454601999935
              ],
              [
                -73.10768410699995,
                -9.8991941029999
              ],
              [
                -73.10698085699994,
                -9.898725227999932
              ],
              [
                -73.10140698299989,
                -9.892656477999935
              ],
              [
                -73.10049535799988,
                -9.892161602999977
              ],
              [
                -73.09929723199986,
                -9.891614727999922
              ],
              [
                -73.097369733,
                -9.889973727999859
              ],
              [
                -73.0973471069999,
                -9.88992647799995
              ],
              [
                -73.09681948299993,
                -9.88868447799996
              ],
              [
                -73.09679998199982,
                -9.887668602999895
              ],
              [
                -73.09705448199992,
                -9.886551852999958
              ],
              [
                -73.09743748199992,
                -9.88241310299992
              ],
              [
                -73.09748373299982,
                -9.882179352999856
              ],
              [
                -73.09781585799988,
                -9.880987727999923
              ],
              [
                -73.0997302319999,
                -9.877608227999929
              ],
              [
                -73.10320023199995,
                -9.8752273529999
              ],
              [
                -73.11491423299998,
                -9.872622477999926
              ],
              [
                -73.11912623299997,
                -9.872085977999973
              ],
              [
                -73.12945460799995,
                -9.87216647799994
              ],
              [
                -73.13130010699996,
                -9.87182960299998
              ],
              [
                -73.13514185699995,
                -9.870744602999935
              ],
              [
                -73.13699285799999,
                -9.870100727999954
              ],
              [
                -73.1374221079999,
                -9.869725227999936
              ],
              [
                -73.13844148299995,
                -9.868544726999971
              ],
              [
                -73.13924635799992,
                -9.867230352999911
              ],
              [
                -73.14278323299999,
                -9.866363227999955
              ],
              [
                -73.15147460699995,
                -9.865951102999873
              ],
              [
                -73.16445898299986,
                -9.86360747699996
              ],
              [
                -73.17193410799985,
                -9.86377222799996
              ],
              [
                -73.17332698299981,
                -9.864458102999947
              ],
              [
                -73.17657510699996,
                -9.86706172799984
              ],
              [
                -73.18037373299984,
                -9.867127227999902
              ],
              [
                -73.184526608,
                -9.869718351999893
              ],
              [
                -73.1856686079999,
                -9.870270977999894
              ],
              [
                -73.18883698299987,
                -9.870970977999889
              ],
              [
                -73.19141410700001,
                -9.870533227999942
              ],
              [
                -73.19847848299992,
                -9.87023047799994
              ],
              [
                -73.1995944819999,
                -9.869791977999967
              ],
              [
                -73.20055235799992,
                -9.869165727999928
              ],
              [
                -73.20191548299982,
                -9.867913102999921
              ],
              [
                -73.20232073299997,
                -9.867323727999917
              ],
              [
                -73.20502535699984,
                -9.859351601999947
              ],
              [
                -73.20887698299993,
                -9.853964852999866
              ],
              [
                -73.20983173199988,
                -9.85337935299998
              ],
              [
                -73.21523273299982,
                -9.851854602999879
              ],
              [
                -73.21590085799994,
                -9.851838977999932
              ],
              [
                -73.22346748199993,
                -9.85126097799997
              ],
              [
                -73.22407010799998,
                -9.851083477999907
              ],
              [
                -73.22593873299985,
                -9.84991410299989
              ],
              [
                -73.22710810799998,
                -9.84867922799998
              ],
              [
                -73.22817010799992,
                -9.847282477999954
              ],
              [
                -73.2283629829999,
                -9.846800352999935
              ],
              [
                -73.22868810799997,
                -9.844764977999944
              ],
              [
                -73.22882473199991,
                -9.843635727999924
              ],
              [
                -73.2288428569999,
                -9.842212477999908
              ],
              [
                -73.22875098299994,
                -9.841734852999934
              ],
              [
                -73.22827673299986,
                -9.839011352999933
              ],
              [
                -73.2280547319998,
                -9.838426102999904
              ],
              [
                -73.22769148299994,
                -9.837598602999833
              ],
              [
                -73.224664232,
                -9.832472602999871
              ],
              [
                -73.223688358,
                -9.831414852999956
              ],
              [
                -73.22168135699985,
                -9.830060977999949
              ],
              [
                -73.2204268569999,
                -9.829767352999966
              ],
              [
                -73.21826485799988,
                -9.829180102999942
              ],
              [
                -73.21795423299977,
                -9.828509102999874
              ],
              [
                -73.21775773199977,
                -9.82747185299985
              ],
              [
                -73.21791785700003,
                -9.826857977999964
              ],
              [
                -73.21799798299992,
                -9.826671102999853
              ],
              [
                -73.21813135799994,
                -9.826297476999912
              ],
              [
                -73.21847835799997,
                -9.825790352999888
              ],
              [
                -73.21914573299983,
                -9.824882852999963
              ],
              [
                -73.22048023199994,
                -9.823574977999897
              ],
              [
                -73.22141448199989,
                -9.822827602999894
              ],
              [
                -73.22264223199994,
                -9.822080226999958
              ],
              [
                -73.22624560799977,
                -9.820291852999958
              ],
              [
                -73.22667260699984,
                -9.819704727999977
              ],
              [
                -73.22720848300003,
                -9.817320601999882
              ],
              [
                -73.22747335799983,
                -9.816608477999921
              ],
              [
                -73.22808460699986,
                -9.81590035299996
              ],
              [
                -73.22881235799986,
                -9.815193602999841
              ],
              [
                -73.22958198199984,
                -9.813218727999924
              ],
              [
                -73.22931498299988,
                -9.81260472799994
              ],
              [
                -73.22784710699983,
                -9.80996235299989
              ],
              [
                -73.22803385799983,
                -9.808040602999881
              ],
              [
                -73.22827410799982,
                -9.807720227999937
              ],
              [
                -73.23088985699997,
                -9.805478352999955
              ],
              [
                -73.23153048299986,
                -9.804597227999977
              ],
              [
                -73.23043023299988,
                -9.799884727999881
              ],
              [
                -73.2298678579998,
                -9.798361602999819
              ],
              [
                -73.22915485699986,
                -9.79488172799995
              ],
              [
                -73.22939510799995,
                -9.794534727999974
              ],
              [
                -73.22976885799994,
                -9.794294477999927
              ],
              [
                -73.23032898199995,
                -9.79403672799998
              ],
              [
                -73.23080973299983,
                -9.793787351999981
              ],
              [
                -73.23209098299981,
                -9.793280227999958
              ],
              [
                -73.235832233,
                -9.79088697799989
              ],
              [
                -73.2374692329999,
                -9.789463352999974
              ],
              [
                -73.238643733,
                -9.78743485299998
              ],
              [
                -73.23768285699998,
                -9.785157227999832
              ],
              [
                -73.23636598299993,
                -9.784516602999929
              ],
              [
                -73.23625923299988,
                -9.782381226999917
              ],
              [
                -73.23706185799995,
                -9.780030852999971
              ],
              [
                -73.23756535800004,
                -9.778459477999945
              ],
              [
                -73.23785010799998,
                -9.777633726999966
              ],
              [
                -73.23839098299987,
                -9.775469977999876
              ],
              [
                -73.23881810799986,
                -9.773790352999981
              ],
              [
                -73.23989998299993,
                -9.771911102999923
              ],
              [
                -73.24027010700001,
                -9.769120977999933
              ],
              [
                -73.24220610799989,
                -9.767953726999963
              ],
              [
                -73.24311723299985,
                -9.766757977999873
              ],
              [
                -73.2438573579999,
                -9.765676102999976
              ],
              [
                -73.24419910799986,
                -9.764537227999938
              ],
              [
                -73.24397135800001,
                -9.762771976999943
              ],
              [
                -73.24360973299986,
                -9.76083035299996
              ],
              [
                -73.243063108,
                -9.759008227999857
              ],
              [
                -73.24237973299995,
                -9.756844477999948
              ],
              [
                -73.24251648299997,
                -9.754452852999975
              ],
              [
                -73.243063108,
                -9.753792351999948
              ],
              [
                -73.24622923299995,
                -9.752042352999922
              ],
              [
                -73.24653023299999,
                -9.751847477999945
              ],
              [
                -73.24662298299995,
                -9.751721102999966
              ],
              [
                -73.24681685799999,
                -9.75145972799993
              ],
              [
                -73.24704448299991,
                -9.751046727999949
              ],
              [
                -73.24722148199999,
                -9.7502206019999
              ],
              [
                -73.2473223579999,
                -9.749305352999954
              ],
              [
                -73.24725410799994,
                -9.748553727999933
              ],
              [
                -73.246709608,
                -9.7449368529999
              ],
              [
                -73.24661385699989,
                -9.744589226999892
              ],
              [
                -73.24582573199996,
                -9.742525102999934
              ],
              [
                -73.24523360799992,
                -9.741201477999937
              ],
              [
                -73.24441373299993,
                -9.740089976999968
              ],
              [
                -73.24415860799996,
                -9.739725477999912
              ],
              [
                -73.24400523299988,
                -9.73758372799989
              ],
              [
                -73.24386848300003,
                -9.737188102999937
              ],
              [
                -73.24381248299983,
                -9.737101602999871
              ],
              [
                -73.24328398299997,
                -9.73629972699996
              ],
              [
                -73.24311998299993,
                -9.735917227999948
              ],
              [
                -73.24297423299993,
                -9.735024477999957
              ],
              [
                -73.24293235699986,
                -9.731095226999855
              ],
              [
                -73.24300235799979,
                -9.730395477999934
              ],
              [
                -73.2432122319999,
                -9.729964102999872
              ],
              [
                -73.24445998299996,
                -9.728751227999965
              ],
              [
                -73.2448682329998,
                -9.728203102999942
              ],
              [
                -73.24588623299991,
                -9.72461360299991
              ],
              [
                -73.24595148299989,
                -9.72413797799993
              ],
              [
                -73.24646310799994,
                -9.720088976999932
              ],
              [
                -73.24656260799992,
                -9.71975310299996
              ],
              [
                -73.2466621079999,
                -9.719554101999904
              ],
              [
                -73.24893848299996,
                -9.716046227999925
              ],
              [
                -73.24970160799984,
                -9.715194727999972
              ],
              [
                -73.25086660699986,
                -9.71389910199997
              ],
              [
                -73.25113198299988,
                -9.713495602999899
              ],
              [
                -73.25370248299987,
                -9.708800477999944
              ],
              [
                -73.25395723299988,
                -9.708446851999952
              ],
              [
                -73.25412710799992,
                -9.70822022799996
              ],
              [
                -73.25537248299992,
                -9.707017227999927
              ],
              [
                -73.25583960799986,
                -9.70671997799991
              ],
              [
                -73.25820310799992,
                -9.705729226999892
              ],
              [
                -73.25878335799996,
                -9.705672727999968
              ],
              [
                -73.26109035799988,
                -9.705460477999964
              ],
              [
                -73.26165660799984,
                -9.705191476999914
              ],
              [
                -73.26226498299991,
                -9.70490835299995
              ],
              [
                -73.263940607,
                -9.703811602999963
              ],
              [
                -73.26767135799986,
                -9.700591852999935
              ],
              [
                -73.26901598299992,
                -9.698171727999977
              ],
              [
                -73.26922985799985,
                -9.697566102999872
              ],
              [
                -73.26927073299987,
                -9.69681297699998
              ],
              [
                -73.26934148299995,
                -9.695638351999946
              ],
              [
                -73.26942635800003,
                -9.695128851999925
              ],
              [
                -73.27044535799996,
                -9.692340727999976
              ],
              [
                -73.2704659829999,
                -9.691321602999949
              ],
              [
                -73.27040998299981,
                -9.690670602999887
              ],
              [
                -73.27038198299988,
                -9.690091601999939
              ],
              [
                -73.27043260799996,
                -9.689844102999814
              ],
              [
                -73.27052485799987,
                -9.6896242279999
              ],
              [
                -73.27171210799997,
                -9.68776085199994
              ],
              [
                -73.27191135799984,
                -9.687637601999938
              ],
              [
                -73.273455732,
                -9.686832352999943
              ],
              [
                -73.27532385799987,
                -9.685541602999876
              ],
              [
                -73.2757314829999,
                -9.68524722799998
              ],
              [
                -73.27612773299984,
                -9.684862227999815
              ],
              [
                -73.27602798299995,
                -9.683831602999874
              ],
              [
                -73.27431798299995,
                -9.682610226999884
              ],
              [
                -73.2737378569999,
                -9.682182726999883
              ],
              [
                -73.27095810699984,
                -9.681408352999938
              ],
              [
                -73.26763060799988,
                -9.67854897799998
              ],
              [
                -73.26781385799984,
                -9.678121477999923
              ],
              [
                -73.27184460799992,
                -9.671037226999886
              ],
              [
                -73.274165358,
                -9.667647727999963
              ],
              [
                -73.27407373199998,
                -9.66554072799994
              ],
              [
                -73.27187510799996,
                -9.664013977999844
              ],
              [
                -73.26280598299991,
                -9.663403227999936
              ],
              [
                -73.24884610699985,
                -9.663266477999969
              ],
              [
                -73.24847248299977,
                -9.663141852999956
              ],
              [
                -73.24641798299984,
                -9.66237697799994
              ],
              [
                -73.24582498299992,
                -9.662045102999912
              ],
              [
                -73.24542185799987,
                -9.661072477999824
              ],
              [
                -73.24508973299999,
                -9.659364852999943
              ],
              [
                -73.24510773299988,
                -9.658603727999946
              ],
              [
                -73.24406985799999,
                -9.657870602999935
              ],
              [
                -73.24072573299998,
                -9.65867697799996
              ],
              [
                -73.23968210799978,
                -9.658487227999956
              ],
              [
                -73.23948898299994,
                -9.658294227999875
              ],
              [
                -73.23918398300003,
                -9.657918102999929
              ],
              [
                -73.23823535799988,
                -9.656755726999961
              ],
              [
                -73.23768985799995,
                -9.656423852999865
              ],
              [
                -73.23721548299989,
                -9.656234102999974
              ],
              [
                -73.23659873199983,
                -9.656139227999915
              ],
              [
                -73.23090648299984,
                -9.65670860299997
              ],
              [
                -73.22713998299986,
                -9.656846727999948
              ],
              [
                -73.22651848199996,
                -9.656974601999934
              ],
              [
                -73.22421810799995,
                -9.657823226999938
              ],
              [
                -73.22334048199991,
                -9.658605851999937
              ],
              [
                -73.22251035799997,
                -9.659934101999966
              ],
              [
                -73.22009110699992,
                -9.66287510299992
              ],
              [
                -73.21978285799997,
                -9.663159726999936
              ],
              [
                -73.21892898299996,
                -9.663041102999898
              ],
              [
                -73.21881035799998,
                -9.662376976999951
              ],
              [
                -73.21866810799986,
                -9.661665477999861
              ],
              [
                -73.21843323300004,
                -9.66096510299991
              ],
              [
                -73.2178142329999,
                -9.65917510199995
              ],
              [
                -73.21790910799984,
                -9.658724477999954
              ],
              [
                -73.21814635799984,
                -9.65621035199996
              ],
              [
                -73.21788535799982,
                -9.65585460299991
              ],
              [
                -73.21583248299999,
                -9.653494352999928
              ],
              [
                -73.21554560799996,
                -9.65292072699998
              ],
              [
                -73.21532385699999,
                -9.652012352999975
              ],
              [
                -73.21518160799985,
                -9.651395727999954
              ],
              [
                -73.21508673199992,
                -9.650612852999927
              ],
              [
                -73.21495098299988,
                -9.649829852999972
              ],
              [
                -73.21494223299993,
                -9.64850260299994
              ],
              [
                -73.21496523299982,
                -9.64842835199994
              ],
              [
                -73.21584573299992,
                -9.645727102999956
              ],
              [
                -73.21591685700002,
                -9.645489852999958
              ],
              [
                -73.21653348199987,
                -9.644707227999959
              ],
              [
                -73.21719760799994,
                -9.64418547799994
              ],
              [
                -73.21788535799982,
                -9.643592477999903
              ],
              [
                -73.22099998299996,
                -9.642060102999949
              ],
              [
                -73.22136248299984,
                -9.641873102999966
              ],
              [
                -73.22180673299982,
                -9.641615852999962
              ],
              [
                -73.22398085799995,
                -9.640011102999893
              ],
              [
                -73.22434598299981,
                -9.639647601999911
              ],
              [
                -73.22450673299994,
                -9.63932785299994
              ],
              [
                -73.22505560699989,
                -9.638036601999943
              ],
              [
                -73.22492348299988,
                -9.632217852999872
              ],
              [
                -73.22395635699996,
                -9.630732727999941
              ],
              [
                -73.2236022329999,
                -9.63007485199995
              ],
              [
                -73.22320810799988,
                -9.629491352999878
              ],
              [
                -73.22183123299999,
                -9.626431852999872
              ],
              [
                -73.22119873199989,
                -9.62519222799989
              ],
              [
                -73.21859610799993,
                -9.62208747699998
              ],
              [
                -73.21739248199992,
                -9.61752235299997
              ],
              [
                -73.21640648299979,
                -9.61146660299994
              ],
              [
                -73.21636673299986,
                -9.610796977999883
              ],
              [
                -73.21581010699998,
                -9.607103477999885
              ],
              [
                -73.21465223199993,
                -9.602148726999928
              ],
              [
                -73.21468823299989,
                -9.601572977999979
              ],
              [
                -73.21472423199992,
                -9.600565476999918
              ],
              [
                -73.21486810799985,
                -9.599486101999958
              ],
              [
                -73.21519123199994,
                -9.59839285199996
              ],
              [
                -73.21534273299994,
                -9.597993352999936
              ],
              [
                -73.21472423300003,
                -9.59426885199997
              ],
              [
                -73.21321298299995,
                -9.589915226999892
              ],
              [
                -73.21342885799987,
                -9.589051727999959
              ],
              [
                -73.21413898299983,
                -9.582875852999905
              ],
              [
                -73.21416223299997,
                -9.5819548529999
              ],
              [
                -73.21407010799999,
                -9.580365851999886
              ],
              [
                -73.21383985799986,
                -9.578500601999906
              ],
              [
                -73.21295410799985,
                -9.575058227999932
              ],
              [
                -73.21247510699993,
                -9.57415335199994
              ],
              [
                -73.21001623299986,
                -9.572033726999962
              ],
              [
                -73.20860360799986,
                -9.571206852999978
              ],
              [
                -73.20584723299999,
                -9.569932102999928
              ],
              [
                -73.20415598299985,
                -9.569388727999979
              ],
              [
                -73.20390060800003,
                -9.569349477999936
              ],
              [
                -73.20348773199999,
                -9.5693297279999
              ],
              [
                -73.20101198299994,
                -9.568995727999948
              ],
              [
                -73.20044210699996,
                -9.568720601999928
              ],
              [
                -73.19926310799991,
                -9.566421477999938
              ],
              [
                -73.19920410799983,
                -9.566107101999876
              ],
              [
                -73.19922373299994,
                -9.56589097799997
              ],
              [
                -73.19941185799996,
                -9.565410977999932
              ],
              [
                -73.19957748299998,
                -9.565026351999904
              ],
              [
                -73.19981323199988,
                -9.564456477999897
              ],
              [
                -73.2000883579999,
                -9.563984851999976
              ],
              [
                -73.20022598299983,
                -9.563807977999886
              ],
              [
                -73.20052073299996,
                -9.563414977999969
              ],
              [
                -73.20397910799994,
                -9.560015602999897
              ],
              [
                -73.20488310799988,
                -9.556910727999878
              ],
              [
                -73.20488310799988,
                -9.556478477999974
              ],
              [
                -73.20425098199996,
                -9.552423976999876
              ],
              [
                -73.20325535799992,
                -9.551035352999918
              ],
              [
                -73.20278373199989,
                -9.550432602999877
              ],
              [
                -73.20193285799985,
                -9.549502727999936
              ],
              [
                -73.20181435699999,
                -9.548782102999951
              ],
              [
                -73.20293585800005,
                -9.54559097799995
              ],
              [
                -73.2008783579999,
                -9.539992477999931
              ],
              [
                -73.19061048199995,
                -9.531170976999931
              ],
              [
                -73.18962885799982,
                -9.526796727999908
              ],
              [
                -73.19089973299992,
                -9.52307247799996
              ],
              [
                -73.195093607,
                -9.51714310199992
              ],
              [
                -73.19813060799993,
                -9.509044602999893
              ],
              [
                -73.19894335799984,
                -9.500021476999905
              ],
              [
                -73.19885123299986,
                -9.499339726999892
              ],
              [
                -73.19822948199993,
                -9.495608726999933
              ],
              [
                -73.19924710799984,
                -9.492160477999903
              ],
              [
                -73.20048260800002,
                -9.490582976999974
              ],
              [
                -73.20280835799997,
                -9.488259976999927
              ],
              [
                -73.20616998299994,
                -9.48432035199994
              ],
              [
                -73.20745898299992,
                -9.481333977999952
              ],
              [
                -73.207244108,
                -9.477662101999954
              ],
              [
                -73.20541410799984,
                -9.474326227999939
              ],
              [
                -73.20218748199994,
                -9.47155272799995
              ],
              [
                -73.19623848199979,
                -9.46784385299992
              ],
              [
                -73.1942563579999,
                -9.465442852999956
              ],
              [
                -73.19381448299993,
                -9.460931602999892
              ],
              [
                -73.19927748299995,
                -9.456121976999952
              ],
              [
                -73.19990460799988,
                -9.455108977999885
              ],
              [
                -73.19996785799987,
                -9.454966851999927
              ],
              [
                -73.20168935799995,
                -9.451056976999894
              ],
              [
                -73.20323248299974,
                -9.448478477999913
              ],
              [
                -73.20464260799997,
                -9.444351476999941
              ],
              [
                -73.20384173199994,
                -9.441826227999968
              ],
              [
                -73.19901560799997,
                -9.437671726999952
              ],
              [
                -73.19171085799996,
                -9.429012727999918
              ],
              [
                -73.19154098299987,
                -9.425419977999923
              ],
              [
                -73.19494560699991,
                -9.423126601999968
              ],
              [
                -73.19886723299993,
                -9.420906227999922
              ],
              [
                -73.20038085799985,
                -9.418845726999905
              ],
              [
                -73.20108785799982,
                -9.415285102999974
              ],
              [
                -73.20041598299991,
                -9.411496101999944
              ],
              [
                -73.20043948299991,
                -9.411396477999858
              ],
              [
                -73.18145698199987,
                -9.411742227999866
              ],
              [
                -73.13474998299978,
                -9.411849601999961
              ],
              [
                -73.1283868569999,
                -9.41158010199996
              ],
              [
                -73.12387698299995,
                -9.411900352999965
              ],
              [
                -73.06399610799974,
                -9.412037101999942
              ],
              [
                -73.00399023299991,
                -9.411822226999902
              ],
              [
                -72.99994723299972,
                -9.411681602999977
              ],
              [
                -72.95974810699977,
                -9.411956977999978
              ],
              [
                -72.71691210699987,
                -9.412185601999965
              ],
              [
                -72.71563973299993,
                -9.412753102999943
              ],
              [
                -72.71480910699995,
                -9.416315227999974
              ],
              [
                -72.71694948199985,
                -9.417321476999973
              ],
              [
                -72.71637448199988,
                -9.42292810299989
              ],
              [
                -72.71391473199975,
                -9.423886477999872
              ],
              [
                -72.71140685699993,
                -9.42712910299997
              ],
              [
                -72.71158248199987,
                -9.430004227999973
              ],
              [
                -72.70789273199978,
                -9.430259852999825
              ],
              [
                -72.70492160699996,
                -9.43350247799998
              ],
              [
                -72.70279723199997,
                -9.433454476999827
              ],
              [
                -72.70088035699973,
                -9.429892477999886
              ],
              [
                -72.69866010699985,
                -9.429477101999964
              ],
              [
                -72.69770173199987,
                -9.435962352999923
              ],
              [
                -72.69524185699993,
                -9.433406601999934
              ],
              [
                -72.69444310699981,
                -9.435243477999961
              ],
              [
                -72.69559323199996,
                -9.437415852999948
              ],
              [
                -72.69437923199996,
                -9.439556352999944
              ],
              [
                -72.69175960699982,
                -9.438693727999976
              ],
              [
                -72.69236660699971,
                -9.435866476999934
              ],
              [
                -72.68958723199995,
                -9.434892101999935
              ],
              [
                -72.68714335799973,
                -9.43599422699998
              ],
              [
                -72.68572173300004,
                -9.433997601999977
              ],
              [
                -72.68231960700001,
                -9.433614227999897
              ],
              [
                -72.68096160699992,
                -9.435850727999934
              ],
              [
                -72.67837398200004,
                -9.436633227999948
              ],
              [
                -72.68005123199998,
                -9.438837477999868
              ],
              [
                -72.67606085699987,
                -9.439834601999962
              ],
              [
                -72.67298510699993,
                -9.43734735199996
              ],
              [
                -72.6682764819999,
                -9.43772710199994
              ],
              [
                -72.66732723199988,
                -9.438752352999927
              ],
              [
                -72.66895985699995,
                -9.441334476999884
              ],
              [
                -72.66577098199991,
                -9.441883352999923
              ],
              [
                -72.66359235700003,
                -9.44363472699996
              ],
              [
                -72.66249235799995,
                -9.447233851999954
              ],
              [
                -72.66066035699998,
                -9.44820735199994
              ],
              [
                -72.65775685699975,
                -9.447089352999967
              ],
              [
                -72.65613823299992,
                -9.447706726999911
              ],
              [
                -72.65715610699988,
                -9.450193102999947
              ],
              [
                -72.65502023199997,
                -9.45204535299996
              ],
              [
                -72.65316798199984,
                -9.45142797699998
              ],
              [
                -72.65196648199992,
                -9.44698922699996
              ],
              [
                -72.65026435700003,
                -9.445937851999929
              ],
              [
                -72.64615935699976,
                -9.447973726999976
              ],
              [
                -72.64447398199991,
                -9.446972477999907
              ],
              [
                -72.64530835700003,
                -9.444486101999871
              ],
              [
                -72.64225460699987,
                -9.442316852999909
              ],
              [
                -72.64063598199988,
                -9.443267977999938
              ],
              [
                -72.6344722319999,
                -9.44465910199989
              ],
              [
                -72.63069685699998,
                -9.444888727999967
              ],
              [
                -72.62884035799993,
                -9.442781976999925
              ],
              [
                -72.62715085699995,
                -9.443240851999974
              ],
              [
                -72.62840235699974,
                -9.446077601999946
              ],
              [
                -72.62585760699977,
                -9.446891102999928
              ],
              [
                -72.62483548200004,
                -9.444596726999976
              ],
              [
                -72.62245760699983,
                -9.446098477999897
              ],
              [
                -72.62322935700001,
                -9.449373351999952
              ],
              [
                -72.62103923199999,
                -9.44926910199996
              ],
              [
                -72.62085148199992,
                -9.452230976999886
              ],
              [
                -72.61700048199987,
                -9.452457851999895
              ],
              [
                -72.61244798199971,
                -9.449235101999875
              ],
              [
                -72.609757232,
                -9.44965747799995
              ],
              [
                -72.61057073299997,
                -9.451910227999974
              ],
              [
                -72.60611223199993,
                -9.452332852999973
              ],
              [
                -72.60428185799992,
                -9.451597352999954
              ],
              [
                -72.59941648199981,
                -9.456384476999915
              ],
              [
                -72.59660060699986,
                -9.456791226999883
              ],
              [
                -72.59500485699982,
                -9.455039101999887
              ],
              [
                -72.59264260699985,
                -9.454835726999931
              ],
              [
                -72.58851260699998,
                -9.45782372699989
              ],
              [
                -72.58360035699991,
                -9.45999822799996
              ],
              [
                -72.58023685700005,
                -9.459685351999894
              ],
              [
                -72.57782773199995,
                -9.456008977999943
              ],
              [
                -72.57621635699991,
                -9.456681726999818
              ],
              [
                -72.57848473299993,
                -9.459466351999936
              ],
              [
                -72.57879760699979,
                -9.461390601999938
              ],
              [
                -72.57734273200003,
                -9.464175227999874
              ],
              [
                -72.57264960699985,
                -9.463987477999979
              ],
              [
                -72.57128848199994,
                -9.462344852999877
              ],
              [
                -72.56819098199998,
                -9.46298622699993
              ],
              [
                -72.56690823199989,
                -9.46586472699994
              ],
              [
                -72.56273123199998,
                -9.463064476999818
              ],
              [
                -72.56143273199984,
                -9.463658977999955
              ],
              [
                -72.56126085699981,
                -9.468195727999898
              ],
              [
                -72.56251223199996,
                -9.470573602999934
              ],
              [
                -72.56004048199992,
                -9.471997227999964
              ],
              [
                -72.55952423199983,
                -9.467585602999975
              ],
              [
                -72.55702110700003,
                -9.46586472699994
              ],
              [
                -72.55312573199996,
                -9.46678772699994
              ],
              [
                -72.55059148199996,
                -9.468962352999938
              ],
              [
                -72.547048357,
                -9.46880935199988
              ],
              [
                -72.54693385699977,
                -9.466425976999972
              ],
              [
                -72.54466498199997,
                -9.465853102999972
              ],
              [
                -72.54214435699987,
                -9.46777822699994
              ],
              [
                -72.5433359819998,
                -9.46906122699994
              ],
              [
                -72.54182348199987,
                -9.472177977999877
              ],
              [
                -72.53829448199991,
                -9.46954260299998
              ],
              [
                -72.53689373199984,
                -9.471928726999977
              ],
              [
                -72.53357660699982,
                -9.473252226999875
              ],
              [
                -72.53361098199991,
                -9.475469352999824
              ],
              [
                -72.53075785699991,
                -9.480126977999817
              ],
              [
                -72.52897048199992,
                -9.47796147799994
              ],
              [
                -72.52702835699989,
                -9.479920726999978
              ],
              [
                -72.52953760699995,
                -9.480780102999915
              ],
              [
                -72.5303969819999,
                -9.482309727999962
              ],
              [
                -72.52732048199982,
                -9.485179976999916
              ],
              [
                -72.52457060699993,
                -9.48590185199987
              ],
              [
                -72.52338460699985,
                -9.489098601999956
              ],
              [
                -72.52097848199992,
                -9.490920477999964
              ],
              [
                -72.51740348199996,
                -9.490628351999874
              ],
              [
                -72.51668173199994,
                -9.485059727999896
              ],
              [
                -72.514928607,
                -9.484097101999964
              ],
              [
                -72.51271148199987,
                -9.484990976999939
              ],
              [
                -72.510184982,
                -9.484458101999962
              ],
              [
                -72.50642098199995,
                -9.486056601999962
              ],
              [
                -72.50428985699983,
                -9.485042476999922
              ],
              [
                -72.50348198199987,
                -9.481570727999895
              ],
              [
                -72.50093835699982,
                -9.48045360199984
              ],
              [
                -72.49667598199994,
                -9.484148727999866
              ],
              [
                -72.4942697319999,
                -9.48267072799996
              ],
              [
                -72.49212135699986,
                -9.479834852999886
              ],
              [
                -72.48703398200001,
                -9.480247351999935
              ],
              [
                -72.4861402319998,
                -9.482636352999975
              ],
              [
                -72.48124198199986,
                -9.486365852999882
              ],
              [
                -72.47885298199992,
                -9.485867476999942
              ],
              [
                -72.47785610699992,
                -9.484062852999955
              ],
              [
                -72.47457335699994,
                -9.483065976999967
              ],
              [
                -72.47299210699975,
                -9.48555810299996
              ],
              [
                -72.47070623199988,
                -9.485076851999906
              ],
              [
                -72.46701110699985,
                -9.486503476999928
              ],
              [
                -72.46438148199996,
                -9.4852143519999
              ],
              [
                -72.46357360699983,
                -9.486829977999946
              ],
              [
                -72.46092685699995,
                -9.48530035199991
              ],
              [
                -72.45759248199977,
                -9.488857977999942
              ],
              [
                -72.45510035699988,
                -9.489682977999905
              ],
              [
                -72.4538802319999,
                -9.487259601999938
              ],
              [
                -72.45126773200002,
                -9.485850352999876
              ],
              [
                -72.45257385699983,
                -9.484354976999953
              ],
              [
                -72.44795060699983,
                -9.481484726999952
              ],
              [
                -72.4442726069999,
                -9.483358102999887
              ],
              [
                -72.44145385699983,
                -9.477600477999943
              ],
              [
                -72.43988985699991,
                -9.477927101999967
              ],
              [
                -72.43961485699981,
                -9.481330102999948
              ],
              [
                -72.43550710699992,
                -9.484733101999893
              ],
              [
                -72.43399473199992,
                -9.480659852999963
              ],
              [
                -72.42686198199988,
                -9.482086351999953
              ],
              [
                -72.42696510699989,
                -9.484973727999886
              ],
              [
                -72.42328710700002,
                -9.480797226999925
              ],
              [
                -72.41954035699973,
                -9.480900477999967
              ],
              [
                -72.41828573199984,
                -9.48301447699987
              ],
              [
                -72.41620610699988,
                -9.483444102999897
              ],
              [
                -72.41142798199996,
                -9.482051976999912
              ],
              [
                -72.41141085699996,
                -9.480505101999938
              ],
              [
                -72.4086609819999,
                -9.477652101999922
              ],
              [
                -72.4070624819999,
                -9.477291102999914
              ],
              [
                -72.40500010699986,
                -9.481140976999939
              ],
              [
                -72.4037798569999,
                -9.479559851999966
              ],
              [
                -72.40096110699983,
                -9.482155226999964
              ],
              [
                -72.39877823199976,
                -9.483117602999926
              ],
              [
                -72.39692210700002,
                -9.487637726999878
              ],
              [
                -72.39446435699972,
                -9.487861227999929
              ],
              [
                -72.39229885699984,
                -9.486606477999828
              ],
              [
                -72.3885692319999,
                -9.489081477999946
              ],
              [
                -72.38715985699992,
                -9.491900102999864
              ],
              [
                -72.38526173199989,
                -9.492570352999962
              ],
              [
                -72.3816084819997,
                -9.491195477999895
              ],
              [
                -72.38069760699972,
                -9.493550102999961
              ],
              [
                -72.37763823199998,
                -9.49525160199994
              ],
              [
                -72.37435548199988,
                -9.494976601999952
              ],
              [
                -72.3711759819999,
                -9.49251872799988
              ],
              [
                -72.36933685699995,
                -9.489992352999934
              ],
              [
                -72.36698223199983,
                -9.4897002269999
              ],
              [
                -72.36352773199991,
                -9.49382510299995
              ],
              [
                -72.36335585699999,
                -9.495990726999935
              ],
              [
                -72.36141360699986,
                -9.49688435299987
              ],
              [
                -72.35770123099985,
                -9.494409477999909
              ],
              [
                -72.35405760699973,
                -9.496626601999935
              ],
              [
                -72.35297485699994,
                -9.50011560199988
              ],
              [
                -72.34910785699998,
                -9.503690476999907
              ],
              [
                -72.34737185699987,
                -9.50204047799997
              ],
              [
                -72.34597973199988,
                -9.50406860299995
              ],
              [
                -72.34082360699995,
                -9.506595102999881
              ],
              [
                -72.34022210699993,
                -9.507677851999972
              ],
              [
                -72.34137348199988,
                -9.511424601999977
              ],
              [
                -72.33896735699983,
                -9.512799601999973
              ],
              [
                -72.34061735699993,
                -9.514655851999919
              ],
              [
                -72.34054210699992,
                -9.518959102999816
              ],
              [
                -72.33910273199984,
                -9.522374977999903
              ],
              [
                -72.33620235699993,
                -9.520978476999915
              ],
              [
                -72.33480598199986,
                -9.521902352999973
              ],
              [
                -72.33431185699993,
                -9.528562226999895
              ],
              [
                -72.33209898199988,
                -9.528669602999969
              ],
              [
                -72.33136848199985,
                -9.530925602999957
              ],
              [
                -72.32937060699982,
                -9.532472351999957
              ],
              [
                -72.32866148199986,
                -9.534728226999903
              ],
              [
                -72.32567523199987,
                -9.53515785199994
              ],
              [
                -72.32522410699994,
                -9.537864977999902
              ],
              [
                -72.32232385699996,
                -9.541065977999892
              ],
              [
                -72.31950948199989,
                -9.542354976999889
              ],
              [
                -72.31798410699997,
                -9.544138101999977
              ],
              [
                -72.31310723199988,
                -9.54534122799987
              ],
              [
                -72.31150785699987,
                -9.544511727999918
              ],
              [
                -72.31146285699981,
                -9.541718726999932
              ],
              [
                -72.30918160699986,
                -9.540537102999963
              ],
              [
                -72.30672460699998,
                -9.540662101999885
              ],
              [
                -72.30462698199977,
                -9.538665977999926
              ],
              [
                -72.30092573199988,
                -9.53737310299988
              ],
              [
                -72.30048435699996,
                -9.533249976999969
              ],
              [
                -72.2944337319999,
                -9.533529477999934
              ],
              [
                -72.29219723199975,
                -9.535146477999945
              ],
              [
                -72.29019135699997,
                -9.534986351999976
              ],
              [
                -72.28557623199976,
                -9.540759727999955
              ],
              [
                -72.28322660599997,
                -9.539830102999872
              ],
              [
                -72.28132623199986,
                -9.542298852999977
              ],
              [
                -72.28184573099992,
                -9.545165977999943
              ],
              [
                -72.28128123200003,
                -9.54917385199991
              ],
              [
                -72.28221873199988,
                -9.55157622799993
              ],
              [
                -72.28160935699981,
                -9.553648476999967
              ],
              [
                -72.28389648099977,
                -9.555925852999906
              ],
              [
                -72.28197460699994,
                -9.560013601999913
              ],
              [
                -72.28318748199973,
                -9.563365226999963
              ],
              [
                -72.28472073200004,
                -9.564984477999928
              ],
              [
                -72.28451560699978,
                -9.568562477999933
              ],
              [
                -72.28349998199985,
                -9.57248435299988
              ],
              [
                -72.28526373199986,
                -9.573076226999888
              ],
              [
                -72.28323435699997,
                -9.57819135199992
              ],
              [
                -72.28556835699982,
                -9.580513726999982
              ],
              [
                -72.28626948199985,
                -9.589203102999932
              ],
              [
                -72.28352348199991,
                -9.591294976999905
              ],
              [
                -72.28545310699997,
                -9.593787102999954
              ],
              [
                -72.28453910699983,
                -9.596833977999893
              ],
              [
                -72.28662885699981,
                -9.598023477999902
              ],
              [
                -72.28835748199975,
                -9.600824227999851
              ],
              [
                -72.28832223200004,
                -9.602816351999934
              ],
              [
                -72.28281448199988,
                -9.609115226999904
              ],
              [
                -72.28078510699993,
                -9.609505852999973
              ],
              [
                -72.27875585699996,
                -9.612146476999897
              ],
              [
                -72.27519135699993,
                -9.614765601999977
              ],
              [
                -72.27282810599996,
                -9.61755660199998
              ],
              [
                -72.27126385699978,
                -9.617826227999899
              ],
              [
                -72.26866210699995,
                -9.620623226999953
              ],
              [
                -72.26424410699974,
                -9.619007851999982
              ],
              [
                -72.26370310699974,
                -9.616427726999916
              ],
              [
                -72.26163473199983,
                -9.616285102999939
              ],
              [
                -72.25917773199984,
                -9.614658227999882
              ],
              [
                -72.25315035699992,
                -9.615763726999944
              ],
              [
                -72.25210360699992,
                -9.619902476999926
              ],
              [
                -72.25268560699993,
                -9.623966851999967
              ],
              [
                -72.25447073199985,
                -9.625343727999905
              ],
              [
                -72.25597460599994,
                -9.630921851999972
              ],
              [
                -72.257460982,
                -9.63174810299995
              ],
              [
                -72.25647073199985,
                -9.63689860299985
              ],
              [
                -72.25958198199999,
                -9.639271477999955
              ],
              [
                -72.2595293569999,
                -9.64586722799993
              ],
              [
                -72.2583398569999,
                -9.646769477999953
              ],
              [
                -72.2578203569999,
                -9.64987310299989
              ],
              [
                -72.254722732,
                -9.651529352999887
              ],
              [
                -72.25403510699977,
                -9.654540976999954
              ],
              [
                -72.2520214819998,
                -9.656423852999865
              ],
              [
                -72.24813085699992,
                -9.656300726999973
              ],
              [
                -72.24601760699989,
                -9.657279351999932
              ],
              [
                -72.24563660699988,
                -9.661242227999935
              ],
              [
                -72.24854298199983,
                -9.669251977999977
              ],
              [
                -72.24841423199985,
                -9.672160102999896
              ],
              [
                -72.249335982,
                -9.677460977999942
              ],
              [
                -72.25174810699991,
                -9.68008397799997
              ],
              [
                -72.25351760599995,
                -9.684326227999975
              ],
              [
                -72.25113898199987,
                -9.687642227999959
              ],
              [
                -72.25152535699988,
                -9.69241797799998
              ],
              [
                -72.25276173100002,
                -9.696664101999943
              ],
              [
                -72.2522578569999,
                -9.701937477999877
              ],
              [
                -72.25547848199983,
                -9.704021476999912
              ],
              [
                -72.25820898199981,
                -9.708753851999973
              ],
              [
                -72.25899410699992,
                -9.71219135299998
              ],
              [
                -72.25813285699974,
                -9.718490227999894
              ],
              [
                -72.25682810699993,
                -9.722835977999921
              ],
              [
                -72.25626285599998,
                -9.727683102999947
              ],
              [
                -72.25465435699994,
                -9.733831977999898
              ],
              [
                -72.26221485699995,
                -9.742601602999969
              ],
              [
                -72.26402348199986,
                -9.747431477999953
              ],
              [
                -72.26295510699993,
                -9.750855477999949
              ],
              [
                -72.26016998099988,
                -9.751873102999866
              ],
              [
                -72.25556248199996,
                -9.750570351999897
              ],
              [
                -72.25232035699992,
                -9.75134960299988
              ],
              [
                -72.24665823199996,
                -9.750617227999953
              ],
              [
                -72.24433985699989,
                -9.751970727999947
              ],
              [
                -72.24174410700005,
                -9.757914102999905
              ],
              [
                -72.24149423199998,
                -9.760431602999915
              ],
              [
                -72.23638085699986,
                -9.763941352999893
              ],
              [
                -72.23395510599977,
                -9.764039102999902
              ],
              [
                -72.23131835699985,
                -9.761956976999954
              ],
              [
                -72.22047398199999,
                -9.769473226999935
              ],
              [
                -72.21898635699984,
                -9.77102747799995
              ],
              [
                -72.21849223199996,
                -9.774915976999978
              ],
              [
                -72.21486910699986,
                -9.778816352999911
              ],
              [
                -72.20915648199997,
                -9.776981852999938
              ],
              [
                -72.20252148199972,
                -9.777197227999977
              ],
              [
                -72.19351948099973,
                -9.776427727999817
              ],
              [
                -72.19004098099992,
                -9.77778122799998
              ],
              [
                -72.18691210699996,
                -9.778206977999957
              ],
              [
                -72.17774223199973,
                -9.783289102999959
              ],
              [
                -72.17057223199987,
                -9.783925726999882
              ],
              [
                -72.16754098199971,
                -9.786529352999935
              ],
              [
                -72.16507810599995,
                -9.791441352999925
              ],
              [
                -72.16205660599996,
                -9.793476601999942
              ],
              [
                -72.15603710699992,
                -9.79457210299995
              ],
              [
                -72.15302648199997,
                -9.79581272799993
              ],
              [
                -72.15136110699984,
                -9.79741635299996
              ],
              [
                -72.15200260699999,
                -9.799797102999946
              ],
              [
                -72.15376660699991,
                -9.801548852999929
              ],
              [
                -72.15162023199986,
                -9.80495347699997
              ],
              [
                -72.15158323199972,
                -9.80801272799988
              ],
              [
                -72.1545684809999,
                -9.810356477999903
              ],
              [
                -72.1549384819998,
                -9.816302352999912
              ],
              [
                -72.156653231,
                -9.817227476999904
              ],
              [
                -72.15994685699985,
                -9.817264477999856
              ],
              [
                -72.1612173559999,
                -9.819558977999975
              ],
              [
                -72.16044023199998,
                -9.824826352999878
              ],
              [
                -72.16232760600002,
                -9.82834197699998
              ],
              [
                -72.16205623199994,
                -9.831068227999936
              ],
              [
                -72.15659148099996,
                -9.83235110299995
              ],
              [
                -72.15430473199984,
                -9.835257852999973
              ],
              [
                -72.15311523199983,
                -9.83891410299998
              ],
              [
                -72.15289360599996,
                -9.841914602999964
              ],
              [
                -72.15578473199992,
                -9.845686726999872
              ],
              [
                -72.15619123199997,
                -9.84740335299989
              ],
              [
                -72.15476835599992,
                -9.849707227999943
              ],
              [
                -72.15427135699986,
                -9.855241102999969
              ],
              [
                -72.15189448199999,
                -9.859882852999874
              ],
              [
                -72.14820123199985,
                -9.872228477999954
              ],
              [
                -72.14396260699982,
                -9.875510477999967
              ],
              [
                -72.14128685699984,
                -9.875909852999882
              ],
              [
                -72.13829173099981,
                -9.873274102999972
              ],
              [
                -72.13593535699971,
                -9.87439222799992
              ],
              [
                -72.13795510700004,
                -9.881083977999879
              ],
              [
                -72.13966410700004,
                -9.88442385299993
              ],
              [
                -72.14120698199997,
                -9.885694102999878
              ],
              [
                -72.14683798199997,
                -9.887371352999935
              ],
              [
                -72.14791623199983,
                -9.888569477999908
              ],
              [
                -72.15071173199976,
                -9.905741852999938
              ],
              [
                -72.15544535699973,
                -9.908088102999955
              ],
              [
                -72.15643373199998,
                -9.90999747799998
              ],
              [
                -72.15888235699981,
                -9.910783727999956
              ],
              [
                -72.16330773200002,
                -9.908514977999971
              ],
              [
                -72.16553160699982,
                -9.910536727999954
              ],
              [
                -72.16404898199988,
                -9.912917852999954
              ],
              [
                -72.16568885699996,
                -9.916085227999929
              ],
              [
                -72.16867660599979,
                -9.918062102999897
              ],
              [
                -72.1695526069999,
                -9.919657102999963
              ],
              [
                -72.17015923199983,
                -9.924531727999977
              ],
              [
                -72.17119248099976,
                -9.927294727999879
              ],
              [
                -72.17388810699987,
                -9.93019260299991
              ],
              [
                -72.17379835699973,
                -9.932820852999953
              ],
              [
                -72.17058598199986,
                -9.93430347799989
              ],
              [
                -72.16807010699989,
                -9.936909227999934
              ],
              [
                -72.16611573099982,
                -9.940480977999869
              ],
              [
                -72.15854535599988,
                -9.941042602999971
              ],
              [
                -72.15643373099988,
                -9.941649102999975
              ],
              [
                -72.15580473199998,
                -9.944546977999948
              ],
              [
                -72.16009535599989,
                -9.948478227999942
              ],
              [
                -72.16160048199998,
                -9.950589727999954
              ],
              [
                -72.16204973099985,
                -9.953577477999886
              ],
              [
                -72.16063448199981,
                -9.955643977999898
              ],
              [
                -72.155108482,
                -9.9584746029999
              ],
              [
                -72.15135685599984,
                -9.959462976999873
              ],
              [
                -72.14985185699993,
                -9.960810852999941
              ],
              [
                -72.14987435699993,
                -9.965999977999957
              ],
              [
                -72.15194098099994,
                -9.970425352999825
              ],
              [
                -72.15304173199996,
                -9.971436227999959
              ],
              [
                -72.15691885699971,
                -9.971203227999979
              ],
              [
                -72.15778598199995,
                -9.978190852999944
              ],
              [
                -72.16156723199998,
                -9.980512727999837
              ],
              [
                -72.16725973199982,
                -9.981521477999877
              ],
              [
                -72.17383598199973,
                -9.983292977999838
              ],
              [
                -72.17579685599998,
                -9.984230477999972
              ],
              [
                -72.17847773199992,
                -9.987511852999944
              ],
              [
                -72.17902010700004,
                -9.990808977999961
              ],
              [
                -72.17836923199974,
                -9.995277227999964
              ],
              [
                -72.18040435699982,
                -9.999671852999938
              ]
            ]
          ]
        ],
        "type": "MultiPolygon"
      },
      "type": "Feature",
      "properties": {
        "PROVINCIA": "ATALAYA",
        "name": "ATALAYA",
        "ID": "250300",
        "DEPARTAMEN": "UCAYALI"
      }
    }
  ]
}
