{
  "type": "FeatureCollection",
  "features": [
    {
      "geometry": {
        "coordinates": [
          [
            [
              [
                -74.92897235999999,
                -7.152956225999958
              ],
              [
                -74.92617410899982,
                -7.151985350999837
              ],
              [
                -74.92183398399999,
                -7.15506922599991
              ],
              [
                -74.91903985899984,
                -7.158531600999936
              ],
              [
                -74.91675135999992,
                -7.1611224749999
              ],
              [
                -74.91680848399989,
                -7.165348474999973
              ],
              [
                -74.91936110999984,
                -7.171511850999877
              ],
              [
                -74.92246210899987,
                -7.171458849999908
              ],
              [
                -74.92488610999993,
                -7.174424349999981
              ],
              [
                -74.92906873499987,
                -7.185840974999849
              ],
              [
                -74.92913298499985,
                -7.187447100999862
              ],
              [
                -74.9263382339999,
                -7.190980600999922
              ],
              [
                -74.92592060999982,
                -7.193743099999949
              ],
              [
                -74.92684185899992,
                -7.195994100999883
              ],
              [
                -74.92669160999992,
                -7.196271224999975
              ],
              [
                -74.92664285899997,
                -7.19631572499992
              ],
              [
                -74.9247072349998,
                -7.197701099999961
              ],
              [
                -74.9208452339999,
                -7.202673224999955
              ],
              [
                -74.91557710899986,
                -7.209997224999938
              ],
              [
                -74.91139523399994,
                -7.213451225999847
              ],
              [
                -74.90629373399992,
                -7.217385474999844
              ],
              [
                -74.90349898399995,
                -7.218541849999951
              ],
              [
                -74.90231048499993,
                -7.218830975999879
              ],
              [
                -74.8996327339998,
                -7.220417850999922
              ],
              [
                -74.89716023499994,
                -7.223415849999981
              ],
              [
                -74.89493660899984,
                -7.22483647599995
              ],
              [
                -74.89113173399977,
                -7.226668975999871
              ],
              [
                -74.88744035899992,
                -7.227579850999916
              ],
              [
                -74.88128710999996,
                -7.234177725999871
              ],
              [
                -74.87849098399988,
                -7.236212474999888
              ],
              [
                -74.87517210899983,
                -7.235653849999949
              ],
              [
                -74.87035373399993,
                -7.23754909999991
              ],
              [
                -74.8688439849999,
                -7.240375975999882
              ],
              [
                -74.86742898399996,
                -7.243008599999825
              ],
              [
                -74.86302973399995,
                -7.248567225999921
              ],
              [
                -74.86203710999979,
                -7.250261724999973
              ],
              [
                -74.85724610899996,
                -7.253486349999889
              ],
              [
                -74.85573498399998,
                -7.254753974999971
              ],
              [
                -74.85348923399988,
                -7.261191474999976
              ],
              [
                -74.85236510899995,
                -7.261580975999948
              ],
              [
                -74.84761085899987,
                -7.263889724999842
              ],
              [
                -74.84602035899991,
                -7.268609849999962
              ],
              [
                -74.84436648399992,
                -7.270314349999865
              ],
              [
                -74.84106248399985,
                -7.271732474999851
              ],
              [
                -74.83916248399993,
                -7.276610349999942
              ],
              [
                -74.83790973399994,
                -7.278601974999901
              ],
              [
                -74.83729948499973,
                -7.279886850999901
              ],
              [
                -74.83682023399984,
                -7.286597849999964
              ],
              [
                -74.83546373399997,
                -7.292224974999897
              ],
              [
                -74.83445835899983,
                -7.293276724999942
              ],
              [
                -74.82954710999985,
                -7.293904849999876
              ],
              [
                -74.82537835899979,
                -7.295218349999857
              ],
              [
                -74.81660223399973,
                -7.296503850999898
              ],
              [
                -74.81235785899997,
                -7.29967272499988
              ],
              [
                -74.80904573399994,
                -7.299901100999875
              ],
              [
                -74.80605073499993,
                -7.299464849999936
              ],
              [
                -74.80340998399993,
                -7.303368600999818
              ],
              [
                -74.79933035999989,
                -7.30481409999993
              ],
              [
                -74.79614285899987,
                -7.302287474999957
              ],
              [
                -74.79573260899986,
                -7.301762599999961
              ],
              [
                -74.79341973399971,
                -7.301666099999977
              ],
              [
                -74.78776623399983,
                -7.303850474999876
              ],
              [
                -74.78362235899988,
                -7.305713600999866
              ],
              [
                -74.77482123399989,
                -7.304728599999976
              ],
              [
                -74.77111685999989,
                -7.305230849999873
              ],
              [
                -74.76864148399989,
                -7.305548724999881
              ],
              [
                -74.76016198399986,
                -7.306582724999828
              ],
              [
                -74.75679273399999,
                -7.307896100999869
              ],
              [
                -74.75388023399978,
                -7.309495099999822
              ],
              [
                -74.74771273399983,
                -7.30960934999996
              ],
              [
                -74.74363085899995,
                -7.308630849999815
              ],
              [
                -74.74123435999991,
                -7.309246099999825
              ],
              [
                -74.73566310899992,
                -7.312750225999878
              ],
              [
                -74.72759173399999,
                -7.317910099999949
              ],
              [
                -74.71990160899986,
                -7.321773100999906
              ],
              [
                -74.71530073399981,
                -7.322035100999926
              ],
              [
                -74.70762360899982,
                -7.321544724999853
              ],
              [
                -74.69500285899983,
                -7.318689349999943
              ],
              [
                -74.68025835899994,
                -7.314621850999913
              ],
              [
                -74.6666841089999,
                -7.309541100999979
              ],
              [
                -74.65908273399998,
                -7.307382224999969
              ],
              [
                -74.65445685899994,
                -7.305154975999812
              ],
              [
                -74.64987298399984,
                -7.304322100999912
              ],
              [
                -74.64490785899989,
                -7.300892599999941
              ],
              [
                -74.6422801089999,
                -7.295240725999918
              ],
              [
                -74.6411251089998,
                -7.291775725999912
              ],
              [
                -74.64122223399994,
                -7.287914224999895
              ],
              [
                -74.64028710899993,
                -7.285572599999966
              ],
              [
                -74.63960910899988,
                -7.284653600999945
              ],
              [
                -74.63703923399987,
                -7.281169974999841
              ],
              [
                -74.62510385899981,
                -7.270490974999973
              ],
              [
                -74.62373323399976,
                -7.267235850999953
              ],
              [
                -74.62247698399989,
                -7.257698975999915
              ],
              [
                -74.6239617339998,
                -7.24667734999997
              ],
              [
                -74.62699223399983,
                -7.245191349999857
              ],
              [
                -74.63486910899991,
                -7.245706599999949
              ],
              [
                -74.63781160899993,
                -7.244389349999949
              ],
              [
                -74.64027448399986,
                -7.243286850999937
              ],
              [
                -74.64446310899996,
                -7.242794099999912
              ],
              [
                -74.64744210899988,
                -7.242134975999932
              ],
              [
                -74.64880710899985,
                -7.241191850999883
              ],
              [
                -74.64863198399985,
                -7.237483099999963
              ],
              [
                -74.64417760899977,
                -7.226975474999904
              ],
              [
                -74.64324148399987,
                -7.219551724999917
              ],
              [
                -74.6433008589998,
                -7.200509724999847
              ],
              [
                -74.64238285899995,
                -7.192355850999945
              ],
              [
                -74.64132985899988,
                -7.1857138499999
              ],
              [
                -74.64031948399986,
                -7.184397599999954
              ],
              [
                -74.63249323399981,
                -7.180975099999841
              ],
              [
                -74.62992185899992,
                -7.179435600999909
              ],
              [
                -74.62566998399984,
                -7.17450897599997
              ],
              [
                -74.62299060899988,
                -7.173321349999924
              ],
              [
                -74.62057098399993,
                -7.173706724999931
              ],
              [
                -74.61908210899992,
                -7.174085974999969
              ],
              [
                -74.61854485899988,
                -7.174029350999888
              ],
              [
                -74.61524085899998,
                -7.173715725999955
              ],
              [
                -74.6130737339999,
                -7.174622600999953
              ],
              [
                -74.60974310899985,
                -7.177187100999959
              ],
              [
                -74.60200760899983,
                -7.175753349999979
              ],
              [
                -74.59882135899988,
                -7.177572599999962
              ],
              [
                -74.5936496089999,
                -7.177058599999896
              ],
              [
                -74.59046948399987,
                -7.176223474999972
              ],
              [
                -74.5834667339999,
                -7.175356099999874
              ],
              [
                -74.57733135899986,
                -7.172561474999952
              ],
              [
                -74.5754781089999,
                -7.172222474999955
              ],
              [
                -74.57469710899994,
                -7.172079599999961
              ],
              [
                -74.56967198399991,
                -7.172664099999906
              ],
              [
                -74.56637735899989,
                -7.172947474999887
              ],
              [
                -74.55934610899988,
                -7.170849975999829
              ],
              [
                -74.55162110899994,
                -7.16592772499996
              ],
              [
                -74.55038035899986,
                -7.166110099999855
              ],
              [
                -74.54489810899986,
                -7.170336100999918
              ],
              [
                -74.53890185899985,
                -7.176560724999888
              ],
              [
                -74.53758835899998,
                -7.182499849999886
              ],
              [
                -74.53775973399985,
                -7.18655447499998
              ],
              [
                -74.53925748399996,
                -7.190018349999889
              ],
              [
                -74.54106548399983,
                -7.19740609999991
              ],
              [
                -74.5405008589999,
                -7.200088849999929
              ],
              [
                -74.53930173399982,
                -7.202144724999926
              ],
              [
                -74.53538635899986,
                -7.205341225999916
              ],
              [
                -74.53056423399994,
                -7.207455599999889
              ],
              [
                -74.52652935899977,
                -7.208968724999863
              ],
              [
                -74.52389223399985,
                -7.212121974999889
              ],
              [
                -74.5202769839999,
                -7.214672974999928
              ],
              [
                -74.52022385899994,
                -7.214718974999926
              ],
              [
                -74.51548785899996,
                -7.216878224999959
              ],
              [
                -74.51451710899977,
                -7.21784909999991
              ],
              [
                -74.51280285899986,
                -7.223603474999891
              ],
              [
                -74.51270398399993,
                -7.224098475999881
              ],
              [
                -74.51220698399987,
                -7.226589099999899
              ],
              [
                -74.51309860899988,
                -7.232479849999891
              ],
              [
                -74.51306110899998,
                -7.236059474999934
              ],
              [
                -74.51206148399996,
                -7.242804974999842
              ],
              [
                -74.50855860899986,
                -7.247267599999873
              ],
              [
                -74.50425335899979,
                -7.249782100999823
              ],
              [
                -74.5016106089999,
                -7.252925974999812
              ],
              [
                -74.49991423399996,
                -7.256580974999963
              ],
              [
                -74.49950160899976,
                -7.260176349999824
              ],
              [
                -74.50058135912053,
                -7.264099225855716
              ],
              [
                -74.50406510879577,
                -7.26834822501695
              ],
              [
                -74.50770723404986,
                -7.271092976136742
              ],
              [
                -74.50944910913984,
                -7.273336224976845
              ],
              [
                -74.5147258591229,
                -7.276763601125083
              ],
              [
                -74.51897160882572,
                -7.275719101143011
              ],
              [
                -74.52074248395235,
                -7.276014351165315
              ],
              [
                -74.5244232341467,
                -7.279550475809003
              ],
              [
                -74.52628223421692,
                -7.282666600034418
              ],
              [
                -74.5269179840468,
                -7.287570725983301
              ],
              [
                -74.53102935900557,
                -7.290158225119683
              ],
              [
                -74.53572710907531,
                -7.294427350990361
              ],
              [
                -74.53550010892991,
                -7.29762859986397
              ],
              [
                -74.5337161088899,
                -7.307060226223086
              ],
              [
                -74.53417835902354,
                -7.315339850973089
              ],
              [
                -74.53571198417308,
                -7.320246975884572
              ],
              [
                -74.54519948402577,
                -7.328128975155323
              ],
              [
                -74.55035898422511,
                -7.334317851130947
              ],
              [
                -74.55197973403148,
                -7.337411974890188
              ],
              [
                -74.55667773419441,
                -7.341515599876402
              ],
              [
                -74.55679273382663,
                -7.348609725950098
              ],
              [
                -74.559106984128,
                -7.353284599834808
              ],
              [
                -74.56317998399425,
                -7.355940849975013
              ],
              [
                -74.56601135916571,
                -7.35970772483995
              ],
              [
                -74.56658810879048,
                -7.362193226019485
              ],
              [
                -74.57133473391127,
                -7.388655350855629
              ],
              [
                -74.5759519841423,
                -7.400160474871086
              ],
              [
                -74.57952135892162,
                -7.40992947513962
              ],
              [
                -74.58491998379986,
                -7.417765975079249
              ],
              [
                -74.59287410915982,
                -7.423772350890374
              ],
              [
                -74.59744723402173,
                -7.425556976000564
              ],
              [
                -74.60782010911555,
                -7.428122350132071
              ],
              [
                -74.61272773388174,
                -7.431579976140711
              ],
              [
                -74.61607385901152,
                -7.435037600088492
              ],
              [
                -74.62566773400562,
                -7.467706349999332
              ],
              [
                -74.63063410913685,
                -7.481580975217241
              ],
              [
                -74.63370848414058,
                -7.486389726051186
              ],
              [
                -74.64060148415837,
                -7.494637601026113
              ],
              [
                -74.64290210910661,
                -7.500086475832859
              ],
              [
                -74.6433864838528,
                -7.506019849774361
              ],
              [
                -74.64479923398869,
                -7.512154975953422
              ],
              [
                -74.64552573416978,
                -7.517482726089327
              ],
              [
                -74.64531635909617,
                -7.52070110089619
              ],
              [
                -74.64115810879213,
                -7.534826101056183
              ],
              [
                -74.64127335895114,
                -7.540679600936187
              ],
              [
                -74.64467810895735,
                -7.553889726208354
              ],
              [
                -74.64451660908298,
                -7.557280225115051
              ],
              [
                -74.64314435891367,
                -7.562285100988959
              ],
              [
                -74.65329348404481,
                -7.562024226086919
              ],
              [
                -74.66260985917484,
                -7.563524351133935
              ],
              [
                -74.67319973418392,
                -7.569856226107277
              ],
              [
                -74.67560985915259,
                -7.573069100933878
              ],
              [
                -74.67929536005624,
                -7.572727350169146
              ],
              [
                -74.68049423401823,
                -7.576010100971075
              ],
              [
                -74.67666860882309,
                -7.580250226201201
              ],
              [
                -74.6754389841173,
                -7.583727225138773
              ],
              [
                -74.67661910896476,
                -7.586179725993986
              ],
              [
                -74.67689935916434,
                -7.589781601202219
              ],
              [
                -74.6756552340392,
                -7.594230850796748
              ],
              [
                -74.67421335880601,
                -7.596840600854478
              ],
              [
                -74.67323385897589,
                -7.60238435086012
              ],
              [
                -74.66929060910553,
                -7.603232475089897
              ],
              [
                -74.66547435878374,
                -7.611755350952023
              ],
              [
                -74.66167198381169,
                -7.623261726158717
              ],
              [
                -74.66064048395612,
                -7.627868349950461
              ],
              [
                -74.66092473405007,
                -7.630710601175679
              ],
              [
                -74.6602164841525,
                -7.635161600892047
              ],
              [
                -74.66157335880337,
                -7.638299351100216
              ],
              [
                -74.66106448422107,
                -7.643642101128762
              ],
              [
                -74.66024573402933,
                -7.64608422605761
              ],
              [
                -74.6616376090675,
                -7.651268726024114
              ],
              [
                -74.66212985899472,
                -7.655434100939146
              ],
              [
                -74.66495160898074,
                -7.658397225874069
              ],
              [
                -74.66799735885161,
                -7.6590867258343
              ],
              [
                -74.67059710918619,
                -7.657771476188486
              ],
              [
                -74.67367010899892,
                -7.657409725956938
              ],
              [
                -74.67622610910871,
                -7.658606225828748
              ],
              [
                -74.68144948418546,
                -7.659011725128664
              ],
              [
                -74.68719786016868,
                -7.6613968501768
              ],
              [
                -74.6897247341621,
                -7.665033351155444
              ],
              [
                -74.69506073378062,
                -7.667450225208086
              ],
              [
                -74.6986587341475,
                -7.668063600808068
              ],
              [
                -74.70734060903254,
                -7.668623101183243
              ],
              [
                -74.71207873385936,
                -7.669334725841225
              ],
              [
                -74.71813198422086,
                -7.673217975141995
              ],
              [
                -74.72270060889986,
                -7.680699101071127
              ],
              [
                -74.72521335890934,
                -7.689207975058139
              ],
              [
                -74.72684185922031,
                -7.700103226055091
              ],
              [
                -74.72701335886785,
                -7.703648350821481
              ],
              [
                -74.7257838588148,
                -7.705335224903479
              ],
              [
                -74.72835223387773,
                -7.713682351186549
              ],
              [
                -74.73145748403971,
                -7.718850351101594
              ],
              [
                -74.73560010887684,
                -7.722987225950476
              ],
              [
                -74.74998098504346,
                -7.731723351128153
              ],
              [
                -74.7570083590839,
                -7.737815224909127
              ],
              [
                -74.7677036091336,
                -7.750801601176192
              ],
              [
                -74.77550973407523,
                -7.761935350993667
              ],
              [
                -74.7759907338206,
                -7.763551600951871
              ],
              [
                -74.7766712342027,
                -7.772955726016335
              ],
              [
                -74.77762260918826,
                -7.775755350895452
              ],
              [
                -74.7802699840671,
                -7.779797976189798
              ],
              [
                -74.78346723417286,
                -7.782387475955261
              ],
              [
                -74.7900278590023,
                -7.785151100049177
              ],
              [
                -74.7970473602033,
                -7.786067225834188
              ],
              [
                -74.80292235977856,
                -7.785844350888397
              ],
              [
                -74.80660598385003,
                -7.78492260085585
              ],
              [
                -74.82592385880793,
                -7.774601725938908
              ],
              [
                -74.83766273393206,
                -7.762674601178901
              ],
              [
                -74.84360423411539,
                -7.759373100845437
              ],
              [
                -74.85109998407285,
                -7.753910851161663
              ],
              [
                -74.85885160896271,
                -7.745689475091069
              ],
              [
                -74.8641249849274,
                -7.739561976135974
              ],
              [
                -74.87632348398654,
                -7.73402260017707
              ],
              [
                -74.88992710999167,
                -7.726565601064578
              ],
              [
                -74.90200410903276,
                -7.721697226089873
              ],
              [
                -74.90971573380006,
                -7.719175101038218
              ],
              [
                -74.91339660887388,
                -7.717167475971053
              ],
              [
                -74.91712885894827,
                -7.713167976061925
              ],
              [
                -74.93193498418844,
                -7.695675600921561
              ],
              [
                -74.93960773395617,
                -7.687721601143892
              ],
              [
                -74.94722073408894,
                -7.681732475864521
              ],
              [
                -74.95700748417187,
                -7.67835247512096
              ],
              [
                -74.98399523397461,
                -7.66745960116657
              ],
              [
                -74.9902266099935,
                -7.667203100953316
              ],
              [
                -75.00009648477914,
                -7.68185210098892
              ],
              [
                -75.00433260890946,
                -7.684718225928691
              ],
              [
                -75.01765848398725,
                -7.704590850197349
              ],
              [
                -75.02381835980816,
                -7.711925226102437
              ],
              [
                -75.03243648408244,
                -7.724082100819658
              ],
              [
                -75.04000398404708,
                -7.739133226139074
              ],
              [
                -75.04556810995217,
                -7.753863225894463
              ],
              [
                -75.04802185889184,
                -7.762451601112218
              ],
              [
                -75.05168948496907,
                -7.778816351074454
              ],
              [
                -75.05784860906027,
                -7.787626725780342
              ],
              [
                -75.0697889840817,
                -7.797134601074731
              ],
              [
                -75.08505036012735,
                -7.806720350812782
              ],
              [
                -75.09951998393905,
                -7.813168726148774
              ],
              [
                -75.10922248505756,
                -7.81525235103652
              ],
              [
                -75.1190532348516,
                -7.816955851084231
              ],
              [
                -75.12899798415356,
                -7.817885600868124
              ],
              [
                -75.13970548407838,
                -7.817439475836636
              ],
              [
                -75.15168360901805,
                -7.815708976199176
              ],
              [
                -75.15914498377987,
                -7.816828851105413
              ],
              [
                -75.16886686015056,
                -7.822252475820903
              ],
              [
                -75.18242410985778,
                -7.83283160103764
              ],
              [
                -75.1939238591142,
                -7.845355475877227
              ],
              [
                -75.19431598504787,
                -7.846055350805898
              ],
              [
                -75.20305860879495,
                -7.878619100954268
              ],
              [
                -75.20642760916678,
                -7.895839850781897
              ],
              [
                -75.22139585918865,
                -7.916654851049316
              ],
              [
                -75.22109673379924,
                -7.918604726212777
              ],
              [
                -75.22405548378538,
                -7.925198351035363
              ],
              [
                -75.22957660989465,
                -7.930050225817126
              ],
              [
                -75.23402135996326,
                -7.931410726122067
              ],
              [
                -75.23694710883143,
                -7.930163601114373
              ],
              [
                -75.24059336022668,
                -7.931002726048689
              ],
              [
                -75.24754811009473,
                -7.93740035080782
              ],
              [
                -75.25489435882247,
                -7.941231475959512
              ],
              [
                -75.26473048518477,
                -7.944722601063006
              ],
              [
                -75.27977673508065,
                -7.948577601111424
              ],
              [
                -75.2834893601696,
                -7.950986850825643
              ],
              [
                -75.2874784852142,
                -7.954501975895141
              ],
              [
                -75.28953323493994,
                -7.955529351081509
              ],
              [
                -75.29182298386183,
                -7.961966601221093
              ],
              [
                -75.29633548400557,
                -7.963247851097151
              ],
              [
                -75.29735248518244,
                -7.966745725953331
              ],
              [
                -75.30162810894086,
                -7.967107351143113
              ],
              [
                -75.30408835991688,
                -7.968188226141876
              ],
              [
                -75.3040469849496,
                -7.972981100856316
              ],
              [
                -75.30677223502988,
                -7.976091475937267
              ],
              [
                -75.30677223406263,
                -7.980830976011646
              ],
              [
                -75.30904760986783,
                -7.98369960087382
              ],
              [
                -75.31348598388689,
                -7.985451601106718
              ],
              [
                -75.3160457339788,
                -7.988131850856405
              ],
              [
                -75.31634548518673,
                -7.989981351175174
              ],
              [
                -75.31404623493859,
                -7.994613475799838
              ],
              [
                -75.31409623507017,
                -7.997229477216479
              ],
              [
                -75.31552586004369,
                -8.003252726173514
              ],
              [
                -75.31882836001034,
                -8.005510601803167
              ],
              [
                -75.32077285989129,
                -8.010994226142486
              ],
              [
                -75.32665961016323,
                -8.01357522618008
              ],
              [
                -75.3285757350364,
                -8.01800735088591
              ],
              [
                -75.33373686022509,
                -8.020235100919422
              ],
              [
                -75.33564536007253,
                -8.026107225843703
              ],
              [
                -75.33776261001333,
                -8.02729560080462
              ],
              [
                -75.33790398481364,
                -8.029709225970748
              ],
              [
                -75.33999348501254,
                -8.030152726032497
              ],
              [
                -75.34175910894112,
                -8.034446226125112
              ],
              [
                -75.34575510997786,
                -8.038697226187821
              ],
              [
                -75.349500485014,
                -8.04016172604804
              ],
              [
                -75.35007661006222,
                -8.041634225941891
              ],
              [
                -75.34797173419253,
                -8.04730397587224
              ],
              [
                -75.34974411021847,
                -8.048867476204009
              ],
              [
                -75.34874760884327,
                -8.053241725967837
              ],
              [
                -75.34866761007851,
                -8.061637476217811
              ],
              [
                -75.35004773516312,
                -8.063207976221634
              ],
              [
                -75.35347411014715,
                -8.064587976087296
              ],
              [
                -75.35292935915669,
                -8.070596725786515
              ],
              [
                -75.3533076101528,
                -8.075914351096742
              ],
              [
                -75.35009535894085,
                -8.083338100984975
              ],
              [
                -75.35428311003909,
                -8.090428975941165
              ],
              [
                -75.3553063600367,
                -8.09349847616636
              ],
              [
                -75.35462298477802,
                -8.097981850914266
              ],
              [
                -75.36125798490849,
                -8.104552851051949
              ],
              [
                -75.36425710980501,
                -8.104178101898299
              ],
              [
                -75.36654535986611,
                -8.102310726210533
              ],
              [
                -75.37014760990365,
                -8.102217975783105
              ],
              [
                -75.37453360910268,
                -8.106044851121226
              ],
              [
                -75.382965485017,
                -8.106466101153785
              ],
              [
                -75.3862317349292,
                -8.10975985212957
              ],
              [
                -75.38605448488818,
                -8.113953600808827
              ],
              [
                -75.38857173486286,
                -8.123558601958905
              ],
              [
                -75.3872721089698,
                -8.126219975894173
              ],
              [
                -75.38777836019892,
                -8.128836975790875
              ],
              [
                -75.3893323588324,
                -8.129407976215873
              ],
              [
                -75.38974836011482,
                -8.132029976962087
              ],
              [
                -75.39145010978143,
                -8.132550102045343
              ],
              [
                -75.39238235980605,
                -8.136509351173174
              ],
              [
                -75.39873548497013,
                -8.138857227077551
              ],
              [
                -75.4057907351185,
                -8.143932851060868
              ],
              [
                -75.40691098415186,
                -8.147484725950278
              ],
              [
                -75.40604398507764,
                -8.150700350953343
              ],
              [
                -75.40830011010178,
                -8.153443475874269
              ],
              [
                -75.40716835883842,
                -8.156118601216122
              ],
              [
                -75.40855873490949,
                -8.160326225964639
              ],
              [
                -75.41145410994761,
                -8.162717975914575
              ],
              [
                -75.41404373505583,
                -8.16647647593004
              ],
              [
                -75.41529748499721,
                -8.170540977068015
              ],
              [
                -75.41810648493714,
                -8.170977976123993
              ],
              [
                -75.4245027349387,
                -8.169777601953172
              ],
              [
                -75.42576261013949,
                -8.167496226003152
              ],
              [
                -75.43009623494987,
                -8.166598225823861
              ],
              [
                -75.43201285894582,
                -8.169157852078456
              ],
              [
                -75.43698448501692,
                -8.171877976928272
              ],
              [
                -75.43923886017967,
                -8.174874601175418
              ],
              [
                -75.4366818598084,
                -8.179449725896973
              ],
              [
                -75.43671423493265,
                -8.182109600842239
              ],
              [
                -75.43896985979484,
                -8.18297447696824
              ],
              [
                -75.43701035984304,
                -8.187872727051115
              ],
              [
                -75.43807048390556,
                -8.193507600882299
              ],
              [
                -75.43763336012,
                -8.194849975960153
              ],
              [
                -75.44079685988936,
                -8.198261850846507
              ],
              [
                -75.4486021102195,
                -8.202610476195673
              ],
              [
                -75.45047310989088,
                -8.207021226802283
              ],
              [
                -75.4529731208628,
                -8.210071700983349
              ],
              [
                -75.45555867344888,
                -8.21132215396318
              ],
              [
                -75.45707711242795,
                -8.215771802179745
              ],
              [
                -75.45880873092074,
                -8.217564737882924
              ],
              [
                -75.45758847789153,
                -8.221802105682343
              ],
              [
                -75.45924830795036,
                -8.223810508245435
              ],
              [
                -75.45881498523823,
                -8.230518350918658
              ],
              [
                -75.4617507341311,
                -8.231429975743367
              ],
              [
                -75.46703910968165,
                -8.235992727070709
              ],
              [
                -75.46870161004244,
                -8.239317850573286
              ],
              [
                -75.47107010969171,
                -8.240949227119131
              ],
              [
                -75.47315123364274,
                -8.244290976143134
              ],
              [
                -75.47310361031515,
                -8.24745560103878
              ],
              [
                -75.47146473469229,
                -8.252072601982832
              ],
              [
                -75.47496123499047,
                -8.256273102317948
              ],
              [
                -75.47922173481447,
                -8.25888022590135
              ],
              [
                -75.48434436021785,
                -8.261158226954649
              ],
              [
                -75.48837948536237,
                -8.264031227280384
              ],
              [
                -75.49437885975607,
                -8.271708601121134
              ],
              [
                -75.49658061017362,
                -8.275390602015364
              ],
              [
                -75.49902773490084,
                -8.282985477434238
              ],
              [
                -75.50154723542772,
                -8.286155726235222
              ],
              [
                -75.50287723466937,
                -8.289411851660532
              ],
              [
                -75.50019773479255,
                -8.295273477083242
              ],
              [
                -75.49605873502287,
                -8.300710975654226
              ],
              [
                -75.49709173542215,
                -8.30539522703316
              ],
              [
                -75.49230298501794,
                -8.310043352128218
              ],
              [
                -75.49093510885467,
                -8.314906850670866
              ],
              [
                -75.49130211030922,
                -8.317289850876477
              ],
              [
                -75.49427636007027,
                -8.31905372723213
              ],
              [
                -75.49640335994286,
                -8.32292722570378
              ],
              [
                -75.49386136019945,
                -8.327803600620427
              ],
              [
                -75.49439748505364,
                -8.32932535131124
              ],
              [
                -75.4977946776545,
                -8.33138628749748
              ],
              [
                -75.50673401004997,
                -8.331949340688311
              ],
              [
                -75.51005366138486,
                -8.334816901291049
              ],
              [
                -75.50876075408195,
                -8.338408326348485
              ],
              [
                -75.5044377637397,
                -8.340136935621558
              ],
              [
                -75.50256717074745,
                -8.34301112433053
              ],
              [
                -75.4988222594082,
                -8.345887669696253
              ],
              [
                -75.49435315517974,
                -8.346180450339205
              ],
              [
                -75.48901594593116,
                -8.344033207865778
              ],
              [
                -75.48728779372067,
                -8.345614836529364
              ],
              [
                -75.48368232279626,
                -8.344757706256189
              ],
              [
                -75.4813784929421,
                -8.347201560315511
              ],
              [
                -75.47965292408077,
                -8.350937021916081
              ],
              [
                -75.4778496630368,
                -8.352577072514066
              ],
              [
                -75.47744500980451,
                -8.357048696490494
              ],
              [
                -75.48134181956806,
                -8.360920113808959
              ],
              [
                -75.48174344905755,
                -8.362907387153768
              ],
              [
                -75.47994879159899,
                -8.364301002349293
              ],
              [
                -75.47935376836563,
                -8.367382755061783
              ],
              [
                -75.48095262422686,
                -8.369070411110727
              ],
              [
                -75.48135548320556,
                -8.372051561942158
              ],
              [
                -75.48056110544866,
                -8.375332334683378
              ],
              [
                -75.48146236817558,
                -8.377815938114281
              ],
              [
                -75.48066712814443,
                -8.380400996103901
              ],
              [
                -75.47628018192012,
                -8.383984283726534
              ],
              [
                -75.47718131984163,
                -8.386368508172666
              ],
              [
                -75.47419118094922,
                -8.389651920237043
              ],
              [
                -75.47069801642022,
                -8.389656105361212
              ],
              [
                -75.46381643753722,
                -8.39383856373513
              ],
              [
                -75.46222330530657,
                -8.397020857458699
              ],
              [
                -75.46133009222973,
                -8.40129559672323
              ],
              [
                -75.46143624333087,
                -8.406662433783595
              ],
              [
                -75.46014212268307,
                -8.409546205865524
              ],
              [
                -75.45794898702519,
                -8.41183469282555
              ],
              [
                -75.45235982238086,
                -8.412039937508837
              ],
              [
                -75.45156847356833,
                -8.418202918041686
              ],
              [
                -75.44817908413069,
                -8.421884163170034
              ],
              [
                -75.44338861055257,
                -8.422386540513514
              ],
              [
                -75.4393983119104,
                -8.42437879134917
              ],
              [
                -75.43950003328092,
                -8.426068279107312
              ],
              [
                -75.43461489233636,
                -8.431241912857615
              ],
              [
                -75.43242303071366,
                -8.434921704763667
              ],
              [
                -75.42813440636513,
                -8.438106838586577
              ],
              [
                -75.42394683065965,
                -8.442484481172414
              ],
              [
                -75.41940584662046,
                -8.44320993368052
              ],
              [
                -75.42015736582528,
                -8.44586777085675
              ],
              [
                -75.41886506797186,
                -8.450838578791604
              ],
              [
                -75.42266054254372,
                -8.452921657633738
              ],
              [
                -75.42645168786726,
                -8.451029166819467
              ],
              [
                -75.42754621744143,
                -8.44784754529536
              ],
              [
                -75.43044166501522,
                -8.448440704476411
              ],
              [
                -75.4322413080676,
                -8.451022818372962
              ],
              [
                -75.43553673844576,
                -8.452211826323378
              ],
              [
                -75.44082218475705,
                -8.447733440846264
              ],
              [
                -75.4459167715438,
                -8.451007483009676
              ],
              [
                -75.44891024609541,
                -8.450010181368953
              ],
              [
                -75.45340286366076,
                -8.450601333961174
              ],
              [
                -75.46028883243923,
                -8.449201868807279
              ],
              [
                -75.46108597696019,
                -8.448008275242216
              ],
              [
                -75.46543681019762,
                -8.44690986313384
              ],
              [
                -75.4712221170472,
                -8.443424372342747
              ],
              [
                -75.47121898339049,
                -8.440840292642633
              ],
              [
                -75.47341303919313,
                -8.439247443597708
              ],
              [
                -75.475205986054,
                -8.436164252008496
              ],
              [
                -75.47989638244934,
                -8.435363439424236
              ],
              [
                -75.48209468169517,
                -8.437249110531411
              ],
              [
                -75.48578802564987,
                -8.437343940785183
              ],
              [
                -75.4981619770636,
                -8.434744342359863
              ],
              [
                -75.50714254958842,
                -8.432546313227022
              ],
              [
                -75.51083505720209,
                -8.432044586724999
              ],
              [
                -75.51552701823073,
                -8.432535386985705
              ],
              [
                -75.52506511627678,
                -8.43679638487339
              ],
              [
                -75.52626627184219,
                -8.43927945175767
              ],
              [
                -75.52896199538321,
                -8.439772759282278
              ],
              [
                -75.53185409495404,
                -8.437880494093463
              ],
              [
                -75.5317491141571,
                -8.434103930863671
              ],
              [
                -75.53274604088165,
                -8.433208095560587
              ],
              [
                -75.53873355730707,
                -8.43220605079847
              ],
              [
                -75.54392391315344,
                -8.432198890475206
              ],
              [
                -75.54921520150384,
                -8.432986613806577
              ],
              [
                -75.55031709981847,
                -8.43576789748738
              ],
              [
                -75.5562117443435,
                -8.439635660157592
              ],
              [
                -75.55861061817376,
                -8.441918139806091
              ],
              [
                -75.56210621622984,
                -8.443304552921688
              ],
              [
                -75.56809726957454,
                -8.444687323075186
              ],
              [
                -75.57228944752296,
                -8.444581836150121
              ],
              [
                -75.57447940111228,
                -8.440503794914662
              ],
              [
                -75.57737583928008,
                -8.441692173967056
              ],
              [
                -75.58216746904753,
                -8.441983245503081
              ],
              [
                -75.58346388735447,
                -8.441186228211905
              ],
              [
                -75.58455349585273,
                -8.435618982447522
              ],
              [
                -75.58594610986052,
                -8.432436549103272
              ],
              [
                -75.58814156252123,
                -8.432135106571991
              ],
              [
                -75.58953097471328,
                -8.426865559379621
              ],
              [
                -75.58827885982737,
                -8.42357310062846
              ],
              [
                -75.59079873529504,
                -8.420307477336337
              ],
              [
                -75.59341023486417,
                -8.419060851738834
              ],
              [
                -75.59512260986179,
                -8.415861102049178
              ],
              [
                -75.59906298480217,
                -8.411977725875829
              ],
              [
                -75.60917085958994,
                -8.409750602128724
              ],
              [
                -75.61807960994156,
                -8.408322850633112
              ],
              [
                -75.62571748539739,
                -8.408615601099655
              ],
              [
                -75.63406961024788,
                -8.40801597635857
              ],
              [
                -75.64511998468402,
                -8.408894975643136
              ],
              [
                -75.6481314848491,
                -8.409751976164898
              ],
              [
                -75.65818176165425,
                -8.415128450439397
              ],
              [
                -75.66497209321341,
                -8.417104719812528
              ],
              [
                -75.66966342642615,
                -8.417295525099917
              ],
              [
                -75.67196055976126,
                -8.418186066247415
              ],
              [
                -75.67535956100886,
                -8.421360545332334
              ],
              [
                -75.67945399234185,
                -8.422645483307633
              ],
              [
                -75.68524294030249,
                -8.422635427667672
              ],
              [
                -75.68731386839977,
                -8.423288344539344
              ],
              [
                -75.69166642558349,
                -8.428835545690049
              ],
              [
                -75.69754006587755,
                -8.434089939631065
              ],
              [
                -75.70216391046085,
                -8.439250749983387
              ],
              [
                -75.70418382414022,
                -8.439821466567764
              ],
              [
                -75.70717121120896,
                -8.443740740393423
              ],
              [
                -75.70813765105726,
                -8.446514965706456
              ],
              [
                -75.7088253025405,
                -8.454554463344834
              ],
              [
                -75.71323856955041,
                -8.46000265589447
              ],
              [
                -75.71228313121645,
                -8.463258978913245
              ],
              [
                -75.71527256260242,
                -8.468135389022564
              ],
              [
                -75.7144125659899,
                -8.471008649957412
              ],
              [
                -75.717498414332,
                -8.475980580880218
              ],
              [
                -75.71760112829315,
                -8.479522135607112
              ],
              [
                -75.71588076838788,
                -8.485077218725053
              ],
              [
                -75.71646102777561,
                -8.486894885802883
              ],
              [
                -75.72328684008352,
                -8.486499393959889
              ],
              [
                -75.72489296880917,
                -8.487003679199233
              ],
              [
                -75.73530242764133,
                -8.484945363473116
              ],
              [
                -75.7420344001851,
                -8.485794114075873
              ],
              [
                -75.75011041479434,
                -8.485587219767353
              ],
              [
                -75.75578553710136,
                -8.486820648439448
              ],
              [
                -75.75819166480034,
                -8.488060362174394
              ],
              [
                -75.76069018670017,
                -8.48738544305877
              ],
              [
                -75.76406632994355,
                -8.49293070419111
              ],
              [
                -75.76647270947592,
                -8.494266082457727
              ],
              [
                -75.76897964013301,
                -8.497802843029604
              ],
              [
                -75.77224509893085,
                -8.495977672078709
              ],
              [
                -75.7789707244196,
                -8.493571244201291
              ],
              [
                -75.78262708819932,
                -8.494904016351256
              ],
              [
                -75.78454889904731,
                -8.494325822306166
              ],
              [
                -75.78753536513426,
                -8.497191434603508
              ],
              [
                -75.78427251045821,
                -8.500261099671775
              ],
              [
                -75.78221226765748,
                -8.503711212375833
              ],
              [
                -75.78520016254038,
                -8.507246881362846
              ],
              [
                -75.79039668042572,
                -8.509342222599173
              ],
              [
                -75.79299732262251,
                -8.511538512363472
              ],
              [
                -75.79530637234336,
                -8.512203843447821
              ],
              [
                -75.79588843095905,
                -8.5146913973673
              ],
              [
                -75.79262058880636,
                -8.515368122243501
              ],
              [
                -75.79137491682275,
                -8.517476523765765
              ],
              [
                -75.78446038031637,
                -8.521702276978374
              ],
              [
                -75.78216023470452,
                -8.525440043415813
              ],
              [
                -75.77928872796628,
                -8.53195486463136
              ],
              [
                -75.7791030088897,
                -8.535209759346628
              ],
              [
                -75.78035852002387,
                -8.537887428191311
              ],
              [
                -75.77825483985549,
                -8.543730652395993
              ],
              [
                -75.77855206118625,
                -8.548037508400796
              ],
              [
                -75.78000559140281,
                -8.553490687968008
              ],
              [
                -75.78299057208994,
                -8.555399081101314
              ],
              [
                -75.784533701685,
                -8.557597538765208
              ],
              [
                -75.7839620022661,
                -8.560183164539865
              ],
              [
                -75.7861826427906,
                -8.564486099097223
              ],
              [
                -75.78801295228737,
                -8.566013906246383
              ],
              [
                -75.7906946861745,
                -8.570028701944864
              ],
              [
                -75.79080015340776,
                -8.574527363748643
              ],
              [
                -75.79234480154986,
                -8.57739581861756
              ],
              [
                -75.79245804036321,
                -8.58562756758829
              ],
              [
                -75.79448202025623,
                -8.587729256670173
              ],
              [
                -75.79507001556601,
                -8.592992678072449
              ],
              [
                -75.79824913609087,
                -8.595570558462043
              ],
              [
                -75.79931466949745,
                -8.599205727201422
              ],
              [
                -75.80075829387778,
                -8.599681328783163
              ],
              [
                -75.80153413078244,
                -8.602742767988502
              ],
              [
                -75.80615703147242,
                -8.60579616070629
              ],
              [
                -75.81231617808436,
                -8.607601888012653
              ],
              [
                -75.81357710414375,
                -8.612576667731844
              ],
              [
                -75.81772281793803,
                -8.617258150530859
              ],
              [
                -75.81994792738942,
                -8.623283761890661
              ],
              [
                -75.82072894135695,
                -8.628642405638175
              ],
              [
                -75.81680134266259,
                -8.636021219941028
              ],
              [
                -75.82229064251425,
                -8.639168238299987
              ],
              [
                -75.82431716320417,
                -8.642226915115828
              ],
              [
                -75.82923096141008,
                -8.646045094451893
              ],
              [
                -75.83029571179554,
                -8.64910581206459
              ],
              [
                -75.8325138871337,
                -8.651781139608886
              ],
              [
                -75.83745816331799,
                -8.652758176892519
              ],
              [
                -75.84531203406783,
                -8.654980736785888
              ],
              [
                -75.85090241412752,
                -8.651522459006173
              ],
              [
                -75.85349414995812,
                -8.649162001666468
              ],
              [
                -75.85689779649346,
                -8.650863275547067
              ],
              [
                -75.8588064743899,
                -8.650413610252997
              ],
              [
                -75.86735397247958,
                -8.65309360274972
              ],
              [
                -75.87116256408433,
                -8.652912657155412
              ],
              [
                -75.87543961095338,
                -8.655659586707316
              ],
              [
                -75.87722802404681,
                -8.655368335323942
              ],
              [
                -75.88756575397116,
                -8.658445756735432
              ],
              [
                -75.89132125310789,
                -8.660217377175115
              ],
              [
                -75.89509295168517,
                -8.668823175481691
              ],
              [
                -75.89766862052909,
                -8.670042990708112
              ],
              [
                -75.9008509234713,
                -8.677711385445207
              ],
              [
                -75.90553080768711,
                -8.679767808450777
              ],
              [
                -75.90927788590449,
                -8.677921121327358
              ],
              [
                -75.91135742915844,
                -8.678662755616472
              ],
              [
                -75.91275008768616,
                -8.68176066926128
              ],
              [
                -75.91952505302572,
                -8.690875813232083
              ],
              [
                -75.92340080131044,
                -8.694427114045425
              ],
              [
                -75.92594925074974,
                -8.698039027616687
              ],
              [
                -75.92837071521512,
                -8.696941959022752
              ],
              [
                -75.93212236313963,
                -8.696932793878545
              ],
              [
                -75.93970742733609,
                -8.706562379189222
              ],
              [
                -75.94433315303928,
                -8.709824424042381
              ],
              [
                -75.94600720158218,
                -8.715191383665228
              ],
              [
                -75.94646486140664,
                -8.713550727311883
              ],
              [
                -75.94795898534062,
                -8.710730476183699
              ],
              [
                -75.94914273464116,
                -8.709205101931104
              ],
              [
                -75.95458198616387,
                -8.70330072702609
              ],
              [
                -75.9591367356266,
                -8.70150785089055
              ],
              [
                -75.96248635963383,
                -8.699373102033576
              ],
              [
                -75.9632871096897,
                -8.698507977139627
              ],
              [
                -75.96489648472544,
                -8.695748102249922
              ],
              [
                -75.96501948491999,
                -8.695287101651786
              ],
              [
                -75.96530073630083,
                -8.693618977445567
              ],
              [
                -75.96586523634659,
                -8.689423851626486
              ],
              [
                -75.96705660968894,
                -8.681605476787468
              ],
              [
                -75.96762885996145,
                -8.677064477399938
              ],
              [
                -75.96779098570568,
                -8.672408226757454
              ],
              [
                -75.97034961038145,
                -8.666441226703398
              ],
              [
                -75.97390236021317,
                -8.662781225711342
              ],
              [
                -75.97551561022249,
                -8.660736351101264
              ],
              [
                -75.97713086106484,
                -8.656216852114653
              ],
              [
                -75.97885161112015,
                -8.65481835180833
              ],
              [
                -75.97901360979233,
                -8.64970697675659
              ],
              [
                -75.97874411003318,
                -8.648523477424249
              ],
              [
                -75.97770698587658,
                -8.645490225816161
              ],
              [
                -75.9775502140069,
                -8.644178511344535
              ],
              [
                -75.97849998477255,
                -8.640890602050547
              ],
              [
                -75.97896485972655,
                -8.639681600968913
              ],
              [
                -75.97975973466487,
                -8.636001977179149
              ],
              [
                -75.97969723541127,
                -8.632267600902765
              ],
              [
                -75.97853123512499,
                -8.627558601885369
              ],
              [
                -75.97724223499995,
                -8.621988225918585
              ],
              [
                -75.97695110962133,
                -8.621298851932693
              ],
              [
                -75.97625785998565,
                -8.619634727249831
              ],
              [
                -75.97596673525697,
                -8.619060601693036
              ],
              [
                -75.97370111041386,
                -8.615330102056475
              ],
              [
                -75.9728261101784,
                -8.612904350988174
              ],
              [
                -75.97201961015287,
                -8.607900352099762
              ],
              [
                -75.97261136057097,
                -8.603917976869752
              ],
              [
                -75.972234234842,
                -8.599505850710841
              ],
              [
                -75.96884373519288,
                -8.594878850573934
              ],
              [
                -75.96631448502012,
                -8.592027351164802
              ],
              [
                -75.96579785659253,
                -8.589291115481615
              ],
              [
                -75.96588473500242,
                -8.586269477207622
              ],
              [
                -75.96561523507393,
                -8.582019351866279
              ],
              [
                -75.96502348509085,
                -8.579974602206278
              ],
              [
                -75.9671229849697,
                -8.573464851720246
              ],
              [
                -75.96668017056277,
                -8.570983138237239
              ],
              [
                -75.96631448611231,
                -8.568783226877315
              ],
              [
                -75.9678573602531,
                -8.564142601438562
              ],
              [
                -75.97033011009233,
                -8.560574226124743
              ],
              [
                -75.97090236038997,
                -8.55798635087217
              ],
              [
                -75.96991798528336,
                -8.556091850829091
              ],
              [
                -75.97013860995025,
                -8.552931601096816
              ],
              [
                -75.97065823454972,
                -8.552470727162586
              ],
              [
                -75.97082611039474,
                -8.550515600779136
              ],
              [
                -75.97041986033742,
                -8.549945350635767
              ],
              [
                -75.9653847353801,
                -8.546048852339197
              ],
              [
                -75.9648047345687,
                -8.54351947718419
              ],
              [
                -75.96756048480609,
                -8.538054725973723
              ],
              [
                -75.96784661464142,
                -8.534368647158203
              ],
              [
                -75.96830660974621,
                -8.531607477406965
              ],
              [
                -75.96841411008921,
                -8.530748101907648
              ],
              [
                -75.96844536002038,
                -8.522765602149661
              ],
              [
                -75.9691308604489,
                -8.520464851411305
              ],
              [
                -75.97083398514076,
                -8.51595122744294
              ],
              [
                -75.97013473611258,
                -8.510677725871687
              ],
              [
                -75.96905861006928,
                -8.508954977024644
              ],
              [
                -75.9660957354065,
                -8.505933602361722
              ],
              [
                -75.96308598516111,
                -8.504597601676267
              ],
              [
                -75.95702348504176,
                -8.503945352224491
              ],
              [
                -75.95560736008758,
                -8.502767600977563
              ],
              [
                -75.95453123531917,
                -8.499486350619293
              ],
              [
                -75.9549082361317,
                -8.49636522634961
              ],
              [
                -75.95533786017899,
                -8.494859352380956
              ],
              [
                -75.95537498479621,
                -8.488812477128533
              ],
              [
                -75.95598436035192,
                -8.488294976283953
              ],
              [
                -75.95695311083762,
                -8.487003852266298
              ],
              [
                -75.95630648469432,
                -8.485927726673765
              ],
              [
                -75.955447235088,
                -8.484474600637895
              ],
              [
                -75.9566836103682,
                -8.482699225816532
              ],
              [
                -75.95695311004323,
                -8.48124610225932
              ],
              [
                -75.95724928041483,
                -8.479477304979014
              ],
              [
                -75.96098823555758,
                -8.476833975926127
              ],
              [
                -75.96272261017947,
                -8.47316797620465
              ],
              [
                -75.96340823524577,
                -8.470636726392058
              ],
              [
                -75.96395511121187,
                -8.466775351817034
              ],
              [
                -75.96467773465423,
                -8.463779352389452
              ],
              [
                -75.9645409847256,
                -8.462986351195696
              ],
              [
                -75.9656141581994,
                -8.461150825786603
              ],
              [
                -75.96645111116874,
                -8.460751977028394
              ],
              [
                -75.96755473535836,
                -8.459925727258565
              ],
              [
                -75.96615423559865,
                -8.458882850985844
              ],
              [
                -75.96502348481562,
                -8.456736227423562
              ],
              [
                -75.96521873516713,
                -8.45334172698523
              ],
              [
                -75.96287698515351,
                -8.45025972683601
              ],
              [
                -75.96173823454768,
                -8.448867225939637
              ],
              [
                -75.95870111031638,
                -8.445890600655673
              ],
              [
                -75.95803910975161,
                -8.443392600813866
              ],
              [
                -75.95593173456996,
                -8.44034960065784
              ],
              [
                -75.95021873603145,
                -8.432751976327893
              ],
              [
                -75.94305473487941,
                -8.429665976944136
              ],
              [
                -75.94229886010385,
                -8.42765822643321
              ],
              [
                -75.94367008579843,
                -8.424592375864961
              ],
              [
                -75.94602923523905,
                -8.420351602283574
              ],
              [
                -75.94602148530811,
                -8.417652351572372
              ],
              [
                -75.94584573456393,
                -8.416330101282028
              ],
              [
                -75.94590036056206,
                -8.412654352444747
              ],
              [
                -75.94622190418215,
                -8.406280214382662
              ],
              [
                -75.94616798508042,
                -8.403919975668316
              ],
              [
                -75.9460527355879,
                -8.403806601622705
              ],
              [
                -75.94650198481781,
                -8.399611350670114
              ],
              [
                -75.94862298457292,
                -8.394724601080782
              ],
              [
                -75.95084573465363,
                -8.388404351915597
              ],
              [
                -75.95107991673376,
                -8.387962491856285
              ],
              [
                -75.95667186039867,
                -8.376943350735758
              ],
              [
                -75.96170698486947,
                -8.370193352178603
              ],
              [
                -75.96346286010373,
                -8.365121100620627
              ],
              [
                -75.96599798542161,
                -8.360673851445313
              ],
              [
                -75.9693144848057,
                -8.357123101724028
              ],
              [
                -75.97103111020067,
                -8.354859351440439
              ],
              [
                -75.9716953603766,
                -8.352517600575311
              ],
              [
                -75.97247448484404,
                -8.349396475907895
              ],
              [
                -75.97451760993653,
                -8.343240225827856
              ],
              [
                -75.97710348531825,
                -8.339728476760058
              ],
              [
                -75.97848436011117,
                -8.337484350800423
              ],
              [
                -75.98006448595379,
                -8.336015600824567
              ],
              [
                -75.9806132349222,
                -8.335583976962937
              ],
              [
                -75.98268948481632,
                -8.334601601250597
              ],
              [
                -75.98410671181608,
                -8.332963840481625
              ],
              [
                -75.98492385979728,
                -8.331665977007617
              ],
              [
                -75.98555661077262,
                -8.329595726000889
              ],
              [
                -75.98461910983218,
                -8.324197226196986
              ],
              [
                -75.98461173503739,
                -8.324190475852618
              ],
              [
                -75.98403673503287,
                -8.323144476073026
              ],
              [
                -75.98458773513619,
                -8.322393102031015
              ],
              [
                -75.9825339851605,
                -8.322024225895348
              ],
              [
                -75.97876923518731,
                -8.319767976120431
              ],
              [
                -75.97632273592683,
                -8.31947222717696
              ],
              [
                -75.97319123504138,
                -8.316775725796731
              ],
              [
                -75.96838898513221,
                -8.317477726109985
              ],
              [
                -75.96517510992692,
                -8.31710822578765
              ],
              [
                -75.96340198484017,
                -8.31463322709675
              ],
              [
                -75.96114861014212,
                -8.314263852157865
              ],
              [
                -75.9559813598562,
                -8.315664600896014
              ],
              [
                -75.95182923496043,
                -8.314847226993663
              ],
              [
                -75.95114273478845,
                -8.316972476109754
              ],
              [
                -75.94865798608981,
                -8.318280102219546
              ],
              [
                -75.9463367348759,
                -8.316612726093126
              ],
              [
                -75.94362323619345,
                -8.312820225867256
              ],
              [
                -75.94074610986996,
                -8.311872100880123
              ],
              [
                -75.93744411002399,
                -8.312297225777002
              ],
              [
                -75.93488923509943,
                -8.311551725805032
              ],
              [
                -75.9305457361487,
                -8.308308600899068
              ],
              [
                -75.92709323510996,
                -8.306762100834703
              ],
              [
                -75.92450036103844,
                -8.302889852125475
              ],
              [
                -75.92081611085553,
                -8.299674227153218
              ],
              [
                -75.91922060979147,
                -8.296614100959687
              ],
              [
                -75.91979610979342,
                -8.293736851052302
              ],
              [
                -75.91860398587056,
                -8.2901951009772
              ],
              [
                -75.91611011005261,
                -8.287760726778458
              ],
              [
                -75.91435111000362,
                -8.282828975994335
              ],
              [
                -75.91448661003596,
                -8.279770225873165
              ],
              [
                -75.91592511002506,
                -8.273623851013951
              ],
              [
                -75.91557698614866,
                -8.267882850907881
              ],
              [
                -75.9183638599356,
                -8.265059476802094
              ],
              [
                -75.9166769861751,
                -8.261740726092285
              ],
              [
                -75.91335848482584,
                -8.260548976070766
              ],
              [
                -75.91336173489395,
                -8.254386852005382
              ],
              [
                -75.92061911009938,
                -8.244083726135045
              ],
              [
                -75.92139711021633,
                -8.236860475831634
              ],
              [
                -75.9235696098176,
                -8.234470850882076
              ],
              [
                -75.92475098499273,
                -8.230758851783662
              ],
              [
                -75.9246657350647,
                -8.22416422721085
              ],
              [
                -75.9234836098716,
                -8.221739976120489
              ],
              [
                -75.9236988609212,
                -8.216789975878783
              ],
              [
                -75.92692710993083,
                -8.214503225977694
              ],
              [
                -75.92711548494322,
                -8.211463350995473
              ],
              [
                -75.92594710997383,
                -8.208605851088294
              ],
              [
                -75.92772261014312,
                -8.204906600925653
              ],
              [
                -75.93374811015991,
                -8.202922975969102
              ],
              [
                -75.93615460978242,
                -8.199222725804418
              ],
              [
                -75.93698861010972,
                -8.1952142271723
              ],
              [
                -75.94116486018908,
                -8.18618397705734
              ],
              [
                -75.94083561018289,
                -8.1788576022131
              ],
              [
                -75.93994785992544,
                -8.17431110110897
              ],
              [
                -75.93857586102166,
                -8.17334247620397
              ],
              [
                -75.93868773518102,
                -8.168044350919445
              ],
              [
                -75.93508935980913,
                -8.163498977004338
              ],
              [
                -75.93534761108123,
                -8.158987976115043
              ],
              [
                -75.93479648518024,
                -8.15559610100928
              ],
              [
                -75.93312648495305,
                -8.152806851170908
              ],
              [
                -75.93619123484194,
                -8.144731851164124
              ],
              [
                -75.93442960998067,
                -8.139268725867339
              ],
              [
                -75.93402698514029,
                -8.134428476945232
              ],
              [
                -75.93619073515703,
                -8.12996697582372
              ],
              [
                -75.93572973515353,
                -8.126431351223232
              ],
              [
                -75.93840661010341,
                -8.119917475852333
              ],
              [
                -75.94189898512025,
                -8.116432726981088
              ],
              [
                -75.94042911011019,
                -8.112660225931222
              ],
              [
                -75.94063723494548,
                -8.110459226156252
              ],
              [
                -75.94271348608441,
                -8.109290226923292
              ],
              [
                -75.94780548516422,
                -8.104531350963214
              ],
              [
                -75.95113673516158,
                -8.10246122621544
              ],
              [
                -75.94959273481152,
                -8.099232975946109
              ],
              [
                -75.94354623510793,
                -8.09667910177751
              ],
              [
                -75.94083373481249,
                -8.096964601153388
              ],
              [
                -75.93952498498811,
                -8.0933241021674
              ],
              [
                -75.93538673514956,
                -8.092811975856705
              ],
              [
                -75.93371898599213,
                -8.090611475880507
              ],
              [
                -75.92936473490073,
                -8.089302851868581
              ],
              [
                -75.92788923607839,
                -8.085448101178201
              ],
              [
                -75.92961573498445,
                -8.082560600958857
              ],
              [
                -75.92705661122346,
                -8.07784572593431
              ],
              [
                -75.9233441098981,
                -8.075808101179348
              ],
              [
                -75.92144060998038,
                -8.073357226216615
              ],
              [
                -75.91700598477433,
                -8.071776352067445
              ],
              [
                -75.90987735985328,
                -8.07309847608127
              ],
              [
                -75.90723261004564,
                -8.074040976171148
              ],
              [
                -75.9056366102094,
                -8.07212585104395
              ],
              [
                -75.90264673577747,
                -8.071360601155163
              ],
              [
                -75.89841685999323,
                -8.073493850821421
              ],
              [
                -75.89624336085916,
                -8.071776352029701
              ],
              [
                -75.88932748518317,
                -8.073357100991188
              ],
              [
                -75.88730598514775,
                -8.074876976173528
              ],
              [
                -75.88321723505283,
                -8.07325060111748
              ],
              [
                -75.88177323583056,
                -8.070879476080108
              ],
              [
                -75.87786698501947,
                -8.068158725855426
              ],
              [
                -75.87411273507024,
                -8.06682122585596
              ],
              [
                -75.87139198522436,
                -8.069009976035204
              ],
              [
                -75.86531873489292,
                -8.068071851213006
              ],
              [
                -75.86097298519354,
                -8.069054101178551
              ],
              [
                -75.85800873494748,
                -8.067177850962196
              ],
              [
                -75.85440298490249,
                -8.062493476067914
              ],
              [
                -75.85249948477559,
                -8.058472351205126
              ],
              [
                -75.84689723478698,
                -8.060100350976313
              ],
              [
                -75.84493273487169,
                -8.059638101137637
              ],
              [
                -75.84270611016007,
                -8.052465351134344
              ],
              [
                -75.84374523490294,
                -8.049243101052582
              ],
              [
                -75.84386410992602,
                -8.042937725787908
              ],
              [
                -75.8412016101434,
                -8.032861726210001
              ],
              [
                -75.84180448500268,
                -8.022174350917965
              ],
              [
                -75.84134773518855,
                -8.015944600804687
              ],
              [
                -75.84039260986384,
                -8.011797600956811
              ],
              [
                -75.83910010993498,
                -8.000226226147447
              ],
              [
                -75.83653748513422,
                -7.997172850940899
              ],
              [
                -75.83396623495793,
                -7.992936101189059
              ],
              [
                -75.83379973504151,
                -7.984726850991592
              ],
              [
                -75.83216523477881,
                -7.981965225866645
              ],
              [
                -75.83191985996984,
                -7.977969226195057
              ],
              [
                -75.82949285995142,
                -7.973495850951565
              ],
              [
                -75.82985461099992,
                -7.971085350999942
              ],
              [
                -75.82964148599996,
                -7.968939975999888
              ],
              [
                -75.82876348499997,
                -7.964563475999967
              ],
              [
                -75.82805835999989,
                -7.958552100999952
              ],
              [
                -75.82744473499991,
                -7.956494225999961
              ],
              [
                -75.82515836099992,
                -7.950532725999892
              ],
              [
                -75.8239513599998,
                -7.948581475999845
              ],
              [
                -75.82246773499998,
                -7.941449475999832
              ],
              [
                -75.81973736099985,
                -7.933761725999943
              ],
              [
                -75.81796698499983,
                -7.926223600999833
              ],
              [
                -75.81414085999995,
                -7.917200725999976
              ],
              [
                -75.80962460999984,
                -7.909398600999964
              ],
              [
                -75.80883935999998,
                -7.907042850999915
              ],
              [
                -75.80813835999999,
                -7.900679350999894
              ],
              [
                -75.80759573599994,
                -7.898719225999969
              ],
              [
                -75.80667535999999,
                -7.894756850999954
              ],
              [
                -75.80581985999999,
                -7.893627600999878
              ],
              [
                -75.80383511099984,
                -7.891300600999898
              ],
              [
                -75.80064310999995,
                -7.889895225999965
              ],
              [
                -75.7999093599999,
                -7.889415350999968
              ],
              [
                -75.79918635999985,
                -7.88786385099985
              ],
              [
                -75.80010460999989,
                -7.883907350999948
              ],
              [
                -75.80038673499996,
                -7.883207475999939
              ],
              [
                -75.79935535999982,
                -7.880773350999903
              ],
              [
                -75.79933260999996,
                -7.880732225999964
              ],
              [
                -75.79831635999983,
                -7.880530600999975
              ],
              [
                -75.79522110999994,
                -7.879673225999909
              ],
              [
                -75.79478198499987,
                -7.878815725999857
              ],
              [
                -75.79283698499995,
                -7.873336475999906
              ],
              [
                -75.79225148499984,
                -7.869321100999855
              ],
              [
                -75.79203960999996,
                -7.860830975999932
              ],
              [
                -75.79202860999987,
                -7.85991360099996
              ],
              [
                -75.79192510999991,
                -7.859705475999874
              ],
              [
                -75.78910760999986,
                -7.854868975999921
              ],
              [
                -75.78825698499998,
                -7.851001100999895
              ],
              [
                -75.78815248499996,
                -7.849307225999894
              ],
              [
                -75.78543373499997,
                -7.84428785099982
              ],
              [
                -75.78507823499996,
                -7.840586350999899
              ],
              [
                -75.78553835999986,
                -7.835588100999871
              ],
              [
                -75.7845972359998,
                -7.831551850999858
              ],
              [
                -75.78298685999994,
                -7.829585975999919
              ],
              [
                -75.78321698499997,
                -7.828268475999892
              ],
              [
                -75.78286148499996,
                -7.825298725999914
              ],
              [
                -75.78323785999993,
                -7.82448322599987
              ],
              [
                -75.7841371099999,
                -7.824566850999872
              ],
              [
                -75.78620623499995,
                -7.825185725999916
              ],
              [
                -75.78693948499995,
                -7.825188725999965
              ],
              [
                -75.79007648499999,
                -7.823102850999874
              ],
              [
                -75.79088798499998,
                -7.82187022599993
              ],
              [
                -75.79373885999996,
                -7.819541350999884
              ],
              [
                -75.79419385999995,
                -7.818176100999892
              ],
              [
                -75.7932302349999,
                -7.814441974999852
              ],
              [
                -75.79420723499999,
                -7.811698100999934
              ],
              [
                -75.79379235999994,
                -7.810212350999848
              ],
              [
                -75.7932033599999,
                -7.80905360099996
              ],
              [
                -75.79277510999998,
                -7.808164600999874
              ],
              [
                -75.79229323499999,
                -7.807749600999898
              ],
              [
                -75.78968348599989,
                -7.806357725999931
              ],
              [
                -75.7887732349999,
                -7.803814600999829
              ],
              [
                -75.7902053599999,
                -7.802261975999897
              ],
              [
                -75.79219010999998,
                -7.80019747599988
              ],
              [
                -75.7927483599999,
                -7.797456974999875
              ],
              [
                -75.79289560999985,
                -7.795971350999878
              ],
              [
                -75.79217298499998,
                -7.79503210099989
              ],
              [
                -75.79095060999992,
                -7.79418897599993
              ],
              [
                -75.78879998499997,
                -7.792611850999833
              ],
              [
                -75.78723398499989,
                -7.790282975999958
              ],
              [
                -75.78663160999997,
                -7.788971225999944
              ],
              [
                -75.7854939849999,
                -7.784741725999936
              ],
              [
                -75.78343273499996,
                -7.781101350999904
              ],
              [
                -75.78112023499995,
                -7.778938100999824
              ],
              [
                -75.77838098499996,
                -7.77578222499983
              ],
              [
                -75.77729223499995,
                -7.775044100999935
              ],
              [
                -75.77705648499989,
                -7.774975975999894
              ],
              [
                -75.77478248499995,
                -7.774730975999887
              ],
              [
                -75.77388448499988,
                -7.772610850999968
              ],
              [
                -75.77421973499992,
                -7.771677225999895
              ],
              [
                -75.7751653599999,
                -7.770284725999886
              ],
              [
                -75.77565560999989,
                -7.76842372599998
              ],
              [
                -75.77605398499998,
                -7.764748350999923
              ],
              [
                -75.7754744849999,
                -7.763968850999902
              ],
              [
                -75.77422310999992,
                -7.759081100999879
              ],
              [
                -75.77339723499989,
                -7.756632850999893
              ],
              [
                -75.7709412349999,
                -7.754958225999815
              ],
              [
                -75.76974398499988,
                -7.74995060099991
              ],
              [
                -75.76977223499983,
                -7.74924385099996
              ],
              [
                -75.76681360999993,
                -7.744108725999979
              ],
              [
                -75.76495723499994,
                -7.743053350999958
              ],
              [
                -75.76353460999985,
                -7.741885100999923
              ],
              [
                -75.76312010999999,
                -7.741366850999952
              ],
              [
                -75.76236623499989,
                -7.740471725999953
              ],
              [
                -75.76201760999999,
                -7.740057100999934
              ],
              [
                -75.76062310999998,
                -7.739567100999977
              ],
              [
                -75.7604912349999,
                -7.738266850999878
              ],
              [
                -75.75983898499987,
                -7.73521197499997
              ],
              [
                -75.75908885999996,
                -7.733988225999894
              ],
              [
                -75.75920985999994,
                -7.733904350999978
              ],
              [
                -75.76039060999977,
                -7.731765600999836
              ],
              [
                -75.75920985999994,
                -7.730154225999911
              ],
              [
                -75.7560909849999,
                -7.728985850999891
              ],
              [
                -75.75317010999999,
                -7.72259772599989
              ],
              [
                -75.75068260999996,
                -7.718432850999875
              ],
              [
                -75.74878648499993,
                -7.714685475999886
              ],
              [
                -75.74952360999998,
                -7.710329725999827
              ],
              [
                -75.74746960999994,
                -7.707597225999962
              ],
              [
                -75.74487848499996,
                -7.700681225999972
              ],
              [
                -75.74281498499994,
                -7.697317475999853
              ],
              [
                -75.7394041099999,
                -7.69396322599988
              ],
              [
                -75.73907435999996,
                -7.689694849999853
              ],
              [
                -75.73885760999997,
                -7.68610497599991
              ],
              [
                -75.73901773499989,
                -7.685275850999972
              ],
              [
                -75.73927223499999,
                -7.681261850999931
              ],
              [
                -75.7391497349999,
                -7.68050810099993
              ],
              [
                -75.73871623499991,
                -7.67960360099994
              ],
              [
                -75.73666223499987,
                -7.677295100999913
              ],
              [
                -75.73522998499993,
                -7.67217872599997
              ],
              [
                -75.73652085999998,
                -7.668758475999937
              ],
              [
                -75.73657735999996,
                -7.668145975999892
              ],
              [
                -75.73644973499995,
                -7.666968475999909
              ],
              [
                -75.73624210999992,
                -7.666656975999899
              ],
              [
                -75.73504810999998,
                -7.665071600999909
              ],
              [
                -75.7343826099999,
                -7.664406100999884
              ],
              [
                -75.73213185999992,
                -7.663270850999936
              ],
              [
                -75.7318772349999,
                -7.662331350999921
              ],
              [
                -75.73082035999994,
                -7.659708475999878
              ],
              [
                -75.72947248499997,
                -7.659097475999943
              ],
              [
                -75.72843235999989,
                -7.658455849999882
              ],
              [
                -75.72815835999995,
                -7.657614225999964
              ],
              [
                -75.72797560999993,
                -7.655986350999854
              ],
              [
                -75.72930660999992,
                -7.650349225999889
              ],
              [
                -75.72928060999999,
                -7.648339725999904
              ],
              [
                -75.72792435999986,
                -7.644647600999861
              ],
              [
                -75.72515723499998,
                -7.641684849999933
              ],
              [
                -75.72432198499996,
                -7.638526975999866
              ],
              [
                -75.72510485999999,
                -7.636465224999824
              ],
              [
                -75.72603473499993,
                -7.635638475999883
              ],
              [
                -75.72742760999989,
                -7.633020350999971
              ],
              [
                -75.72742760999989,
                -7.631924225999967
              ],
              [
                -75.72654685999993,
                -7.627849599999877
              ],
              [
                -75.7261406099999,
                -7.62572260099995
              ],
              [
                -75.72600785999992,
                -7.615444100999923
              ],
              [
                -75.72594673499992,
                -7.614739600999883
              ],
              [
                -75.72698235999991,
                -7.611519475999842
              ],
              [
                -75.72991210999993,
                -7.604787099999953
              ],
              [
                -75.73091148499987,
                -7.601779725999904
              ],
              [
                -75.72920185999988,
                -7.596782600999973
              ],
              [
                -75.73031085999997,
                -7.592847350999875
              ],
              [
                -75.73175260999989,
                -7.592188225999962
              ],
              [
                -75.73275198499982,
                -7.590258475999974
              ],
              [
                -75.73200960999986,
                -7.587060474999873
              ],
              [
                -75.73009248499994,
                -7.581521725999892
              ],
              [
                -75.72944723499984,
                -7.570002100999886
              ],
              [
                -75.72638673499983,
                -7.564775349999877
              ],
              [
                -75.7218993599999,
                -7.560382850999872
              ],
              [
                -75.71936973499993,
                -7.558783475999974
              ],
              [
                -75.71763223499988,
                -7.558152475999975
              ],
              [
                -75.71732110999989,
                -7.557901724999851
              ],
              [
                -75.71424023499998,
                -7.555585975999975
              ],
              [
                -75.71359010999993,
                -7.555336725999894
              ],
              [
                -75.71332998499997,
                -7.555309724999972
              ],
              [
                -75.71235485999995,
                -7.555445100999975
              ],
              [
                -75.7111358599999,
                -7.55533134999996
              ],
              [
                -75.71012810999991,
                -7.555233849999979
              ],
              [
                -75.70911498499993,
                -7.556041099999902
              ],
              [
                -75.70710498499989,
                -7.555818974999909
              ],
              [
                -75.70649573499992,
                -7.553739725999833
              ],
              [
                -75.70613973499997,
                -7.552743224999972
              ],
              [
                -75.70557523499997,
                -7.55189884999993
              ],
              [
                -75.70174360999994,
                -7.550186350999979
              ],
              [
                -75.70135823499993,
                -7.549543975999939
              ],
              [
                -75.70125098499994,
                -7.548797100999877
              ],
              [
                -75.70135823499993,
                -7.547638975999973
              ],
              [
                -75.70149360999994,
                -7.546319975999893
              ],
              [
                -75.70208610999987,
                -7.54290835099988
              ],
              [
                -75.70062985999988,
                -7.538989725999841
              ],
              [
                -75.69543310999995,
                -7.533678850999877
              ],
              [
                -75.69086448499996,
                -7.529110225999887
              ],
              [
                -75.6880676099999,
                -7.527544225999918
              ],
              [
                -75.68760948499994,
                -7.525455350999835
              ],
              [
                -75.68949410999983,
                -7.519630475999975
              ],
              [
                -75.68893510999993,
                -7.516700475999926
              ],
              [
                -75.68766673499988,
                -7.51597559999982
              ],
              [
                -75.68589623499986,
                -7.512206600999889
              ],
              [
                -75.68607860999992,
                -7.510014975999923
              ],
              [
                -75.68661373499981,
                -7.507129350999833
              ],
              [
                -75.68946898499996,
                -7.500401474999876
              ],
              [
                -75.69027210999997,
                -7.497974350999868
              ],
              [
                -75.68417873499993,
                -7.496721099999888
              ],
              [
                -75.68199148499997,
                -7.497207100999958
              ],
              [
                -75.68086723499994,
                -7.497456849999935
              ],
              [
                -75.67862298499983,
                -7.497275350999928
              ],
              [
                -75.67509110999987,
                -7.492558099999883
              ],
              [
                -75.67121260999994,
                -7.491106724999895
              ],
              [
                -75.66045748499977,
                -7.489726599999926
              ],
              [
                -75.65574610999977,
                -7.488727225999924
              ],
              [
                -75.65046360999992,
                -7.486799849999954
              ],
              [
                -75.64734660999994,
                -7.485253225999884
              ],
              [
                -75.64315873499987,
                -7.480922600999861
              ],
              [
                -75.64018448499985,
                -7.476710975999822
              ],
              [
                -75.63602035999992,
                -7.468715975999828
              ],
              [
                -75.63012335999997,
                -7.458599350999975
              ],
              [
                -75.62886648499989,
                -7.454238350999844
              ],
              [
                -75.62880935999988,
                -7.450829599999963
              ],
              [
                -75.62753348499984,
                -7.448315850999904
              ],
              [
                -75.62410560999979,
                -7.445611600999882
              ],
              [
                -75.62084923499992,
                -7.444316725999954
              ],
              [
                -75.6181449849999,
                -7.443878725999866
              ],
              [
                -75.6170253599999,
                -7.444169974999966
              ],
              [
                -75.61228798499997,
                -7.44337710099984
              ],
              [
                -75.60903385999984,
                -7.441756100999896
              ],
              [
                -75.60765660999994,
                -7.438587225999981
              ],
              [
                -75.60715685999998,
                -7.436966225999981
              ],
              [
                -75.60663273499995,
                -7.434687099999962
              ],
              [
                -75.60412198499995,
                -7.429836350999892
              ],
              [
                -75.60006348499996,
                -7.428520099999957
              ],
              [
                -75.59882035999988,
                -7.427837475999979
              ],
              [
                -75.59721160999999,
                -7.425643724999929
              ],
              [
                -75.59668960999988,
                -7.422917100999825
              ],
              [
                -75.59195823499982,
                -7.419392599999981
              ],
              [
                -75.58522660999984,
                -7.415354349999973
              ],
              [
                -75.58022435999976,
                -7.414368975999821
              ],
              [
                -75.57671285999999,
                -7.412232475999872
              ],
              [
                -75.56666098499988,
                -7.402161975999832
              ],
              [
                -75.55404385999987,
                -7.394339349999882
              ],
              [
                -75.55124160999986,
                -7.392965224999955
              ],
              [
                -75.54033423499988,
                -7.389865724999936
              ],
              [
                -75.53759823499979,
                -7.389584725999953
              ],
              [
                -75.53380548499996,
                -7.390593600999864
              ],
              [
                -75.5293274849999,
                -7.391784725999912
              ],
              [
                -75.52647198499989,
                -7.392544475999898
              ],
              [
                -75.49962685999986,
                -7.40539197499993
              ],
              [
                -75.49298048499986,
                -7.409675724999886
              ],
              [
                -75.48861723499994,
                -7.413355474999889
              ],
              [
                -75.48724885999997,
                -7.417435724999962
              ],
              [
                -75.48713473499993,
                -7.420824225999866
              ],
              [
                -75.48519335999993,
                -7.425772974999859
              ],
              [
                -75.48567323499998,
                -7.428744474999974
              ],
              [
                -75.48022660999999,
                -7.436519474999955
              ],
              [
                -75.47923923499991,
                -7.438294600999939
              ],
              [
                -75.4758984849999,
                -7.445281350999835
              ],
              [
                -75.47172873499994,
                -7.44698785099996
              ],
              [
                -75.46806910999993,
                -7.449978849999923
              ],
              [
                -75.46704873499988,
                -7.451210350999929
              ],
              [
                -75.46572910999987,
                -7.451368724999895
              ],
              [
                -75.46064798499998,
                -7.450958600999968
              ],
              [
                -75.45758310999997,
                -7.453638350999938
              ],
              [
                -75.45539935999994,
                -7.453927850999889
              ],
              [
                -75.4505103599999,
                -7.453972599999872
              ],
              [
                -75.44693873499989,
                -7.455608850999909
              ],
              [
                -75.44359598499989,
                -7.453867100999844
              ],
              [
                -75.44143185999997,
                -7.453849475999903
              ],
              [
                -75.43671673399984,
                -7.455116224999813
              ],
              [
                -75.43398960999997,
                -7.45418372599994
              ],
              [
                -75.43244135899994,
                -7.454148600999872
              ],
              [
                -75.43173760999997,
                -7.453497600999924
              ],
              [
                -75.4311601099999,
                -7.452902349999874
              ],
              [
                -75.42939773499984,
                -7.453409599999929
              ],
              [
                -75.42858823499989,
                -7.453743975999885
              ],
              [
                -75.42791723499988,
                -7.453891350999982
              ],
              [
                -75.42652973499986,
                -7.453251350999892
              ],
              [
                -75.42333198399984,
                -7.448777349999887
              ],
              [
                -75.42093485999993,
                -7.443345849999901
              ],
              [
                -75.42140198499993,
                -7.440280725999969
              ],
              [
                -75.4256211099999,
                -7.434884724999904
              ],
              [
                -75.4267656099999,
                -7.433046849999869
              ],
              [
                -75.42710935899993,
                -7.430177725999897
              ],
              [
                -75.42551385899998,
                -7.428370974999893
              ],
              [
                -75.42394348399984,
                -7.426666850999936
              ],
              [
                -75.42052573499984,
                -7.424101349999944
              ],
              [
                -75.41861248399988,
                -7.423623100999976
              ],
              [
                -75.41574473399993,
                -7.423447100999965
              ],
              [
                -75.41396773499997,
                -7.424608350999961
              ],
              [
                -75.41292960999988,
                -7.425118599999905
              ],
              [
                -75.41159248499991,
                -7.423411974999908
              ],
              [
                -75.41185648499982,
                -7.416409599999895
              ],
              [
                -75.40973048499995,
                -7.41377935099996
              ],
              [
                -75.40726373499996,
                -7.411272224999834
              ],
              [
                -75.40539948499998,
                -7.409723850999967
              ],
              [
                -75.40183610999986,
                -7.4071329759999
              ],
              [
                -75.40097948499994,
                -7.40484859999998
              ],
              [
                -75.40171735999996,
                -7.399592850999966
              ],
              [
                -75.4044356099999,
                -7.393497224999919
              ],
              [
                -75.40448048499997,
                -7.39249522599988
              ],
              [
                -75.40385710999982,
                -7.389764599999921
              ],
              [
                -75.40160210999994,
                -7.387968725999826
              ],
              [
                -75.39860285999993,
                -7.387053725999976
              ],
              [
                -75.39651873399998,
                -7.387129975999869
              ],
              [
                -75.39369748499996,
                -7.384207099999969
              ],
              [
                -75.39334460899983,
                -7.382566974999918
              ],
              [
                -75.39141760999996,
                -7.37890222499982
              ],
              [
                -75.38554935899981,
                -7.372570349999933
              ],
              [
                -75.38041723499975,
                -7.369265600999881
              ],
              [
                -75.3782304849999,
                -7.36657222499997
              ],
              [
                -75.37477348399995,
                -7.36231422599991
              ],
              [
                -75.36840035999995,
                -7.356648474999815
              ],
              [
                -75.36333398499988,
                -7.355158224999968
              ],
              [
                -75.36023048499987,
                -7.355277349999881
              ],
              [
                -75.35516560999986,
                -7.357823099999848
              ],
              [
                -75.35160848399971,
                -7.357156099999884
              ],
              [
                -75.34997810899989,
                -7.354414099999872
              ],
              [
                -75.34857010899992,
                -7.350782849999973
              ],
              [
                -75.34562498499986,
                -7.347251975999939
              ],
              [
                -75.33492185899979,
                -7.336931599999843
              ],
              [
                -75.32065623499977,
                -7.322476600999948
              ],
              [
                -75.29338873399996,
                -7.291615225999976
              ],
              [
                -75.28027535899986,
                -7.280947224999977
              ],
              [
                -75.26416798399993,
                -7.270853599999896
              ],
              [
                -75.25715623499985,
                -7.264201224999965
              ],
              [
                -75.25266210999979,
                -7.25559572599991
              ],
              [
                -75.25139648399988,
                -7.251919974999964
              ],
              [
                -75.24875585999979,
                -7.246871099999851
              ],
              [
                -75.24495698499999,
                -7.242855475999932
              ],
              [
                -75.24139448499983,
                -7.240216849999854
              ],
              [
                -75.23323060899997,
                -7.235974599999849
              ],
              [
                -75.22724998399985,
                -7.23046685099996
              ],
              [
                -75.22207623399981,
                -7.226451224999948
              ],
              [
                -75.21598048499982,
                -7.223699224999905
              ],
              [
                -75.20884760999985,
                -7.21979885099995
              ],
              [
                -75.20326448499992,
                -7.21843497499998
              ],
              [
                -75.16803710999989,
                -7.21028709999996
              ],
              [
                -75.15164023499995,
                -7.205250600999875
              ],
              [
                -75.1402731089999,
                -7.199499350999815
              ],
              [
                -75.13184573499984,
                -7.193525850999833
              ],
              [
                -75.11973573499984,
                -7.180401850999942
              ],
              [
                -75.10547648399995,
                -7.161402849999945
              ],
              [
                -75.10236523399982,
                -7.159578100999852
              ],
              [
                -75.09083823499998,
                -7.159710224999856
              ],
              [
                -75.07870035999986,
                -7.158339099999921
              ],
              [
                -75.0655412339998,
                -7.156429724999953
              ],
              [
                -75.05922710899989,
                -7.154624724999906
              ],
              [
                -75.04797085899997,
                -7.150445224999942
              ],
              [
                -75.04370435899983,
                -7.148993724999855
              ],
              [
                -75.03829210899988,
                -7.146011224999882
              ],
              [
                -75.03323885899988,
                -7.142581599999971
              ],
              [
                -75.02991073499987,
                -7.14110009999996
              ],
              [
                -75.02769885899983,
                -7.141039350999847
              ],
              [
                -75.02434648399998,
                -7.140233224999918
              ],
              [
                -75.02197948499997,
                -7.139923349999947
              ],
              [
                -75.02033773399995,
                -7.140541974999906
              ],
              [
                -75.01976660899987,
                -7.143159349999905
              ],
              [
                -75.01908673499992,
                -7.145652349999864
              ],
              [
                -75.01667335899998,
                -7.147156849999817
              ],
              [
                -75.01503148399985,
                -7.150178725999922
              ],
              [
                -75.0121284839999,
                -7.151249599999971
              ],
              [
                -75.01124810999988,
                -7.152582099999904
              ],
              [
                -75.01020123499995,
                -7.153557599999885
              ],
              [
                -75.00634648399995,
                -7.155675349999967
              ],
              [
                -75.00457673499983,
                -7.156584725999892
              ],
              [
                -75.00424948399984,
                -7.157759474999921
              ],
              [
                -75.00352035899982,
                -7.159547350999958
              ],
              [
                -75.00244860999987,
                -7.160252099999923
              ],
              [
                -74.99855360999999,
                -7.162808600999881
              ],
              [
                -74.99660635899983,
                -7.164875474999917
              ],
              [
                -74.99420373399988,
                -7.165431849999948
              ],
              [
                -74.99269135899982,
                -7.165177600999868
              ],
              [
                -74.98932410999998,
                -7.164611475999948
              ],
              [
                -74.98649610899986,
                -7.162757849999878
              ],
              [
                -74.98626973399996,
                -7.157260724999958
              ],
              [
                -74.98386648399998,
                -7.156713350999951
              ],
              [
                -74.98091598399992,
                -7.157308100999956
              ],
              [
                -74.97643673399995,
                -7.15861034999989
              ],
              [
                -74.97420585999993,
                -7.159116599999948
              ],
              [
                -74.9712401089999,
                -7.15747535099996
              ],
              [
                -74.96825723399996,
                -7.153953225999942
              ],
              [
                -74.96680573499987,
                -7.152025849999973
              ],
              [
                -74.96152335899995,
                -7.148884974999817
              ],
              [
                -74.95895348399995,
                -7.144173599999817
              ],
              [
                -74.95666923399995,
                -7.141960725999866
              ],
              [
                -74.95280898399994,
                -7.139996599999961
              ],
              [
                -74.95221960899994,
                -7.139771599999847
              ],
              [
                -74.94750835899987,
                -7.139271974999872
              ],
              [
                -74.94353460899987,
                -7.141020849999904
              ],
              [
                -74.94050798399985,
                -7.143590599999811
              ],
              [
                -74.93382648499988,
                -7.151528599999892
              ],
              [
                -74.9318277339998,
                -7.152784849999819
              ],
              [
                -74.92897235999999,
                -7.152956225999958
              ]
            ]
          ]
        ],
        "type": "MultiPolygon"
      },
      "type": "Feature",
      "properties": {
        "PROVINCIA": "UCAYALI",
        "DISTRITO": "CONTAMANA",
        "name": "CONTAMANA",
        "ID": "150501",
        "DEPARTAMEN": "LORETO"
      }
    }
  ]
}
