{
  "type": "FeatureCollection",
  "features": [
    {
      "geometry": {
        "coordinates": [
          [
            [
              [
                -75.8162218540089,
                -8.94397622309132,
                1697.69836868595
              ],
              [
                -75.8146940747658,
                -8.94515932852249,
                1591.06853644344
              ],
              [
                -75.8126539531927,
                -8.9455498240993,
                1577.73980741313
              ],
              [
                -75.811290498984,
                -8.94503855203344,
                1564.41107838281
              ],
              [
                -75.810291756716,
                -8.944731077429,
                1537.75362032219
              ],
              [
                -75.807358323287,
                -8.94395691795172,
                1484.43870420093
              ],
              [
                -75.8054682989453,
                -8.94292370817001,
                1377.80887195843
              ],
              [
                -75.7986310657708,
                -8.94198319452373,
                1324.49395583718
              ],
              [
                -75.7967416084634,
                -8.94059448945159,
                1271.17903971592
              ],
              [
                -75.7911588911491,
                -8.93876713268562,
                965.228439129655
              ],
              [
                -75.7896984725797,
                -8.93708634068651,
                1059.66212286262
              ],
              [
                -75.7882405529064,
                -8.93573393958678,
                1106.87896472911
              ],
              [
                -75.7856854376185,
                -8.93440283014794,
                1130.48738566235
              ],
              [
                -75.7850699860188,
                -8.93304479893586,
                1142.29159612897
              ],
              [
                -75.7845277066556,
                -8.93109090944554,
                1154.09580659559
              ],
              [
                -75.783286222346,
                -8.92928515594741,
                1159.9979118289
              ],
              [
                -75.7846605203608,
                -8.92502098735333,
                1165.90001706221
              ],
              [
                -75.7851682833479,
                -8.92132292375193,
                1177.70422752883
              ],
              [
                -75.7872028863595,
                -8.91603345951301,
                1201.31264846207
              ],
              [
                -75.7860819416373,
                -8.91390612787449,
                1224.92106939532
              ],
              [
                -75.7853487932874,
                -8.91157005123417,
                1236.72527986194
              ],
              [
                -75.7852619836062,
                -8.90939913576339,
                1248.52949032856
              ],
              [
                -75.7785180050355,
                -8.90904391037419,
                1342.96317406152
              ],
              [
                -75.7752267573369,
                -8.91003158350314,
                1347.65942113023
              ],
              [
                -75.7729508008926,
                -8.91046101071721,
                1350.00754466459
              ],
              [
                -75.7696020486928,
                -8.91164113428889,
                1350.59457554818
              ],
              [
                -75.7663314443179,
                -8.91284633715239,
                1351.18160643177
              ],
              [
                -75.7606755547612,
                -8.91231655531473,
                1352.35566819894
              ],
              [
                -75.7525478776152,
                -8.91503893151002,
                1181.82606844005
              ],
              [
                -75.747097224634,
                -8.91430134803994,
                1096.56126856061
              ],
              [
                -75.73973170464,
                -8.91458802788347,
                1011.29646868116
              ],
              [
                -75.7311512740205,
                -8.92353196803479,
                840.766868922273
              ],
              [
                -75.7250356125232,
                -8.92525499309043,
                755.502069042828
              ],
              [
                -75.7220013019641,
                -8.9264416090278,
                712.869669103106
              ],
              [
                -75.721584598374,
                -8.9283704293093,
                691.553469133244
              ],
              [
                -75.7213020996153,
                -8.92935599966885,
                680.895369148314
              ],
              [
                -75.7212315561194,
                -8.93036958788899,
                670.237269163383
              ],
              [
                -75.7210906087726,
                -8.93109887220806,
                595.126346047537
              ],
              [
                -75.7192618639259,
                -8.93346599743368,
                520.015422931691
              ],
              [
                -75.7204232458413,
                -8.93858059115613,
                501.237692152729
              ],
              [
                -75.7178794287739,
                -8.94238266072967,
                491.848826763248
              ],
              [
                -75.7164424001106,
                -8.94662740306248,
                482.459961373767
              ],
              [
                -75.7141606292569,
                -8.94846497596908,
                473.071095984287
              ],
              [
                -75.7122654028512,
                -8.95053495170457,
                463.682230594806
              ],
              [
                -75.7106394531466,
                -8.95159563806021,
                458.987797900065
              ],
              [
                -75.7107903923494,
                -8.95464161840436,
                454.293365205325
              ],
              [
                -75.7105846953805,
                -8.95665778486207,
                449.598932510585
              ],
              [
                -75.7094094532011,
                -8.95862308645025,
                444.904499815844
              ],
              [
                -75.7074254324465,
                -8.95954214102553,
                426.126769036883
              ],
              [
                -75.7064425821081,
                -8.96132928694302,
                416.737903647402
              ],
              [
                -75.7051049493743,
                -8.96251902248404,
                407.349038257921
              ],
              [
                -75.704237907397,
                -8.96590449548261,
                397.960172868441
              ],
              [
                -75.7024991880812,
                -8.96451376382223,
                393.2657401737
              ],
              [
                -75.7009548314243,
                -8.96328849433827,
                390.91852382633
              ],
              [
                -75.6987960313062,
                -8.96331183388343,
                388.57130747896
              ],
              [
                -75.6978354588649,
                -8.96259871798369,
                383.876874784219
              ],
              [
                -75.6969392544158,
                -8.96300905685294,
                381.529658436849
              ],
              [
                -75.6954881840848,
                -8.96339880129087,
                380.356050263164
              ],
              [
                -75.6942022836411,
                -8.96321419326622,
                379.769246176321
              ],
              [
                -75.6919196145822,
                -8.9631436166854,
                379.4758441329
              ],
              [
                -75.6902364818894,
                -8.96361777841295,
                379.182442089479
              ],
              [
                -75.6895806999837,
                -8.96403757085194,
                374.488009394739
              ],
              [
                -75.6892087749985,
                -8.9642795758792,
                373.901205307896
              ],
              [
                -75.6887716855128,
                -8.9645046849205,
                373.314401221053
              ],
              [
                -75.688290014222,
                -8.96473625095512,
                372.140793047368
              ],
              [
                -75.6877179536264,
                -8.96441691613109,
                370.967184873683
              ],
              [
                -75.6872011814503,
                -8.96370290323507,
                369.793576699998
              ],
              [
                -75.6867993414975,
                -8.96329924979836,
                365.846491970766
              ],
              [
                -75.6861159529812,
                -8.96269284618236,
                365.353106379612
              ],
              [
                -75.6853272791719,
                -8.96241088188342,
                364.859720788458
              ],
              [
                -75.6850421970767,
                -8.96200544317102,
                363.87294960615
              ],
              [
                -75.6847344784469,
                -8.96152822350769,
                363.379564014997
              ],
              [
                -75.684116815202,
                -8.9611677305993,
                363.13287121942
              ],
              [
                -75.6837937394094,
                -8.96084948954763,
                363.009524821631
              ],
              [
                -75.6835451310403,
                -8.96035535424894,
                362.947851622737
              ],
              [
                -75.6831981196826,
                -8.9597276172093,
                362.91701502329
              ],
              [
                -75.6826858899688,
                -8.95905065269868,
                362.886178423843
              ],
              [
                -75.6824540837847,
                -8.95864242355709,
                362.392792832689
              ],
              [
                -75.6818884577142,
                -8.95834604343712,
                362.146100037112
              ],
              [
                -75.6813410355434,
                -8.95795652823072,
                362.022753639323
              ],
              [
                -75.6808151768456,
                -8.95774257699724,
                361.961080440429
              ],
              [
                -75.6802990303345,
                -8.95732360918424,
                361.930243840982
              ],
              [
                -75.6795988550391,
                -8.95690139100175,
                361.914825541258
              ],
              [
                -75.6788875489007,
                -8.95661660280709,
                361.907116391396
              ],
              [
                -75.6779825601368,
                -8.95656038707625,
                361.903261816465
              ],
              [
                -75.6775269847981,
                -8.95750726140473,
                361.899407241535
              ],
              [
                -75.6768747906288,
                -8.95893005775283,
                359.925864876919
              ],
              [
                -75.6765507476989,
                -8.95960841756754,
                358.939093694611
              ],
              [
                -75.676091157845,
                -8.96054296291604,
                358.692400899034
              ],
              [
                -75.6745099351308,
                -8.96056449807777,
                358.445708103457
              ],
              [
                -75.6739529195606,
                -8.95954595702899,
                358.19901530788
              ],
              [
                -75.6732990887628,
                -8.95917167480207,
                358.075668910091
              ],
              [
                -75.6724458437856,
                -8.95906325145681,
                358.044832310644
              ],
              [
                -75.6721424479889,
                -8.95805670784314,
                358.013995711197
              ],
              [
                -75.6719131099068,
                -8.95755186162033,
                357.952322512303
              ],
              [
                -75.6712410979409,
                -8.95737170558886,
                356.965551329995
              ],
              [
                -75.6710297879885,
                -8.95652195821117,
                356.718858534418
              ],
              [
                -75.6707306362641,
                -8.95595564854821,
                356.472165738841
              ],
              [
                -75.6703294875305,
                -8.95503690754212,
                355.978780147687
              ],
              [
                -75.6697065253466,
                -8.95590092376163,
                355.485394556533
              ],
              [
                -75.6689606059184,
                -8.95603126900786,
                354.992008965379
              ],
              [
                -75.6688070377338,
                -8.95681566582142,
                354.868662567591
              ],
              [
                -75.6677554187291,
                -8.9570695755904,
                354.745316169802
              ],
              [
                -75.666860321425,
                -8.95661997522253,
                354.621969772014
              ],
              [
                -75.6668666764108,
                -8.95536977158307,
                354.498623374225
              ],
              [
                -75.6670909705981,
                -8.95475276453274,
                354.251930578648
              ],
              [
                -75.6667043150097,
                -8.95412903358096,
                354.12858418086
              ],
              [
                -75.6670682331891,
                -8.95367601015017,
                354.066910981965
              ],
              [
                -75.6671799727658,
                -8.9525857789764,
                354.005237783071
              ],
              [
                -75.6675611194032,
                -8.95142899164902,
                352.031695418455
              ],
              [
                -75.6669614641911,
                -8.95112855766462,
                351.538309827301
              ],
              [
                -75.6672994907413,
                -8.95029033503454,
                351.044924236147
              ],
              [
                -75.6675856456409,
                -8.94966875354375,
                350.551538644993
              ],
              [
                -75.6675943504323,
                -8.94901048216173,
                350.058153053839
              ],
              [
                -75.6673963421147,
                -8.94857992801613,
                349.564767462685
              ],
              [
                -75.6667919869752,
                -8.94820573682106,
                349.318074667108
              ],
              [
                -75.6666095042972,
                -8.94783474433983,
                349.256401468214
              ],
              [
                -75.6663563114437,
                -8.94774392063349,
                349.19472826932
              ],
              [
                -75.6660910146475,
                -8.94753181908954,
                349.071381871531
              ],
              [
                -75.6657812843181,
                -8.94730772040847,
                348.084610689223
              ],
              [
                -75.6655644585586,
                -8.94734923876533,
                346.111068324608
              ],
              [
                -75.6653675132227,
                -8.94756740796474,
                345.1242971423
              ],
              [
                -75.6651189667236,
                -8.94777140808569,
                344.630911551146
              ],
              [
                -75.6649510943875,
                -8.94801887896993,
                344.384218755569
              ],
              [
                -75.6648064965321,
                -8.94789251619801,
                344.137525959992
              ],
              [
                -75.6647746467177,
                -8.94753606276799,
                343.150754777684
              ],
              [
                -75.6649249253046,
                -8.94719574960208,
                342.65736918653
              ],
              [
                -75.6649574963432,
                -8.94685562673428,
                342.163983595376
              ],
              [
                -75.664976069943,
                -8.9465554199973,
                338.216898866144
              ],
              [
                -75.6647197103213,
                -8.94625252337535,
                336.243356501528
              ],
              [
                -75.6647923456264,
                -8.94583733141961,
                335.25658531922
              ],
              [
                -75.6648782011522,
                -8.94523944443751,
                334.763199728066
              ],
              [
                -75.6649883363003,
                -8.94457797740672,
                334.639853330278
              ],
              [
                -75.6646001852212,
                -8.94456547184911,
                334.516506932489
              ],
              [
                -75.6639666945693,
                -8.9446473437706,
                334.393160534701
              ],
              [
                -75.6632314760959,
                -8.94497146954652,
                334.269814136912
              ],
              [
                -75.6622422526286,
                -8.94513167163684,
                330.322729407681
              ],
              [
                -75.661135249818,
                -8.94552963548186,
                328.349187043065
              ],
              [
                -75.6602438051764,
                -8.94466235372325,
                327.855801451911
              ],
              [
                -75.6592795623687,
                -8.94425880692041,
                327.362415860757
              ],
              [
                -75.6579333954048,
                -8.94399263834585,
                326.375644678449
              ],
              [
                -75.6569991276117,
                -8.94439314893184,
                325.388873496141
              ],
              [
                -75.6576694698721,
                -8.94525739520422,
                324.402102313833
              ],
              [
                -75.6571086091148,
                -8.94581234463246,
                322.428559949217
              ],
              [
                -75.6560778009562,
                -8.94591848444999,
                321.935174358063
              ],
              [
                -75.6551077966413,
                -8.94610450983308,
                321.688481562486
              ],
              [
                -75.6545246970839,
                -8.94584896268939,
                321.565135164698
              ],
              [
                -75.6548682738884,
                -8.94487876964522,
                321.503461965804
              ],
              [
                -75.6543808081006,
                -8.9445452980124,
                321.441788766909
              ],
              [
                -75.6535556533068,
                -8.94417468970187,
                321.195095971332
              ],
              [
                -75.6528740678484,
                -8.94354271479792,
                320.948403175755
              ],
              [
                -75.6508246193871,
                -8.94368411403088,
                320.455017584601
              ],
              [
                -75.6493082287512,
                -8.94345747353136,
                319.961631993447
              ],
              [
                -75.6478901073178,
                -8.94306769292602,
                319.468246402293
              ],
              [
                -75.6469418756724,
                -8.94287580538009,
                318.481475219985
              ],
              [
                -75.6460571667789,
                -8.94240431551818,
                317.988089628832
              ],
              [
                -75.6452637268706,
                -8.94198655325026,
                317.741396833254
              ],
              [
                -75.6451741538891,
                -8.94127615340423,
                317.494704037677
              ],
              [
                -75.6444029565992,
                -8.94085776877384,
                317.248011242101
              ],
              [
                -75.6435521011987,
                -8.94053027520772,
                317.001318446523
              ],
              [
                -75.6421236692153,
                -8.93972773552164,
                316.754625650946
              ],
              [
                -75.6424902351898,
                -8.93882629885652,
                316.50793285537
              ],
              [
                -75.642565140373,
                -8.93760325777957,
                315.521161673062
              ],
              [
                -75.6420124401465,
                -8.93621838751296,
                314.534390490754
              ],
              [
                -75.6416623736445,
                -8.93503434695204,
                314.51897219103
              ],
              [
                -75.6406287491879,
                -8.93401451509951,
                314.503553891307
              ],
              [
                -75.6392419858248,
                -8.9333037677718,
                314.47271729186
              ],
              [
                -75.6388158176051,
                -8.93279304565072,
                314.411044092965
              ],
              [
                -75.638484181872,
                -8.93184485041997,
                314.287697695177
              ],
              [
                -75.6382376794005,
                -8.93083921396872,
                314.0410048996
              ],
              [
                -75.6379572880824,
                -8.92985175470621,
                313.547619308446
              ],
              [
                -75.6377186745304,
                -8.92943265437994,
                312.560848126138
              ],
              [
                -75.6371852918074,
                -8.92847732375184,
                310.587305761522
              ],
              [
                -75.6374030678856,
                -8.92606941213638,
                306.64022103229
              ],
              [
                -75.6359893750422,
                -8.92494073845787,
                300.77589260058
              ],
              [
                -75.6360044931692,
                -8.9237588213441,
                297.843728384725
              ],
              [
                -75.6368675715467,
                -8.92341927387089,
                296.377646276797
              ],
              [
                -75.6368923554249,
                -8.92221445878079,
                294.91156416887
              ],
              [
                -75.6335085813979,
                -8.91914460862265,
                289.047235737159
              ],
              [
                -75.6320042712746,
                -8.91741661216978,
                286.115071521304
              ],
              [
                -75.6319034394537,
                -8.91608146645421,
                285.748550994322
              ],
              [
                -75.6322732622797,
                -8.91483859559347,
                285.38203046734
              ],
              [
                -75.633224035951,
                -8.91440043438509,
                285.015509940358
              ],
              [
                -75.6336736243832,
                -8.91352270510065,
                284.648989413376
              ],
              [
                -75.6328400629351,
                -8.91261116585345,
                284.465729149885
              ],
              [
                -75.6321796338116,
                -8.91233616947717,
                284.282468886394
              ],
              [
                -75.6306189415161,
                -8.91211268917893,
                283.915948359413
              ],
              [
                -75.6293634354424,
                -8.91396170273521,
                283.549427832431
              ],
              [
                -75.628795248343,
                -8.91533043146891,
                283.36616756894
              ],
              [
                -75.6278569862719,
                -8.91571208572581,
                283.274537437194
              ],
              [
                -75.6264380131296,
                -8.9153814073695,
                283.182907305449
              ],
              [
                -75.6257303341807,
                -8.91608863917559,
                282.449866251485
              ],
              [
                -75.6250935595031,
                -8.91705576498815,
                281.716825197521
              ],
              [
                -75.6240139163175,
                -8.91896996310895,
                280.250743089594
              ],
              [
                -75.6249601558893,
                -8.92065471817434,
                279.51770203563
              ],
              [
                -75.625607575598,
                -8.9210729945053,
                278.784660981666
              ],
              [
                -75.6271787633628,
                -8.92136956214246,
                277.318578873738
              ],
              [
                -75.6284323958238,
                -8.92234624939324,
                274.386414657883
              ],
              [
                -75.6299662887251,
                -8.92394888278885,
                272.920332549956
              ],
              [
                -75.6300129693073,
                -8.92435443471509,
                272.187291495992
              ],
              [
                -75.63159874786,
                -8.92533907646177,
                271.82077096901
              ],
              [
                -75.6313081644664,
                -8.92616381144544,
                271.637510705519
              ],
              [
                -75.6314543859213,
                -8.92697338327029,
                271.454250442028
              ],
              [
                -75.6314526813338,
                -8.92764180534681,
                265.589922010318
              ],
              [
                -75.6308261981137,
                -8.92843788445434,
                259.725593578607
              ],
              [
                -75.6306507708229,
                -8.92912490560208,
                263.588004032471
              ],
              [
                -75.6309171489387,
                -8.92986110067677,
                267.450414486334
              ],
              [
                -75.630988229824,
                -8.93028153414503,
                271.312824940198
              ],
              [
                -75.6319760033406,
                -8.93176092963985,
                275.175235394061
              ],
              [
                -75.6333153551372,
                -8.93301639101688,
                279.037645847925
              ],
              [
                -75.6332399469415,
                -8.93429614155227,
                282.900056301788
              ],
              [
                -75.6340954188677,
                -8.93514187540769,
                284.83126152872
              ],
              [
                -75.6351573714715,
                -8.93541456765485,
                286.762466755652
              ],
              [
                -75.6357202344876,
                -8.93628438593365,
                290.624877209515
              ],
              [
                -75.6358817998251,
                -8.93718126101406,
                290.685227372857
              ],
              [
                -75.6351086205676,
                -8.93797265108438,
                290.745577536199
              ],
              [
                -75.634816276783,
                -8.93850022408945,
                290.866277862882
              ],
              [
                -75.6347360136476,
                -8.93916039392842,
                290.986978189565
              ],
              [
                -75.6349217074409,
                -8.94034875723011,
                291.107678516248
              ],
              [
                -75.6343634199896,
                -8.94164261728939,
                291.137853597919
              ],
              [
                -75.6342251791098,
                -8.94330524478763,
                291.16802867959
              ],
              [
                -75.6347060956644,
                -8.94462501629468,
                291.198203761261
              ],
              [
                -75.6356591069654,
                -8.94601955073616,
                291.228378842932
              ],
              [
                -75.6363918743823,
                -8.94758288835764,
                291.349079169615
              ],
              [
                -75.6369261311355,
                -8.94869161034315,
                291.590479822981
              ],
              [
                -75.6369725631409,
                -8.94982134836935,
                291.711180149664
              ],
              [
                -75.6355204956239,
                -8.95099843304491,
                291.831880476348
              ],
              [
                -75.6353381172992,
                -8.95198844089931,
                292.073281129714
              ],
              [
                -75.6347773765607,
                -8.9527472482424,
                292.556082436447
              ],
              [
                -75.6348046050923,
                -8.95348846618819,
                292.797483089814
              ],
              [
                -75.6356333430032,
                -8.95384057287334,
                293.03888374318
              ],
              [
                -75.6363503053269,
                -8.95462841346462,
                293.280284396547
              ],
              [
                -75.6368422413828,
                -8.95582542786073,
                293.521685049913
              ],
              [
                -75.6367636619291,
                -8.95690899966894,
                294.004486356646
              ],
              [
                -75.6363906236208,
                -8.95837048784561,
                294.245887010012
              ],
              [
                -75.6366588633329,
                -8.95982945262541,
                294.487287663379
              ],
              [
                -75.6362682647619,
                -8.96113567856238,
                294.728688316745
              ],
              [
                -75.6360405726709,
                -8.96155991888345,
                294.849388643429
              ],
              [
                -75.6358588455165,
                -8.96191545075627,
                294.970088970112
              ],
              [
                -75.6351642857159,
                -8.9624422783328,
                295.211489623478
              ],
              [
                -75.6345733369337,
                -8.96270949758857,
                295.452890276845
              ],
              [
                -75.6342405580044,
                -8.96355160133687,
                295.694290930211
              ],
              [
                -75.6332661305885,
                -8.96406442902457,
                295.935691583578
              ],
              [
                -75.6326529823444,
                -8.96472005463059,
                296.177092236944
              ],
              [
                -75.6324929031107,
                -8.96613384125941,
                296.418492890311
              ],
              [
                -75.6320990175113,
                -8.96645694307093,
                296.539193216994
              ],
              [
                -75.6315816445769,
                -8.96611714604781,
                296.599543380335
              ],
              [
                -75.6312368858599,
                -8.96607358356359,
                296.629718462006
              ],
              [
                -75.6307574976832,
                -8.96638581846809,
                296.659893543677
              ],
              [
                -75.6299878207497,
                -8.96724432376698,
                296.78059387036
              ],
              [
                -75.628409230522,
                -8.96810048637812,
                296.901294197044
              ],
              [
                -75.6266272854084,
                -8.96941012975962,
                297.14269485041
              ],
              [
                -75.6249938683133,
                -8.9703681514936,
                297.384095503777
              ],
              [
                -75.6245369088767,
                -8.97117410243068,
                297.625496157143
              ],
              [
                -75.6243836061335,
                -8.97188010782225,
                297.746196483826
              ],
              [
                -75.6236115916785,
                -8.97188239734709,
                297.86689681051
              ],
              [
                -75.6231481891118,
                -8.97223687146859,
                298.108297463876
              ],
              [
                -75.6226951165184,
                -8.97259566409791,
                298.349698117242
              ],
              [
                -75.6209583764404,
                -8.97340172697472,
                299.315300730708
              ],
              [
                -75.6203630644683,
                -8.97464152661124,
                299.798102037441
              ],
              [
                -75.6199084022822,
                -8.97576248478999,
                300.039502690808
              ],
              [
                -75.620036528831,
                -8.97657258824796,
                300.280903344174
              ],
              [
                -75.6194253926998,
                -8.97679383968807,
                300.763704650907
              ],
              [
                -75.619162423487,
                -8.97819304095626,
                301.005105304274
              ],
              [
                -75.6191127528281,
                -8.97962709890398,
                301.24650595764
              ],
              [
                -75.6182914770827,
                -8.97969663903133,
                301.729307264373
              ],
              [
                -75.6173610256776,
                -8.97838894407501,
                302.212108571106
              ],
              [
                -75.616940287416,
                -8.97725793210859,
                303.177711184572
              ],
              [
                -75.616102882986,
                -8.97647790678359,
                303.660512491305
              ],
              [
                -75.6155351434954,
                -8.9752642761214,
                304.143313798038
              ],
              [
                -75.6145432238172,
                -8.9743770705835,
                304.264014124721
              ],
              [
                -75.6137874809418,
                -8.97367675779589,
                304.324364288063
              ],
              [
                -75.6128884913817,
                -8.97288288737219,
                304.339451828898
              ],
              [
                -75.6117929160272,
                -8.97224929763857,
                304.354539369733
              ],
              [
                -75.611511675478,
                -8.97127054704807,
                304.369626910569
              ],
              [
                -75.6108985106121,
                -8.9701975654299,
                304.384714451404
              ],
              [
                -75.6101744425855,
                -8.96952913728947,
                304.505414778087
              ],
              [
                -75.6093275771292,
                -8.96878572358179,
                304.565764941429
              ],
              [
                -75.6078231045075,
                -8.96818647178912,
                304.626115104771
              ],
              [
                -75.6063042705784,
                -8.96731370240278,
                304.686465268112
              ],
              [
                -75.6036881871831,
                -8.96660320950826,
                304.716640349783
              ],
              [
                -75.601648524859,
                -8.96595020030212,
                304.746815431454
              ],
              [
                -75.6014947170933,
                -8.96539298897006,
                304.867515758137
              ],
              [
                -75.6021030992703,
                -8.96437610336328,
                304.927865921479
              ],
              [
                -75.6019397922846,
                -8.96381325155785,
                304.958041003149
              ],
              [
                -75.6014782822526,
                -8.96375436943049,
                304.98821608482
              ],
              [
                -75.6012625975142,
                -8.96377446290649,
                305.108916411504
              ],
              [
                -75.6010446063462,
                -8.96363516901723,
                305.229616738187
              ],
              [
                -75.6008329703961,
                -8.9634382422722,
                305.35031706487
              ],
              [
                -75.6004928090954,
                -8.96330038655984,
                305.471017391553
              ],
              [
                -75.6002533431297,
                -8.96312737609228,
                305.591717718237
              ],
              [
                -75.5999618380099,
                -8.96286024237671,
                305.833118371603
              ],
              [
                -75.5995451775905,
                -8.96259351495154,
                305.893468534945
              ],
              [
                -75.5990502235182,
                -8.9624454186059,
                305.953818698286
              ],
              [
                -75.5988852807528,
                -8.9620376817496,
                305.983993779957
              ],
              [
                -75.5992221332719,
                -8.96165209977858,
                306.014168861628
              ],
              [
                -75.5989054821546,
                -8.96141936997388,
                306.07451902497
              ],
              [
                -75.5984543530894,
                -8.96136119381328,
                306.315919678336
              ],
              [
                -75.5980203645065,
                -8.9613527480944,
                306.436620005019
              ],
              [
                -75.5977023634016,
                -8.96110194430268,
                306.557320331702
              ],
              [
                -75.5978804698657,
                -8.96059943239117,
                306.798720985069
              ],
              [
                -75.5981451776667,
                -8.96012000397859,
                306.859071148411
              ],
              [
                -75.5977422669186,
                -8.95994028349308,
                306.919421311752
              ],
              [
                -75.5972906993677,
                -8.95991587030576,
                306.979771475094
              ],
              [
                -75.5968609481989,
                -8.96009667345254,
                307.040121638435
              ],
              [
                -75.5965212601235,
                -8.95974536654056,
                307.070296720106
              ],
              [
                -75.596720245476,
                -8.95929569469399,
                307.085384260942
              ],
              [
                -75.5966440020788,
                -8.95876428879185,
                307.100471801777
              ],
              [
                -75.5963397846428,
                -8.95858766296711,
                307.160821965119
              ],
              [
                -75.5959815200915,
                -8.95855697934887,
                307.22117212846
              ],
              [
                -75.5956370465476,
                -8.95868148202966,
                307.281522291802
              ],
              [
                -75.5954419730355,
                -8.95876088480096,
                307.402222618485
              ],
              [
                -75.5952302669439,
                -8.95879341576046,
                307.432397700156
              ],
              [
                -75.5950564403304,
                -8.95885068455179,
                307.462572781827
              ],
              [
                -75.5948205678684,
                -8.95882579016927,
                307.522922945168
              ],
              [
                -75.5947253539877,
                -8.95870479631931,
                307.58327310851
              ],
              [
                -75.5949208790369,
                -8.95850259960971,
                307.643623271851
              ],
              [
                -75.5953279422159,
                -8.958151164495,
                307.764323598535
              ],
              [
                -75.5956004035886,
                -8.9576012962075,
                307.885023925218
              ],
              [
                -75.5947938319153,
                -8.95718176094069,
                307.94537408856
              ],
              [
                -75.5938679501662,
                -8.9571298188681,
                308.005724251901
              ],
              [
                -75.593696982442,
                -8.95678396810763,
                308.126424578584
              ],
              [
                -75.5936250924174,
                -8.9565967694046,
                308.186774741926
              ],
              [
                -75.5935956354859,
                -8.95631585122496,
                308.216949823597
              ],
              [
                -75.5933214293071,
                -8.9558924076559,
                308.247124905268
              ],
              [
                -75.5931449519646,
                -8.95572802670184,
                308.277299986938
              ],
              [
                -75.5927753776786,
                -8.95552763003151,
                308.307475068609
              ],
              [
                -75.5925522861971,
                -8.9556014730012,
                308.367825231951
              ],
              [
                -75.5923780503719,
                -8.95572298842342,
                308.488525558634
              ],
              [
                -75.592383339887,
                -8.95592469985628,
                308.729926212001
              ],
              [
                -75.5923361759538,
                -8.95625440095938,
                308.850626538684
              ],
              [
                -75.5923113359662,
                -8.95647275637866,
                308.971326865367
              ],
              [
                -75.5921475152667,
                -8.95664051360049,
                309.4541281721
              ],
              [
                -75.5918612050715,
                -8.95635768673114,
                309.936929478833
              ],
              [
                -75.5918626202261,
                -8.95566596040317,
                310.902532092299
              ],
              [
                -75.5916099730169,
                -8.95477090559293,
                311.385333399032
              ],
              [
                -75.5910619529939,
                -8.9530192533629,
                311.626734052398
              ],
              [
                -75.5909481317255,
                -8.95240060540718,
                311.747434379081
              ],
              [
                -75.5910883982359,
                -8.95186105089836,
                311.807784542423
              ],
              [
                -75.5911486219551,
                -8.95146071414686,
                311.837959624094
              ],
              [
                -75.5915588937544,
                -8.95046541971902,
                311.853047164929
              ],
              [
                -75.5916273603609,
                -8.94953855928131,
                311.868134705765
              ],
              [
                -75.5916297811437,
                -8.94896654240165,
                312.350936012498
              ],
              [
                -75.5917418855484,
                -8.94839345509185,
                312.833737319231
              ],
              [
                -75.5920241613616,
                -8.94736437541051,
                313.316538625964
              ],
              [
                -75.5920100307742,
                -8.94685704850146,
                313.437238952647
              ],
              [
                -75.5918969241288,
                -8.94621944428703,
                313.497589115988
              ],
              [
                -75.5913903505534,
                -8.94580258918986,
                313.527764197659
              ],
              [
                -75.5911483731605,
                -8.94443428565225,
                313.535307968077
              ],
              [
                -75.5906304015878,
                -8.94430545671993,
                313.542851738495
              ],
              [
                -75.5902629060653,
                -8.94349055646803,
                313.55793927933
              ],
              [
                -75.5888460248864,
                -8.94303913190017,
                313.799339932697
              ],
              [
                -75.5879736412505,
                -8.94249423453303,
                314.764942546162
              ],
              [
                -75.5870614947462,
                -8.9422674813022,
                315.247743852895
              ],
              [
                -75.5865680105039,
                -8.94166845821376,
                315.730545159628
              ],
              [
                -75.58612485881,
                -8.94108688262309,
                316.696147773094
              ],
              [
                -75.5853649567516,
                -8.94026525026248,
                317.178949079827
              ],
              [
                -75.5849046433421,
                -8.93970965352001,
                317.420349733194
              ],
              [
                -75.5842406758344,
                -8.93915749083046,
                317.541050059877
              ],
              [
                -75.5847760191233,
                -8.94040449884617,
                317.66175038656
              ],
              [
                -75.5857092450616,
                -8.94150096385238,
                317.722100549902
              ],
              [
                -75.5864779883924,
                -8.94253457275169,
                317.782450713243
              ],
              [
                -75.587001499534,
                -8.94284495610507,
                317.903151039927
              ],
              [
                -75.5875061784201,
                -8.94351640974303,
                318.02385136661
              ],
              [
                -75.5882086073158,
                -8.94461431914317,
                318.144551693293
              ],
              [
                -75.5878922512587,
                -8.94558290102046,
                318.385952346659
              ],
              [
                -75.5877415347773,
                -8.9465226592247,
                318.506652673343
              ],
              [
                -75.5874366354571,
                -8.94752477303079,
                318.567002836684
              ],
              [
                -75.5867380590839,
                -8.9478360117398,
                318.627353000026
              ],
              [
                -75.5860366017755,
                -8.94799079072552,
                319.110154306759
              ],
              [
                -75.5851425294709,
                -8.94862970081616,
                319.351554960125
              ],
              [
                -75.5849490969391,
                -8.94902367050119,
                319.592955613492
              ],
              [
                -75.5848496330762,
                -8.94966682191095,
                319.834356266858
              ],
              [
                -75.5854895634096,
                -8.95032279434727,
                320.075756920225
              ],
              [
                -75.5859332734058,
                -8.95071564211076,
                320.558558226958
              ],
              [
                -75.5863563931663,
                -8.95167839434044,
                321.041359533691
              ],
              [
                -75.5865954298035,
                -8.95256053525641,
                321.524160840424
              ],
              [
                -75.5870577586845,
                -8.95305123129467,
                331.046697164217
              ],
              [
                -75.58626116447,
                -8.95558181564618,
                330.73752179493
              ],
              [
                -75.5862468453512,
                -8.95618711542693,
                330.428346425643
              ],
              [
                -75.5865427700332,
                -8.95696463223503,
                329.80999568707
              ],
              [
                -75.5865533944048,
                -8.95752770649104,
                329.500820317783
              ],
              [
                -75.5863006157904,
                -8.95833108869784,
                329.34623263314
              ],
              [
                -75.5861659470015,
                -8.95908987950501,
                329.191644948496
              ],
              [
                -75.5869217132198,
                -8.95996660397682,
                328.88246957921
              ],
              [
                -75.5870838313748,
                -8.96052527354524,
                328.573294209923
              ],
              [
                -75.587788504339,
                -8.96113188953981,
                327.95494347135
              ],
              [
                -75.5880472547446,
                -8.96186442932352,
                327.336592732776
              ],
              [
                -75.5882983019799,
                -8.96255859623169,
                327.297945811615
              ],
              [
                -75.5886244047024,
                -8.96309579923922,
                327.259298890455
              ],
              [
                -75.5888718763654,
                -8.9636346373614,
                327.182005048133
              ],
              [
                -75.5885780462301,
                -8.96461214910741,
                327.104711205811
              ],
              [
                -75.5886731736879,
                -8.96784920654509,
                327.02741736349
              ],
              [
                -75.5898475098069,
                -8.96920903648254,
                326.950123521168
              ],
              [
                -75.5914935971221,
                -8.9704978909779,
                326.872829678846
              ],
              [
                -75.5930649135483,
                -8.97162827592522,
                326.795535836525
              ],
              [
                -75.5944024400925,
                -8.97291234130761,
                326.718241994203
              ],
              [
                -75.595741287402,
                -8.97353979190361,
                326.640948151881
              ],
              [
                -75.5964255569932,
                -8.97395506727733,
                326.60230123072
              ],
              [
                -75.5977343635642,
                -8.97402889848818,
                326.56365430956
              ],
              [
                -75.5988672477544,
                -8.97421015228756,
                326.486360467238
              ],
              [
                -75.5995994967411,
                -8.97430727312114,
                326.409066624916
              ],
              [
                -75.6004054760251,
                -8.97464362888465,
                326.399404894626
              ],
              [
                -75.6009597742672,
                -8.97529375525619,
                326.389743164336
              ],
              [
                -75.6013509236298,
                -8.9758175009361,
                326.380081434046
              ],
              [
                -75.6017109162295,
                -8.97651321864704,
                326.370419703755
              ],
              [
                -75.6015713900579,
                -8.97730971787111,
                326.331772782594
              ],
              [
                -75.6025291237832,
                -8.97860889173609,
                326.254478940273
              ],
              [
                -75.6026965733686,
                -8.97939636021907,
                326.177185097951
              ],
              [
                -75.6031125883185,
                -8.98003977711206,
                326.167523367661
              ],
              [
                -75.6035693701053,
                -8.98072433292362,
                326.157861637371
              ],
              [
                -75.6039910649899,
                -8.98119552942926,
                326.13853817679
              ],
              [
                -75.6045442865633,
                -8.98233844029995,
                326.099891255629
              ],
              [
                -75.6051939565002,
                -8.98411711386328,
                326.38673387312
              ],
              [
                -75.6056083496204,
                -8.98500416054847,
                326.67357649061
              ],
              [
                -75.6063805553033,
                -8.98586817936448,
                327.247261725591
              ],
              [
                -75.6070504194056,
                -8.98641317946895,
                327.534104343081
              ],
              [
                -75.6078622787864,
                -8.98699568057497,
                327.820946960571
              ],
              [
                -75.6082098136525,
                -8.98750216426742,
                328.107789578062
              ],
              [
                -75.6080887843113,
                -8.98828005232639,
                328.394632195552
              ],
              [
                -75.6078140686482,
                -8.9895980547665,
                328.681474813042
              ],
              [
                -75.6077789673187,
                -8.9909236320166,
                328.968317430532
              ],
              [
                -75.6081105453497,
                -8.99139982393531,
                329.111738739278
              ],
              [
                -75.6084432971105,
                -8.99181541523685,
                329.255160048023
              ],
              [
                -75.6088559787201,
                -8.99266960166314,
                329.542002665513
              ],
              [
                -75.60952549052,
                -8.99393516316463,
                330.115687900494
              ],
              [
                -75.6102583093177,
                -8.99503927531033,
                330.689373135474
              ],
              [
                -75.6110188113995,
                -8.99530984647979,
                330.761083789847
              ],
              [
                -75.6113634976709,
                -8.99543102220958,
                330.770047621643
              ],
              [
                -75.6116793253628,
                -8.99573154821666,
                330.77901145344
              ],
              [
                -75.6120259378944,
                -8.99629144119704,
                330.796939117033
              ],
              [
                -75.6123163253059,
                -8.99737225388295,
                330.832794444219
              ],
              [
                -75.6122124616163,
                -8.99839146188968,
                330.904505098592
              ],
              [
                -75.6123775302235,
                -8.99917280334339,
                330.976215752964
              ],
              [
                -75.6124129351068,
                -8.9998211002722,
                331.012071080151
              ],
              [
                -75.6129475469402,
                -9.00054617938931,
                331.047926407337
              ],
              [
                -75.6128203487865,
                -9.00118504483785,
                331.083781734523
              ],
              [
                -75.6126585046015,
                -9.00163552662031,
                331.11963706171
              ],
              [
                -75.6127577971081,
                -9.00185125542961,
                331.128600893506
              ],
              [
                -75.6128568885485,
                -9.00202912506187,
                331.137564725303
              ],
              [
                -75.6133767081776,
                -9.00226370418853,
                331.155492388896
              ],
              [
                -75.6131492897638,
                -9.00285190312903,
                331.191347716082
              ],
              [
                -75.6129275618999,
                -9.00361233503167,
                331.263058370455
              ],
              [
                -75.6129558152383,
                -9.00439032569741,
                331.836743605435
              ],
              [
                -75.6132484953849,
                -9.00508665608468,
                332.123586222926
              ],
              [
                -75.6218452771745,
                -9.01198261951222,
                332.410428840416
              ],
              [
                -75.6169598347513,
                -9.00748755524484,
                332.984114075397
              ],
              [
                -75.6180219522098,
                -9.00863451984412,
                334.131484545358
              ],
              [
                -75.6249355597799,
                -9.01095434532176,
                334.418327162848
              ],
              [
                -75.6215702580781,
                -9.01075217784216,
                334.705169780338
              ],
              [
                -75.6226563816854,
                -9.01092474040185,
                335.278855015319
              ],
              [
                -75.6232175327106,
                -9.0117896842192,
                341.486596048704
              ],
              [
                -75.6237842514657,
                -9.0127508241062,
                347.69433708209
              ],
              [
                -75.6250959369357,
                -9.01310502437508,
                353.902078115475
              ],
              [
                -75.6261779796229,
                -9.0135023287009,
                360.109819148861
              ],
              [
                -75.6270136776158,
                -9.01391099593512,
                372.525301215631
              ],
              [
                -75.6276015546444,
                -9.01385946974269,
                372.549550204043
              ],
              [
                -75.6280857502282,
                -9.01359428216052,
                372.573799192455
              ],
              [
                -75.6288839276989,
                -9.01310925859974,
                372.622297169278
              ],
              [
                -75.6294554592907,
                -9.0134688612137,
                372.634421663484
              ],
              [
                -75.6300615156269,
                -9.01375251158817,
                372.64654615769
              ],
              [
                -75.6309303096151,
                -9.01463891768985,
                372.670795146101
              ],
              [
                -75.631964836065,
                -9.01572991866093,
                372.719293122925
              ],
              [
                -75.6317820398055,
                -9.01617378102546,
                372.913285030218
              ],
              [
                -75.6317227526523,
                -9.0167689505245,
                373.301268844805
              ],
              [
                -75.6318912337039,
                -9.01724437394121,
                373.349766821628
              ],
              [
                -75.6322664158609,
                -9.01742509931135,
                373.398264798451
              ],
              [
                -75.6334716418438,
                -9.01803892141225,
                373.495260752098
              ],
              [
                -75.6351620517838,
                -9.01899385267193,
                373.689252659391
              ],
              [
                -75.6355484591092,
                -9.0198961449567,
                373.883244566684
              ],
              [
                -75.6355247313425,
                -9.02097015452658,
                374.077236473978
              ],
              [
                -75.6362013053549,
                -9.02268220264177,
                374.271228381271
              ],
              [
                -75.6359484414328,
                -9.02436878456834,
                374.368224334918
              ],
              [
                -75.63573424891,
                -9.02526409153078,
                374.416722311741
              ],
              [
                -75.6357131067494,
                -9.02574078949076,
                374.440971300153
              ],
              [
                -75.6354676353522,
                -9.02602391192974,
                374.465220288564
              ],
              [
                -75.6351309323734,
                -9.02639111794514,
                374.489469276976
              ],
              [
                -75.6350125238534,
                -9.02677553100443,
                374.513718265388
              ],
              [
                -75.6351296793228,
                -9.02736003486874,
                374.562216242211
              ],
              [
                -75.6345047879284,
                -9.02783363387334,
                374.610714219034
              ],
              [
                -75.6341485698455,
                -9.02835643979232,
                374.659212195858
              ],
              [
                -75.6334718724466,
                -9.02869542069267,
                374.707710172681
              ],
              [
                -75.6332056697595,
                -9.02878216519765,
                374.719834666887
              ],
              [
                -75.6330465830784,
                -9.02894874033825,
                374.731959161093
              ],
              [
                -75.6328348242434,
                -9.02939265320354,
                374.756208149504
              ],
              [
                -75.6324028934604,
                -9.02984915313462,
                374.804706126328
              ],
              [
                -75.6320472213285,
                -9.03030890560836,
                374.853204103151
              ],
              [
                -75.6314485777252,
                -9.03146948264434,
                375.047196010444
              ],
              [
                -75.6305306239814,
                -9.03187960944204,
                375.241187917737
              ],
              [
                -75.62985939647,
                -9.03265006705026,
                375.629171732324
              ],
              [
                -75.6295246596827,
                -9.03349893283417,
                375.823163639618
              ],
              [
                -75.6263484183301,
                -9.03351292438139,
                376.017155546911
              ],
              [
                -75.6260383211505,
                -9.0355055659219,
                376.405139361497
              ],
              [
                -75.6253355852753,
                -9.03686087592577,
                377.181106990671
              ],
              [
                -75.6247026562715,
                -9.03863208375556,
                377.229604967494
              ],
              [
                -75.6243519649112,
                -9.04002187853127,
                377.278102944317
              ],
              [
                -75.6234396977393,
                -9.04207092136483,
                377.32660092114
              ],
              [
                -75.6222353203635,
                -9.04331671049987,
                377.375098897964
              ],
              [
                -75.6215029437907,
                -9.04422110390435,
                377.569090805257
              ],
              [
                -75.6209380028085,
                -9.04505365850023,
                377.61758878208
              ],
              [
                -75.6211879290228,
                -9.04658181712326,
                377.666086758904
              ],
              [
                -75.6211202848856,
                -9.04779003237344,
                377.76308271255
              ],
              [
                -75.6204219102377,
                -9.04899815223958,
                377.860078666197
              ],
              [
                -75.6198007364632,
                -9.05026403855228,
                377.957074619844
              ],
              [
                -75.6196192076638,
                -9.05169622200294,
                378.34505843443
              ],
              [
                -75.6194113452349,
                -9.05276190416108,
                378.733042249017
              ],
              [
                -75.6192942208292,
                -9.05433936435737,
                380.284977507363
              ],
              [
                -75.6191725092754,
                -9.05500406561417,
                381.836912765709
              ],
              [
                -75.6192220961594,
                -9.05669185943829,
                384.940783282402
              ],
              [
                -75.619134538627,
                -9.05939482412924,
                363.008190796636
              ],
              [
                -75.6174931643949,
                -9.06472502600278,
                341.075598310871
              ],
              [
                -75.617049723315,
                -9.06753738185358,
                387.395391080146
              ],
              [
                -75.6150025160572,
                -9.07088272766567,
                389.360832202093
              ],
              [
                -75.6166201480384,
                -9.07225819165221,
                391.32627332404
              ],
              [
                -75.6191227392177,
                -9.0721541539705,
                392.308993885013
              ],
              [
                -75.6232548699322,
                -9.07301766899067,
                393.291714445987
              ],
              [
                -75.6289046287352,
                -9.07377440188742,
                393.783074726474
              ],
              [
                -75.6345814280904,
                -9.07177508272637,
                394.27443500696
              ],
              [
                -75.6403279850601,
                -9.07023415269701,
                395.257155567934
              ],
              [
                -75.6468201134723,
                -9.06908395200477,
                403.118920055721
              ],
              [
                -75.6548835410675,
                -9.06726272935696,
                418.842449031296
              ],
              [
                -75.6605970452868,
                -9.06566165815237,
                422.903197884002
              ],
              [
                -75.6622865814173,
                -9.06018708749546,
                426.963946736708
              ],
              [
                -75.6644679325861,
                -9.06015742611284,
                431.024695589414
              ],
              [
                -75.6662454725367,
                -9.06079657311208,
                435.08544444212
              ],
              [
                -75.6758511548746,
                -9.06654876091027,
                443.206942147532
              ],
              [
                -75.6759099285687,
                -9.06525604818246,
                451.328439852944
              ],
              [
                -75.6726148795568,
                -9.06615330353148,
                483.814430674591
              ],
              [
                -75.6762436070908,
                -9.0659387681253,
                548.786412317885
              ],
              [
                -75.6786132576888,
                -9.06638749390109,
                613.758393961179
              ],
              [
                -75.6797539919734,
                -9.06824749010488,
                678.730375604473
              ],
              [
                -75.6804449180509,
                -9.0698592268759,
                684.095528300828
              ],
              [
                -75.6810857384539,
                -9.07179128680618,
                689.460680997182
              ],
              [
                -75.6837301956841,
                -9.07311571207805,
                700.190986389892
              ],
              [
                -75.6866269680852,
                -9.07361173139779,
                721.65159717531
              ],
              [
                -75.7027388626162,
                -9.07363627370745,
                764.572818746147
              ],
              [
                -75.6966231567993,
                -9.07309883132942,
                850.41526188782
              ],
              [
                -75.7037962040245,
                -9.08047172936807,
                950.8798801853
              ],
              [
                -75.7048587892541,
                -9.08177828183455,
                954.019399507097
              ],
              [
                -75.7069763867978,
                -9.08393397499444,
                957.158918828893
              ],
              [
                -75.7085430841309,
                -9.08414729597803,
                960.298438150689
              ],
              [
                -75.7092439018076,
                -9.08342233637254,
                963.437957472485
              ],
              [
                -75.7114902588348,
                -9.08150853819109,
                975.99603475967
              ],
              [
                -75.715665401343,
                -9.08155154266661,
                1001.11218933404
              ],
              [
                -75.7175303478685,
                -9.08469684171401,
                1051.34449848278
              ],
              [
                -75.7194990903208,
                -9.08395748000557,
                1063.90257576997
              ],
              [
                -75.721457235154,
                -9.0858097448049,
                1076.46065305715
              ],
              [
                -75.7227672073039,
                -9.0879366363791,
                1089.01873034434
              ],
              [
                -75.7233037833668,
                -9.08931642727751,
                1095.29776898793
              ],
              [
                -75.7246859730126,
                -9.08977401269265,
                1101.57680763152
              ],
              [
                -75.7281781069784,
                -9.0890108559955,
                1151.80911678026
              ],
              [
                -75.7321117750878,
                -9.0905424638519,
                1164.36719406745
              ],
              [
                -75.7348359421968,
                -9.08954682932909,
                1176.92527135463
              ],
              [
                -75.7355935632594,
                -9.0908319528533,
                1202.041425929
              ],
              [
                -75.7384017093584,
                -9.09190427622741,
                1252.27373507774
              ],
              [
                -75.7388277382287,
                -9.09505316258956,
                1255.41325439954
              ],
              [
                -75.7422096691901,
                -9.09825558268215,
                1258.55277372133
              ],
              [
                -75.7438101255699,
                -9.10114612623222,
                1264.83181236493
              ],
              [
                -75.7428078463358,
                -9.10368239850251,
                1277.38988965211
              ],
              [
                -75.7446721559647,
                -9.1060405305893,
                1283.6689282957
              ],
              [
                -75.7454858635211,
                -9.10950843637223,
                1289.9479669393
              ],
              [
                -75.7448601228561,
                -9.11268070856426,
                1302.50604422648
              ],
              [
                -75.7461962773637,
                -9.11445422155367,
                1304.07580388738
              ],
              [
                -75.7469466360388,
                -9.11651700868697,
                1305.64556354828
              ],
              [
                -75.7482289297165,
                -9.1199261165009,
                1308.78508287007
              ],
              [
                -75.747773481267,
                -9.12121094190489,
                1315.06412151367
              ],
              [
                -75.7486920615757,
                -9.12415994640259,
                1327.62219880085
              ],
              [
                -75.7492060870767,
                -9.12548431632997,
                1330.76171812265
              ],
              [
                -75.7483022558832,
                -9.12642794204942,
                1332.33147778355
              ],
              [
                -75.7479980296068,
                -9.12782846036728,
                1333.90123744444
              ],
              [
                -75.7495208292724,
                -9.12854094124208,
                1340.18027608804
              ],
              [
                -75.7486261589836,
                -9.13100063787313,
                1346.45931473163
              ],
              [
                -75.7499842848934,
                -9.13295966750636,
                1349.59883405342
              ],
              [
                -75.7499315066035,
                -9.1345759249913,
                1351.16859371432
              ],
              [
                -75.7502155822906,
                -9.13593241731473,
                1352.73835337522
              ],
              [
                -75.7501728838791,
                -9.1371337154696,
                1402.97066252396
              ],
              [
                -75.7493724401407,
                -9.13786870959383,
                1453.2029716727
              ],
              [
                -75.7492459350428,
                -9.13859697235338,
                1654.13220826766
              ],
              [
                -75.7499901836623,
                -9.13944046063164,
                1668.74057736949
              ],
              [
                -75.7490938367086,
                -9.14251062866021,
                1676.04476192041
              ],
              [
                -75.7483712097586,
                -9.14364681508916,
                1683.34894647133
              ],
              [
                -75.7495553666079,
                -9.14627935034881,
                889.475149324997
              ],
              [
                -75.7487795407686,
                -9.14761913049623,
                872.935628692131
              ],
              [
                -75.7485214670493,
                -9.14986597454746,
                856.396108059265
              ],
              [
                -75.7473744080268,
                -9.15149378311531,
                1010.87006880629
              ],
              [
                -75.7459390768259,
                -9.15160720626671,
                1484.62283923108
              ],
              [
                -75.74561356157,
                -9.15223845776393,
                1492.02522626897
              ],
              [
                -75.7456674204317,
                -9.1535875640367,
                1495.72641978791
              ],
              [
                -75.7458487230895,
                -9.15516009670134,
                1499.42761330685
              ],
              [
                -75.7441818801001,
                -9.15684181890162,
                1503.12880682579
              ],
              [
                -75.7446575414366,
                -9.15885100291113,
                1503.59145601566
              ],
              [
                -75.7437792413813,
                -9.16071613032258,
                1504.05410520553
              ],
              [
                -75.7420639452624,
                -9.16024691437935,
                1504.97940358527
              ],
              [
                -75.7405790848989,
                -9.16112220511778,
                1506.83000034474
              ],
              [
                -75.7404272481139,
                -9.16239581568491,
                1514.23238738263
              ],
              [
                -75.7412401500353,
                -9.16367101112572,
                1543.84193553418
              ],
              [
                -75.7366433167731,
                -9.16318304339318,
                1558.64670960995
              ],
              [
                -75.7361723454787,
                -9.16444869977403,
                1566.04909664784
              ],
              [
                -75.7363679046999,
                -9.16597723242847,
                1573.45148368572
              ],
              [
                -75.7342168392438,
                -9.16561887556983,
                1588.2562577615
              ],
              [
                -75.7331994637861,
                -9.16610266338973,
                1595.65864479939
              ],
              [
                -75.7327401468501,
                -9.16874700293596,
                1599.35983831833
              ],
              [
                -75.7306233305678,
                -9.16839596866924,
                1603.06103183728
              ],
              [
                -75.7298562080838,
                -9.16956443451326,
                1610.46341887516
              ],
              [
                -75.7306212752102,
                -9.17046925614468,
                1617.86580591305
              ],
              [
                -75.7289384346339,
                -9.17212378750701,
                1625.26819295094
              ],
              [
                -75.7283073687009,
                -9.17443446256561,
                1628.96938646988
              ],
              [
                -75.7279412655351,
                -9.17572539144617,
                1630.81998322935
              ],
              [
                -75.7273600518481,
                -9.17668195606764,
                1632.67057998882
              ],
              [
                -75.7282034223254,
                -9.17808659894755,
                1647.4753540646
              ],
              [
                -75.729442562427,
                -9.17914519650712,
                1662.28012814037
              ],
              [
                -75.7284990220427,
                -9.1811106078965,
                1669.68251517826
              ],
              [
                -75.7284978870462,
                -9.18266831897232,
                1677.08490221615
              ],
              [
                -75.729257652007,
                -9.18506301826282,
                1691.88967629192
              ],
              [
                -75.7274271529959,
                -9.18645292374955,
                1699.29206332981
              ],
              [
                -75.7268965758873,
                -9.18730632625243,
                1706.6944503677
              ],
              [
                -75.7291090674021,
                -9.18865007284057,
                1721.49922444347
              ],
              [
                -75.728936651849,
                -9.19023004754601,
                1958.37560965587
              ],
              [
                -75.727258555746,
                -9.19258771131114,
                1954.30252776571
              ],
              [
                -75.7295921758792,
                -9.19396876307431,
                1950.22944587556
              ],
              [
                -75.7274634686704,
                -9.19646220430883,
                1948.19290493048
              ],
              [
                -75.7283826519629,
                -9.19922082071791,
                1947.68376969421
              ],
              [
                -75.7287104305078,
                -9.20128494850393,
                1947.17463445794
              ],
              [
                -75.7269472717949,
                -9.2029536314295,
                1946.66549922167
              ],
              [
                -75.7262984637341,
                -9.20492926290487,
                1946.1563639854
              ],
              [
                -75.7274159887237,
                -9.2061513981399,
                1945.13809351286
              ],
              [
                -75.7271797184843,
                -9.20851608376168,
                1944.11982304032
              ],
              [
                -75.724597417239,
                -9.21209537948033,
                1942.08328209525
              ],
              [
                -75.7261170879322,
                -9.21622431156004,
                1938.01020020509
              ],
              [
                -75.7273281100579,
                -9.2193763287896,
                1933.93711831494
              ],
              [
                -75.7327738346266,
                -9.22083893975261,
                1929.86403642478
              ],
              [
                -75.7335691875769,
                -9.22418973400767,
                1925.79095453463
              ],
              [
                -75.7379432358392,
                -9.22252312884304,
                1917.64479075432
              ],
              [
                -75.73902796868,
                -9.22394973792774,
                1909.49862697401
              ],
              [
                -75.7391437757956,
                -9.22591081915375,
                1908.48035650147
              ],
              [
                -75.7409198966575,
                -9.22861006307043,
                1907.46208602893
              ],
              [
                -75.7419024933542,
                -9.2310152117786,
                1906.44381555639
              ],
              [
                -75.7423480419384,
                -9.23326830707177,
                1905.42554508385
              ],
              [
                -75.7448953051047,
                -9.2333429858979,
                1903.38900413877
              ],
              [
                -75.7468780197335,
                -9.23468771801562,
                1901.3524631937
              ],
              [
                -75.7481990010101,
                -9.23623189430949,
                1897.27938130354
              ],
              [
                -75.749591380665,
                -9.23659148231593,
                1896.261110831
              ],
              [
                -75.7514177191371,
                -9.2352083420742,
                1895.24284035846
              ],
              [
                -75.7547200492138,
                -9.2350050425301,
                1893.20629941339
              ],
              [
                -75.756690142007,
                -9.23461059717853,
                1885.06013563308
              ],
              [
                -75.7579241421088,
                -9.23476440379234,
                1884.04186516054
              ],
              [
                -75.7588382895356,
                -9.23464797357686,
                1883.023594688
              ],
              [
                -75.7599440407577,
                -9.2348146798746,
                1880.98705374292
              ],
              [
                -75.7603826404491,
                -9.23474399754949,
                1876.91397185277
              ],
              [
                -75.7607134226375,
                -9.2342936953471,
                1872.84088996261
              ],
              [
                -75.7612476196787,
                -9.2331571171126,
                1868.76780807246
              ],
              [
                -75.7614202686922,
                -9.23220129678099,
                1864.6947261823
              ],
              [
                -75.761469795554,
                -9.23124851915949,
                1860.62164429215
              ],
              [
                -75.76171916771,
                -9.23071910577274,
                1859.60337381961
              ],
              [
                -75.761900426,
                -9.23015993641349,
                1858.58510334707
              ],
              [
                -75.7623863775608,
                -9.22927408197131,
                1858.52146144253
              ],
              [
                -75.7635187788381,
                -9.22892467182792,
                1858.457819538
              ],
              [
                -75.7648418082292,
                -9.22863131919062,
                1858.39417763347
              ],
              [
                -75.7660005874129,
                -9.22775386249652,
                1858.33053572893
              ],
              [
                -75.7676125782513,
                -9.22674511851015,
                1858.2668938244
              ],
              [
                -75.7684498562665,
                -9.22624657351802,
                1858.23507287213
              ],
              [
                -75.7686426117097,
                -9.22450776780885,
                1858.219162396
              ],
              [
                -75.7690722724572,
                -9.22319585175504,
                1858.20325191987
              ],
              [
                -75.7696650560829,
                -9.22165667974958,
                1858.1714309676
              ],
              [
                -75.7707351507065,
                -9.22145495846875,
                1858.13961001533
              ],
              [
                -75.7713211582639,
                -9.22198131808965,
                1858.0759681108
              ],
              [
                -75.77244962754,
                -9.22211064440105,
                1858.04414715853
              ],
              [
                -75.7728457726299,
                -9.22202522135134,
                1858.03619192046
              ],
              [
                -75.7734408536429,
                -9.22197705083035,
                1858.0282366824
              ],
              [
                -75.7742335965327,
                -9.22199557081042,
                1858.01232620627
              ],
              [
                -75.774737075675,
                -9.22195991552557,
                1858.0043709682
              ],
              [
                -75.7752564010999,
                -9.22258027912531,
                1857.99641573013
              ],
              [
                -75.7752563623159,
                -9.22330034439224,
                1857.980505254
              ],
              [
                -75.7756037262362,
                -9.22355007563656,
                1857.96459477786
              ],
              [
                -75.7761090974926,
                -9.22346320909748,
                1857.94868430173
              ],
              [
                -75.7767013631336,
                -9.22310006108753,
                1857.94072906367
              ],
              [
                -75.7770904497558,
                -9.22283280142453,
                1857.9327738256
              ],
              [
                -75.7777053646291,
                -9.22259398752505,
                1857.91686334947
              ],
              [
                -75.7779420501289,
                -9.22207148308476,
                1857.9089081114
              ],
              [
                -75.7778563106657,
                -9.22165533964804,
                1857.90095287333
              ],
              [
                -75.7786327852158,
                -9.22200656430259,
                1857.8850423972
              ],
              [
                -75.779069673643,
                -9.22189243845273,
                1857.85322144493
              ],
              [
                -75.7795321373938,
                -9.22159845798507,
                1857.84526620687
              ],
              [
                -75.7796225504301,
                -9.22098281376698,
                1857.8373109688
              ],
              [
                -75.7797129270322,
                -9.22033757024069,
                1857.82140049266
              ],
              [
                -75.7800077242268,
                -9.2199133704856,
                1857.80549001653
              ],
              [
                -75.7798918386593,
                -9.21931120868169,
                1857.7895795404
              ],
              [
                -75.7798327026375,
                -9.218687399011,
                1857.75775858813
              ],
              [
                -75.7803338155857,
                -9.21868113315267,
                1857.741848112
              ],
              [
                -75.7808075589409,
                -9.21830835762347,
                1857.72593763586
              ],
              [
                -75.7813699974509,
                -9.21794019834728,
                1857.6941166836
              ],
              [
                -75.7816555142995,
                -9.21718111997997,
                1857.66229573133
              ],
              [
                -75.7817284381994,
                -9.21653405897874,
                1857.63047477906
              ],
              [
                -75.781467126195,
                -9.21609475556485,
                1857.56683287453
              ],
              [
                -75.7810488384801,
                -9.21568593680251,
                1857.55887763646
              ],
              [
                -75.7815140736541,
                -9.2149037050957,
                1857.5509223984
              ],
              [
                -75.7812392081943,
                -9.21439655544759,
                1857.54296716033
              ],
              [
                -75.7814573506806,
                -9.2140651736376,
                1857.5389895413
              ],
              [
                -75.7822232692328,
                -9.21412661688284,
                1857.53501192226
              ],
              [
                -75.7827268710759,
                -9.2139467638274,
                1857.50319097
              ],
              [
                -75.7833537675675,
                -9.21395432814964,
                1857.43954906546
              ],
              [
                -75.7841632864798,
                -9.21389212118097,
                1857.31226525639
              ],
              [
                -75.7846149330799,
                -9.21344860148698,
                1857.05769763826
              ],
              [
                -75.7849203997887,
                -9.21293074206591,
                1857.02587668599
              ],
              [
                -75.7848098750031,
                -9.21196591530217,
                1856.99405573373
              ],
              [
                -75.7845508966359,
                -9.21107809430532,
                1856.93041382919
              ],
              [
                -75.7845760670684,
                -9.21041465874875,
                1856.86677192466
              ],
              [
                -75.7854564959464,
                -9.21004822371649,
                1856.80313002013
              ],
              [
                -75.7859807254513,
                -9.20938689327339,
                1856.78721954399
              ],
              [
                -75.7864455655733,
                -9.20879929643949,
                1856.77130906786
              ],
              [
                -75.7869002947408,
                -9.20828582360891,
                1856.73948811559
              ],
              [
                -75.7879332680249,
                -9.20857756396973,
                1856.67584621106
              ],
              [
                -75.7896714370289,
                -9.2080642428094,
                1856.54856240199
              ],
              [
                -75.7902377637089,
                -9.207412355965,
                1856.29399478386
              ],
              [
                -75.7909078805967,
                -9.20718506713166,
                1856.26217383159
              ],
              [
                -75.7916023390686,
                -9.20705657632689,
                1856.23035287932
              ],
              [
                -75.7918656803724,
                -9.20628051234284,
                1856.16671097479
              ],
              [
                -75.7916629420223,
                -9.20567945063913,
                1856.03942716572
              ],
              [
                -75.7922899923983,
                -9.20567119117187,
                1855.53029192945
              ],
              [
                -75.7928657182463,
                -9.20568379541567,
                1854.51202145691
              ],
              [
                -75.7929675822253,
                -9.20522815192596,
                1853.49375098438
              ],
              [
                -75.7929264723576,
                -9.20478517273638,
                1853.23918336624
              ],
              [
                -75.7932035541558,
                -9.20441377415191,
                1853.11189955717
              ],
              [
                -75.7938085141724,
                -9.20415295442221,
                1852.9846157481
              ],
              [
                -75.7948028942499,
                -9.20351163117197,
                1852.47548051184
              ],
              [
                -75.795940961476,
                -9.20294157412242,
                1850.43893956676
              ],
              [
                -75.7973171766858,
                -9.2031643784399,
                1848.40239862168
              ],
              [
                -75.7981254444309,
                -9.2026505291963,
                1846.3658576766
              ],
              [
                -75.7974243751111,
                -9.20074875450952,
                1844.32931673153
              ],
              [
                -75.795636814795,
                -9.19851654105245,
                1840.25623484137
              ],
              [
                -75.7947180349602,
                -9.1964583790861,
                1838.21969389629
              ],
              [
                -75.7951564247193,
                -9.19304513691892,
                1837.20142342375
              ],
              [
                -75.7934766746734,
                -9.18901963888693,
                1836.18315295122
              ],
              [
                -75.7944282391816,
                -9.18718928798323,
                1835.16488247868
              ],
              [
                -75.7954409730315,
                -9.18492489309024,
                1834.14661200614
              ],
              [
                -75.7965460244477,
                -9.18105722340109,
                1832.11007106106
              ],
              [
                -75.7977731769036,
                -9.17858424215868,
                1830.07353011598
              ],
              [
                -75.7990941623793,
                -9.17329955033082,
                1828.03698917091
              ],
              [
                -75.8002561503146,
                -9.17013005137481,
                1826.00044822583
              ],
              [
                -75.7998944285729,
                -9.16762710214737,
                1824.98217775329
              ],
              [
                -75.8002088696012,
                -9.16540986896823,
                1823.96390728075
              ],
              [
                -75.8004543185694,
                -9.15689639820841,
                1819.8908253906
              ],
              [
                -75.8021441548145,
                -9.15243506655329,
                1817.85428444552
              ],
              [
                -75.8042225378644,
                -9.14902218526489,
                1815.81774350044
              ],
              [
                -75.8062609010967,
                -9.14051514939393,
                1811.74466161029
              ],
              [
                -75.8084487508023,
                -9.13461786679941,
                1807.67157972013
              ],
              [
                -75.8113892550782,
                -9.13238806792218,
                1805.63503877505
              ],
              [
                -75.8144887054181,
                -9.12862949561693,
                1803.59849782998
              ],
              [
                -75.819440517749,
                -9.12181372958684,
                1801.5619568849
              ],
              [
                -75.8214717644691,
                -9.11495521751992,
                1799.52541593982
              ],
              [
                -75.8196330090316,
                -9.10982892099772,
                1795.45233404967
              ],
              [
                -75.8190255306286,
                -9.10625385488042,
                1794.43406357713
              ],
              [
                -75.8190368531452,
                -9.10441515992523,
                1793.41579310459
              ],
              [
                -75.8191184088294,
                -9.1020906154701,
                1792.39752263205
              ],
              [
                -75.8204290011061,
                -9.10054287397085,
                1791.37925215951
              ],
              [
                -75.822264580895,
                -9.09881206593225,
                1789.34271121443
              ],
              [
                -75.8252241153862,
                -9.09158104803674,
                1787.30617026936
              ],
              [
                -75.8322120373978,
                -9.08894168291163,
                1783.2330883792
              ],
              [
                -75.8375259734039,
                -9.08250384137365,
                1779.16000648904
              ],
              [
                -75.8397663035363,
                -9.07270110789105,
                1775.08692459889
              ],
              [
                -75.8384725835057,
                -9.06559994464537,
                1771.01384270873
              ],
              [
                -75.8418675503023,
                -9.05961009663985,
                1766.94076081858
              ],
              [
                -75.8446626544749,
                -9.04969003775398,
                1762.86767892842
              ],
              [
                -75.8536857491703,
                -9.04509192074227,
                1758.79459703827
              ],
              [
                -75.8628569706905,
                -9.03805848583721,
                1754.72151514812
              ],
              [
                -75.8744598390732,
                -9.02388075084331,
                1746.57535136781
              ],
              [
                -75.8769669322514,
                -9.01495134104813,
                1742.50226947765
              ],
              [
                -75.8818819443591,
                -9.00367447425644,
                1738.4291875875
              ],
              [
                -75.8793809184085,
                -8.99598201474625,
                1734.35610569734
              ],
              [
                -75.8783318717128,
                -8.99022677251362,
                1730.28302380718
              ],
              [
                -75.8766397475358,
                -8.98142159069646,
                1726.20994191703
              ],
              [
                -75.8729227486658,
                -8.97871601956081,
                1724.17340097195
              ],
              [
                -75.864720759958,
                -8.97549234715086,
                1722.13686002687
              ],
              [
                -75.8613857558138,
                -8.97302924838787,
                1721.11858955434
              ],
              [
                -75.8621054204927,
                -8.96787209640685,
                1720.1003190818
              ],
              [
                -75.8588052613129,
                -8.96598652934206,
                1718.06377813672
              ],
              [
                -75.855157984888,
                -8.96460364385721,
                1716.02723719164
              ],
              [
                -75.8517381778007,
                -8.96253373326975,
                1713.99069624656
              ],
              [
                -75.8478904711756,
                -8.96102903921675,
                1712.97242577403
              ],
              [
                -75.8445249901683,
                -8.95972317338956,
                1711.95415530149
              ],
              [
                -75.8443292058937,
                -8.95542477101251,
                1709.91761435641
              ],
              [
                -75.844930568267,
                -8.95389627723281,
                1709.40847912014
              ],
              [
                -75.8456277262421,
                -8.95249183826182,
                1708.89934388387
              ],
              [
                -75.8462039741904,
                -8.95073788242082,
                1708.3902086476
              ],
              [
                -75.846735359878,
                -8.94829289223604,
                1707.88107341133
              ],
              [
                -75.846685173759,
                -8.94629972906204,
                1706.86280293879
              ],
              [
                -75.8463042288271,
                -8.9445779924464,
                1705.84453246625
              ],
              [
                -75.8422351166915,
                -8.94382231277032,
                1705.58996484812
              ],
              [
                -75.8384806421767,
                -8.9426064755095,
                1705.33539722998
              ],
              [
                -75.8341055760337,
                -8.94194322287277,
                1705.08082961185
              ],
              [
                -75.8323080802739,
                -8.94141393972869,
                1704.82626199372
              ],
              [
                -75.8303058162209,
                -8.9409922996283,
                1704.31712675745
              ],
              [
                -75.8286275939622,
                -8.94077658153927,
                1703.80799152118
              ],
              [
                -75.8265606923471,
                -8.94092720443066,
                1701.7714505761
              ],
              [
                -75.8246834773117,
                -8.94094941446503,
                1700.75318010356
              ],
              [
                -75.8214992641339,
                -8.94131532965067,
                1700.24404486729
              ],
              [
                -75.818951307054,
                -8.94207346934732,
                1699.73490963102
              ],
              [
                -75.8183816751993,
                -8.9421957036863,
                1698.71663915848
              ],
              [
                -75.8172014730628,
                -8.94354933023058,
                1698.20750392221
              ],
              [
                -75.8162218540089,
                -8.94397622309132,
                1697.69836868595
              ]
            ]
          ]
        ],
        "type": "MultiPolygon"
      },
      "type": "Feature",
      "properties": {
        "PROVINCIA": "PADRE ABAD",
        "DISTRITO": "BOQUERON",
        "name": "BOQUERON",
        "ID": "250206",
        "DEPARTAMEN": "UCAYALI"
      },
      "id": "250206"
    }
  ]
}
