{
  "type": "FeatureCollection",
  "features": [
    {
      "geometry": {
        "coordinates": [
          [
            [
              [
                -75.5015042733042,
                -8.90550783249207,
                270.243840695542
              ],
              [
                -75.5004245312028,
                -8.90313896370725,
                270.610112943297
              ],
              [
                -75.4986309735098,
                -8.90214301395149,
                270.976385191052
              ],
              [
                -75.4962876015564,
                -8.89788489820083,
                271.708929686563
              ],
              [
                -75.4974091318004,
                -8.89386201151592,
                272.075201934318
              ],
              [
                -75.4995055225663,
                -8.89059915254419,
                272.441474182074
              ],
              [
                -75.5015914838616,
                -8.88763980507249,
                272.807746429829
              ],
              [
                -75.5038460738481,
                -8.88455252610153,
                273.174018677584
              ],
              [
                -75.4999037117391,
                -8.87946791809563,
                274.639107668606
              ],
              [
                -75.500660403374,
                -8.87356183908585,
                275.371652164116
              ],
              [
                -75.504842198357,
                -8.87089169816742,
                275.737924411872
              ],
              [
                -75.513315704903,
                -8.87205232152418,
                275.921060535749
              ],
              [
                -75.518709169399,
                -8.87253610473405,
                276.012628597688
              ],
              [
                -75.5225901495768,
                -8.87006393029799,
                276.058412628658
              ],
              [
                -75.5243674361137,
                -8.86651547995042,
                276.0698586364
              ],
              [
                -75.5229696729162,
                -8.86366277492616,
                276.075581640271
              ],
              [
                -75.52057564374,
                -8.86229037373748,
                276.081304644142
              ],
              [
                -75.5163889155441,
                -8.86348287241391,
                276.092750651885
              ],
              [
                -75.5139908123773,
                -8.86408017882793,
                276.098473655756
              ],
              [
                -75.5114557868458,
                -8.86250096433462,
                276.104196659627
              ],
              [
                -75.5108091984576,
                -8.860444709079,
                275.499357515169
              ],
              [
                -75.5112078876463,
                -8.85837660660169,
                274.894518370711
              ],
              [
                -75.5142895820357,
                -8.85354631452165,
                273.684840081795
              ],
              [
                -75.5187419317054,
                -8.84802962257536,
                271.265483503963
              ],
              [
                -75.5192545495797,
                -8.84738845425057,
                270.963063931734
              ],
              [
                -75.5194262123654,
                -8.84657479718053,
                270.660644359505
              ],
              [
                -75.5192806543851,
                -8.84481161823685,
                270.055805215047
              ],
              [
                -75.5182731395218,
                -8.84284931689994,
                269.450966070589
              ],
              [
                -75.5180899242911,
                -8.84045048605854,
                268.846126926131
              ],
              [
                -75.5187279499944,
                -8.83840871397997,
                268.241287781673
              ],
              [
                -75.5201108274688,
                -8.83653795665713,
                267.636448637215
              ],
              [
                -75.5219124902678,
                -8.83495145357737,
                267.031609492757
              ],
              [
                -75.5238756951038,
                -8.83381252463246,
                266.426770348299
              ],
              [
                -75.5248747124132,
                -8.83367057952769,
                266.275560562185
              ],
              [
                -75.5260127094748,
                -8.83328540910823,
                266.12435077607
              ],
              [
                -75.5275115418651,
                -8.83224483049312,
                265.821931203841
              ],
              [
                -75.5285005616603,
                -8.83066473663679,
                265.519511631612
              ],
              [
                -75.5287281051089,
                -8.82979881860081,
                265.368301845498
              ],
              [
                -75.5286389664001,
                -8.8291395384693,
                265.217092059383
              ],
              [
                -75.5281649711538,
                -8.82814361003666,
                264.914672487154
              ],
              [
                -75.5275180174203,
                -8.82676607728623,
                264.612252914925
              ],
              [
                -75.5273972447426,
                -8.82487443368148,
                264.309833342696
              ],
              [
                -75.5274515184804,
                -8.82376628822391,
                264.158623556582
              ],
              [
                -75.5279574460313,
                -8.82302941816632,
                264.007413770467
              ],
              [
                -75.5281581007314,
                -8.8221054022373,
                263.856203984352
              ],
              [
                -75.5288784835768,
                -8.82132627038682,
                263.704994198238
              ],
              [
                -75.531464346205,
                -8.8209117817565,
                263.402574626009
              ],
              [
                -75.5333663946306,
                -8.82025970810838,
                263.10015505378
              ],
              [
                -75.5351640124217,
                -8.81919686353586,
                262.797735481551
              ],
              [
                -75.5363587566322,
                -8.81693143105224,
                261.588057192635
              ],
              [
                -75.5361394150497,
                -8.81444238669398,
                260.378378903719
              ],
              [
                -75.5350914758809,
                -8.81248801179483,
                259.168700614803
              ],
              [
                -75.5350467959678,
                -8.80831542066509,
                258.563861470345
              ],
              [
                -75.5356559754499,
                -8.80396204011197,
                257.959022325887
              ],
              [
                -75.5348169118451,
                -8.80128668178756,
                257.354183181429
              ],
              [
                -75.5316233756212,
                -8.7993956823868,
                256.749344036971
              ],
              [
                -75.5305652033774,
                -8.79869142239647,
                256.81000419796
              ],
              [
                -75.5295793940367,
                -8.7975669115693,
                256.87066435895
              ],
              [
                -75.5293444721176,
                -8.79572090770257,
                256.991984680929
              ],
              [
                -75.5276640910393,
                -8.79289878017382,
                257.234625324886
              ],
              [
                -75.5261132647339,
                -8.7899788808484,
                257.477265968844
              ],
              [
                -75.5232325507341,
                -8.78942742101456,
                257.598586290823
              ],
              [
                -75.5217061889842,
                -8.78921217445368,
                257.659246451812
              ],
              [
                -75.520077448545,
                -8.78983600603115,
                257.719906612801
              ],
              [
                -75.5191484254693,
                -8.79034284477181,
                258.021768663388
              ],
              [
                -75.5180309884768,
                -8.79018949394588,
                258.323630713974
              ],
              [
                -75.5180058411676,
                -8.79076304036881,
                258.62549276456
              ],
              [
                -75.5183849257639,
                -8.79133237273582,
                258.927354815146
              ],
              [
                -75.5186785371786,
                -8.79189800069777,
                259.531078916319
              ],
              [
                -75.5187455468071,
                -8.79250995324309,
                260.134803017491
              ],
              [
                -75.5176828167789,
                -8.79296206673871,
                261.342251219837
              ],
              [
                -75.5151743173738,
                -8.79336031120522,
                261.945975321009
              ],
              [
                -75.5138695300706,
                -8.79362167013585,
                262.247837371595
              ],
              [
                -75.5125843370026,
                -8.79422696842799,
                262.549699422182
              ],
              [
                -75.5111221065468,
                -8.79406133687395,
                263.757147624527
              ],
              [
                -75.5098756877242,
                -8.79383689570047,
                264.360871725699
              ],
              [
                -75.508649471861,
                -8.79334696868298,
                264.964595826872
              ],
              [
                -75.5075946794339,
                -8.79330078433187,
                265.568319928044
              ],
              [
                -75.5064919506101,
                -8.79364350170952,
                266.172044029217
              ],
              [
                -75.5054825943316,
                -8.79446986185197,
                266.775768130389
              ],
              [
                -75.5042580841946,
                -8.79506765331841,
                267.379492231562
              ],
              [
                -75.502174495823,
                -8.79493714194823,
                269.794388636252
              ],
              [
                -75.5005032975106,
                -8.79535642857682,
                271.001836838597
              ],
              [
                -75.4990412975585,
                -8.79487688555056,
                272.209285040942
              ],
              [
                -75.4960100198715,
                -8.79381586800172,
                274.624181445632
              ],
              [
                -75.4936392110558,
                -8.79282209854246,
                277.039077850322
              ],
              [
                -75.4933856459308,
                -8.79351537143988,
                278.246526052667
              ],
              [
                -75.4930782221015,
                -8.79463425663007,
                279.453974255012
              ],
              [
                -75.4922009549494,
                -8.79646175634547,
                281.868870659702
              ],
              [
                -75.4922075444757,
                -8.79790854511207,
                283.076318862047
              ],
              [
                -75.4922179436955,
                -8.79857351269761,
                283.680042963219
              ],
              [
                -75.4919665844173,
                -8.79927707788319,
                284.283767064392
              ],
              [
                -75.4914954625799,
                -8.7998810985945,
                285.491215266737
              ],
              [
                -75.4906596441574,
                -8.80024035158147,
                286.698663469082
              ],
              [
                -75.4878823950081,
                -8.8017974697531,
                289.113559873772
              ],
              [
                -75.48637759373,
                -8.80209088286069,
                290.321008076117
              ],
              [
                -75.4856731347475,
                -8.80230907375714,
                290.92473217729
              ],
              [
                -75.4846613013376,
                -8.80236081813373,
                291.528456278462
              ],
              [
                -75.4832183393654,
                -8.80324445792642,
                292.735904480807
              ],
              [
                -75.4814650331451,
                -8.80335041301916,
                293.943352683152
              ],
              [
                -75.4777107353679,
                -8.80382022481854,
                296.358249087842
              ],
              [
                -75.4775292453618,
                -8.80366333289575,
                295.026807822323
              ],
              [
                -75.4773015983451,
                -8.80359057154512,
                294.361087189564
              ],
              [
                -75.4771870911947,
                -8.8033435625391,
                293.695366556804
              ],
              [
                -75.4770925816768,
                -8.8030651385581,
                293.029645924044
              ],
              [
                -75.4770887101373,
                -8.80278168437119,
                292.363925291285
              ],
              [
                -75.4770739363971,
                -8.80260887870401,
                292.031064974905
              ],
              [
                -75.4770236125422,
                -8.80246177220997,
                291.698204658526
              ],
              [
                -75.476843187921,
                -8.80216634999594,
                291.032484025766
              ],
              [
                -75.4766747748671,
                -8.80194899239656,
                290.866053867576
              ],
              [
                -75.4765111489871,
                -8.80179775079826,
                290.699623709386
              ],
              [
                -75.476146024038,
                -8.8015469387932,
                290.366763393006
              ],
              [
                -75.4758040417647,
                -8.80152604881733,
                290.283548313912
              ],
              [
                -75.4755008829104,
                -8.80159421920272,
                290.241940774364
              ],
              [
                -75.4751729000884,
                -8.8015395925951,
                290.200333234817
              ],
              [
                -75.4751497942332,
                -8.80132829178572,
                290.158725695269
              ],
              [
                -75.475160148377,
                -8.80107138209254,
                290.117118155722
              ],
              [
                -75.4752248567957,
                -8.80058440388347,
                290.033903076627
              ],
              [
                -75.4751254699753,
                -8.80041938169285,
                289.992295537079
              ],
              [
                -75.4749858730935,
                -8.80032570840155,
                289.950687997532
              ],
              [
                -75.4747008986936,
                -8.80017052614117,
                289.867472918437
              ],
              [
                -75.4743621451991,
                -8.79973926577524,
                289.701042760247
              ],
              [
                -75.4738437889398,
                -8.79971644156949,
                289.368182443867
              ],
              [
                -75.473558910483,
                -8.79968424061166,
                289.284967364772
              ],
              [
                -75.473332130047,
                -8.79952528259903,
                289.243359825225
              ],
              [
                -75.4732254122452,
                -8.79922446078856,
                289.201752285677
              ],
              [
                -75.4733924215517,
                -8.79888767052718,
                289.118537206582
              ],
              [
                -75.4733576832886,
                -8.79860603211606,
                289.076929667035
              ],
              [
                -75.4732619068146,
                -8.79844096309993,
                289.035322127487
              ],
              [
                -75.4730627342973,
                -8.79805781068743,
                288.868891969298
              ],
              [
                -75.4728283419181,
                -8.7976695776741,
                288.702461811108
              ],
              [
                -75.472548614577,
                -8.79734974745331,
                288.536031652918
              ],
              [
                -75.4721823643075,
                -8.79707801453917,
                288.369601494728
              ],
              [
                -75.4721516228043,
                -8.79638886581217,
                288.036741178348
              ],
              [
                -75.4718954177081,
                -8.79579006547649,
                287.703880861968
              ],
              [
                -75.4717575927881,
                -8.79552945001193,
                287.537450703778
              ],
              [
                -75.4714849592608,
                -8.79536450749406,
                287.371020545589
              ],
              [
                -75.4712727424007,
                -8.79522547239972,
                287.204590387399
              ],
              [
                -75.4712555148641,
                -8.79497120618838,
                287.121375308304
              ],
              [
                -75.4713686393972,
                -8.79473086611101,
                287.079767768756
              ],
              [
                -75.4714337651534,
                -8.79433243078532,
                287.038160229209
              ],
              [
                -75.4713817291921,
                -8.79393630236831,
                286.705299912829
              ],
              [
                -75.4714425660163,
                -8.79342689418131,
                286.538869754639
              ],
              [
                -75.4714495385143,
                -8.79311820262243,
                286.455654675544
              ],
              [
                -75.4713968131347,
                -8.79283881841362,
                286.372439596449
              ],
              [
                -75.4715486656045,
                -8.79253919225738,
                286.206009438259
              ],
              [
                -75.4717139576461,
                -8.79224473262639,
                286.03957928007
              ],
              [
                -75.4717675244818,
                -8.79180685637325,
                285.87314912188
              ],
              [
                -75.4714830831745,
                -8.79140559516119,
                285.70671896369
              ],
              [
                -75.4672879246361,
                -8.77886031820341,
                280.475165092465
              ],
              [
                -75.4665993558458,
                -8.77861630312815,
                280.434293577846
              ],
              [
                -75.4654648435159,
                -8.77928718340667,
                280.393422063227
              ],
              [
                -75.4640427753064,
                -8.77903183663671,
                280.352550548608
              ],
              [
                -75.462935698474,
                -8.77936702740651,
                280.342332669954
              ],
              [
                -75.4624260893696,
                -8.7798212896552,
                280.332114791299
              ],
              [
                -75.4618629400445,
                -8.77997132234148,
                280.321896912644
              ],
              [
                -75.4612942729252,
                -8.78039432732391,
                280.316787973317
              ],
              [
                -75.4607775105126,
                -8.78050921155332,
                280.311679033989
              ],
              [
                -75.4592340960591,
                -8.78111806082519,
                280.29124327668
              ],
              [
                -75.4585554590944,
                -8.78170620954501,
                280.270807519371
              ],
              [
                -75.4577069430553,
                -8.78158980809894,
                280.260589640716
              ],
              [
                -75.4572121131782,
                -8.78120318839689,
                280.255480701388
              ],
              [
                -75.457000057511,
                -8.78031401078555,
                280.250371762061
              ],
              [
                -75.4575688637414,
                -8.7795928281329,
                280.240153883406
              ],
              [
                -75.457631633145,
                -8.77900152069021,
                280.235044944079
              ],
              [
                -75.4575927135358,
                -8.77856330912509,
                280.229936004752
              ],
              [
                -75.4583421423346,
                -8.77829715627336,
                280.224827065424
              ],
              [
                -75.4589687233409,
                -8.7777419379882,
                280.219718126097
              ],
              [
                -75.4589505952075,
                -8.7772616496353,
                280.21460918677
              ],
              [
                -75.4586797477249,
                -8.77685204285288,
                280.209500247442
              ],
              [
                -75.4580644998157,
                -8.77635483630844,
                280.189064490133
              ],
              [
                -75.457851644994,
                -8.77543269765498,
                280.168628732823
              ],
              [
                -75.457060243763,
                -8.7750070028009,
                280.148192975514
              ],
              [
                -75.4568672166883,
                -8.77439138209866,
                280.107321460895
              ],
              [
                -75.4565227502808,
                -8.77406468893427,
                280.086885703585
              ],
              [
                -75.4564307079713,
                -8.7736963513065,
                280.066449946276
              ],
              [
                -75.4556340697158,
                -8.77323546349728,
                279.984706917038
              ],
              [
                -75.4557387668835,
                -8.77197834295861,
                279.943835402419
              ],
              [
                -75.4561823606455,
                -8.77086409250061,
                279.9029638878
              ],
              [
                -75.4560895632639,
                -8.76994205164036,
                279.862092373181
              ],
              [
                -75.4563540165936,
                -8.76929120643361,
                279.841656615872
              ],
              [
                -75.4561211589022,
                -8.76889827811623,
                279.831438737217
              ],
              [
                -75.4557813915572,
                -8.7687151808499,
                279.821220858562
              ],
              [
                -75.4552146450796,
                -8.76846334092118,
                279.780349343943
              ],
              [
                -75.4547567109325,
                -8.76871288306841,
                279.770131465289
              ],
              [
                -75.4541160026805,
                -8.7687580536912,
                279.759913586634
              ],
              [
                -75.453557479004,
                -8.76915055761333,
                279.739477829324
              ],
              [
                -75.4529520237555,
                -8.76997490022578,
                279.698606314705
              ],
              [
                -75.4521947130946,
                -8.76950878004619,
                279.678170557396
              ],
              [
                -75.4517891092357,
                -8.7695387661171,
                279.667952678741
              ],
              [
                -75.4510867858317,
                -8.76910478989604,
                279.657734800086
              ],
              [
                -75.4501272243326,
                -8.76961700123486,
                279.575991770848
              ],
              [
                -75.4497460760962,
                -8.77035914367484,
                279.53512025623
              ],
              [
                -75.4494653081248,
                -8.7707532007074,
                279.51468449892
              ],
              [
                -75.4492171907599,
                -8.77085149737199,
                279.494248741611
              ],
              [
                -75.4488526354584,
                -8.77048014003639,
                279.473812984301
              ],
              [
                -75.4485377136663,
                -8.77032230683144,
                279.463595105646
              ],
              [
                -75.4483871765584,
                -8.77011257495439,
                279.453377226992
              ],
              [
                -75.4479684947532,
                -8.76966020519824,
                279.432941469682
              ],
              [
                -75.4477284857449,
                -8.76910050289447,
                279.412505712373
              ],
              [
                -75.4472286751919,
                -8.76858665124344,
                279.371634197754
              ],
              [
                -75.4472582673972,
                -8.76779634845408,
                279.351198440444
              ],
              [
                -75.4471798333454,
                -8.76700934457267,
                279.330762683135
              ],
              [
                -75.446776555802,
                -8.76681992617567,
                279.325653743807
              ],
              [
                -75.4464092277299,
                -8.76692026104328,
                279.32054480448
              ],
              [
                -75.4458068981446,
                -8.76664374580002,
                279.310326925825
              ],
              [
                -75.4453236887435,
                -8.76593553294019,
                279.300109047171
              ],
              [
                -75.4448168057607,
                -8.76561539732909,
                279.295000107843
              ],
              [
                -75.4444456734107,
                -8.76520390659908,
                279.289891168516
              ],
              [
                -75.4431365702083,
                -8.76464268288306,
                279.279673289861
              ],
              [
                -75.4425344616505,
                -8.76420372464494,
                279.274564350534
              ],
              [
                -75.4422707505391,
                -8.76372347000432,
                279.27200988087
              ],
              [
                -75.4416689021272,
                -8.76332292144619,
                279.269455411207
              ],
              [
                -75.442585074532,
                -8.76226697290717,
                279.259237532552
              ],
              [
                -75.4421072481237,
                -8.76112407436923,
                279.249019653897
              ],
              [
                -75.4409836132955,
                -8.76105490121444,
                279.228583896588
              ],
              [
                -75.440153830618,
                -8.76072422557905,
                279.218366017933
              ],
              [
                -75.4394331937993,
                -8.76103940994403,
                279.215811548269
              ],
              [
                -75.4385960622084,
                -8.76106667892232,
                279.213257078606
              ],
              [
                -75.4372598494074,
                -8.7615503095596,
                279.210702608942
              ],
              [
                -75.4372749576433,
                -8.76194695298109,
                279.20942537411
              ],
              [
                -75.4370695911404,
                -8.76228251344708,
                279.208148139278
              ],
              [
                -75.4368826711519,
                -8.76233919425666,
                279.206870904446
              ],
              [
                -75.4366600774856,
                -8.76207161466477,
                279.205593669614
              ],
              [
                -75.4364632479694,
                -8.76168742989626,
                279.203039199951
              ],
              [
                -75.4363124515195,
                -8.76081238520033,
                279.197930260623
              ],
              [
                -75.4359260096859,
                -8.76061291279513,
                279.19537579096
              ],
              [
                -75.4356484847013,
                -8.76070537126106,
                279.194098556128
              ],
              [
                -75.4353393214983,
                -8.76065223475813,
                279.192821321296
              ],
              [
                -75.435618889882,
                -8.75930899629681,
                279.187712381969
              ],
              [
                -75.4351988204652,
                -8.75899746968801,
                279.182603442641
              ],
              [
                -75.4352694440822,
                -8.75756040276696,
                279.177494503314
              ],
              [
                -75.4354348963042,
                -8.75671453680018,
                279.172385563987
              ],
              [
                -75.4352627242874,
                -8.75616373412012,
                279.167276624659
              ],
              [
                -75.4346876818784,
                -8.75598757707979,
                279.003790566183
              ],
              [
                -75.4344812796465,
                -8.75546697247973,
                278.922047536946
              ],
              [
                -75.4345017150017,
                -8.75493649699754,
                278.840304507708
              ],
              [
                -75.4346473892978,
                -8.75443171094437,
                278.75856147847
              ],
              [
                -75.4348603358579,
                -8.7539592566348,
                278.676818449232
              ],
              [
                -75.4348963411402,
                -8.75343807174386,
                278.513332390756
              ],
              [
                -75.4348991727555,
                -8.75288417439683,
                278.34984633228
              ],
              [
                -75.4346871248547,
                -8.752217015783,
                278.186360273805
              ],
              [
                -75.4344269196423,
                -8.75161691554598,
                278.022874215329
              ],
              [
                -75.4342667665928,
                -8.75092417970374,
                277.859388156853
              ],
              [
                -75.4341255435421,
                -8.75043985024636,
                277.695902098377
              ],
              [
                -75.4340710013941,
                -8.7501486577287,
                277.614159069139
              ],
              [
                -75.4341163576612,
                -8.74986177255125,
                277.532416039901
              ],
              [
                -75.4342354606406,
                -8.74957842681222,
                277.368929981426
              ],
              [
                -75.4340536849482,
                -8.74929269016084,
                277.287186952188
              ],
              [
                -75.4340557128385,
                -8.74903895904149,
                277.246315437569
              ],
              [
                -75.4340917009832,
                -8.74884312984514,
                277.20544392295
              ],
              [
                -75.4338528840608,
                -8.74872006496227,
                277.164572408331
              ],
              [
                -75.4334623165551,
                -8.74878159531927,
                277.123700893712
              ],
              [
                -75.4333355042802,
                -8.74844507565008,
                277.082829379093
              ],
              [
                -75.4327351515003,
                -8.74816211026581,
                277.041957864474
              ],
              [
                -75.4319401124171,
                -8.74776398302899,
                276.960214835236
              ],
              [
                -75.431362515875,
                -8.74714468655643,
                276.878471805999
              ],
              [
                -75.4307980828284,
                -8.74662008812641,
                276.796728776761
              ],
              [
                -75.4307713758796,
                -8.74569544242152,
                276.714985747523
              ],
              [
                -75.4310422614121,
                -8.7447591929892,
                276.633242718285
              ],
              [
                -75.430857652131,
                -8.74407694387115,
                276.551499689047
              ],
              [
                -75.4302185247306,
                -8.74387997620983,
                276.469756659809
              ],
              [
                -75.4295850624843,
                -8.74275084613938,
                276.388013630571
              ],
              [
                -75.4290374122418,
                -8.74225453343138,
                276.367577873262
              ],
              [
                -75.4291420618707,
                -8.74175393899993,
                276.347142115952
              ],
              [
                -75.4294314038638,
                -8.74141930139709,
                276.306270601333
              ],
              [
                -75.4289924219665,
                -8.74109015404133,
                276.265399086714
              ],
              [
                -75.4287011780518,
                -8.74085928981248,
                276.244963329405
              ],
              [
                -75.4292322970191,
                -8.74059575384462,
                276.224527572095
              ],
              [
                -75.4284556661458,
                -8.74011236414345,
                276.183656057476
              ],
              [
                -75.4276667565288,
                -8.73947131799122,
                276.142784542857
              ],
              [
                -75.4281480901781,
                -8.73875112559121,
                276.101913028239
              ],
              [
                -75.4278145479111,
                -8.73792843629761,
                276.06104151362
              ],
              [
                -75.4284197526597,
                -8.73683669487635,
                275.979298484382
              ],
              [
                -75.4285292134485,
                -8.73613636025476,
                275.938426969763
              ],
              [
                -75.4282674708634,
                -8.73560825153758,
                275.897555455144
              ],
              [
                -75.4265886507922,
                -8.73526765421837,
                275.570583338192
              ],
              [
                -75.4258944740248,
                -8.7342371492244,
                275.243611221241
              ],
              [
                -75.4332307902659,
                -8.72731597196755,
                273.935722753435
              ],
              [
                -75.432550906817,
                -8.72065339262594,
                272.627834285629
              ],
              [
                -75.432683027834,
                -8.72024228653799,
                272.617616406974
              ],
              [
                -75.4327133365426,
                -8.71984240188715,
                272.607398528319
              ],
              [
                -75.4322738178822,
                -8.7193741505879,
                272.58696277101
              ],
              [
                -75.4321249017105,
                -8.71915842162626,
                272.5665270137
              ],
              [
                -75.4319878685564,
                -8.71881889718722,
                272.546091256391
              ],
              [
                -75.4315238273728,
                -8.7183730184672,
                272.525655499081
              ],
              [
                -75.4309936651736,
                -8.7182146526176,
                272.505219741772
              ],
              [
                -75.4304180816682,
                -8.71833282255142,
                272.484783984462
              ],
              [
                -75.4298374434714,
                -8.71831033388418,
                272.464348227153
              ],
              [
                -75.4293768159421,
                -8.71762814221319,
                272.423476712534
              ],
              [
                -75.4288263444253,
                -8.71638635380317,
                272.382605197915
              ],
              [
                -75.428548806985,
                -8.71621877082926,
                272.37238731926
              ],
              [
                -75.4282785263056,
                -8.71622264777778,
                272.362169440605
              ],
              [
                -75.4279855873676,
                -8.71573806875729,
                272.341733683296
              ],
              [
                -75.427787567452,
                -8.71489316937993,
                272.300862168677
              ],
              [
                -75.4328417476887,
                -8.71285275174591,
                271.973890051725
              ],
              [
                -75.4373360164441,
                -8.71173388967835,
                271.646917934774
              ],
              [
                -75.4391002526196,
                -8.71137616845322,
                271.636700056119
              ],
              [
                -75.4414454990593,
                -8.70926358417066,
                271.631591116792
              ],
              [
                -75.4416370291016,
                -8.70666295273009,
                271.626482177464
              ],
              [
                -75.440568492158,
                -8.70526112280084,
                271.61626429881
              ],
              [
                -75.4399814154502,
                -8.70472194094819,
                271.606046420155
              ],
              [
                -75.4391932258303,
                -8.70420628590917,
                271.5958285415
              ],
              [
                -75.4379886394757,
                -8.70354773747083,
                271.585610662845
              ],
              [
                -75.4365620652171,
                -8.70271960559859,
                271.565174905536
              ],
              [
                -75.4358602873508,
                -8.7018341778947,
                271.524303390917
              ],
              [
                -75.4352096497969,
                -8.70122424589375,
                271.483431876298
              ],
              [
                -75.4347104467754,
                -8.69990788992963,
                271.462996118989
              ],
              [
                -75.4359550240014,
                -8.6974637846149,
                271.442560361679
              ],
              [
                -75.434520373263,
                -8.69618784826533,
                271.40168884706
              ],
              [
                -75.4338176407087,
                -8.69312119552495,
                271.360817332441
              ],
              [
                -75.4309978444181,
                -8.69108897927473,
                271.319945817822
              ],
              [
                -75.4319396485132,
                -8.69062100592356,
                271.309727939168
              ],
              [
                -75.432240220321,
                -8.69018317037054,
                271.299510060513
              ],
              [
                -75.4321890695521,
                -8.68977759196587,
                271.289292181858
              ],
              [
                -75.4319214566228,
                -8.68889391742262,
                271.279074303203
              ],
              [
                -75.4318987132112,
                -8.68837316769403,
                271.238202788584
              ],
              [
                -75.4318828033159,
                -8.68810594051213,
                271.156459759346
              ],
              [
                -75.4318604851886,
                -8.68777371501244,
                271.115588244728
              ],
              [
                -75.4321436919802,
                -8.68752632224089,
                271.095152487418
              ],
              [
                -75.4323604337156,
                -8.68719173656757,
                271.074716730109
              ],
              [
                -75.4324412452116,
                -8.68682858673546,
                271.069607790781
              ],
              [
                -75.4326514854801,
                -8.6864957231436,
                271.064498851454
              ],
              [
                -75.4327738276512,
                -8.68617317137537,
                271.054280972799
              ],
              [
                -75.4328355403512,
                -8.68577296786908,
                271.049172033472
              ],
              [
                -75.4331004592563,
                -8.68546320104131,
                271.044063094144
              ],
              [
                -75.4333624212183,
                -8.68522706009458,
                271.03384521549
              ],
              [
                -75.4338341272352,
                -8.68488427935305,
                271.028736276162
              ],
              [
                -75.4340321308973,
                -8.68443987728935,
                271.023627336835
              ],
              [
                -75.4339312005849,
                -8.68363235345693,
                271.01340945818
              ],
              [
                -75.4337526262793,
                -8.68296315245476,
                271.003191579525
              ],
              [
                -75.4337803453718,
                -8.68249808445281,
                270.992973700871
              ],
              [
                -75.4339120722402,
                -8.68195349742039,
                270.911230671633
              ],
              [
                -75.4343099008522,
                -8.68149345926989,
                270.829487642395
              ],
              [
                -75.4346020956389,
                -8.68107278263906,
                270.666001583919
              ],
              [
                -75.4349612992011,
                -8.68056778628224,
                270.664724349088
              ],
              [
                -75.4352538594442,
                -8.67996617412636,
                270.664085731672
              ],
              [
                -75.4355243123366,
                -8.6794108914225,
                270.663447114256
              ],
              [
                -75.4358046156136,
                -8.67903648297013,
                270.662169879424
              ],
              [
                -75.4362838873101,
                -8.67859054820046,
                270.660892644592
              ],
              [
                -75.4366429717824,
                -8.67822932998478,
                270.658338174928
              ],
              [
                -75.4369766541818,
                -8.67800686104819,
                270.655783705265
              ],
              [
                -75.4372475096558,
                -8.67766925017815,
                270.650674765937
              ],
              [
                -75.4374796002651,
                -8.67738105372224,
                270.64556582661
              ],
              [
                -75.4375589357808,
                -8.67715466134544,
                270.640456887282
              ],
              [
                -75.4378283006021,
                -8.67687723988359,
                270.635347947955
              ],
              [
                -75.4381503829503,
                -8.67653671841601,
                270.6251300693
              ],
              [
                -75.4383071687742,
                -8.67620699316515,
                270.604694311991
              ],
              [
                -75.4384640943037,
                -8.6759967867613,
                270.584258554681
              ],
              [
                -75.438665468384,
                -8.67585789994932,
                270.563822797372
              ],
              [
                -75.4387706760113,
                -8.67555949711619,
                270.543387040062
              ],
              [
                -75.4389781398867,
                -8.67538032383228,
                270.502515525444
              ],
              [
                -75.4394698506335,
                -8.67512322049628,
                270.461644010825
              ],
              [
                -75.4400107055678,
                -8.67484090333618,
                270.420772496206
              ],
              [
                -75.4405085066771,
                -8.67446089524125,
                270.339029466968
              ],
              [
                -75.4413120440414,
                -8.67490608272212,
                270.318593709658
              ],
              [
                -75.4417804184679,
                -8.67464662079254,
                270.298157952349
              ],
              [
                -75.4424720663531,
                -8.67417278485538,
                270.277722195039
              ],
              [
                -75.4433901008713,
                -8.67384707704072,
                270.25728643773
              ],
              [
                -75.443985831158,
                -8.67376630313721,
                270.175543408492
              ],
              [
                -75.4444953535169,
                -8.67374286280844,
                270.093800379254
              ],
              [
                -75.4446971265739,
                -8.67381953060072,
                270.083582500599
              ],
              [
                -75.4448243937868,
                -8.67399616400495,
                270.073364621945
              ],
              [
                -75.444980418816,
                -8.67380291183625,
                270.06314674329
              ],
              [
                -75.4451003058986,
                -8.67354844487608,
                270.052928864635
              ],
              [
                -75.4450155160222,
                -8.67326059592641,
                270.032493107326
              ],
              [
                -75.4448563371936,
                -8.67285074015918,
                270.012057350016
              ],
              [
                -75.4449810768313,
                -8.67120684343138,
                269.358113116113
              ],
              [
                -75.4450699669633,
                -8.67093662449994,
                269.276370086875
              ],
              [
                -75.4451210416883,
                -8.67055650126314,
                269.194627057637
              ],
              [
                -75.4451770581209,
                -8.67022791490496,
                269.1128840284
              ],
              [
                -75.445260616964,
                -8.66990048595314,
                269.031140999162
              ],
              [
                -75.4456393060274,
                -8.66887582735448,
                268.867654940686
              ],
              [
                -75.4455313513089,
                -8.66832514690257,
                268.785911911448
              ],
              [
                -75.4454508678971,
                -8.6677006560172,
                268.70416888221
              ],
              [
                -75.4452830691588,
                -8.66669913086496,
                268.377196765259
              ],
              [
                -75.4450855548757,
                -8.6656057125542,
                268.050224648307
              ],
              [
                -75.4446663380649,
                -8.66532093385201,
                267.723252531356
              ],
              [
                -75.4446018795826,
                -8.66504685411928,
                267.396280414404
              ],
              [
                -75.4427328228791,
                -8.66110606179257,
                264.780503478792
              ],
              [
                -75.4424767030596,
                -8.65663127358444,
                263.478048819778
              ],
              [
                -75.443112336235,
                -8.65293398815247,
                262.175594160764
              ],
              [
                -75.4427689484505,
                -8.65078122327983,
                262.273456983195
              ],
              [
                -75.4417947914609,
                -8.65004485328388,
                262.371319805626
              ],
              [
                -75.4378387938137,
                -8.65026046576891,
                262.567045450488
              ],
              [
                -75.4324533257171,
                -8.65327141002265,
                262.958496740213
              ],
              [
                -75.4272412720505,
                -8.65536473083835,
                263.349948029937
              ],
              [
                -75.4254668585519,
                -8.65496652298169,
                263.447810852368
              ],
              [
                -75.4240916964802,
                -8.6538907606852,
                263.545673674799
              ],
              [
                -75.4223711931124,
                -8.65060671464978,
                263.741399319661
              ],
              [
                -75.4217390514559,
                -8.64511351533722,
                263.790330730876
              ],
              [
                -75.4225455190454,
                -8.64346847587555,
                263.814796436484
              ],
              [
                -75.4247287666394,
                -8.64290628582415,
                263.839262142092
              ],
              [
                -75.4302259144109,
                -8.64364349464283,
                263.937124964523
              ],
              [
                -75.4382493942875,
                -8.64341894899404,
                264.132850609385
              ],
              [
                -75.4404191290984,
                -8.64188271673551,
                264.328576254247
              ],
              [
                -75.4418010671098,
                -8.6395638131723,
                264.524301899109
              ],
              [
                -75.4412297709339,
                -8.63752237537048,
                264.573233310324
              ],
              [
                -75.4392808691363,
                -8.6359346332941,
                264.62216472154
              ],
              [
                -75.4347503355573,
                -8.63525632365656,
                264.720027543971
              ],
              [
                -75.4307419489433,
                -8.63418332012957,
                264.817890366402
              ],
              [
                -75.4290821905496,
                -8.63344815289486,
                264.866821777617
              ],
              [
                -75.4275344227711,
                -8.63203086529535,
                264.915753188833
              ],
              [
                -75.4271271344645,
                -8.63015472802474,
                265.013616011264
              ],
              [
                -75.4273654040857,
                -8.62789961430323,
                265.111478833695
              ],
              [
                -75.4291311838083,
                -8.62289440391052,
                265.307204478557
              ],
              [
                -75.4298296352197,
                -8.61989930075008,
                265.698655768281
              ],
              [
                -75.4290069126824,
                -8.6174872054389,
                265.894381413143
              ],
              [
                -75.4282291701224,
                -8.6148501569537,
                266.090107058005
              ],
              [
                -75.4292038592053,
                -8.61341866104684,
                266.114572763613
              ],
              [
                -75.4308156802151,
                -8.6125275796077,
                266.139038469221
              ],
              [
                -75.4335815733885,
                -8.61100242224047,
                266.187969880436
              ],
              [
                -75.4333839056852,
                -8.60847912460408,
                266.236901291652
              ],
              [
                -75.4325461507765,
                -8.60667532429081,
                266.261366997259
              ],
              [
                -75.4313447430593,
                -8.60491521902719,
                266.285832702867
              ],
              [
                -75.4286950100791,
                -8.60421327112133,
                266.383695525298
              ],
              [
                -75.4243478366803,
                -8.60436597268284,
                266.432626936514
              ],
              [
                -75.4215383597407,
                -8.60434624465174,
                266.457092642121
              ],
              [
                -75.4199357929046,
                -8.60510973028211,
                266.481558347729
              ],
              [
                -75.4185854368816,
                -8.60680108403081,
                266.57942117016
              ],
              [
                -75.4177018842879,
                -8.60864712414946,
                266.677283992591
              ],
              [
                -75.4166914109897,
                -8.61078020821043,
                266.775146815022
              ],
              [
                -75.4151522139866,
                -8.61221510121566,
                266.824078226238
              ],
              [
                -75.4141457771271,
                -8.6119169618413,
                266.873009637453
              ],
              [
                -75.4128241191601,
                -8.61040887416737,
                267.068735282315
              ],
              [
                -75.411570685802,
                -8.60788425884619,
                267.264460927177
              ],
              [
                -75.4098694390038,
                -8.60243710964818,
                267.655912216901
              ],
              [
                -75.4092087456444,
                -8.60008886095899,
                267.704843628117
              ],
              [
                -75.4102245336969,
                -8.59818571964607,
                267.753775039332
              ],
              [
                -75.4122837027837,
                -8.59384432874647,
                267.851637861763
              ],
              [
                -75.4123737731273,
                -8.59238267129404,
                267.949500684194
              ],
              [
                -75.4117914755485,
                -8.59140642826497,
                267.973966389802
              ],
              [
                -75.4106445945773,
                -8.59141783999988,
                267.99843209541
              ],
              [
                -75.4092987720983,
                -8.5919910741741,
                268.047363506625
              ],
              [
                -75.4061150603849,
                -8.59508599421454,
                268.243089151487
              ],
              [
                -75.4050310164412,
                -8.59760868557421,
                268.340951973918
              ],
              [
                -75.4039089372947,
                -8.59893743347962,
                268.389883385134
              ],
              [
                -75.4027820624071,
                -8.59982369068852,
                268.438814796349
              ],
              [
                -75.4014949457821,
                -8.60039879231368,
                268.496913986099
              ],
              [
                -75.4002222711509,
                -8.60008724995784,
                268.525963580974
              ],
              [
                -75.3997838632461,
                -8.59880429566006,
                268.555013175848
              ],
              [
                -75.400460206204,
                -8.59521618976136,
                268.613112365598
              ],
              [
                -75.4005874785859,
                -8.5927335636059,
                268.642161960473
              ],
              [
                -75.3998620204451,
                -8.59113544567887,
                268.671211555347
              ],
              [
                -75.3968146515818,
                -8.59055700079436,
                268.729310745097
              ],
              [
                -75.3938148156549,
                -8.5909143614571,
                268.787409934846
              ],
              [
                -75.3906066773999,
                -8.59162735842751,
                268.845509124596
              ],
              [
                -75.3876783829467,
                -8.59321723857863,
                268.903608314345
              ],
              [
                -75.386565898781,
                -8.59574811057833,
                268.961707504095
              ],
              [
                -75.3875528076211,
                -8.59849210760458,
                269.019806693844
              ],
              [
                -75.3883521320294,
                -8.60345479219024,
                269.136005073343
              ],
              [
                -75.3879218836191,
                -8.60668593266043,
                269.252203452842
              ],
              [
                -75.386905355544,
                -8.6090472386355,
                269.310302642592
              ],
              [
                -75.3856597122741,
                -8.61002528558982,
                269.339352237467
              ],
              [
                -75.3844539963752,
                -8.61010664376853,
                269.368401832341
              ],
              [
                -75.3831672111736,
                -8.60815851707246,
                269.60079859134
              ],
              [
                -75.3826452163206,
                -8.60677123081505,
                269.716996970839
              ],
              [
                -75.3822501682974,
                -8.60549529023093,
                269.833195350338
              ],
              [
                -75.3816738705865,
                -8.59982872314041,
                270.065592109336
              ],
              [
                -75.381788302529,
                -8.59696670532213,
                270.181790488835
              ],
              [
                -75.38287417871,
                -8.59333680228585,
                270.210840083709
              ],
              [
                -75.3833442175521,
                -8.58941173767917,
                270.239889678584
              ],
              [
                -75.3843630186308,
                -8.58542020994134,
                270.268939273459
              ],
              [
                -75.3853538291464,
                -8.58124280265274,
                270.297988868334
              ],
              [
                -75.3842907634469,
                -8.58230050975486,
                270.089695087528
              ],
              [
                -75.3829931485662,
                -8.58408403331189,
                269.881401306723
              ],
              [
                -75.380833636619,
                -8.58726165584962,
                269.464813745112
              ],
              [
                -75.3782925866518,
                -8.58787242276999,
                269.048226183501
              ],
              [
                -75.3763456267366,
                -8.58868318648424,
                268.839932402695
              ],
              [
                -75.3756602450201,
                -8.58949473774869,
                268.735785512293
              ],
              [
                -75.375090660947,
                -8.59035964333888,
                268.63163862189
              ],
              [
                -75.3740415688909,
                -8.58987632110073,
                268.423344841084
              ],
              [
                -75.3724467948583,
                -8.58985563290856,
                268.319197950681
              ],
              [
                -75.3721322161656,
                -8.58907794892684,
                268.26712450548
              ],
              [
                -75.3719644945894,
                -8.58857862315839,
                268.24108778288
              ],
              [
                -75.3714868325588,
                -8.58831009398854,
                268.215051060279
              ],
              [
                -75.3701047118397,
                -8.5892122855158,
                268.006757279473
              ],
              [
                -75.3693987048024,
                -8.58961823324036,
                267.902610389071
              ],
              [
                -75.3685379086164,
                -8.58961716511526,
                267.850536943869
              ],
              [
                -75.3675545796726,
                -8.58954488723729,
                267.798463498668
              ],
              [
                -75.366264513229,
                -8.59160615023879,
                267.381875937057
              ],
              [
                -75.3653164938607,
                -8.59204392613438,
                267.277729046654
              ],
              [
                -75.3643676711317,
                -8.5923804050004,
                267.173582156251
              ],
              [
                -75.3642743579987,
                -8.59304157674605,
                267.147545433651
              ],
              [
                -75.364263416893,
                -8.59368522461288,
                267.12150871105
              ],
              [
                -75.3645640441283,
                -8.59517969749675,
                267.069435265849
              ],
              [
                -75.3635204852646,
                -8.59513438173709,
                267.017361820647
              ],
              [
                -75.362422918886,
                -8.59495577501765,
                266.965288375446
              ],
              [
                -75.3629939009875,
                -8.5963709102335,
                266.132113252224
              ],
              [
                -75.3612413815669,
                -8.596692732119,
                265.715525690613
              ],
              [
                -75.3604556656034,
                -8.59699682168438,
                265.507231909807
              ],
              [
                -75.3600304647137,
                -8.5981197366668,
                265.403085019405
              ],
              [
                -75.359516964789,
                -8.59857012442505,
                265.351011574203
              ],
              [
                -75.3590991619031,
                -8.59835680230094,
                265.298938129002
              ],
              [
                -75.3593210114187,
                -8.597828826659,
                265.272901406401
              ],
              [
                -75.3592050961698,
                -8.59750894129908,
                265.259883045101
              ],
              [
                -75.3589372222099,
                -8.597270326876,
                265.246864683801
              ],
              [
                -75.358471901954,
                -8.59721061026728,
                265.2208279612
              ],
              [
                -75.358105788065,
                -8.59733594929601,
                265.194791238599
              ],
              [
                -75.3583963064218,
                -8.59788693177117,
                265.168754515999
              ],
              [
                -75.358544465762,
                -8.5984956142128,
                265.142717793398
              ],
              [
                -75.3583967086187,
                -8.59903284432305,
                265.116681070797
              ],
              [
                -75.3580314688706,
                -8.59944284144763,
                265.090644348196
              ],
              [
                -75.3578784826551,
                -8.60085981795308,
                264.986497457794
              ],
              [
                -75.3575149921229,
                -8.60112078331539,
                264.934424012592
              ],
              [
                -75.3569123576701,
                -8.60121270829866,
                264.882350567391
              ],
              [
                -75.3563178390013,
                -8.60189773866708,
                264.83027712219
              ],
              [
                -75.3559109026167,
                -8.60272960014531,
                264.778203676988
              ],
              [
                -75.3555449641291,
                -8.60200651400383,
                264.726130231787
              ],
              [
                -75.3553017963408,
                -8.60169556701539,
                264.700093509186
              ],
              [
                -75.3551029306044,
                -8.60155206915337,
                264.687075147886
              ],
              [
                -75.3548429154738,
                -8.60159590668527,
                264.674056786585
              ],
              [
                -75.3547164128136,
                -8.60255899434296,
                264.621983341384
              ],
              [
                -75.3546957440584,
                -8.60333292300878,
                264.595946618783
              ],
              [
                -75.3543298897725,
                -8.60364207983334,
                264.569909896183
              ],
              [
                -75.3539656304493,
                -8.60361327598596,
                264.556891534882
              ],
              [
                -75.353605431585,
                -8.6033498792241,
                264.543873173582
              ],
              [
                -75.3536279478702,
                -8.6027184645697,
                264.530854812282
              ],
              [
                -75.3535020230101,
                -8.60194105748224,
                264.517836450981
              ],
              [
                -75.3525215222993,
                -8.60230877092815,
                264.46576300578
              ],
              [
                -75.3522289309548,
                -8.60254649278583,
                264.413689560579
              ],
              [
                -75.3520358391855,
                -8.602807848136,
                264.361616115377
              ],
              [
                -75.3523819850195,
                -8.60327480263107,
                264.335579392777
              ],
              [
                -75.3528028309346,
                -8.60360197149035,
                264.309542670176
              ],
              [
                -75.3528807242469,
                -8.60426322750671,
                264.257469224975
              ],
              [
                -75.3521051778245,
                -8.60450308391252,
                264.205395779773
              ],
              [
                -75.3512673235257,
                -8.60451654035097,
                264.153322334572
              ],
              [
                -75.3503708383884,
                -8.6043349600678,
                264.10124888937
              ],
              [
                -75.3495098535442,
                -8.60377770933201,
                264.049175444169
              ],
              [
                -75.3489555225572,
                -8.60375116991124,
                263.840881663364
              ],
              [
                -75.3491935888302,
                -8.60434228194846,
                263.632587882558
              ],
              [
                -75.3492612778511,
                -8.60456973251619,
                263.528440992155
              ],
              [
                -75.3494564433759,
                -8.60475927243233,
                263.424294101753
              ],
              [
                -75.3499408175141,
                -8.60490563802085,
                263.32014721135
              ],
              [
                -75.3501034228582,
                -8.60513117351524,
                263.268073766149
              ],
              [
                -75.3499051132885,
                -8.60527026774759,
                263.216000320947
              ],
              [
                -75.3494038320576,
                -8.60542279165557,
                263.111853430544
              ],
              [
                -75.3488278591206,
                -8.60570357559057,
                263.007706540142
              ],
              [
                -75.3478023739596,
                -8.60640490251623,
                262.799412759336
              ],
              [
                -75.3476512101257,
                -8.60676867889962,
                262.747339314135
              ],
              [
                -75.347554862782,
                -8.60715515438629,
                262.695265868933
              ],
              [
                -75.3476956650187,
                -8.60727162629605,
                262.682247507633
              ],
              [
                -75.3478661584373,
                -8.60731889018665,
                262.669229146333
              ],
              [
                -75.3481488664123,
                -8.60729567384201,
                262.643192423732
              ],
              [
                -75.3483436324523,
                -8.60750814932732,
                262.591118978531
              ],
              [
                -75.3477854586978,
                -8.60815260383823,
                262.539045533329
              ],
              [
                -75.3474198478278,
                -8.60831986085825,
                262.513008810729
              ],
              [
                -75.3470123101037,
                -8.60842557259877,
                262.486972088128
              ],
              [
                -75.3464801840729,
                -8.6086425294625,
                262.434898642927
              ],
              [
                -75.3461216107594,
                -8.60876010373328,
                262.408861920326
              ],
              [
                -75.3457022943422,
                -8.60876069674624,
                262.395843559025
              ],
              [
                -75.3452266912332,
                -8.60871540522699,
                262.382825197725
              ],
              [
                -75.3450814532635,
                -8.60836194717322,
                262.330751752524
              ],
              [
                -75.3448469126998,
                -8.60808177211782,
                262.278678307322
              ],
              [
                -75.3441232750257,
                -8.60747190266474,
                262.17453141692
              ],
              [
                -75.3436463276911,
                -8.6069446246187,
                262.070384526517
              ],
              [
                -75.3433472917047,
                -8.60663917610568,
                262.018311081316
              ],
              [
                -75.3427844969487,
                -8.6066131299689,
                261.966237636114
              ],
              [
                -75.3425124725211,
                -8.60684274418964,
                261.914164190913
              ],
              [
                -75.3423003111795,
                -8.60713270921802,
                261.862090745711
              ],
              [
                -75.3423344974223,
                -8.60747063571012,
                261.81001730051
              ],
              [
                -75.3422327588033,
                -8.60776793957453,
                261.757943855309
              ],
              [
                -75.3418463193608,
                -8.60788798497295,
                261.705870410107
              ],
              [
                -75.3414267495204,
                -8.60796152565298,
                261.653796964906
              ],
              [
                -75.3409879026194,
                -8.60805597032267,
                261.601723519705
              ],
              [
                -75.3406374015301,
                -8.60800575640875,
                261.549650074503
              ],
              [
                -75.3405239988496,
                -8.60804241975896,
                261.543140893853
              ],
              [
                -75.3404005197038,
                -8.60812472428624,
                261.536631713203
              ],
              [
                -75.3403567063666,
                -8.60842980671988,
                261.523613351903
              ],
              [
                -75.340524073117,
                -8.60905338611673,
                261.497576629302
              ],
              [
                -75.3405941250874,
                -8.60955055695369,
                261.471539906701
              ],
              [
                -75.3406712349164,
                -8.60982185819887,
                261.458521545401
              ],
              [
                -75.3406166298574,
                -8.61003191833564,
                261.445503184101
              ],
              [
                -75.3403812413498,
                -8.61048872419628,
                261.4324848228
              ],
              [
                -75.3403364093669,
                -8.61068193665245,
                261.429230232475
              ],
              [
                -75.3403185092917,
                -8.61088383708706,
                261.42597564215
              ],
              [
                -75.3403197163903,
                -8.61130306258529,
                261.4194664615
              ],
              [
                -75.3406210622309,
                -8.61144539832211,
                261.41295728085
              ],
              [
                -75.3409213729733,
                -8.6114965721051,
                261.406448100199
              ],
              [
                -75.3410360891147,
                -8.61157067137215,
                261.403193509874
              ],
              [
                -75.3411109511593,
                -8.61167171016419,
                261.399938919549
              ],
              [
                -75.3411755008442,
                -8.61189240860094,
                261.393429738899
              ],
              [
                -75.3405907460343,
                -8.61249193477488,
                261.380411377599
              ],
              [
                -75.3402271509951,
                -8.61280093373927,
                261.373902196949
              ],
              [
                -75.3400431008199,
                -8.61296589966818,
                261.370647606623
              ],
              [
                -75.3398418915954,
                -8.61306576428181,
                261.367393016298
              ],
              [
                -75.339583718315,
                -8.61286006305155,
                261.364138425973
              ],
              [
                -75.3394327288828,
                -8.61261045765596,
                261.360883835648
              ],
              [
                -75.3392588811236,
                -8.61216884319926,
                261.354374654998
              ],
              [
                -75.3392424750491,
                -8.61202344296634,
                261.353561007417
              ],
              [
                -75.3392289015103,
                -8.61188760143576,
                261.352747359836
              ],
              [
                -75.3390737615209,
                -8.611706237516,
                261.351120064673
              ],
              [
                -75.3388381417025,
                -8.61167972915115,
                261.34949276951
              ],
              [
                -75.3386904730077,
                -8.61171987397701,
                261.348679121929
              ],
              [
                -75.3386125264001,
                -8.61183186419094,
                261.347865474348
              ],
              [
                -75.3382699730668,
                -8.612115047407,
                261.344610884023
              ],
              [
                -75.3380698919205,
                -8.61236634119486,
                261.34298358886
              ],
              [
                -75.3377476681646,
                -8.61241826317731,
                261.341356293698
              ],
              [
                -75.3373938699312,
                -8.61215409784849,
                261.315319571097
              ],
              [
                -75.3371525260752,
                -8.61186862593177,
                261.289282848496
              ],
              [
                -75.3371925411523,
                -8.61132682659765,
                261.263246125896
              ],
              [
                -75.3370219098187,
                -8.61086612035619,
                261.237209403295
              ],
              [
                -75.336821835593,
                -8.61023811748382,
                261.185135958094
              ],
              [
                -75.3369777653143,
                -8.60956028187993,
                261.159099235493
              ],
              [
                -75.3369902059089,
                -8.60929423394865,
                261.146080874193
              ],
              [
                -75.3371023088042,
                -8.60904016988443,
                261.139571693543
              ],
              [
                -75.3369129206184,
                -8.60890616794211,
                261.136317103217
              ],
              [
                -75.3367129457448,
                -8.60871499611467,
                261.133062512892
              ],
              [
                -75.3363956979175,
                -8.60881559685218,
                261.028915622489
              ],
              [
                -75.336223103493,
                -8.60892989955264,
                260.976842177288
              ],
              [
                -75.3359869294626,
                -8.60910100215489,
                260.924768732087
              ],
              [
                -75.3356566648639,
                -8.60931354357339,
                260.820621841684
              ],
              [
                -75.3354774500652,
                -8.60950753363173,
                260.716474951281
              ],
              [
                -75.3347545668792,
                -8.60942503901169,
                260.612328060878
              ],
              [
                -75.3344307084427,
                -8.60930681458694,
                260.560254615677
              ],
              [
                -75.3341367683113,
                -8.60914947821951,
                260.508181170476
              ],
              [
                -75.3338506585501,
                -8.60896949809485,
                260.456107725274
              ],
              [
                -75.3333346510389,
                -8.60891386424804,
                260.404034280073
              ],
              [
                -75.3328429296058,
                -8.60898309662313,
                260.351960834872
              ],
              [
                -75.3325246288229,
                -8.60906965450751,
                260.29988738967
              ],
              [
                -75.3323758028518,
                -8.60920310173052,
                259.883299828059
              ],
              [
                -75.3320306665398,
                -8.60938149212893,
                259.675006047254
              ],
              [
                -75.3317233819476,
                -8.60943851126515,
                259.570859156851
              ],
              [
                -75.3315535018872,
                -8.60939627478014,
                259.51878571165
              ],
              [
                -75.3314377279219,
                -8.60931177509247,
                259.466712266448
              ],
              [
                -75.3312814000518,
                -8.6092986872306,
                259.362565376046
              ],
              [
                -75.3311070222044,
                -8.60934893931427,
                259.258418485643
              ],
              [
                -75.3308081040952,
                -8.60946489480721,
                259.050124704837
              ],
              [
                -75.3302163128289,
                -8.60966635976566,
                258.633537143226
              ],
              [
                -75.3298539885974,
                -8.61019931844546,
                258.581463698025
              ],
              [
                -75.3295378669754,
                -8.61106803145431,
                258.529390252824
              ],
              [
                -75.3292608422993,
                -8.61169286677843,
                258.477316807622
              ],
              [
                -75.3289291928541,
                -8.61213744457363,
                258.425243362421
              ],
              [
                -75.3279300582891,
                -8.61290213061369,
                258.37316991722
              ],
              [
                -75.3274256240409,
                -8.61325879173036,
                258.347133194619
              ],
              [
                -75.3267624597609,
                -8.61354847766917,
                258.321096472018
              ],
              [
                -75.3264032713783,
                -8.61348500025703,
                258.308078110718
              ],
              [
                -75.3259849361134,
                -8.61355520852948,
                258.295059749417
              ],
              [
                -75.3252067284477,
                -8.61370192584716,
                258.269023026817
              ],
              [
                -75.3248043331208,
                -8.6142475456005,
                258.242986304216
              ],
              [
                -75.3242784500567,
                -8.61470721869105,
                258.216949581615
              ],
              [
                -75.3236722977197,
                -8.61553791542146,
                258.112802691213
              ],
              [
                -75.3229627085492,
                -8.61576527623791,
                258.060729246011
              ],
              [
                -75.3217575947808,
                -8.61566743198266,
                258.034692523411
              ],
              [
                -75.3202997489005,
                -8.61590764231975,
                258.00865580081
              ],
              [
                -75.3194430640571,
                -8.61615639354107,
                257.956582355609
              ],
              [
                -75.3189404522232,
                -8.61677363853661,
                257.930545633008
              ],
              [
                -75.3187833302875,
                -8.61742475729047,
                257.904508910407
              ],
              [
                -75.3191492315894,
                -8.61791674602529,
                257.878472187807
              ],
              [
                -75.3191827823482,
                -8.61829665826997,
                257.871963007156
              ],
              [
                -75.3191378934794,
                -8.6186194848072,
                257.865453826506
              ],
              [
                -75.3189476081047,
                -8.61894850501273,
                257.858944645856
              ],
              [
                -75.3188403492443,
                -8.61908827730926,
                257.855690055531
              ],
              [
                -75.3186896631524,
                -8.6191658771975,
                257.852435465206
              ],
              [
                -75.3179896965788,
                -8.61962732176002,
                257.826398742605
              ],
              [
                -75.3177523711355,
                -8.61999368990627,
                257.813380381305
              ],
              [
                -75.3174087053865,
                -8.62031468056146,
                257.800362020005
              ],
              [
                -75.3164767174541,
                -8.62054630024153,
                257.748288574803
              ],
              [
                -75.3154700414007,
                -8.62097572064813,
                257.696215129602
              ],
              [
                -75.31273370679,
                -8.62194780952117,
                257.592068239199
              ],
              [
                -75.3114874600842,
                -8.62208673972229,
                257.539994793998
              ],
              [
                -75.3101934682161,
                -8.62267502803247,
                257.487921348796
              ],
              [
                -75.307816370478,
                -8.6237857204969,
                257.383774458394
              ],
              [
                -75.2994731514423,
                -8.62484734759976,
                257.175480677588
              ],
              [
                -75.2913016108052,
                -8.6266030466022,
                257.071333787185
              ],
              [
                -75.2852332311095,
                -8.62398592589178,
                256.967186896783
              ],
              [
                -75.2910780910575,
                -8.63712499140046,
                268.780509529998
              ],
              [
                -75.2946225115629,
                -8.64197810735829,
                269.149675862286
              ],
              [
                -75.2969873106415,
                -8.64697927122388,
                269.518842194574
              ],
              [
                -75.2959439396946,
                -8.65089754588766,
                269.703425360718
              ],
              [
                -75.2959908569008,
                -8.66412810820873,
                269.79571694379
              ],
              [
                -75.2991366331523,
                -8.67366922906631,
                269.841862735326
              ],
              [
                -75.3066454142835,
                -8.67714877938376,
                269.888008526862
              ],
              [
                -75.3158806908953,
                -8.6947977080073,
                270.072591693006
              ],
              [
                -75.3160901839265,
                -8.70155691788218,
                270.164883276078
              ],
              [
                -75.3214954449074,
                -8.70721047342338,
                270.25717485915
              ],
              [
                -75.3249326988839,
                -8.71982630750764,
                270.995507523726
              ],
              [
                -75.3303565282355,
                -8.72246033519178,
                271.364673856014
              ],
              [
                -75.3441027424744,
                -8.72663893881456,
                271.549257022158
              ],
              [
                -75.3497727928639,
                -8.73469217895736,
                271.64154860523
              ],
              [
                -75.3492499305233,
                -8.74038880288333,
                271.687694396766
              ],
              [
                -75.3495047777778,
                -8.74621508199991,
                271.69923084465
              ],
              [
                -75.3489780131163,
                -8.75285974295902,
                271.710767292534
              ],
              [
                -75.3495722476743,
                -8.76356770396912,
                271.733840188302
              ],
              [
                -75.3521838992235,
                -8.77613970232284,
                272.10300652059
              ],
              [
                -75.3523435989674,
                -8.78935191321653,
                272.472172852878
              ],
              [
                -75.3528638730167,
                -8.80856186405572,
                273.210505517454
              ],
              [
                -75.3472314740095,
                -8.83065899075815,
                273.579671849742
              ],
              [
                -75.3470974244953,
                -8.84734279775679,
                273.94883818203
              ],
              [
                -75.3543365912586,
                -8.86762541830037,
                274.318004514318
              ],
              [
                -75.3616645880426,
                -8.88648582839406,
                274.687170846606
              ],
              [
                -75.3749742462486,
                -8.90636306429116,
                276.163836175758
              ],
              [
                -75.3852297176143,
                -8.9115810193279,
                276.348419341902
              ],
              [
                -75.3863507474751,
                -8.92227771141701,
                276.440710924974
              ],
              [
                -75.3893282661747,
                -8.92606453324244,
                276.533002508046
              ],
              [
                -75.3967152784297,
                -8.92592349921829,
                276.902168840334
              ],
              [
                -75.4126688989729,
                -8.92869027169422,
                277.64050150491
              ],
              [
                -75.4164840229721,
                -8.92997825711681,
                278.378834169486
              ],
              [
                -75.4242514184189,
                -8.93160595204803,
                278.471125752558
              ],
              [
                -75.4261029284627,
                -8.93663622617153,
                278.56341733563
              ],
              [
                -75.4272958715427,
                -8.93888160900654,
                278.748000501774
              ],
              [
                -75.4258880445738,
                -8.94091473812609,
                278.840292084846
              ],
              [
                -75.4254556750958,
                -8.94326982227537,
                278.932583667918
              ],
              [
                -75.4246982342599,
                -8.94659087926251,
                279.117166834061
              ],
              [
                -75.424217827565,
                -8.94927233133915,
                279.128703281945
              ],
              [
                -75.423844635689,
                -8.95081298537948,
                279.140239729829
              ],
              [
                -75.4232114245694,
                -8.95196037287568,
                279.163312625597
              ],
              [
                -75.4248845338004,
                -8.95536445939437,
                279.209458417133
              ],
              [
                -75.4243008834431,
                -8.956289681041,
                279.220994865017
              ],
              [
                -75.4239551459889,
                -8.95666204868658,
                279.22676308896
              ],
              [
                -75.4238558535667,
                -8.95685745571104,
                279.229647200931
              ],
              [
                -75.4236065249199,
                -8.95696452823781,
                279.232531312901
              ],
              [
                -75.4228103200341,
                -8.9571802736644,
                279.244067760786
              ],
              [
                -75.422170877009,
                -8.95857479226468,
                279.249835984728
              ],
              [
                -75.4224315359539,
                -8.95935081362175,
                279.252720096699
              ],
              [
                -75.422423834787,
                -8.95980927631844,
                279.25560420867
              ],
              [
                -75.4218823657764,
                -8.96013927061185,
                279.261372432612
              ],
              [
                -75.4215095672247,
                -8.96049534677664,
                279.267140656554
              ],
              [
                -75.421087190231,
                -8.96070126316985,
                279.272908880495
              ],
              [
                -75.4207206748109,
                -8.96080277169748,
                279.275792992467
              ],
              [
                -75.420384395245,
                -8.96081959154581,
                279.278677104438
              ],
              [
                -75.4198667637803,
                -8.9608359461466,
                279.284445328379
              ],
              [
                -75.4191314755616,
                -8.96134518545554,
                279.290213552322
              ],
              [
                -75.4190871588682,
                -8.96167077190226,
                279.291655608307
              ],
              [
                -75.4191828500947,
                -8.96196884638323,
                279.293097664292
              ],
              [
                -75.4191150610064,
                -8.96233448194027,
                279.295981776263
              ],
              [
                -75.4188538335645,
                -8.96274369337116,
                279.297423832249
              ],
              [
                -75.4184753811561,
                -8.96308875514427,
                279.298865888235
              ],
              [
                -75.4183728401336,
                -8.96350164997021,
                279.30030794422
              ],
              [
                -75.4185230348751,
                -8.96386866773043,
                279.301750000206
              ],
              [
                -75.4235117867776,
                -8.97493674883983,
                279.394041583278
              ],
              [
                -75.4249277571077,
                -8.98089329611026,
                279.440187374813
              ],
              [
                -75.4277272211644,
                -8.98396866688294,
                279.486333166349
              ],
              [
                -75.4306040529191,
                -8.99087936736212,
                279.532478957885
              ],
              [
                -75.4280168413808,
                -8.99385197959383,
                279.578624749422
              ],
              [
                -75.4292766055639,
                -8.99894374637156,
                279.670916332494
              ],
              [
                -75.4316796195683,
                -9.00376692469787,
                279.763207915565
              ],
              [
                -75.4356599003019,
                -9.00698885241519,
                279.809353707101
              ],
              [
                -75.4364653902996,
                -9.00758647459896,
                279.820890154985
              ],
              [
                -75.4371468559329,
                -9.00829417819582,
                279.826658378928
              ],
              [
                -75.4379860093098,
                -9.00984011103565,
                279.832426602869
              ],
              [
                -75.4396417915658,
                -9.02229081368844,
                279.855499498638
              ],
              [
                -75.4376109232836,
                -9.03988755363436,
                280.224665830926
              ],
              [
                -75.4265100773034,
                -9.03859510342216,
                280.409248997069
              ],
              [
                -75.4365879982536,
                -9.04823639527131,
                280.593832163214
              ],
              [
                -75.4378255275541,
                -9.04798512784499,
                280.933563448703
              ],
              [
                -75.4383665635915,
                -9.04731469389223,
                281.273294734193
              ],
              [
                -75.4388407533611,
                -9.04608810889052,
                281.443160376937
              ],
              [
                -75.4391828086173,
                -9.04479953328647,
                281.613026019682
              ],
              [
                -75.4411146860786,
                -9.04399168502798,
                281.655492430368
              ],
              [
                -75.4420831342621,
                -9.04365121647536,
                281.676725635711
              ],
              [
                -75.4429757591988,
                -9.04318216989895,
                281.697958841055
              ],
              [
                -75.4433514692616,
                -9.04297243059567,
                281.740425251741
              ],
              [
                -75.4434014249448,
                -9.04279155052831,
                281.743079402409
              ],
              [
                -75.443284754205,
                -9.0427277774665,
                281.744406477743
              ],
              [
                -75.4432977664465,
                -9.04259183117234,
                281.745733553076
              ],
              [
                -75.4435100058847,
                -9.04256792891379,
                281.751041854412
              ],
              [
                -75.4441422892323,
                -9.04225665689521,
                281.761658457084
              ],
              [
                -75.4452815530709,
                -9.04235229604369,
                281.782891662427
              ],
              [
                -75.4461898233854,
                -9.04217142990216,
                281.793508265099
              ],
              [
                -75.4461978982055,
                -9.04138305487133,
                281.80412486777
              ],
              [
                -75.446794299403,
                -9.04100251625109,
                281.825358073113
              ],
              [
                -75.4469270668488,
                -9.04032553112014,
                281.828012223781
              ],
              [
                -75.4470034968887,
                -9.03952002632077,
                281.830666374449
              ],
              [
                -75.4473250179315,
                -9.03938151386388,
                281.833320525117
              ],
              [
                -75.4475484506317,
                -9.03947877768838,
                281.835974675785
              ],
              [
                -75.4475547024684,
                -9.03982570826439,
                281.84128297712
              ],
              [
                -75.4476252577929,
                -9.04013435841106,
                281.846591278456
              ],
              [
                -75.4484122537616,
                -9.04015212736013,
                281.867824483799
              ],
              [
                -75.4494499586821,
                -9.0398337236831,
                281.889057689142
              ],
              [
                -75.4505364761197,
                -9.03964986152793,
                281.910290894486
              ],
              [
                -75.4520650828325,
                -9.03992682518221,
                281.952757305172
              ],
              [
                -75.4527132069815,
                -9.03964349879277,
                281.954084380506
              ],
              [
                -75.4533067239143,
                -9.03929987952133,
                281.95541145584
              ],
              [
                -75.4544892116002,
                -9.03820501233068,
                281.958065606507
              ],
              [
                -75.4547009222459,
                -9.03743571210055,
                281.959392681841
              ],
              [
                -75.4550168957607,
                -9.03676671067416,
                281.960719757175
              ],
              [
                -75.4554201803914,
                -9.03662120684759,
                281.961051526009
              ],
              [
                -75.4559155864069,
                -9.03639611395444,
                281.961383294842
              ],
              [
                -75.4565987936486,
                -9.03616219511933,
                281.962046832509
              ],
              [
                -75.4565561531891,
                -9.03584777287202,
                281.962710370176
              ],
              [
                -75.4558472888175,
                -9.03583105280358,
                281.96304213901
              ],
              [
                -75.4556394267505,
                -9.03546622460338,
                281.963373907843
              ],
              [
                -75.4556823749572,
                -9.03486416612661,
                281.964700983177
              ],
              [
                -75.4561039573653,
                -9.03424414507066,
                281.966028058511
              ],
              [
                -75.4571384793215,
                -9.032991890351,
                281.968682209179
              ],
              [
                -75.4582971733413,
                -9.03191638875111,
                281.971336359847
              ],
              [
                -75.4583339397125,
                -9.03097210169689,
                281.972663435181
              ],
              [
                -75.457806241118,
                -9.03078260638407,
                281.972746377389
              ],
              [
                -75.4574926964634,
                -9.03060905579452,
                281.972787848493
              ],
              [
                -75.4573991074256,
                -9.0303838816673,
                281.972829319598
              ],
              [
                -75.4578053345295,
                -9.02974460510243,
                281.972912261806
              ],
              [
                -75.4583757666448,
                -9.02915579091954,
                281.972995204014
              ],
              [
                -75.4588144926737,
                -9.0291701107237,
                281.973161088431
              ],
              [
                -75.4591683764167,
                -9.02947424149247,
                281.973326972848
              ],
              [
                -75.4593753982077,
                -9.03023925001016,
                281.973658741681
              ],
              [
                -75.4594130076483,
                -9.03067895273447,
                281.973824626098
              ],
              [
                -75.4597119913621,
                -9.03097743125748,
                281.973990510515
              ],
              [
                -75.4602759994418,
                -9.03037418063061,
                281.976644661183
              ],
              [
                -75.46163853859,
                -9.02974339183998,
                281.979298811851
              ],
              [
                -75.4623523618152,
                -9.03011953088593,
                281.984607113186
              ],
              [
                -75.4628557338517,
                -9.02875767798004,
                281.98493888202
              ],
              [
                -75.4627007532847,
                -9.02809353834664,
                281.985270650853
              ],
              [
                -75.4619619904606,
                -9.02758215426078,
                281.98543653527
              ],
              [
                -75.462185648731,
                -9.02736588953545,
                281.985602419687
              ],
              [
                -75.4629424360837,
                -9.02698446365707,
                281.98593418852
              ],
              [
                -75.4640327398955,
                -9.02675435519876,
                281.987261263854
              ],
              [
                -75.4646301791491,
                -9.02729156372435,
                281.989915414522
              ],
              [
                -75.4664212835051,
                -9.02733567787121,
                281.995223715858
              ],
              [
                -75.4678136447924,
                -9.02727063588177,
                282.000532017194
              ],
              [
                -75.4691376066718,
                -9.02706120464873,
                282.00584031853
              ],
              [
                -75.4697373019481,
                -9.02693628312923,
                282.008494469197
              ],
              [
                -75.470230535105,
                -9.02700512693849,
                282.011148619865
              ],
              [
                -75.4705871530097,
                -9.02623683591727,
                282.016456921201
              ],
              [
                -75.470572148417,
                -9.02560179932678,
                282.021765222537
              ],
              [
                -75.4706856636468,
                -9.02498950632841,
                282.027073523873
              ],
              [
                -75.4711672303062,
                -9.02367296519741,
                282.037690126544
              ],
              [
                -75.4716522147389,
                -9.02407559296005,
                282.048306729216
              ],
              [
                -75.4722334154444,
                -9.02437908544464,
                282.058923331887
              ],
              [
                -75.4723840283112,
                -9.02354540085235,
                282.069539934559
              ],
              [
                -75.472482616765,
                -9.02259728187799,
                282.08015653723
              ],
              [
                -75.4726727506429,
                -9.02084993138156,
                282.090773139902
              ],
              [
                -75.4728915542168,
                -9.01985901662896,
                282.101389742573
              ],
              [
                -75.4732885386075,
                -9.01871121315051,
                282.112006345245
              ],
              [
                -75.4736599938977,
                -9.01780958212622,
                282.117314646581
              ],
              [
                -75.4742515529988,
                -9.01699753342331,
                282.122622947917
              ],
              [
                -75.4743212537832,
                -9.01570554361041,
                282.165089358603
              ],
              [
                -75.4743894299222,
                -9.01374346888501,
                282.186322563946
              ],
              [
                -75.4747636955595,
                -9.01340455245142,
                282.186405506154
              ],
              [
                -75.4752227007215,
                -9.01314532234721,
                282.186488448363
              ],
              [
                -75.4764809958907,
                -9.01296291222399,
                282.186654332779
              ],
              [
                -75.4764089576318,
                -9.01340605613832,
                282.186986101613
              ],
              [
                -75.4765200326919,
                -9.01405517265261,
                282.18764963928
              ],
              [
                -75.4771253796577,
                -9.01465531121217,
                282.188976714614
              ],
              [
                -75.4783980265381,
                -9.01453564904033,
                282.191630865282
              ],
              [
                -75.4801208744519,
                -9.01369986877543,
                282.194285015949
              ],
              [
                -75.4814575479092,
                -9.0136702137556,
                282.194948553616
              ],
              [
                -75.4817406665321,
                -9.01344114328979,
                282.19528032245
              ],
              [
                -75.481770119111,
                -9.01300425016463,
                282.195612091283
              ],
              [
                -75.4817111307068,
                -9.01206922990754,
                282.196939166617
              ],
              [
                -75.4818947139949,
                -9.01097175509599,
                282.198266241951
              ],
              [
                -75.4814427839264,
                -9.01000056646077,
                282.199593317285
              ],
              [
                -75.4819601592491,
                -9.00984511199849,
                282.199925086119
              ],
              [
                -75.4826296417779,
                -9.0100095715273,
                282.200256854952
              ],
              [
                -75.483143020767,
                -9.01012401404515,
                282.200588623786
              ],
              [
                -75.4834732432757,
                -9.00971326103837,
                282.200920392619
              ],
              [
                -75.483602545641,
                -9.00926587416912,
                282.201086277036
              ],
              [
                -75.4830244236865,
                -9.00915704756065,
                282.201252161453
              ],
              [
                -75.4824897493102,
                -9.00944316253251,
                282.201583930286
              ],
              [
                -75.4822076628054,
                -9.00869266964096,
                282.202247467953
              ],
              [
                -75.4824466559133,
                -9.00765534649571,
                282.203574543287
              ],
              [
                -75.4830733745718,
                -9.00680911108939,
                282.204901618621
              ],
              [
                -75.4826396377513,
                -9.00665674801347,
                282.205565156288
              ],
              [
                -75.4821885514748,
                -9.00687435863413,
                282.205896925121
              ],
              [
                -75.4817236734383,
                -9.00689710329809,
                282.206228693955
              ],
              [
                -75.4817374445646,
                -9.00614817220441,
                282.206892231622
              ],
              [
                -75.482158527544,
                -9.00547961233213,
                282.207555769289
              ],
              [
                -75.4828809676372,
                -9.00443570990988,
                282.292488590661
              ],
              [
                -75.4835526410795,
                -9.00318723426908,
                282.334955001347
              ],
              [
                -75.4843412616977,
                -9.0029475742213,
                282.377421412034
              ],
              [
                -75.4852951992027,
                -9.00291297390877,
                282.462354233406
              ],
              [
                -75.4867541071178,
                -9.00264317432113,
                282.504820644092
              ],
              [
                -75.4880160551426,
                -9.00158301277734,
                282.547287054778
              ],
              [
                -75.4897253698846,
                -9.00100957447935,
                282.55790365745
              ],
              [
                -75.4917120689142,
                -9.00036704948126,
                282.568520260121
              ],
              [
                -75.49302435846,
                -8.9992598848406,
                282.589753465465
              ],
              [
                -75.4939565175025,
                -8.99868211079649,
                282.610986670808
              ],
              [
                -75.4949504422122,
                -8.99793726301719,
                282.632219876151
              ],
              [
                -75.4950379963184,
                -8.99742016804062,
                282.637528177486
              ],
              [
                -75.4955355768273,
                -8.99732651418172,
                282.640182328154
              ],
              [
                -75.4960651863442,
                -8.99773354007705,
                282.642836478822
              ],
              [
                -75.4962895765269,
                -8.99719202869382,
                282.648144780158
              ],
              [
                -75.4966021285838,
                -8.99688248303254,
                282.650798930826
              ],
              [
                -75.4968891933492,
                -8.99701957137355,
                282.653453081494
              ],
              [
                -75.4968942422356,
                -8.99663933000617,
                282.65876138283
              ],
              [
                -75.4961499968432,
                -8.9961154979689,
                282.664069684165
              ],
              [
                -75.4962886248773,
                -8.99575489751336,
                282.666723834833
              ],
              [
                -75.4968099271226,
                -8.99578203679831,
                282.669377985501
              ],
              [
                -75.4968739902113,
                -8.99567316104329,
                282.672032136169
              ],
              [
                -75.4973182559858,
                -8.9955067641753,
                282.674686286837
              ],
              [
                -75.4977218901334,
                -8.99505444726015,
                282.69591949218
              ],
              [
                -75.4979727291366,
                -8.9948962483192,
                282.717152697523
              ],
              [
                -75.4984488691997,
                -8.9953125249371,
                282.738385902866
              ],
              [
                -75.4986259299805,
                -8.99518852698737,
                282.7387176717
              ],
              [
                -75.4987583582631,
                -8.99494138411952,
                282.739049440533
              ],
              [
                -75.498697936939,
                -8.99475253080252,
                282.739381209367
              ],
              [
                -75.4985998312604,
                -8.99456985368169,
                282.7397129782
              ],
              [
                -75.498352872111,
                -8.99415259253706,
                282.740376515867
              ],
              [
                -75.4982606780191,
                -8.993852291387,
                282.740708284701
              ],
              [
                -75.4984484511249,
                -8.99359376129399,
                282.741040053534
              ],
              [
                -75.4986942621761,
                -8.99326219688091,
                282.741371822368
              ],
              [
                -75.4988989800791,
                -8.99342297542158,
                282.741703591201
              ],
              [
                -75.4991878782239,
                -8.99339952254048,
                282.742367128868
              ],
              [
                -75.4994176037803,
                -8.99332386010378,
                282.742698897701
              ],
              [
                -75.499659850954,
                -8.99327086679439,
                282.743030666535
              ],
              [
                -75.4999604030625,
                -8.99325719872793,
                282.743694204202
              ],
              [
                -75.5002803145908,
                -8.99343041364,
                282.743735675306
              ],
              [
                -75.5003679031929,
                -8.99362420853999,
                282.74377714641
              ],
              [
                -75.5002768629543,
                -8.99377070606259,
                282.743860088619
              ],
              [
                -75.5002496008849,
                -8.9939081832204,
                282.744025973035
              ],
              [
                -75.5006703986746,
                -8.99426821931974,
                282.744357741869
              ],
              [
                -75.5011902530918,
                -8.99433344080432,
                282.745021279536
              ],
              [
                -75.5017439329687,
                -8.99425627559051,
                282.745684817203
              ],
              [
                -75.5022601308473,
                -8.99392946665905,
                282.746016586036
              ],
              [
                -75.5023765716912,
                -8.99367944792341,
                282.746182470453
              ],
              [
                -75.5024275978969,
                -8.99344852431337,
                282.74634835487
              ],
              [
                -75.5022758370067,
                -8.99288132111866,
                282.747011892537
              ],
              [
                -75.5020349335655,
                -8.9927104837218,
                282.74734366137
              ],
              [
                -75.5017670268477,
                -8.99297528844168,
                282.747675430204
              ],
              [
                -75.5012604714497,
                -8.99295742404055,
                282.748338967871
              ],
              [
                -75.5011624537784,
                -8.99259405457063,
                282.748670736704
              ],
              [
                -75.5011709522952,
                -8.99224485783172,
                282.749002505538
              ],
              [
                -75.5015758411374,
                -8.99218355958301,
                282.751656656206
              ],
              [
                -75.5017960940195,
                -8.99188230673138,
                282.754310806873
              ],
              [
                -75.5017569337338,
                -8.99157334798036,
                282.759619108209
              ],
              [
                -75.5022902007096,
                -8.99138496344206,
                282.802085518896
              ],
              [
                -75.5029829169569,
                -8.99188033069393,
                282.844551929582
              ],
              [
                -75.503530608071,
                -8.9915413313312,
                282.845879004916
              ],
              [
                -75.5041221796844,
                -8.99084948320158,
                282.846542542582
              ],
              [
                -75.5040661619147,
                -8.99010246871903,
                282.84720608025
              ],
              [
                -75.504072505504,
                -8.98950789806537,
                282.849860230917
              ],
              [
                -75.5045330290864,
                -8.98942447306207,
                282.855168532253
              ],
              [
                -75.505082667906,
                -8.98981247138663,
                282.860476833589
              ],
              [
                -75.505383705613,
                -8.98943797868067,
                282.865785134925
              ],
              [
                -75.5053729246405,
                -8.9886564740542,
                282.868439285593
              ],
              [
                -75.5054706724377,
                -8.98785171982569,
                282.87109343626
              ],
              [
                -75.5055287070984,
                -8.98731020646748,
                282.872420511594
              ],
              [
                -75.5052556207454,
                -8.98662884629742,
                282.873747586928
              ],
              [
                -75.5035344819695,
                -8.98601981216605,
                282.876401737596
              ],
              [
                -75.5025063219015,
                -8.98495995274268,
                282.879055888264
              ],
              [
                -75.5025502286827,
                -8.98401997811731,
                282.881710038932
              ],
              [
                -75.5033919252201,
                -8.9824898847736,
                282.887018340268
              ],
              [
                -75.5036294565423,
                -8.98197600022963,
                282.892326641604
              ],
              [
                -75.5043074895315,
                -8.98144617918709,
                282.894980792272
              ],
              [
                -75.504570173522,
                -8.98049842374754,
                282.896307867606
              ],
              [
                -75.5039128006652,
                -8.97978751660755,
                282.896971405272
              ],
              [
                -75.5032686951992,
                -8.97962903581278,
                282.897054347481
              ],
              [
                -75.502850446779,
                -8.97916239418648,
                282.897137289689
              ],
              [
                -75.502572851269,
                -8.97828809473681,
                282.897303174106
              ],
              [
                -75.5014421315867,
                -8.97816274018281,
                282.897634942939
              ],
              [
                -75.4999957122746,
                -8.97760962295424,
                282.900289093607
              ],
              [
                -75.4993325406684,
                -8.97726121226127,
                282.902943244275
              ],
              [
                -75.4990842766378,
                -8.97638891150019,
                282.908251545611
              ],
              [
                -75.4993179866254,
                -8.97544748275497,
                282.929484750954
              ],
              [
                -75.499881080593,
                -8.97437465779766,
                282.97195116164
              ],
              [
                -75.5012755451888,
                -8.97448884339861,
                283.056883983013
              ],
              [
                -75.502353688924,
                -8.9749326874226,
                283.078117188356
              ],
              [
                -75.5031173698623,
                -8.97484391937627,
                283.088733791027
              ],
              [
                -75.5046884385504,
                -8.97475212914127,
                283.099350393699
              ],
              [
                -75.5053169148134,
                -8.97417465827282,
                283.120583599042
              ],
              [
                -75.5057677523287,
                -8.97311293358338,
                283.141816804385
              ],
              [
                -75.5058597101129,
                -8.9722732027252,
                283.152433407057
              ],
              [
                -75.5053531877546,
                -8.97144992796639,
                283.163050009728
              ],
              [
                -75.5046628342857,
                -8.97077884467066,
                283.184283215071
              ],
              [
                -75.503922316171,
                -8.97007857332612,
                283.189591516407
              ],
              [
                -75.5035751647247,
                -8.9684028660641,
                283.194899817743
              ],
              [
                -75.5038464005473,
                -8.96778306256772,
                283.205516420414
              ],
              [
                -75.5045705774223,
                -8.96662152971981,
                283.226749625758
              ],
              [
                -75.5049059113785,
                -8.96615829457783,
                283.229403776425
              ],
              [
                -75.5054309005154,
                -8.965715382038,
                283.230730851759
              ],
              [
                -75.5059330441515,
                -8.96553004924295,
                283.232057927093
              ],
              [
                -75.5066680317753,
                -8.96520024757603,
                283.237366228429
              ],
              [
                -75.5074711261361,
                -8.96459171619301,
                283.242674529765
              ],
              [
                -75.5077794554106,
                -8.96421142751939,
                283.247982831101
              ],
              [
                -75.5079017755012,
                -8.96336389213015,
                283.258599433772
              ],
              [
                -75.5074501034644,
                -8.96243779146155,
                283.263907735108
              ],
              [
                -75.5069535888391,
                -8.96172347672092,
                283.266561885776
              ],
              [
                -75.5067592035838,
                -8.96118981263303,
                283.269216036444
              ],
              [
                -75.5064097023855,
                -8.96030320231035,
                283.270543111778
              ],
              [
                -75.5062175980988,
                -8.96011462915552,
                283.271870187112
              ],
              [
                -75.5059915775031,
                -8.95977469030045,
                283.274524337779
              ],
              [
                -75.5057501861043,
                -8.95945052912578,
                283.279832639115
              ],
              [
                -75.5057103636129,
                -8.95916471183485,
                283.290449241787
              ],
              [
                -75.5055175386219,
                -8.95879818552685,
                283.29078101062
              ],
              [
                -75.5054581063663,
                -8.95847653679546,
                283.291112779454
              ],
              [
                -75.5055218136238,
                -8.95824518565974,
                283.291776317121
              ],
              [
                -75.5053402810867,
                -8.9580292667887,
                283.293103392455
              ],
              [
                -75.5052924629651,
                -8.95772730079703,
                283.294430467789
              ],
              [
                -75.5051350040831,
                -8.95729371854881,
                283.295757543122
              ],
              [
                -75.5050887832616,
                -8.9569098412422,
                283.29841169379
              ],
              [
                -75.5050831029961,
                -8.95662825393113,
                283.301065844458
              ],
              [
                -75.5048690965171,
                -8.95611344747941,
                283.306374145794
              ],
              [
                -75.5049692860612,
                -8.95546396512258,
                283.309028296462
              ],
              [
                -75.5047221873824,
                -8.95481520647147,
                283.310355371796
              ],
              [
                -75.504549542381,
                -8.95422819792405,
                283.31168244713
              ],
              [
                -75.5043752803113,
                -8.95340797808684,
                282.903312392393
              ],
              [
                -75.5045324311854,
                -8.95230449698392,
                282.699127365024
              ],
              [
                -75.5045673456336,
                -8.951825663441,
                282.59703485134
              ],
              [
                -75.5045325523014,
                -8.95112000208531,
                282.494942337656
              ],
              [
                -75.5040764428818,
                -8.9498286078694,
                282.469419209234
              ],
              [
                -75.5032246866376,
                -8.94867250641623,
                282.443896080813
              ],
              [
                -75.5019480924178,
                -8.94777795623516,
                282.392849823971
              ],
              [
                -75.5010825105061,
                -8.94695749254527,
                282.341803567129
              ],
              [
                -75.5003147710133,
                -8.94616959262497,
                282.290757310287
              ],
              [
                -75.4993916363717,
                -8.94541757562518,
                282.188664796603
              ],
              [
                -75.498496486711,
                -8.94436901930276,
                282.086572282918
              ],
              [
                -75.4972332090278,
                -8.94351678634318,
                281.984479769234
              ],
              [
                -75.4970697070201,
                -8.94259943955975,
                281.88238725555
              ],
              [
                -75.4963228642083,
                -8.94160081797378,
                281.678202228181
              ],
              [
                -75.4962481438359,
                -8.94091538951953,
                281.576109714497
              ],
              [
                -75.4961416759665,
                -8.94012126347459,
                281.474017200813
              ],
              [
                -75.4970309995136,
                -8.93911583747664,
                281.371924687128
              ],
              [
                -75.4977045324245,
                -8.93863927242807,
                281.269832173444
              ],
              [
                -75.4982157812248,
                -8.93739354033228,
                281.065647146075
              ],
              [
                -75.4987454147529,
                -8.93633391375698,
                280.861462118707
              ],
              [
                -75.4993565279969,
                -8.93511641765247,
                280.45309206397
              ],
              [
                -75.4990361234533,
                -8.9339774544649,
                280.402045807128
              ],
              [
                -75.4985549963647,
                -8.93241440888702,
                280.376522678707
              ],
              [
                -75.4977525640421,
                -8.93032083546946,
                280.350999550286
              ],
              [
                -75.496282426518,
                -8.92893892935195,
                280.299953293443
              ],
              [
                -75.4948906836408,
                -8.9274768565777,
                280.248907036601
              ],
              [
                -75.4943801513284,
                -8.92608034039315,
                280.146814522917
              ],
              [
                -75.4928539175178,
                -8.92430156060337,
                280.095768266075
              ],
              [
                -75.4913358853623,
                -8.92308621779643,
                280.044722009233
              ],
              [
                -75.4896841512144,
                -8.92132286074487,
                279.227981899759
              ],
              [
                -75.4894174386993,
                -8.92008417237686,
                278.819611845021
              ],
              [
                -75.4895365320358,
                -8.9188543216408,
                278.411241790284
              ],
              [
                -75.490107901086,
                -8.91649724182587,
                277.59450168081
              ],
              [
                -75.4901748027113,
                -8.91357496425202,
                276.777761571336
              ],
              [
                -75.4921990552095,
                -8.91112688805898,
                275.144281352387
              ],
              [
                -75.4947887310384,
                -8.9094860460576,
                273.510801133439
              ],
              [
                -75.4991880989495,
                -8.90834084690892,
                271.87732091449
              ],
              [
                -75.5015042733042,
                -8.90550783249207,
                270.243840695542
              ]
            ]
          ]
        ],
        "type": "MultiPolygon"
      },
      "type": "Feature",
      "properties": {
        "PROVINCIA": "PADRE ABAD",
        "DISTRITO": "HUAIPOCA",
        "name": "HUAIPOCA",
        "ID": "250207",
        "DEPARTAMEN": "UCAYALI"
      },
      "id": "250207"
    }
  ]
}
