{
  "type": "FeatureCollection",
  "features": [
    {
      "geometry": {
        "coordinates": [
          [
            [
              [
                -75.41573136018565,
                -8.24366422605982
              ],
              [
                -75.41491460978949,
                -8.243626726204866
              ],
              [
                -75.41169911008762,
                -8.242446100855204
              ],
              [
                -75.41150648506544,
                -8.24240022580176
              ],
              [
                -75.40221723515918,
                -8.238547976173038
              ],
              [
                -75.40095748402484,
                -8.239072350879553
              ],
              [
                -75.40050910995143,
                -8.239158851103696
              ],
              [
                -75.39861336012763,
                -8.238828477103084
              ],
              [
                -75.39722111000196,
                -8.236956350864261
              ],
              [
                -75.39696148500934,
                -8.236712475813079
              ],
              [
                -75.39466448481653,
                -8.23568997598153
              ],
              [
                -75.3900708601733,
                -8.236633851077215
              ],
              [
                -75.38648248501983,
                -8.24122522699605
              ],
              [
                -75.38122248482193,
                -8.241390351047528
              ],
              [
                -75.37851760979913,
                -8.244380475940034
              ],
              [
                -75.37596973509022,
                -8.245056975779278
              ],
              [
                -75.37175885895186,
                -8.244836725964717
              ],
              [
                -75.36523161018488,
                -8.24609460189356
              ],
              [
                -75.36455510978357,
                -8.246142100902205
              ],
              [
                -75.35414848491507,
                -8.247175725799707
              ],
              [
                -75.34239260993155,
                -8.246951101133902
              ],
              [
                -75.3329393590102,
                -8.247763726196695
              ],
              [
                -75.32280473483513,
                -8.250576226127862
              ],
              [
                -75.31789848399228,
                -8.253390600969396
              ],
              [
                -75.31596948392212,
                -8.253428725982758
              ],
              [
                -75.31510998497606,
                -8.253046601872086
              ],
              [
                -75.31203510916475,
                -8.25361972587973
              ],
              [
                -75.30771873417115,
                -8.253314351099846
              ],
              [
                -75.30536948517653,
                -8.25530047595413
              ],
              [
                -75.30128223411793,
                -8.25663747699548
              ],
              [
                -75.29308135907036,
                -8.256197602127827
              ],
              [
                -75.2924368602055,
                -8.256250851006484
              ],
              [
                -75.29082785882042,
                -8.2563486011706
              ],
              [
                -75.28889148498143,
                -8.258947601159889
              ],
              [
                -75.28602923396329,
                -8.260629601022288
              ],
              [
                -75.27753123487548,
                -8.260821351139327
              ],
              [
                -75.27552473512651,
                -8.26180985117901
              ],
              [
                -75.27410835916942,
                -8.262635975857904
              ],
              [
                -75.27219336013371,
                -8.263548852014537
              ],
              [
                -75.26942386013735,
                -8.262863226011348
              ],
              [
                -75.26708423386037,
                -8.260871101065106
              ],
              [
                -75.26508385911791,
                -8.25692910218089
              ],
              [
                -75.25802573509384,
                -8.255085351102593
              ],
              [
                -75.25187148419008,
                -8.251036227010047
              ],
              [
                -75.24548073408818,
                -8.244604225995317
              ],
              [
                -75.24272373420291,
                -8.243096476163316
              ],
              [
                -75.2406991100836,
                -8.242277975971604
              ],
              [
                -75.23673898394077,
                -8.241032851787566
              ],
              [
                -75.23245535880324,
                -8.241015227209687
              ],
              [
                -75.22923385990191,
                -8.239981850957918
              ],
              [
                -75.22370485900746,
                -8.240914977224747
              ],
              [
                -75.21994985890291,
                -8.2410414761099
              ],
              [
                -75.21776861008414,
                -8.2401179761207
              ],
              [
                -75.21523223409264,
                -8.241110601169169
              ],
              [
                -75.21400085979047,
                -8.241822226209479
              ],
              [
                -75.21096873482122,
                -8.244744101043125
              ],
              [
                -75.20808410906022,
                -8.24911322581221
              ],
              [
                -75.20596398500629,
                -8.251324350962932
              ],
              [
                -75.20431373386975,
                -8.255684225995822
              ],
              [
                -75.2030257348307,
                -8.257271976043796
              ],
              [
                -75.19593423411675,
                -8.258028851887047
              ],
              [
                -75.18635635880628,
                -8.258253476165066
              ],
              [
                -75.18457248414683,
                -8.257266226090849
              ],
              [
                -75.18270698382071,
                -8.25850572618424
              ],
              [
                -75.18031248396204,
                -8.26164647683413
              ],
              [
                -75.17274023483469,
                -8.267032475961969
              ],
              [
                -75.1724772340545,
                -8.267095102069902
              ],
              [
                -75.16770673513861,
                -8.267307976063194
              ],
              [
                -75.1672186088228,
                -8.267282976191325
              ],
              [
                -75.16515260996033,
                -8.267833851978537
              ],
              [
                -75.16475198484972,
                -8.267858851158678
              ],
              [
                -75.16339111019221,
                -8.267578226982266
              ],
              [
                -75.16288636004725,
                -8.26738310101672
              ],
              [
                -75.15690135889417,
                -8.267996600906827
              ],
              [
                -75.15367973386475,
                -8.265566351993698
              ],
              [
                -75.15115273383606,
                -8.264778727063344
              ],
              [
                -75.14758423408057,
                -8.265886851838502
              ],
              [
                -75.14327385918966,
                -8.268675850784689
              ],
              [
                -75.14260710898395,
                -8.27271385090961
              ],
              [
                -75.13870060910534,
                -8.272939225896721
              ],
              [
                -75.13520723519673,
                -8.272432101215202
              ],
              [
                -75.13387173511472,
                -8.272435600999131
              ],
              [
                -75.13195510909958,
                -8.273241100799225
              ],
              [
                -75.13127236016663,
                -8.270718850906292
              ],
              [
                -75.13126186009322,
                -8.27048460086462
              ],
              [
                -75.13028573512355,
                -8.265797227125063
              ],
              [
                -75.1285851101581,
                -8.265341351136726
              ],
              [
                -75.12164173487349,
                -8.26546235111823
              ],
              [
                -75.1180968597825,
                -8.266517727121709
              ],
              [
                -75.11681385994495,
                -8.267453725864584
              ],
              [
                -75.11440123483112,
                -8.267998476930075
              ],
              [
                -75.11034835897567,
                -8.265554727155802
              ],
              [
                -75.10505348517847,
                -8.268249602095977
              ],
              [
                -75.1016821099355,
                -8.271055351839436
              ],
              [
                -75.09518835904123,
                -8.26990622609344
              ],
              [
                -75.09429460880983,
                -8.270015476941808
              ],
              [
                -75.09316360905507,
                -8.270216352133843
              ],
              [
                -75.08729823412062,
                -8.273246352067986
              ],
              [
                -75.08647735890963,
                -8.273502476114402
              ],
              [
                -75.08535085905146,
                -8.273812725899916
              ],
              [
                -75.08144973405939,
                -8.273900100939386
              ],
              [
                -75.07888461010481,
                -8.277042351209673
              ],
              [
                -75.07434910990452,
                -8.27704885195567
              ],
              [
                -75.06914510899867,
                -8.28031935181707
              ],
              [
                -75.06122660992258,
                -8.288322225917739
              ],
              [
                -75.05389535995903,
                -8.297935851029195
              ],
              [
                -75.05123773410179,
                -8.304020351209317
              ],
              [
                -75.04795410993961,
                -8.307467226102744
              ],
              [
                -75.0425298600012,
                -8.310460476124547
              ],
              [
                -75.04035935978311,
                -8.312556601198935
              ],
              [
                -75.03540036009178,
                -8.321177726863937
              ],
              [
                -75.03232035999383,
                -8.331294602182481
              ],
              [
                -75.03055648505836,
                -8.344831975942327
              ],
              [
                -75.02928910905268,
                -8.352990225832116
              ],
              [
                -75.02790823522605,
                -8.359531226077479
              ],
              [
                -75.02664260891527,
                -8.362859351919042
              ],
              [
                -75.02306448502918,
                -8.367915975986705
              ],
              [
                -75.01902736003825,
                -8.371705100775387
              ],
              [
                -75.011556530348,
                -8.375198049808148
              ],
              [
                -75.00756349170052,
                -8.377992800510242
              ],
              [
                -75.00446937395327,
                -8.381074173213165
              ],
              [
                -75.0041088955465,
                -8.38188190364292
              ],
              [
                -75.00386858140075,
                -8.382988789594151
              ],
              [
                -75.00386860624417,
                -8.38550171526714
              ],
              [
                -75.00404886380096,
                -8.386668428356302
              ],
              [
                -75.00428920265148,
                -8.387655645921143
              ],
              [
                -75.00464970377914,
                -8.38834370493447
              ],
              [
                -75.00708306289641,
                -8.389959120226479
              ],
              [
                -75.0095764920743,
                -8.39019839382263
              ],
              [
                -75.01104850344575,
                -8.389839365924729
              ],
              [
                -75.01309403932856,
                -8.392626639500122
              ],
              [
                -75.01338891387894,
                -8.3926502651683
              ],
              [
                -75.01619128927734,
                -8.39342126492079
              ],
              [
                -75.01619128875944,
                -8.394088515285262
              ],
              [
                -75.01613191367602,
                -8.395156015139207
              ],
              [
                -75.01559816435497,
                -8.395971515329279
              ],
              [
                -75.01480691379714,
                -8.396242889964753
              ],
              [
                -75.01346691362187,
                -8.396362889681825
              ],
              [
                -75.01205241402505,
                -8.397084390179486
              ],
              [
                -75.01205853900592,
                -8.39734889035725
              ],
              [
                -75.01427216393301,
                -8.399350264917189
              ],
              [
                -75.01414141373073,
                -8.399652015201582
              ],
              [
                -75.01302416434356,
                -8.400442140079235
              ],
              [
                -75.01230066357272,
                -8.400654139884125
              ],
              [
                -75.01155691430148,
                -8.400912889970982
              ],
              [
                -75.01109928937694,
                -8.401167890428894
              ],
              [
                -75.01076716357346,
                -8.401555265087723
              ],
              [
                -75.01076090866133,
                -8.401563395248786
              ],
              [
                -75.01044128935865,
                -8.401875015173516
              ],
              [
                -75.01180291389488,
                -8.402719764877133
              ],
              [
                -75.01273478909269,
                -8.402802015271789
              ],
              [
                -75.0130797891378,
                -8.4033375153939
              ],
              [
                -75.0128537892046,
                -8.403801390377225
              ],
              [
                -75.01207370404575,
                -8.405131487727374
              ],
              [
                -75.0120685394495,
                -8.405621764822001
              ],
              [
                -75.01302941405908,
                -8.407283140146433
              ],
              [
                -75.0144480386353,
                -8.407406389887342
              ],
              [
                -75.01532841388428,
                -8.407727515200236
              ],
              [
                -75.01597241393807,
                -8.408435265444268
              ],
              [
                -75.01617316391241,
                -8.408941140404409
              ],
              [
                -75.01791016422419,
                -8.41074951505675
              ],
              [
                -75.01898091393929,
                -8.40991663956089
              ],
              [
                -75.01975416369942,
                -8.40934563964413
              ],
              [
                -75.0204204141823,
                -8.409357514762974
              ],
              [
                -75.02082491417951,
                -8.409524015206614
              ],
              [
                -75.0216696636935,
                -8.410023765169115
              ],
              [
                -75.02172428857352,
                -8.410113514838201
              ],
              [
                -75.02188566392829,
                -8.41060076457893
              ],
              [
                -75.02181241438291,
                -8.411760764892165
              ],
              [
                -75.02176478916181,
                -8.41238443330127
              ],
              [
                -75.02176478902345,
                -8.412855265289409
              ],
              [
                -75.02193141378115,
                -8.413366890108534
              ],
              [
                -75.02357328897688,
                -8.412284265326718
              ],
              [
                -75.02434653937758,
                -8.412105764857188
              ],
              [
                -75.02517941394046,
                -8.411427639917292
              ],
              [
                -75.02584566358473,
                -8.41080901467069
              ],
              [
                -75.02646428903284,
                -8.410868389855466
              ],
              [
                -75.02705916390238,
                -8.411356264727601
              ],
              [
                -75.02689450696346,
                -8.412327853499619
              ],
              [
                -75.02676166422691,
                -8.412676889894612
              ],
              [
                -75.02672753878977,
                -8.412793890435069
              ],
              [
                -75.0266944136356,
                -8.413165515302467
              ],
              [
                -75.02676166358128,
                -8.413819015043373
              ],
              [
                -75.02843078885093,
                -8.416026639553934
              ],
              [
                -75.02964091399451,
                -8.416150889595428
              ],
              [
                -75.02990253940942,
                -8.416662389770238
              ],
              [
                -75.02973603896999,
                -8.417269140228484
              ],
              [
                -75.02936861972853,
                -8.417561470546104
              ],
              [
                -75.02891516412478,
                -8.418066264630966
              ],
              [
                -75.02872478932068,
                -8.4184946399659
              ],
              [
                -75.02883178896502,
                -8.41988663965003
              ],
              [
                -75.02901028908957,
                -8.420267265409109
              ],
              [
                -75.02896266379537,
                -8.421873514854042
              ],
              [
                -75.02697591358987,
                -8.424324265055134
              ],
              [
                -75.02708435493395,
                -8.424507143590233
              ],
              [
                -75.02736841422586,
                -8.42469314035867
              ],
              [
                -75.02758266427583,
                -8.42484776488999
              ],
              [
                -75.02809416397673,
                -8.425359390415224
              ],
              [
                -75.02823691419638,
                -8.42553776467139
              ],
              [
                -75.02883178899424,
                -8.426906015148745
              ],
              [
                -75.02909353895808,
                -8.427834014637313
              ],
              [
                -75.02765518625137,
                -8.429788731260203
              ],
              [
                -75.02743428870349,
                -8.429914140122833
              ],
              [
                -75.02711866425682,
                -8.430142140411704
              ],
              [
                -75.02654753912384,
                -8.430701265024368
              ],
              [
                -75.02638103938637,
                -8.431938515025934
              ],
              [
                -75.0269969140802,
                -8.43208863967294
              ],
              [
                -75.02822503860682,
                -8.432140889708194
              ],
              [
                -75.02842728927874,
                -8.432795140400742
              ],
              [
                -75.02804105624199,
                -8.433250972878284
              ],
              [
                -75.02688066427584,
                -8.434246639614003
              ],
              [
                -75.02704728882065,
                -8.43499614010642
              ],
              [
                -75.02715428934005,
                -8.435365015072307
              ],
              [
                -75.0272970387565,
                -8.436055014894464
              ],
              [
                -75.02717816380004,
                -8.436376265399758
              ],
              [
                -75.02697703930477,
                -8.436788515109697
              ],
              [
                -75.02610741367522,
                -8.437494640061004
              ],
              [
                -75.02600028855011,
                -8.43747076472198
              ],
              [
                -75.02458453874294,
                -8.438065639801323
              ],
              [
                -75.0246148018258,
                -8.438440208835232
              ],
              [
                -75.02501553870923,
                -8.442634639678431
              ],
              [
                -75.02439416384965,
                -8.442848389820085
              ],
              [
                -75.0240491636306,
                -8.442717514910669
              ],
              [
                -75.02329953920184,
                -8.442408265139818
              ],
              [
                -75.02279991428031,
                -8.442551014843616
              ],
              [
                -75.02243003914936,
                -8.44442701464169
              ],
              [
                -75.02241916436583,
                -8.445299265056804
              ],
              [
                -75.02071416368568,
                -8.446255764825253
              ],
              [
                -75.02078928856213,
                -8.445822765211119
              ],
              [
                -75.01996828905845,
                -8.446286764891227
              ],
              [
                -75.01934016406148,
                -8.446413389739007
              ],
              [
                -75.01813616382083,
                -8.449035014849585
              ],
              [
                -75.01727953933408,
                -8.45010576544621
              ],
              [
                -75.01683941415467,
                -8.450534015078176
              ],
              [
                -75.0165532156878,
                -8.450425726999924
              ],
              [
                -75.01556628859487,
                -8.449702139628755
              ],
              [
                -75.01556628867337,
                -8.449998639928538
              ],
              [
                -75.01525703861296,
                -8.450462639742284
              ],
              [
                -75.01512366436486,
                -8.450381139967135
              ],
              [
                -75.01474541364195,
                -8.44995114018343
              ],
              [
                -75.0144480393588,
                -8.449201515010543
              ],
              [
                -75.013079789085,
                -8.452996764561817
              ],
              [
                -75.01352003893163,
                -8.454721889614746
              ],
              [
                -75.01661328930737,
                -8.452984889689446
              ],
              [
                -75.01686316361673,
                -8.453151515161494
              ],
              [
                -75.01531653878709,
                -8.454507765236428
              ],
              [
                -75.01406728894244,
                -8.459956765307766
              ],
              [
                -75.01379366381428,
                -8.45980201458849
              ],
              [
                -75.01152128884894,
                -8.45931426529421
              ],
              [
                -75.01148553934354,
                -8.460378140298303
              ],
              [
                -75.01203278884464,
                -8.46147963994855
              ],
              [
                -75.01223503863008,
                -8.461848389835609
              ],
              [
                -75.01107028880887,
                -8.46213801492246
              ],
              [
                -75.01045053902192,
                -8.46156288995445
              ],
              [
                -75.01114053937113,
                -8.464251639782674
              ],
              [
                -75.01027203915334,
                -8.467190265385625
              ],
              [
                -75.01071228927583,
                -8.469415140311696
              ],
              [
                -75.00935591358495,
                -8.470640515153548
              ],
              [
                -75.0094986642153,
                -8.470949889552458
              ],
              [
                -75.01134278857722,
                -8.471592264976778
              ],
              [
                -75.00912991366238,
                -8.474412014548022
              ],
              [
                -75.00900297929036,
                -8.475121101426566
              ],
              [
                -75.0096890388478,
                -8.47699363972066
              ],
              [
                -75.00605691374125,
                -8.477442890051748
              ],
              [
                -75.00651253868295,
                -8.480277264912786
              ],
              [
                -75.00585816374354,
                -8.48137188959737
              ],
              [
                -75.00373778914525,
                -8.483085139610068
              ],
              [
                -75.00460891371222,
                -8.48676138997314
              ],
              [
                -75.00448991390442,
                -8.490235390366081
              ],
              [
                -75.0042562886714,
                -8.490879265136755
              ],
              [
                -75.00042773399997,
                -8.498828100999958
              ],
              [
                -75.00033785899996,
                -8.500802726999837
              ],
              [
                -74.99942773399994,
                -8.502644476999876
              ],
              [
                -74.99829098499993,
                -8.502843725999867
              ],
              [
                -74.99806248399995,
                -8.503052725999908
              ],
              [
                -74.99822260999997,
                -8.503638725999906
              ],
              [
                -74.99864260899989,
                -8.506062475999897
              ],
              [
                -74.99749023399994,
                -8.50719535099995
              ],
              [
                -74.99733798399996,
                -8.507257851999952
              ],
              [
                -74.99675010899989,
                -8.506824226999981
              ],
              [
                -74.99644536,
                -8.50596485199992
              ],
              [
                -74.99597260899986,
                -8.505603476999966
              ],
              [
                -74.99318748499991,
                -8.507818351999958
              ],
              [
                -74.99212685999998,
                -8.508488225999884
              ],
              [
                -74.99062310900001,
                -8.50909372599989
              ],
              [
                -74.99031060899983,
                -8.509781226999849
              ],
              [
                -74.98689260999998,
                -8.512693350999939
              ],
              [
                -74.98847260899981,
                -8.5189804769999
              ],
              [
                -74.98526760899983,
                -8.5189804769999
              ],
              [
                -74.98286523399992,
                -8.520064476999892
              ],
              [
                -74.98331448399995,
                -8.522572226999898
              ],
              [
                -74.98040035899999,
                -8.523384726999893
              ],
              [
                -74.978462859,
                -8.522851475999914
              ],
              [
                -74.977402359,
                -8.524705101999928
              ],
              [
                -74.97904298399993,
                -8.528287101999979
              ],
              [
                -74.97852335999994,
                -8.530341850999832
              ],
              [
                -74.97641010999996,
                -8.531796851999957
              ],
              [
                -74.97629498499987,
                -8.532982476999905
              ],
              [
                -74.97371685899998,
                -8.535162101999958
              ],
              [
                -74.97181648399993,
                -8.534320351999952
              ],
              [
                -74.97094723399971,
                -8.534283226999946
              ],
              [
                -74.96910160899984,
                -8.536761726999885
              ],
              [
                -74.9682694839999,
                -8.538662101999819
              ],
              [
                -74.96485935899983,
                -8.54555472699991
              ],
              [
                -74.96435548499988,
                -8.546937476999915
              ],
              [
                -74.96422648499987,
                -8.549732476999964
              ],
              [
                -74.96439448399985,
                -8.550591851999968
              ],
              [
                -74.96277535899998,
                -8.553304725999965
              ],
              [
                -74.96382810899996,
                -8.554390600999909
              ],
              [
                -74.96313473499987,
                -8.5549981019999
              ],
              [
                -74.96304298399991,
                -8.555242226999951
              ],
              [
                -74.96321085999995,
                -8.555638726999973
              ],
              [
                -74.96341010899994,
                -8.555792976999953
              ],
              [
                -74.96431635999994,
                -8.556119101999968
              ],
              [
                -74.96062498399988,
                -8.562578101999975
              ],
              [
                -74.9591074839999,
                -8.562576225999976
              ],
              [
                -74.9594043589999,
                -8.563490226999932
              ],
              [
                -74.95979298399988,
                -8.566339850999896
              ],
              [
                -74.95819923399989,
                -8.56677347699997
              ],
              [
                -74.9579159839999,
                -8.567994101999886
              ],
              [
                -74.95588673399988,
                -8.567777350999904
              ],
              [
                -74.95202735899989,
                -8.569667975999948
              ],
              [
                -74.95127148499984,
                -8.572425600999907
              ],
              [
                -74.94813473399984,
                -8.573230476999925
              ],
              [
                -74.94733398400001,
                -8.575673851999909
              ],
              [
                -74.94853123399986,
                -8.577880851999907
              ],
              [
                -74.94757798499995,
                -8.580115225999975
              ],
              [
                -74.94961523499984,
                -8.580910101999905
              ],
              [
                -74.94826560899992,
                -8.581343726999933
              ],
              [
                -74.94750973499998,
                -8.581226601999902
              ],
              [
                -74.94708198399985,
                -8.581326225999874
              ],
              [
                -74.94409960899975,
                -8.582140600999935
              ],
              [
                -74.94330660899993,
                -8.58658197699998
              ],
              [
                -74.94370298399997,
                -8.586789100999965
              ],
              [
                -74.94386335899992,
                -8.587720726999976
              ],
              [
                -74.94342773400001,
                -8.588398476999828
              ],
              [
                -74.94152148399985,
                -8.589050726999972
              ],
              [
                -74.9408262349998,
                -8.589492226999823
              ],
              [
                -74.93926173399984,
                -8.593220725999856
              ],
              [
                -74.93978910999988,
                -8.594613226999968
              ],
              [
                -74.93970510899993,
                -8.597498101999975
              ],
              [
                -74.93989648399986,
                -8.597958976999962
              ],
              [
                -74.94049023499997,
                -8.598880975999919
              ],
              [
                -74.94092573399985,
                -8.59989447599986
              ],
              [
                -74.94273435999992,
                -8.604263726999875
              ],
              [
                -74.94450385899995,
                -8.603476726999872
              ],
              [
                -74.94668560899993,
                -8.605812475999926
              ],
              [
                -74.94832623400004,
                -8.60602935199995
              ],
              [
                -74.95051560999991,
                -8.610425725999903
              ],
              [
                -74.95006635899995,
                -8.610804725999913
              ],
              [
                -74.95002735999992,
                -8.611068226999976
              ],
              [
                -74.95169923499998,
                -8.612054726999872
              ],
              [
                -74.95198048499986,
                -8.612677725999902
              ],
              [
                -74.95097248399998,
                -8.613419976999865
              ],
              [
                -74.95053910899998,
                -8.61456847699992
              ],
              [
                -74.95206448399989,
                -8.614902350999955
              ],
              [
                -74.95382623499984,
                -8.619515600999819
              ],
              [
                -74.95291210899995,
                -8.62038472599994
              ],
              [
                -74.95307223399988,
                -8.620664101999921
              ],
              [
                -74.95551360999991,
                -8.623533226999882
              ],
              [
                -74.95506248399988,
                -8.628099600999974
              ],
              [
                -74.95603123499984,
                -8.629439476999892
              ],
              [
                -74.95581835899998,
                -8.63312885099998
              ],
              [
                -74.9560234839999,
                -8.633247976999883
              ],
              [
                -74.955665985,
                -8.634386725999946
              ],
              [
                -74.95562698499998,
                -8.634595726999919
              ],
              [
                -74.95658198399985,
                -8.636728476999906
              ],
              [
                -74.95692385899997,
                -8.637263726999947
              ],
              [
                -74.95803910899997,
                -8.637171850999891
              ],
              [
                -74.95890810899994,
                -8.643314476999933
              ],
              [
                -74.95916798400003,
                -8.643695350999906
              ],
              [
                -74.9610058589999,
                -8.643388726999945
              ],
              [
                -74.96226560999992,
                -8.643324101999951
              ],
              [
                -74.96208985899983,
                -8.645423850999919
              ],
              [
                -74.96351560899996,
                -8.649619101999974
              ],
              [
                -74.96313473399988,
                -8.650361351999834
              ],
              [
                -74.96160160899979,
                -8.65120310199984
              ],
              [
                -74.96132623499989,
                -8.651673851999874
              ],
              [
                -74.962882859,
                -8.652261726999939
              ],
              [
                -74.96309573499985,
                -8.653093726999941
              ],
              [
                -74.9630898599998,
                -8.653499975999978
              ],
              [
                -74.96345510999993,
                -8.655128851999962
              ],
              [
                -74.96366210899998,
                -8.65656635199997
              ],
              [
                -74.96179885899994,
                -8.659179726999923
              ],
              [
                -74.96234185899982,
                -8.659398476999911
              ],
              [
                -74.96460748399988,
                -8.659035101999848
              ],
              [
                -74.964363235,
                -8.66315247599988
              ],
              [
                -74.96528710899997,
                -8.663929726999982
              ],
              [
                -74.96668160899998,
                -8.666119226999967
              ],
              [
                -74.96607223500001,
                -8.666552726999953
              ],
              [
                -74.96417185899998,
                -8.666861350999909
              ],
              [
                -74.96474410899998,
                -8.668171851999887
              ],
              [
                -74.96591210899999,
                -8.66986322699995
              ],
              [
                -74.96679685899994,
                -8.67082222599987
              ],
              [
                -74.96643160899998,
                -8.673380850999934
              ],
              [
                -74.96585935899998,
                -8.674757851999914
              ],
              [
                -74.96372260999993,
                -8.676628851999908
              ],
              [
                -74.96387498399986,
                -8.677742226999953
              ],
              [
                -74.96347073399988,
                -8.678220726999939
              ],
              [
                -74.96254685899999,
                -8.678392601999917
              ],
              [
                -74.96228710899999,
                -8.679189476999966
              ],
              [
                -74.96275385899997,
                -8.679468725999868
              ],
              [
                -74.96206635999994,
                -8.680870975999824
              ],
              [
                -74.96192185899997,
                -8.682607351999934
              ],
              [
                -74.96111323399987,
                -8.682914101999927
              ],
              [
                -74.96012885999994,
                -8.683765601999937
              ],
              [
                -74.95972460899998,
                -8.68418160099992
              ],
              [
                -74.9599453589999,
                -8.684435601999894
              ],
              [
                -74.95870123499986,
                -8.685031226999968
              ],
              [
                -74.95833598399986,
                -8.685095726999975
              ],
              [
                -74.95748823399987,
                -8.692546850999918
              ],
              [
                -74.95679498399988,
                -8.694085976999816
              ],
              [
                -74.95208785899996,
                -8.699638726999979
              ],
              [
                -74.95335003872117,
                -8.703690015348116
              ],
              [
                -74.9523300388476,
                -8.704310014547843
              ],
              [
                -74.94568003907551,
                -8.709890015364977
              ],
              [
                -74.94397003936808,
                -8.710160015097586
              ],
              [
                -74.94363473413563,
                -8.710427851781787
              ],
              [
                -74.94374388877543,
                -8.710746908261626
              ],
              [
                -74.94391948299096,
                -8.710929737270192
              ],
              [
                -74.94436003863518,
                -8.711970014811698
              ],
              [
                -74.943712479689,
                -8.711904612082435
              ],
              [
                -74.94354357722409,
                -8.713903985984985
              ],
              [
                -74.94348003889127,
                -8.714120015428989
              ],
              [
                -74.94202942809898,
                -8.71661558756324
              ],
              [
                -74.94201003915413,
                -8.717220015329133
              ],
              [
                -74.94257003923394,
                -8.719570014704686
              ],
              [
                -74.94153003858924,
                -8.721350015223663
              ],
              [
                -74.94344003933827,
                -8.725580014774039
              ],
              [
                -74.94359003929492,
                -8.726480014635058
              ],
              [
                -74.94582003882277,
                -8.732380014640398
              ],
              [
                -74.94569003873715,
                -8.733950014808329
              ],
              [
                -74.94566003909091,
                -8.738010014585313
              ],
              [
                -74.94293214631062,
                -8.741943815974423
              ],
              [
                -74.94236003883145,
                -8.743640014776531
              ],
              [
                -74.94293003865562,
                -8.750330015077736
              ],
              [
                -74.94195003930201,
                -8.754380015263962
              ],
              [
                -74.94193003927097,
                -8.757660014843736
              ],
              [
                -74.94544003937966,
                -8.769760015024303
              ],
              [
                -74.9457600393032,
                -8.773260015150015
              ],
              [
                -74.94701003906664,
                -8.777850015164745
              ],
              [
                -74.94634003898477,
                -8.77983001473234
              ],
              [
                -74.94871003856747,
                -8.783000015088874
              ],
              [
                -74.95074003915926,
                -8.785830015094689
              ],
              [
                -74.95395003862717,
                -8.788760015137711
              ],
              [
                -74.95596003862056,
                -8.790920015083657
              ],
              [
                -74.95648003872566,
                -8.794220015343456
              ],
              [
                -74.95667003877134,
                -8.794710015059081
              ],
              [
                -74.9611000389445,
                -8.80058001511378
              ],
              [
                -74.96352003911488,
                -8.803310014558576
              ],
              [
                -74.96511003928299,
                -8.80604001530287
              ],
              [
                -74.9657700393675,
                -8.807980015227486
              ],
              [
                -74.96597003934744,
                -8.810330014960073
              ],
              [
                -74.96568003932282,
                -8.813740015192764
              ],
              [
                -74.96582003857884,
                -8.814970014912603
              ],
              [
                -74.96615003943526,
                -8.818580015081977
              ],
              [
                -74.9544722307092,
                -8.863568022137656
              ],
              [
                -74.95642171533689,
                -8.866116879382048
              ],
              [
                -74.96273804178213,
                -8.868510764342943
              ],
              [
                -74.97416791734673,
                -8.871054505400025
              ],
              [
                -74.97898057074201,
                -8.87165310784303
              ],
              [
                -74.98875636389386,
                -8.871503954826778
              ],
              [
                -75.00094716427219,
                -8.869300765024434
              ],
              [
                -75.00512964617764,
                -8.869026706259433
              ],
              [
                -75.00520192214196,
                -8.868688238299569
              ],
              [
                -75.00575486620795,
                -8.866845511452084
              ],
              [
                -75.00586690425666,
                -8.866569737396219
              ],
              [
                -75.00592505461782,
                -8.866435208786527
              ],
              [
                -75.00604561346393,
                -8.866172869305558
              ],
              [
                -75.00617185374676,
                -8.86591948620162
              ],
              [
                -75.00651230515518,
                -8.86532521097206
              ],
              [
                -75.00665842726966,
                -8.865103174238811
              ],
              [
                -75.0072145849295,
                -8.864396575306557
              ],
              [
                -75.00738626850068,
                -8.86421484209717
              ],
              [
                -75.00747424025917,
                -8.864127333886358
              ],
              [
                -75.00765444463372,
                -8.863959034247728
              ],
              [
                -75.00784032864101,
                -8.863799690915926
              ],
              [
                -75.00803189319652,
                -8.86364930388271
              ],
              [
                -75.00832989175541,
                -8.86344051524344
              ],
              [
                -75.0085356577141,
                -8.863312518918974
              ],
              [
                -75.00864067113622,
                -8.863251878679307
              ],
              [
                -75.00885495796274,
                -8.86313731675267
              ],
              [
                -75.00907492447129,
                -8.863031710174823
              ],
              [
                -75.00930057249155,
                -8.862935059840424
              ],
              [
                -75.01119653300566,
                -8.862584375976155
              ],
              [
                -75.0116695038858,
                -8.862493916274218
              ],
              [
                -75.0117698856078,
                -8.862462605125302
              ],
              [
                -75.01193468703991,
                -8.862398596368905
              ],
              [
                -75.01235652467807,
                -8.862166123028658
              ],
              [
                -75.01252758289633,
                -8.862046398347388
              ],
              [
                -75.01416757539181,
                -8.860738378350447
              ],
              [
                -75.01431757996494,
                -8.860658119473555
              ],
              [
                -75.01459175493017,
                -8.860544670836532
              ],
              [
                -75.01480683623856,
                -8.860483131791
              ],
              [
                -75.01488207217045,
                -8.860466310237882
              ],
              [
                -75.01520190416386,
                -8.860417197543256
              ],
              [
                -75.01581177931433,
                -8.860398112300345
              ],
              [
                -75.01616138876943,
                -8.86041675480459
              ],
              [
                -75.01652831499126,
                -8.860450667157465
              ],
              [
                -75.01828434438471,
                -8.86063500987143
              ],
              [
                -75.01849163713462,
                -8.860639949190329
              ],
              [
                -75.01949256177272,
                -8.860502790051441
              ],
              [
                -75.01964682789321,
                -8.86044305499314
              ],
              [
                -75.01985984846453,
                -8.860332303874259
              ],
              [
                -75.01999005962602,
                -8.860244121119763
              ],
              [
                -75.02016414489702,
                -8.860093059445376
              ],
              [
                -75.02027048087297,
                -8.859971531094459
              ],
              [
                -75.02037201396195,
                -8.859833747920618
              ],
              [
                -75.02058861850361,
                -8.859500978257131
              ],
              [
                -75.02091166482842,
                -8.859083578738876
              ],
              [
                -75.02101303474006,
                -8.85899554648023
              ],
              [
                -75.02184380249759,
                -8.858577678593804
              ],
              [
                -75.02197957894208,
                -8.858544354607943
              ],
              [
                -75.0223236075484,
                -8.858519273719821
              ],
              [
                -75.0224869216915,
                -8.85853874630584
              ],
              [
                -75.02388145649002,
                -8.859338440020395
              ],
              [
                -75.02398063728475,
                -8.859511877296143
              ],
              [
                -75.02422869784948,
                -8.860215442537026
              ],
              [
                -75.02437814125227,
                -8.860778387154085
              ],
              [
                -75.02447175256236,
                -8.861080437739872
              ],
              [
                -75.02452837913796,
                -8.861232633273573
              ],
              [
                -75.02458768219822,
                -8.861369659892887
              ],
              [
                -75.02465072778784,
                -8.861493963336954
              ],
              [
                -75.02468385049934,
                -8.861551729856956
              ],
              [
                -75.02480873379363,
                -8.861741742251752
              ],
              [
                -75.02523096932339,
                -8.862285996363482
              ],
              [
                -75.0254808683319,
                -8.86256432511783
              ],
              [
                -75.02913919344019,
                -8.865687633240896
              ],
              [
                -75.02958908058537,
                -8.86600591588649
              ],
              [
                -75.03045316006268,
                -8.866560633743632
              ],
              [
                -75.03087130947529,
                -8.866799620351742
              ],
              [
                -75.0310807484475,
                -8.86691156300617
              ],
              [
                -75.03149423108755,
                -8.867116658011412
              ],
              [
                -75.032102395452,
                -8.867378020257036
              ],
              [
                -75.03269784410799,
                -8.867584581652068
              ],
              [
                -75.03308850094703,
                -8.867692098665998
              ],
              [
                -75.03461972788722,
                -8.867866307094914
              ],
              [
                -75.03491090364594,
                -8.867849282355621
              ],
              [
                -75.03558513196344,
                -8.867795928338865
              ],
              [
                -75.03603976836177,
                -8.867779067118533
              ],
              [
                -75.03641259908494,
                -8.867796692544005
              ],
              [
                -75.03656652316465,
                -8.867816030524295
              ],
              [
                -75.03672684262972,
                -8.86784397337135
              ],
              [
                -75.03689523459241,
                -8.867880803119931
              ],
              [
                -75.03723062436285,
                -8.867972227208156
              ],
              [
                -75.03898425758416,
                -8.86846713843579
              ],
              [
                -75.03924059269127,
                -8.868486296374499
              ],
              [
                -75.04024510485488,
                -8.868356863760823
              ],
              [
                -75.04053977860201,
                -8.868273828163467
              ],
              [
                -75.04359672776297,
                -8.867466124589384
              ],
              [
                -75.0440067825034,
                -8.867492774201878
              ],
              [
                -75.04441673786368,
                -8.86753959858845
              ],
              [
                -75.04503148243987,
                -8.867647660721218
              ],
              [
                -75.04564600196926,
                -8.867801114963584
              ],
              [
                -75.04707919868383,
                -8.86835732253968
              ],
              [
                -75.04767400728485,
                -8.86871486257121
              ],
              [
                -75.04877505645243,
                -8.869511721300455
              ],
              [
                -75.04911583106514,
                -8.869801571029484
              ],
              [
                -75.05298526834719,
                -8.874971447555538
              ],
              [
                -75.05348729089587,
                -8.875438610315769
              ],
              [
                -75.05423541562897,
                -8.876023428550923
              ],
              [
                -75.05446928938994,
                -8.87618381832749
              ],
              [
                -75.05563844143092,
                -8.87687302268455
              ],
              [
                -75.05622335211683,
                -8.877164904238327
              ],
              [
                -75.06168403679499,
                -8.878641967962096
              ],
              [
                -75.06180835639191,
                -8.878712256210463
              ],
              [
                -75.06212699220208,
                -8.87896300888633
              ],
              [
                -75.06222059226337,
                -8.879068705706175
              ],
              [
                -75.06234913591635,
                -8.879257962944337
              ],
              [
                -75.0624286625548,
                -8.879407157444462
              ],
              [
                -75.0624672758496,
                -8.879489921288382
              ],
              [
                -75.06259047077884,
                -8.879801318624345
              ],
              [
                -75.06344270583133,
                -8.881506392285985
              ],
              [
                -75.06369073532358,
                -8.881740394009285
              ],
              [
                -75.06392153158157,
                -8.881926129111719
              ],
              [
                -75.06403255856509,
                -8.882002508967844
              ],
              [
                -75.0640870586268,
                -8.882036616984522
              ],
              [
                -75.06419416013802,
                -8.882096747867365
              ],
              [
                -75.06450252014827,
                -8.882221727501928
              ],
              [
                -75.06464225944785,
                -8.882260600144718
              ],
              [
                -75.06486399111441,
                -8.882304879243918
              ],
              [
                -75.06501824017414,
                -8.882324702866526
              ],
              [
                -75.06801290277258,
                -8.880084035513505
              ],
              [
                -75.06805828380891,
                -8.87993830727595
              ],
              [
                -75.06809765318872,
                -8.87978378553646
              ],
              [
                -75.06827575751134,
                -8.87817515838185
              ],
              [
                -75.06833912015617,
                -8.877745696928343
              ],
              [
                -75.06837486416964,
                -8.877582633573866
              ],
              [
                -75.0684164380649,
                -8.877429566744013
              ],
              [
                -75.06849920056686,
                -8.877179735542597
              ],
              [
                -75.0685587540421,
                -8.877011095083844
              ],
              [
                -75.06874014520747,
                -8.876543446765197
              ],
              [
                -75.06886525051164,
                -8.87625875673399
              ],
              [
                -75.06919924332777,
                -8.875627653232982
              ],
              [
                -75.06934228769524,
                -8.87540585331368
              ],
              [
                -75.06949111580457,
                -8.875200963969405
              ],
              [
                -75.06978602171921,
                -8.874846731849516
              ],
              [
                -75.06999653561456,
                -8.874622899279814
              ],
              [
                -75.07021526260138,
                -8.87441205930213
              ],
              [
                -75.0705534280849,
                -8.8741251450694
              ],
              [
                -75.0711294548164,
                -8.873736707818694
              ],
              [
                -75.07137897399184,
                -8.873605459476266
              ],
              [
                -75.07165368860467,
                -8.873479285888266
              ],
              [
                -75.07193234506843,
                -8.873368773913285
              ],
              [
                -75.07349095120435,
                -8.873108531098808
              ],
              [
                -75.0736239090765,
                -8.873131276066658
              ],
              [
                -75.07390833005581,
                -8.873216952491362
              ],
              [
                -75.0740576110095,
                -8.87327824357709
              ],
              [
                -75.07602459934833,
                -8.873990765850976
              ],
              [
                -75.07618962188292,
                -8.873970189794306
              ],
              [
                -75.07726077318176,
                -8.873660479275372
              ],
              [
                -75.07755836988167,
                -8.873571183628314
              ],
              [
                -75.07893532512821,
                -8.873663083250449
              ],
              [
                -75.07920990299948,
                -8.873806204314178
              ],
              [
                -75.07986565814053,
                -8.874190427174028
              ],
              [
                -75.08009694255782,
                -8.874309483182628
              ],
              [
                -75.080325659099,
                -8.874405173279968
              ],
              [
                -75.08043411810831,
                -8.874440956038882
              ],
              [
                -75.08060109394512,
                -8.874486053492205
              ],
              [
                -75.08087031876971,
                -8.874541368748226
              ],
              [
                -75.0810655809413,
                -8.874570700513686
              ],
              [
                -75.08116943387108,
                -8.874583339345861
              ],
              [
                -75.0815576718685,
                -8.874617263589926
              ],
              [
                -75.08269331308838,
                -8.87468881237362
              ],
              [
                -75.08321101013007,
                -8.874763503416375
              ],
              [
                -75.08696884030803,
                -8.87592265757263
              ],
              [
                -75.08747989110918,
                -8.876068680527851
              ],
              [
                -75.08924067167277,
                -8.876356684414873
              ],
              [
                -75.08968215993292,
                -8.876377532602078
              ],
              [
                -75.08991669254885,
                -8.876382667199437
              ],
              [
                -75.09053311662586,
                -8.876380937147587
              ],
              [
                -75.09119348153104,
                -8.8763625504821
              ],
              [
                -75.09249223524262,
                -8.876315865620882
              ],
              [
                -75.09469475849812,
                -8.876400708660583
              ],
              [
                -75.09506453325707,
                -8.876459831407203
              ],
              [
                -75.09734251001271,
                -8.877088316605466
              ],
              [
                -75.09799140075091,
                -8.87732407931685
              ],
              [
                -75.10021104247636,
                -8.878257678158093
              ],
              [
                -75.10098841785322,
                -8.878624394559438
              ],
              [
                -75.10306281910027,
                -8.879873799237203
              ],
              [
                -75.1033449015606,
                -8.880014039317302
              ],
              [
                -75.10486631891013,
                -8.880444637289145
              ],
              [
                -75.1050813663187,
                -8.880475488546324
              ],
              [
                -75.10602746809252,
                -8.880488055093167
              ],
              [
                -75.1061586607126,
                -8.880457357507282
              ],
              [
                -75.10652106969025,
                -8.880333582841047
              ],
              [
                -75.10683265013569,
                -8.880201177943775
              ],
              [
                -75.10734273057938,
                -8.879975767050098
              ],
              [
                -75.10749448670617,
                -8.87991676357234
              ],
              [
                -75.10789925303948,
                -8.879846181563266
              ],
              [
                -75.1079543118496,
                -8.879865691371549
              ],
              [
                -75.10802589063803,
                -8.879946555863285
              ],
              [
                -75.1080374030937,
                -8.880011704627861
              ],
              [
                -75.10803197040639,
                -8.880094840022707
              ],
              [
                -75.10802288514793,
                -8.880143778633567
              ],
              [
                -75.10798010500798,
                -8.880293596513866
              ],
              [
                -75.10765264633847,
                -8.881144805596193
              ],
              [
                -75.1076052000742,
                -8.881316133196492
              ],
              [
                -75.10762399820055,
                -8.881813583854239
              ],
              [
                -75.10768578009038,
                -8.88190382288684
              ],
              [
                -75.10777585634918,
                -8.882001853354836
              ],
              [
                -75.10818396307565,
                -8.882323133232774
              ],
              [
                -75.10830475267255,
                -8.882392913045067
              ],
              [
                -75.11038839262869,
                -8.882452669621273
              ],
              [
                -75.11120747282905,
                -8.882286866115862
              ],
              [
                -75.11155853328432,
                -8.88222721269625
              ],
              [
                -75.11409468982993,
                -8.881364392371665
              ],
              [
                -75.11513936140352,
                -8.88087470820858
              ],
              [
                -75.11545511821168,
                -8.880733303094473
              ],
              [
                -75.11590659254205,
                -8.880544678899014
              ],
              [
                -75.11606726963794,
                -8.88048250790672
              ],
              [
                -75.11637554209608,
                -8.880372025127087
              ],
              [
                -75.12032172184172,
                -8.879749660037874
              ],
              [
                -75.12053708324811,
                -8.879773234516506
              ],
              [
                -75.12073683865873,
                -8.879808314801892
              ],
              [
                -75.12153941717224,
                -8.880115438560267
              ],
              [
                -75.1217421991463,
                -8.880234380138347
              ],
              [
                -75.12213264227461,
                -8.880516847728131
              ],
              [
                -75.12232030437497,
                -8.88068037465871
              ],
              [
                -75.12264561701829,
                -8.881099913015362
              ],
              [
                -75.12274276692972,
                -8.88139312685189
              ],
              [
                -75.12286502400082,
                -8.881834075513893
              ],
              [
                -75.1229308831721,
                -8.882128793842469
              ],
              [
                -75.12297077673804,
                -8.88236027265549
              ],
              [
                -75.12299809834064,
                -8.882597588808153
              ],
              [
                -75.12289928766978,
                -8.88417926500432
              ],
              [
                -75.12278930086887,
                -8.88469207398964
              ],
              [
                -75.12263773603797,
                -8.885264632429767
              ],
              [
                -75.12137237393841,
                -8.889160508023792
              ],
              [
                -75.12109768452979,
                -8.889788971222004
              ],
              [
                -75.119908549461,
                -8.892963525829714
              ],
              [
                -75.11984700072207,
                -8.893328325513608
              ],
              [
                -75.12055285912527,
                -8.899634792739448
              ],
              [
                -75.11868816321896,
                -8.9024096910386
              ],
              [
                -75.12000458429145,
                -8.904601751517703
              ],
              [
                -75.11992925341195,
                -8.90483087597272
              ],
              [
                -75.11969723204504,
                -8.905354540876544
              ],
              [
                -75.11956055828341,
                -8.905736078022585
              ],
              [
                -75.11952907667256,
                -8.905871414852697
              ],
              [
                -75.11949549451481,
                -8.90671444595256
              ],
              [
                -75.11947752106971,
                -8.90693182940538
              ],
              [
                -75.11946398527363,
                -8.907025558349403
              ],
              [
                -75.11942770047028,
                -8.907176093406406
              ],
              [
                -75.11936799335558,
                -8.90730437413157
              ],
              [
                -75.11927379665156,
                -8.90743404709309
              ],
              [
                -75.1187619725464,
                -8.907958998534639
              ],
              [
                -75.11864632457787,
                -8.908135236113367
              ],
              [
                -75.11849564818516,
                -8.908436473853726
              ],
              [
                -75.11840853299339,
                -8.908665594492788
              ],
              [
                -75.11830703761711,
                -8.909008754179865
              ],
              [
                -75.11805020330587,
                -8.910231591657805
              ],
              [
                -75.11756114893637,
                -8.911474963326725
              ],
              [
                -75.1174311791168,
                -8.911632052010475
              ],
              [
                -75.11726591303403,
                -8.911778190003815
              ],
              [
                -75.11716383402347,
                -8.911848467445282
              ],
              [
                -75.11680952171866,
                -8.912039261684356
              ],
              [
                -75.11636680683813,
                -8.91223900174316
              ],
              [
                -75.11573502179164,
                -8.912626144406602
              ],
              [
                -75.11564522477869,
                -8.912729583337011
              ],
              [
                -75.11557908799074,
                -8.91283938355906
              ],
              [
                -75.11554394162829,
                -8.91292899448922
              ],
              [
                -75.11552054915626,
                -8.913033907004433
              ],
              [
                -75.11550942740917,
                -8.913198140808674
              ],
              [
                -75.11552883090923,
                -8.913482629884527
              ],
              [
                -75.11556887737999,
                -8.913847771447479
              ],
              [
                -75.11557531643683,
                -8.914007235726217
              ],
              [
                -75.11555511364583,
                -8.914221543387612
              ],
              [
                -75.11550988259228,
                -8.914377872400621
              ],
              [
                -75.11547800939059,
                -8.914454985572036
              ],
              [
                -75.11539544041813,
                -8.914607873644115
              ],
              [
                -75.11522242956335,
                -8.914837507684524
              ],
              [
                -75.11507972357879,
                -8.914986720292916
              ],
              [
                -75.11415028572225,
                -8.915746765686379
              ],
              [
                -75.11391588967729,
                -8.915952644690094
              ],
              [
                -75.11346667129664,
                -8.916553208521634
              ],
              [
                -75.11342059155868,
                -8.916680778593843
              ],
              [
                -75.11335442370807,
                -8.917210449000208
              ],
              [
                -75.11335933947578,
                -8.917468069530628
              ],
              [
                -75.11337348790676,
                -8.918083314752778
              ],
              [
                -75.1133585256855,
                -8.918283001955501
              ],
              [
                -75.11312537410498,
                -8.918948083294993
              ],
              [
                -75.11299048905323,
                -8.919179817616339
              ],
              [
                -75.11292172061349,
                -8.919280530526521
              ],
              [
                -75.11281715253546,
                -8.91941230888034
              ],
              [
                -75.11274661599015,
                -8.919487149653378
              ],
              [
                -75.11266398827206,
                -8.91955959893312
              ],
              [
                -75.1122202983438,
                -8.919725064283512
              ],
              [
                -75.11199460713044,
                -8.919742635568923
              ],
              [
                -75.11068710705217,
                -8.919771556513524
              ],
              [
                -75.11053156779053,
                -8.919822327806628
              ],
              [
                -75.11024934106223,
                -8.91994903871381
              ],
              [
                -75.10896355784394,
                -8.920907851780782
              ],
              [
                -75.10883665844028,
                -8.921087176689753
              ],
              [
                -75.10872531074455,
                -8.921273715909592
              ],
              [
                -75.10848597697452,
                -8.921783915786136
              ],
              [
                -75.1084410984028,
                -8.921930404545833
              ],
              [
                -75.10861220119767,
                -8.922577631888771
              ],
              [
                -75.10870107386165,
                -8.92264014832648
              ],
              [
                -75.10919647566203,
                -8.922900254441629
              ],
              [
                -75.1094190688072,
                -8.923019379102584
              ],
              [
                -75.10975686881977,
                -8.923297232127197
              ],
              [
                -75.10984789975998,
                -8.923461169582367
              ],
              [
                -75.10995359120562,
                -8.9237656392894
              ],
              [
                -75.11000753768269,
                -8.92400613735947
              ],
              [
                -75.11005459038302,
                -8.924344113008999
              ],
              [
                -75.11005050546794,
                -8.924551049183037
              ],
              [
                -75.10948498793789,
                -8.926124684858053
              ],
              [
                -75.1094392380412,
                -8.926277941514513
              ],
              [
                -75.10940737310136,
                -8.926420966767182
              ],
              [
                -75.10938876725606,
                -8.92655659915988
              ],
              [
                -75.10939951659321,
                -8.92701275448212
              ],
              [
                -75.1094430597717,
                -8.927353552360557
              ],
              [
                -75.10951277636224,
                -8.927700107860801
              ],
              [
                -75.1096068271757,
                -8.928043240723241
              ],
              [
                -75.10993047262843,
                -8.928827735926347
              ],
              [
                -75.11008785832564,
                -8.92909427941089
              ],
              [
                -75.11022122513185,
                -8.92928048134661
              ],
              [
                -75.11033127617668,
                -8.929407905998687
              ],
              [
                -75.11052117950715,
                -8.929589169568999
              ],
              [
                -75.11082172742516,
                -8.929813376046638
              ],
              [
                -75.11138043085526,
                -8.930116820551461
              ],
              [
                -75.11157968719868,
                -8.930203169531865
              ],
              [
                -75.1116849448332,
                -8.930245509685278
              ],
              [
                -75.11202591386837,
                -8.930370267415299
              ],
              [
                -75.11637219448255,
                -8.93103410011389
              ],
              [
                -75.11666287123114,
                -8.931055043255355
              ],
              [
                -75.1172267543343,
                -8.931161956021356
              ],
              [
                -75.11741606387932,
                -8.931228126254553
              ],
              [
                -75.11801286145999,
                -8.931606485496445
              ],
              [
                -75.11814936476446,
                -8.931726853223438
              ],
              [
                -75.1184735702775,
                -8.93206070962816
              ],
              [
                -75.11859643157595,
                -8.932207427216156
              ],
              [
                -75.11885636111572,
                -8.932750811043036
              ],
              [
                -75.11892590861521,
                -8.933196051220307
              ],
              [
                -75.11962855829427,
                -8.935232533987346
              ],
              [
                -75.11984007092798,
                -8.935601885823928
              ],
              [
                -75.12001228315006,
                -8.935871764062426
              ],
              [
                -75.12014618347246,
                -8.936089257249193
              ],
              [
                -75.12027509343915,
                -8.936286661019324
              ],
              [
                -75.12047145750745,
                -8.936521126854586
              ],
              [
                -75.12053674138815,
                -8.936575746204824
              ],
              [
                -75.12064573695937,
                -8.9366377610761
              ],
              [
                -75.12074144519352,
                -8.936660421382328
              ],
              [
                -75.12084756274373,
                -8.936659032772752
              ],
              [
                -75.12102986317359,
                -8.936611710867055
              ],
              [
                -75.1212150035671,
                -8.93652618414626
              ],
              [
                -75.12227786453701,
                -8.93594045710313
              ],
              [
                -75.12242901365585,
                -8.935911869952236
              ],
              [
                -75.1227226807622,
                -8.935937814668648
              ],
              [
                -75.12292043205287,
                -8.936000003916888
              ],
              [
                -75.12374519221379,
                -8.936470637586808
              ],
              [
                -75.12401382317557,
                -8.93663203730165
              ],
              [
                -75.1249739568608,
                -8.936900621378697
              ],
              [
                -75.12516191920793,
                -8.936908771856565
              ],
              [
                -75.12542680536183,
                -8.936905768047723
              ],
              [
                -75.12559204424315,
                -8.93689360526787
              ],
              [
                -75.12603236318978,
                -8.936808405740805
              ],
              [
                -75.12617604854779,
                -8.936752840778581
              ],
              [
                -75.1264836340207,
                -8.936567581007239
              ],
              [
                -75.12685955555185,
                -8.936291546317534
              ],
              [
                -75.12692215061816,
                -8.93624919926242
              ],
              [
                -75.12706389503114,
                -8.936163820163586
              ],
              [
                -75.12769863392771,
                -8.935900879120254
              ],
              [
                -75.12794282897733,
                -8.935818048591955
              ],
              [
                -75.12816454193046,
                -8.935757995807421
              ],
              [
                -75.12836803265759,
                -8.93572064425814
              ],
              [
                -75.12890776127733,
                -8.93576472472273
              ],
              [
                -75.12898280589576,
                -8.935798952430957
              ],
              [
                -75.1290246139065,
                -8.935822320379884
              ],
              [
                -75.12910948322519,
                -8.935878815489616
              ],
              [
                -75.12924078665253,
                -8.935988551952278
              ],
              [
                -75.12937563032654,
                -8.936126217495257
              ],
              [
                -75.12947113424337,
                -8.93623642675226
              ],
              [
                -75.12971745867827,
                -8.936549984944122
              ],
              [
                -75.13005136693442,
                -8.937300324512933
              ],
              [
                -75.1300956714806,
                -8.93749871321711
              ],
              [
                -75.13035833568131,
                -8.938813403819552
              ],
              [
                -75.13041698362343,
                -8.938972595917278
              ],
              [
                -75.13048360143898,
                -8.939117550024491
              ],
              [
                -75.13067981186964,
                -8.939437036091874
              ],
              [
                -75.1308928417044,
                -8.939740199656967
              ],
              [
                -75.1310959088442,
                -8.93998839232097
              ],
              [
                -75.13119696029958,
                -8.940095678466207
              ],
              [
                -75.13239701292025,
                -8.94067577072559
              ],
              [
                -75.13259869472893,
                -8.94075142419831
              ],
              [
                -75.13365036790304,
                -8.942059674737948
              ],
              [
                -75.13392209155961,
                -8.94265580944051
              ],
              [
                -75.13470643847529,
                -8.944676571924163
              ],
              [
                -75.13477115211845,
                -8.944981533573696
              ],
              [
                -75.13481451769411,
                -8.945276082120131
              ],
              [
                -75.13483943264981,
                -8.945600368591158
              ],
              [
                -75.13484511459939,
                -8.945783769353454
              ],
              [
                -75.13483991824279,
                -8.946156027471602
              ],
              [
                -75.13482906205155,
                -8.946343226853628
              ],
              [
                -75.13476414603366,
                -8.946898481672804
              ],
              [
                -75.1347471864052,
                -8.946995513643799
              ],
              [
                -75.13470535198041,
                -8.94719420612023
              ],
              [
                -75.13462228475407,
                -8.947506221446247
              ],
              [
                -75.13455256131567,
                -8.947726549041079
              ],
              [
                -75.1344732027427,
                -8.94795230898319
              ],
              [
                -75.13427072383502,
                -8.948466102948714
              ],
              [
                -75.13401791782928,
                -8.949067451597443
              ],
              [
                -75.1332564799053,
                -8.95080061117028
              ],
              [
                -75.13314491083946,
                -8.95100362223701
              ],
              [
                -75.13303317110842,
                -8.951190420005219
              ],
              [
                -75.13284919011392,
                -8.951462690826816
              ],
              [
                -75.13272420398027,
                -8.951623648714815
              ],
              [
                -75.13226568130318,
                -8.952065253002615
              ],
              [
                -75.13212756238084,
                -8.952157674396005
              ],
              [
                -75.13198594034714,
                -8.952235346252678
              ],
              [
                -75.13185867783955,
                -8.95228850798253
              ],
              [
                -75.13121089937545,
                -8.952382464218772
              ],
              [
                -75.13100258739212,
                -8.952378793305513
              ],
              [
                -75.13032429597291,
                -8.952332164602183
              ],
              [
                -75.12993431041559,
                -8.95231242596526
              ],
              [
                -75.12922431115146,
                -8.952381119529662
              ],
              [
                -75.12907652853181,
                -8.952429234881379
              ],
              [
                -75.1290096098216,
                -8.952458185309752
              ],
              [
                -75.12887362225337,
                -8.952535231720447
              ],
              [
                -75.12858871729259,
                -8.952768648007236
              ],
              [
                -75.12844844076085,
                -8.952914228604243
              ],
              [
                -75.12831128133394,
                -8.9530720216556
              ],
              [
                -75.12744578636739,
                -8.954146971540695
              ],
              [
                -75.1272985434029,
                -8.954284750902218
              ],
              [
                -75.12717252297796,
                -8.954377049623247
              ],
              [
                -75.12668497784614,
                -8.954422974087208
              ],
              [
                -75.12660121689402,
                -8.954368501540102
              ],
              [
                -75.12512026605225,
                -8.953215220250286
              ],
              [
                -75.12494944072404,
                -8.953155469069202
              ],
              [
                -75.12479732953204,
                -8.953122622461706
              ],
              [
                -75.12422953591727,
                -8.953433165012314
              ],
              [
                -75.12414481952214,
                -8.95358000704391
              ],
              [
                -75.12410408049095,
                -8.953661338800089
              ],
              [
                -75.12402026124403,
                -8.95384934200581
              ],
              [
                -75.12394499966615,
                -8.95403835085483
              ],
              [
                -75.12375141549364,
                -8.954554004888962
              ],
              [
                -75.12371151212938,
                -8.954694124899675
              ],
              [
                -75.12368234636529,
                -8.95484674615841
              ],
              [
                -75.12367166236305,
                -8.954928340079391
              ],
              [
                -75.12365781900263,
                -8.955104147832174
              ],
              [
                -75.1236559071009,
                -8.955441472522466
              ],
              [
                -75.12368045675237,
                -8.956550026257844
              ],
              [
                -75.12364173854229,
                -8.956819549454963
              ],
              [
                -75.12359568995663,
                -8.956981310064918
              ],
              [
                -75.1235330424986,
                -8.957125229339113
              ],
              [
                -75.123453156209,
                -8.957252716708581
              ],
              [
                -75.12338698216854,
                -8.957333088131236
              ],
              [
                -75.12236031073053,
                -8.95800247812349
              ],
              [
                -75.12218768762114,
                -8.958110917966223
              ],
              [
                -75.12117112737883,
                -8.959076199751166
              ],
              [
                -75.12097753670821,
                -8.959300277440661
              ],
              [
                -75.11997369825355,
                -8.961105105365107
              ],
              [
                -75.11993237082913,
                -8.961303297603365
              ],
              [
                -75.12000285315418,
                -8.962687518154098
              ],
              [
                -75.12006766265142,
                -8.962859669500574
              ],
              [
                -75.12050194845108,
                -8.963310818535888
              ],
              [
                -75.12088153782719,
                -8.963549274272623
              ],
              [
                -75.1209607372416,
                -8.96360184104907
              ],
              [
                -75.12110123783907,
                -8.963707707635876
              ],
              [
                -75.12116290834626,
                -8.963763711813613
              ],
              [
                -75.1212369909448,
                -8.963847112199858
              ],
              [
                -75.12137832411582,
                -8.964150318722659
              ],
              [
                -75.12139742982345,
                -8.964270739665778
              ],
              [
                -75.12135473119923,
                -8.964672358321877
              ],
              [
                -75.12130693637363,
                -8.964822055743355
              ],
              [
                -75.1208779844743,
                -8.96562649540391
              ],
              [
                -75.1203649033879,
                -8.966382888215946
              ],
              [
                -75.11957730624829,
                -8.967990004511478
              ],
              [
                -75.11948111252889,
                -8.968466216946183
              ],
              [
                -75.1194349110769,
                -8.969289095094211
              ],
              [
                -75.11946001727802,
                -8.969374263657983
              ],
              [
                -75.11958910124679,
                -8.969581466558225
              ],
              [
                -75.1198224743485,
                -8.969805083199162
              ],
              [
                -75.12030643297396,
                -8.970300664542663
              ],
              [
                -75.12034602227288,
                -8.970399570522261
              ],
              [
                -75.12036013661441,
                -8.970479452124493
              ],
              [
                -75.12035526322813,
                -8.970587212341854
              ],
              [
                -75.12022500664489,
                -8.97139703140948
              ],
              [
                -75.12030794527607,
                -8.971470228906185
              ],
              [
                -75.12119961931484,
                -8.972194752751363
              ],
              [
                -75.12127465434787,
                -8.97240426204155
              ],
              [
                -75.1213197207743,
                -8.972826499832763
              ],
              [
                -75.12130831324487,
                -8.972929404076467
              ],
              [
                -75.12128908876537,
                -8.9730362301205
              ],
              [
                -75.12122729370054,
                -8.973262112487419
              ],
              [
                -75.12118453520878,
                -8.973382449652092
              ],
              [
                -75.12107283241625,
                -8.973645301144302
              ],
              [
                -75.1210099294774,
                -8.973776342509552
              ],
              [
                -75.12064979062274,
                -8.974458477720248
              ],
              [
                -75.12028714078059,
                -8.975329357148553
              ],
              [
                -75.12026671717405,
                -8.97543440887614
              ],
              [
                -75.12060051362425,
                -8.9763556656805
              ],
              [
                -75.1208102514027,
                -8.97653875644454
              ],
              [
                -75.12088825271576,
                -8.976599346543821
              ],
              [
                -75.12114056995495,
                -8.976781207515444
              ],
              [
                -75.12193662223683,
                -8.977359757540285
              ],
              [
                -75.12208129771125,
                -8.977497961106394
              ],
              [
                -75.12232112845675,
                -8.977862800140997
              ],
              [
                -75.12234293030724,
                -8.9779355217064
              ],
              [
                -75.12235965366938,
                -8.97804535059106
              ],
              [
                -75.12231686361616,
                -8.978441218234423
              ],
              [
                -75.12227342051483,
                -8.978604240364632
              ],
              [
                -75.1221020023554,
                -8.979052957539068
              ],
              [
                -75.12201049605818,
                -8.979242868462222
              ],
              [
                -75.11985820551524,
                -8.980829847319285
              ],
              [
                -75.11969101096122,
                -8.980998348108699
              ],
              [
                -75.11947614985036,
                -8.981500663012298
              ],
              [
                -75.11944277551675,
                -8.981723003706179
              ],
              [
                -75.11943155745729,
                -8.98188181905266
              ],
              [
                -75.11943593228943,
                -8.982220335202499
              ],
              [
                -75.11946258460188,
                -8.982487377147777
              ],
              [
                -75.11947596519167,
                -8.982578715464342
              ],
              [
                -75.1195092187624,
                -8.982762433794505
              ],
              [
                -75.11955084300894,
                -8.982946026394984
              ],
              [
                -75.11960040973389,
                -8.983127593030304
              ],
              [
                -75.11968846643583,
                -8.983391901515802
              ],
              [
                -75.1197553925387,
                -8.98355999798838
              ],
              [
                -75.11986636233473,
                -8.98379557724104
              ],
              [
                -75.11996578201922,
                -8.983970489435706
              ],
              [
                -75.12097675974405,
                -8.985128492096749
              ],
              [
                -75.12107608520779,
                -8.985211439973227
              ],
              [
                -75.12131909913171,
                -8.985325507232972
              ],
              [
                -75.1215991481667,
                -8.985399505998089
              ],
              [
                -75.1228423522582,
                -8.985977294459019
              ],
              [
                -75.12460286150946,
                -8.986908426606647
              ],
              [
                -75.1248598954968,
                -8.987028246663556
              ],
              [
                -75.12507845528148,
                -8.987120742651143
              ],
              [
                -75.12526064993313,
                -8.987186801245002
              ],
              [
                -75.1257582942792,
                -8.987327230407573
              ],
              [
                -75.126112439905,
                -8.987419342148257
              ],
              [
                -75.12644213899011,
                -8.987486939821792
              ],
              [
                -75.12708419742461,
                -8.98753109162027
              ],
              [
                -75.12727215785264,
                -8.987524205024613
              ],
              [
                -75.12779489104872,
                -8.987461729066524
              ],
              [
                -75.12795404751841,
                -8.987427137991176
              ],
              [
                -75.12878113217306,
                -8.987116137393457
              ],
              [
                -75.12888544881974,
                -8.987056720951102
              ],
              [
                -75.12933141516379,
                -8.986251202252447
              ],
              [
                -75.12936754519262,
                -8.986173107973741
              ],
              [
                -75.12957524166092,
                -8.986010994376159
              ],
              [
                -75.12980958161302,
                -8.985941737077269
              ],
              [
                -75.13007815684313,
                -8.985918421066629
              ],
              [
                -75.13025148241337,
                -8.985930845741166
              ],
              [
                -75.13113411135203,
                -8.98700493960746
              ],
              [
                -75.13124594434362,
                -8.98712321935841
              ],
              [
                -75.13150080019807,
                -8.987349856044489
              ],
              [
                -75.13188030379257,
                -8.987616669640374
              ],
              [
                -75.13204724791677,
                -8.987716268540453
              ],
              [
                -75.13284016311997,
                -8.988101646783832
              ],
              [
                -75.13334130678288,
                -8.98830163795526
              ],
              [
                -75.13382363339815,
                -8.988484602487233
              ],
              [
                -75.13430038298952,
                -8.988680757030352
              ],
              [
                -75.13452533377563,
                -8.988758945684026
              ],
              [
                -75.13466672175053,
                -8.98879679294248
              ],
              [
                -75.13539693274595,
                -8.988627345689224
              ],
              [
                -75.1355314137956,
                -8.988471917341144
              ],
              [
                -75.13630056509635,
                -8.987785331864586
              ],
              [
                -75.1363724200304,
                -8.987793808580022
              ],
              [
                -75.13649048884406,
                -8.987825015636247
              ],
              [
                -75.13665186619988,
                -8.987892247606624
              ],
              [
                -75.13755988098842,
                -8.98836286165863
              ],
              [
                -75.137611942212,
                -8.988412401994253
              ],
              [
                -75.13763457241976,
                -8.988440415181515
              ],
              [
                -75.13767300836156,
                -8.988502897757144
              ],
              [
                -75.13768880590163,
                -8.988537352677042
              ],
              [
                -75.13771353735694,
                -8.988612644566047
              ],
              [
                -75.1376989031366,
                -8.989114636997044
              ],
              [
                -75.13766789442127,
                -8.98923985225207
              ],
              [
                -75.1375783402874,
                -8.989510589259737
              ],
              [
                -75.13745349245221,
                -8.989803605649456
              ],
              [
                -75.13738001715205,
                -8.989953006035762
              ],
              [
                -75.13727906222425,
                -8.99013672911201
              ],
              [
                -75.1368247288317,
                -8.990670366263771
              ],
              [
                -75.13678483554662,
                -8.990741782848943
              ],
              [
                -75.13675453535984,
                -8.99082161050137
              ],
              [
                -75.13686943972601,
                -8.991394599299213
              ],
              [
                -75.1369584654235,
                -8.991526001060663
              ],
              [
                -75.13710170251494,
                -8.991701811124415
              ],
              [
                -75.13727165887167,
                -8.991884367849536
              ],
              [
                -75.14009389497284,
                -8.994333805241467
              ],
              [
                -75.13862247072996,
                -8.998929264512356
              ],
              [
                -75.14047143096792,
                -8.999574722859677
              ],
              [
                -75.14377845362577,
                -8.998453439379716
              ],
              [
                -75.1464501029946,
                -8.997676998242127
              ],
              [
                -75.1473056169724,
                -8.997997506432
              ],
              [
                -75.1476814636589,
                -8.998337785919148
              ],
              [
                -75.14780979263003,
                -8.998491524042606
              ],
              [
                -75.14921361567042,
                -9.000219475804556
              ],
              [
                -75.14935264298492,
                -9.000270201153
              ],
              [
                -75.14946376383097,
                -9.000289394026083
              ],
              [
                -75.14954085595116,
                -9.000292123292866
              ],
              [
                -75.1495803642506,
                -9.000290471001676
              ],
              [
                -75.14966142905666,
                -9.000281130709823
              ],
              [
                -75.14974532821299,
                -9.000263738239425
              ],
              [
                -75.15042680627107,
                -8.999919353930466
              ],
              [
                -75.15114461219758,
                -8.999384316156466
              ],
              [
                -75.15210915838674,
                -8.998801706743563
              ],
              [
                -75.15226378878504,
                -8.998752897233885
              ],
              [
                -75.15255515595663,
                -8.99871262478257
              ],
              [
                -75.15279055886339,
                -8.998722415300904
              ],
              [
                -75.15313926239367,
                -8.998751853309386
              ],
              [
                -75.15345277784758,
                -8.998796542951766
              ],
              [
                -75.15426669178515,
                -8.999072109050871
              ],
              [
                -75.15434601538743,
                -8.999126329001172
              ],
              [
                -75.15438216550632,
                -8.999154808506432
              ],
              [
                -75.15444742690636,
                -8.999214493019508
              ],
              [
                -75.1546927620659,
                -8.99964321092608
              ],
              [
                -75.15473596609337,
                -8.999796255082003
              ],
              [
                -75.1547526761421,
                -8.999877080137821
              ],
              [
                -75.15477631411972,
                -9.00004733530227
              ],
              [
                -75.15478324113468,
                -9.00013676541181
              ],
              [
                -75.15478731120686,
                -9.000324230686658
              ],
              [
                -75.15532737357194,
                -9.003321575335178
              ],
              [
                -75.15488683086977,
                -9.00500339433637
              ],
              [
                -75.15681117643192,
                -9.010308703583235
              ],
              [
                -75.15889068249868,
                -9.009489345595796
              ],
              [
                -75.1636404623888,
                -9.009386474394205
              ],
              [
                -75.16570013373882,
                -9.01033604009399
              ],
              [
                -75.17084848249482,
                -9.01084548720138
              ],
              [
                -75.1738641558988,
                -9.011575218247572
              ],
              [
                -75.17467528959997,
                -9.01603481117371
              ],
              [
                -75.17555854167591,
                -9.017496677167287
              ],
              [
                -75.17629552585822,
                -9.020640242154116
              ],
              [
                -75.17570835682312,
                -9.023126410281463
              ],
              [
                -75.17570913510457,
                -9.024734925214034
              ],
              [
                -75.1708561491323,
                -9.027149987221662
              ],
              [
                -75.16563478910706,
                -9.028322208203065
              ],
              [
                -75.16218015440262,
                -9.03307618346986
              ],
              [
                -75.16372531056334,
                -9.034464669894078
              ],
              [
                -75.16578472449214,
                -9.034536859237392
              ],
              [
                -75.16975826890325,
                -9.03855632967867
              ],
              [
                -75.17034797532125,
                -9.04133439913386
              ],
              [
                -75.17240770717899,
                -9.041991465423507
              ],
              [
                -75.17637923590246,
                -9.041550891200018
              ],
              [
                -75.17991108483619,
                -9.044400631260203
              ],
              [
                -75.1802795686092,
                -9.04586273512308
              ],
              [
                -75.18202343818604,
                -9.047251043464257
              ],
              [
                -75.18364246805425,
                -9.049004976573144
              ],
              [
                -75.18548119751148,
                -9.048857822419052
              ],
              [
                -75.18658538415804,
                -9.050612002164314
              ],
              [
                -75.18885148717982,
                -9.051926896800069
              ],
              [
                -75.19076516814647,
                -9.054411786101696
              ],
              [
                -75.19282489273718,
                -9.054849392540405
              ],
              [
                -75.1948856459585,
                -9.05718795356887
              ],
              [
                -75.19481457277692,
                -9.061794180570587
              ],
              [
                -75.19496247045112,
                -9.063256384110332
              ],
              [
                -75.19841915502934,
                -9.062523385509564
              ],
              [
                -75.20055244815984,
                -9.062887792828633
              ],
              [
                -75.20055370554604,
                -9.065154328650976
              ],
              [
                -75.2004813268693,
                -9.067274675784574
              ],
              [
                -75.19864303413908,
                -9.068372389269655
              ],
              [
                -75.19606920730484,
                -9.069543604107025
              ],
              [
                -75.1950403269156,
                -9.071225777388861
              ],
              [
                -75.19467356844979,
                -9.07312693896904
              ],
              [
                -75.19607266060098,
                -9.075904524912687
              ],
              [
                -75.2010753089728,
                -9.077217858409654
              ],
              [
                -75.20313554568986,
                -9.078313429314676
              ],
              [
                -75.20512327515416,
                -9.081236877876904
              ],
              [
                -75.20578626232282,
                -9.082918126743266
              ],
              [
                -75.20534769746428,
                -9.087817008866693
              ],
              [
                -75.2063797557937,
                -9.09169146605592
              ],
              [
                -75.20630757606557,
                -9.094104266668978
              ],
              [
                -75.20844254423838,
                -9.097027608851192
              ],
              [
                -75.20741347921461,
                -9.098417360798408
              ],
              [
                -75.20564915640011,
                -9.100465549081036
              ],
              [
                -75.20804984507089,
                -9.101692906282494
              ],
              [
                -75.20977027860829,
                -9.103241527831187
              ],
              [
                -75.21337400357322,
                -9.101777158690311
              ],
              [
                -75.21565537010508,
                -9.103311206346916
              ],
              [
                -75.22006995973788,
                -9.104624616099898
              ],
              [
                -75.22367442656395,
                -9.10440307941002
              ],
              [
                -75.22661608231738,
                -9.103012099457544
              ],
              [
                -75.23044159070696,
                -9.103375268896343
              ],
              [
                -75.23322071041633,
                -9.100960746216401
              ],
              [
                -75.23579463221881,
                -9.099789269958535
              ],
              [
                -75.24057642305667,
                -9.100151713782736
              ],
              [
                -75.24204973437202,
                -9.103221514232473
              ],
              [
                -75.2406542876297,
                -9.106585670408606
              ],
              [
                -75.23837449266284,
                -9.107610761783405
              ],
              [
                -75.23521311133607,
                -9.110464252088263
              ],
              [
                -75.23550914044199,
                -9.113169268769298
              ],
              [
                -75.23470250322623,
                -9.117117929844483
              ],
              [
                -75.23176071919767,
                -9.118435863026377
              ],
              [
                -75.23264483842092,
                -9.120482481645638
              ],
              [
                -75.23390089791724,
                -9.128816635561122
              ],
              [
                -75.23250447541454,
                -9.13093782753515
              ],
              [
                -75.23184453156853,
                -9.134301477164058
              ],
              [
                -75.229416882804,
                -9.134522359909568
              ],
              [
                -75.22905029666254,
                -9.13649665987873
              ],
              [
                -75.2306718905283,
                -9.141248020163005
              ],
              [
                -75.22942193573931,
                -9.142418630433383
              ],
              [
                -75.22802650572953,
                -9.146221418531582
              ],
              [
                -75.22875358152635,
                -9.147704345020315
              ],
              [
                -75.22030456532423,
                -9.151271032536954
              ],
              [
                -75.21648107344589,
                -9.155075245424825
              ],
              [
                -75.2163357387729,
                -9.15807299107297
              ],
              [
                -75.21479252146793,
                -9.16114468197594
              ],
              [
                -75.21553153339539,
                -9.16655464973826
              ],
              [
                -75.21244342440434,
                -9.170065927986684
              ],
              [
                -75.21281553452604,
                -9.177157726815324
              ],
              [
                -75.21914393759448,
                -9.178250648730852
              ],
              [
                -75.22091095167156,
                -9.18007741129486
              ],
              [
                -75.22069211445006,
                -9.183148312719538
              ],
              [
                -75.22260947095839,
                -9.19001980307661
              ],
              [
                -75.22489255316987,
                -9.19330849379503
              ],
              [
                -75.2312177510571,
                -9.200253849598823
              ],
              [
                -75.23137523250239,
                -9.204856311205674
              ],
              [
                -75.2329969986078,
                -9.209315181096144
              ],
              [
                -75.23660528010362,
                -9.21326094836553
              ],
              [
                -75.23888903789413,
                -9.21713444528973
              ],
              [
                -75.24360207529901,
                -9.222249214639533
              ],
              [
                -75.24895490377327,
                -9.226559229101838
              ],
              [
                -75.25425545909354,
                -9.229626273766769
              ],
              [
                -75.25668595493732,
                -9.232475958102896
              ],
              [
                -75.26669389863542,
                -9.232176220040174
              ],
              [
                -75.2719196937885,
                -9.233415226561988
              ],
              [
                -75.27251133129573,
                -9.23721665554632
              ],
              [
                -75.27185098067986,
                -9.239776111065737
              ],
              [
                -75.2689103393709,
                -9.243726427394904
              ],
              [
                -75.26810558908994,
                -9.250014747609669
              ],
              [
                -75.27248881892967,
                -9.262205475544874
              ],
              [
                -75.27188493604416,
                -9.266322108963664
              ],
              [
                -75.27400800380593,
                -9.270436663239423
              ],
              [
                -75.27651453945805,
                -9.271966334899616
              ],
              [
                -75.27969834552846,
                -9.276941554130076
              ],
              [
                -75.28258924714379,
                -9.277035007680581
              ],
              [
                -75.28577016230815,
                -9.2782769034294
              ],
              [
                -75.28837566819777,
                -9.282869601150708
              ],
              [
                -75.292616089408,
                -9.283440504093448
              ],
              [
                -75.3001379031873,
                -9.289943544181881
              ],
              [
                -75.3024503159715,
                -9.289558695957055
              ],
              [
                -75.30389676745506,
                -9.290706164111839
              ],
              [
                -75.30332113484008,
                -9.293674115395334
              ],
              [
                -75.30428767990338,
                -9.297023652618122
              ],
              [
                -75.30930132294657,
                -9.299986803002241
              ],
              [
                -75.31257856201006,
                -9.300845468167836
              ],
              [
                -75.31537303628215,
                -9.30065156092951
              ],
              [
                -75.31902865357705,
                -9.29366043007235
              ],
              [
                -75.32066607654247,
                -9.292797443783513
              ],
              [
                -75.33097441072869,
                -9.289916309868147
              ],
              [
                -75.33405696750759,
                -9.288764749691438
              ],
              [
                -75.33646706216717,
                -9.289815455799953
              ],
              [
                -75.33781817443219,
                -9.291920115077119
              ],
              [
                -75.3416762762335,
                -9.295553965721695
              ],
              [
                -75.34456742476954,
                -9.295742636828095
              ],
              [
                -75.34428066690452,
                -9.298136017522665
              ],
              [
                -75.34842649004554,
                -9.300237926182604
              ],
              [
                -75.34842914224646,
                -9.30291819876976
              ],
              [
                -75.35781616190474,
                -9.307815705688256
              ],
              [
                -75.36155504471174,
                -9.307145219779613
              ],
              [
                -75.3645741259848,
                -9.305856339287743
              ],
              [
                -75.37215373229958,
                -9.310229776792994
              ],
              [
                -75.37617955446757,
                -9.308892124204533
              ],
              [
                -75.37728092115395,
                -9.307652777783062
              ],
              [
                -75.38049346604112,
                -9.307982721614621
              ],
              [
                -75.38322544360176,
                -9.307265460498854
              ],
              [
                -75.38921283670982,
                -9.30230625092537
              ],
              [
                -75.39232696093359,
                -9.30039794641192
              ],
              [
                -75.39611352000003,
                -9.299631806532204
              ],
              [
                -75.4022527413498,
                -9.30195843341653
              ],
              [
                -75.40685347986556,
                -9.300476927057161
              ],
              [
                -75.40958162754339,
                -9.296568780725352
              ],
              [
                -75.41624238017948,
                -9.293941854683169
              ],
              [
                -75.41849402190695,
                -9.292605800897945
              ],
              [
                -75.42103539433458,
                -9.293031414276072
              ],
              [
                -75.42808674027361,
                -9.296356584526734
              ],
              [
                -75.43029116373259,
                -9.295639602432573
              ],
              [
                -75.43609156422622,
                -9.295251588698363
              ],
              [
                -75.43968957654192,
                -9.29719968253687
              ],
              [
                -75.44525094046287,
                -9.297335656295331
              ],
              [
                -75.44716762282849,
                -9.296571307988984
              ],
              [
                -75.45196794360777,
                -9.296343673717729
              ],
              [
                -75.45193560956164,
                -9.299537103138903
              ],
              [
                -75.45361323464664,
                -9.301550728197697
              ],
              [
                -75.45298048516122,
                -9.303505851821399
              ],
              [
                -75.4532168603505,
                -9.307414102003122
              ],
              [
                -75.45403323479508,
                -9.308615227298162
              ],
              [
                -75.45618360969269,
                -9.319421851741936
              ],
              [
                -75.45625460868604,
                -9.324999976663946
              ],
              [
                -75.4591444851759,
                -9.328775352237358
              ],
              [
                -75.46071673390026,
                -9.331886728219558
              ],
              [
                -75.46436323457431,
                -9.335445352056524
              ],
              [
                -75.46674410996792,
                -9.34101372699871
              ],
              [
                -75.46975785883501,
                -9.343253852037947
              ],
              [
                -75.47283198471678,
                -9.348359226622904
              ],
              [
                -75.47653910979011,
                -9.352894476754614
              ],
              [
                -75.48140623474632,
                -9.359671853055602
              ],
              [
                -75.48407811034707,
                -9.367021477724734
              ],
              [
                -75.48779298361973,
                -9.37265035242666
              ],
              [
                -75.49260161017821,
                -9.376380852964871
              ],
              [
                -75.50293219897901,
                -9.379960975302595
              ],
              [
                -75.50595927293477,
                -9.381991133981955
              ],
              [
                -75.509667981473,
                -9.383148367390277
              ],
              [
                -75.51795856208616,
                -9.382167534569874
              ],
              [
                -75.52166730549328,
                -9.383324640881085
              ],
              [
                -75.52596445838924,
                -9.386515298567247
              ],
              [
                -75.53328410749594,
                -9.38853880288525
              ],
              [
                -75.53826685478566,
                -9.393375211580064
              ],
              [
                -75.54695310053552,
                -9.395783852535033
              ],
              [
                -75.55056344314369,
                -9.396262640673683
              ],
              [
                -75.56247326828276,
                -9.401184700238503
              ],
              [
                -75.56514154843018,
                -9.401008199026478
              ],
              [
                -75.57449488657898,
                -9.402715407725736
              ],
              [
                -75.5796646324709,
                -9.402222567368085
              ],
              [
                -75.58220209648312,
                -9.402799663616975
              ],
              [
                -75.58454803101336,
                -9.405508382193716
              ],
              [
                -75.5917698069918,
                -9.406949523919877
              ],
              [
                -75.5961639214654,
                -9.409267205447463
              ],
              [
                -75.59812026577293,
                -9.412267115048621
              ],
              [
                -75.60065949925917,
                -9.413812849287638
              ],
              [
                -75.60338883389142,
                -9.412451900314124
              ],
              [
                -75.6045546702959,
                -9.409640442778596
              ],
              [
                -75.6075746034789,
                -9.407116430402425
              ],
              [
                -75.61137767406552,
                -9.406141086187802
              ],
              [
                -75.61225842169955,
                -9.40768960535155
              ],
              [
                -75.61236331093392,
                -9.41185516956449
              ],
              [
                -75.6166598781536,
                -9.414075874347759
              ],
              [
                -75.62065724753808,
                -9.412615698802028
              ],
              [
                -75.62407131064197,
                -9.412319043262528
              ],
              [
                -75.62514202688055,
                -9.410960860958824
              ],
              [
                -75.62917748675846,
                -9.410856810534028
              ],
              [
                -75.63001980183651,
                -9.410855307599263
              ],
              [
                -75.63626817560157,
                -9.413362908351303
              ],
              [
                -75.64192590878974,
                -9.412965149895001
              ],
              [
                -75.64524346309736,
                -9.413249729236213
              ],
              [
                -75.64885550492335,
                -9.414502507172585
              ],
              [
                -75.65227045249594,
                -9.41468996250427
              ],
              [
                -75.65559112992071,
                -9.416621346801548
              ],
              [
                -75.65812879077123,
                -9.417197881744642
              ],
              [
                -75.6610561475606,
                -9.417483036777355
              ],
              [
                -75.66447186351843,
                -9.418057877714887
              ],
              [
                -75.66896038003102,
                -9.418436897736115
              ],
              [
                -75.6706814850395,
                -9.416595492573379
              ],
              [
                -75.66995064907655,
                -9.412504895957966
              ],
              [
                -75.66850006929837,
                -9.410066813164974
              ],
              [
                -75.6692126578771,
                -9.404681267613682
              ],
              [
                -75.670799919687,
                -9.40302710239149
              ],
              [
                -75.67194510648989,
                -9.397066417161625
              ],
              [
                -75.67150651753008,
                -9.394554626675472
              ],
              [
                -75.67092086949299,
                -9.390750905463676
              ],
              [
                -75.67148785648033,
                -9.384863105687486
              ],
              [
                -75.67408581303334,
                -9.382560908124958
              ],
              [
                -75.67834844396191,
                -9.381332345491728
              ],
              [
                -75.68072232747556,
                -9.375369282663883
              ],
              [
                -75.68259953483357,
                -9.374217042554562
              ],
              [
                -75.68375400934298,
                -9.373137977241981
              ],
              [
                -75.68562682770755,
                -9.369760266338062
              ],
              [
                -75.68844468455558,
                -9.369108700016284
              ],
              [
                -75.69024883776865,
                -9.367597619168862
              ],
              [
                -75.69306780475904,
                -9.367520329009267
              ],
              [
                -75.69393223026952,
                -9.366011067324223
              ],
              [
                -75.69501236022262,
                -9.363927067923271
              ],
              [
                -75.6937049823739,
                -9.360770908026893
              ],
              [
                -75.69406212731968,
                -9.35861653604627
              ],
              [
                -75.69326274799641,
                -9.356464425248078
              ],
              [
                -75.69159627759643,
                -9.354457581357735
              ],
              [
                -75.69036620659227,
                -9.353813874046978
              ],
              [
                -75.688769788831,
                -9.350658250496508
              ],
              [
                -75.68862268569114,
                -9.349366329780253
              ],
              [
                -75.69248731245477,
                -9.34813839798727
              ],
              [
                -75.69602507761914,
                -9.346121386932566
              ],
              [
                -75.69761495980202,
                -9.345974689199522
              ],
              [
                -75.69855031055693,
                -9.34381917883826
              ],
              [
                -75.69890555523887,
                -9.340731548729991
              ],
              [
                -75.70172171321803,
                -9.339362007316709
              ],
              [
                -75.70504163294908,
                -9.336914610343456
              ],
              [
                -75.70655879001083,
                -9.334106536293802
              ],
              [
                -75.70683846624456,
                -9.331885811734082
              ],
              [
                -75.70661532412169,
                -9.328751458913644
              ],
              [
                -75.70707767473846,
                -9.326731331029805
              ],
              [
                -75.70790670294082,
                -9.323986895178336
              ],
              [
                -75.71093152750018,
                -9.318668481084842
              ],
              [
                -75.711503620705,
                -9.315652199933083
              ],
              [
                -75.71171535582971,
                -9.313139161801018
              ],
              [
                -75.71546465926605,
                -9.308752527223021
              ],
              [
                -75.71596676768621,
                -9.306885005913841
              ],
              [
                -75.71530902537307,
                -9.303296875362435
              ],
              [
                -75.71667706426013,
                -9.300781514672394
              ],
              [
                -75.71797339988706,
                -9.298553450345594
              ],
              [
                -75.71746589987333,
                -9.297764792415876
              ],
              [
                -75.71746034434341,
                -9.295036821308884
              ],
              [
                -75.71716586042731,
                -9.292381218897674
              ],
              [
                -75.71643966836405,
                -9.290659739026296
              ],
              [
                -75.71816724288846,
                -9.287282186496839
              ],
              [
                -75.7172242562126,
                -9.285561142842141
              ],
              [
                -75.72024249672683,
                -9.277227546353686
              ],
              [
                -75.72248141451337,
                -9.276576931135423
              ],
              [
                -75.72385254842351,
                -9.275640902833004
              ],
              [
                -75.72580400968667,
                -9.275780527317352
              ],
              [
                -75.72832944997725,
                -9.27390888351465
              ],
              [
                -75.73035019738097,
                -9.272612564853432
              ],
              [
                -75.72969477364188,
                -9.270173078686241
              ],
              [
                -75.73041281515532,
                -9.2679461578727
              ],
              [
                -75.73474684797674,
                -9.26707582503741
              ],
              [
                -75.73611011575383,
                -9.26578075927921
              ],
              [
                -75.73763364182133,
                -9.265275170204347
              ],
              [
                -75.7401887489076,
                -9.263834123732408
              ],
              [
                -75.74292638774466,
                -9.25985614587978
              ],
              [
                -75.74378477710167,
                -9.255690616760887
              ],
              [
                -75.74348834353384,
                -9.25217358213024
              ],
              [
                -75.74579175234481,
                -9.247933262883237
              ],
              [
                -75.74860607560504,
                -9.246132684580687
              ],
              [
                -75.74975826996496,
                -9.24426377303223
              ],
              [
                -75.75481285213021,
                -9.242602042330304
              ],
              [
                -75.76101765001567,
                -9.23820984214018
              ],
              [
                -75.76412176763114,
                -9.236839270469773
              ],
              [
                -75.76325267756323,
                -9.23590786701908
              ],
              [
                -75.76079148378636,
                -9.233831217754869
              ],
              [
                -75.76005462154478,
                -9.227156435989343
              ],
              [
                -75.7618556032678,
                -9.224640024638404
              ],
              [
                -75.76192200495097,
                -9.221911916894157
              ],
              [
                -75.76350788574644,
                -9.220185628875413
              ],
              [
                -75.76343285579833,
                -9.218893593131156
              ],
              [
                -75.76379026445335,
                -9.21709811985221
              ],
              [
                -75.76783905852369,
                -9.218309912358905
              ],
              [
                -75.77080579145093,
                -9.22031364869639
              ],
              [
                -75.77557200442402,
                -9.219154794619499
              ],
              [
                -75.7759295076354,
                -9.217431102228716
              ],
              [
                -75.77744367297561,
                -9.215992067802688
              ],
              [
                -75.77953411064311,
                -9.213762108622916
              ],
              [
                -75.78039813947134,
                -9.212396258630179
              ],
              [
                -75.78241549823315,
                -9.209807501945306
              ],
              [
                -75.78429006756085,
                -9.208008718387305
              ],
              [
                -75.78949210995279,
                -9.207997358464354
              ],
              [
                -75.79057219957883,
                -9.20634386223702
              ],
              [
                -75.796127269983,
                -9.202670438729854
              ],
              [
                -75.79576120892438,
                -9.200517603262824
              ],
              [
                -75.79567548812093,
                -9.194487586345645
              ],
              [
                -75.79675101700929,
                -9.190824017070838
              ],
              [
                -75.7952219821766,
                -9.185515062181821
              ],
              [
                -75.79580928491282,
                -9.181951947253651
              ],
              [
                -75.7982281673469,
                -9.17964263298461
              ],
              [
                -75.79903187581567,
                -9.177720874614636
              ],
              [
                -75.79951150812889,
                -9.172274047092401
              ],
              [
                -75.80094737595675,
                -9.170281071609168
              ],
              [
                -75.80111105110802,
                -9.164939668009026
              ],
              [
                -75.799628438495,
                -9.161731337774654
              ],
              [
                -75.80179563347411,
                -9.156909134525222
              ],
              [
                -75.8024515671757,
                -9.151776091821546
              ],
              [
                -75.80458801714445,
                -9.14894374594212
              ],
              [
                -75.80580711880987,
                -9.144333080973524
              ],
              [
                -75.80663639986994,
                -9.138716556807253
              ],
              [
                -75.80778527909138,
                -9.135651039415848
              ],
              [
                -75.80999315334134,
                -9.132391723481021
              ],
              [
                -75.81441421592865,
                -9.12826598642556
              ],
              [
                -75.81613869166335,
                -9.124241984129185
              ],
              [
                -75.82151786660785,
                -9.11800823904764
              ],
              [
                -75.82093257747096,
                -9.114755169332796
              ],
              [
                -75.82159886016478,
                -9.111307838909397
              ],
              [
                -75.81956855520207,
                -9.107866586537625
              ],
              [
                -75.81946309231546,
                -9.103846690313446
              ],
              [
                -75.8201298145596,
                -9.100590795011556
              ],
              [
                -75.82200352878198,
                -9.098802441187217
              ],
              [
                -75.8218549923875,
                -9.096949644664335
              ],
              [
                -75.82501722295558,
                -9.090050848482122
              ],
              [
                -75.83086276765107,
                -9.08971054929259
              ],
              [
                -75.83422542893084,
                -9.086296938364455
              ],
              [
                -75.83787356872335,
                -9.0848927066275
              ],
              [
                -75.83961687916053,
                -9.076544267879797
              ],
              [
                -75.84015554724328,
                -9.075786357629624
              ],
              [
                -75.8408253375244,
                -9.073942261646664
              ],
              [
                -75.83857024333258,
                -9.070429834955576
              ],
              [
                -75.83844468364822,
                -9.064734946948533
              ],
              [
                -75.83787649615624,
                -9.061944495463194
              ],
              [
                -75.84191601790144,
                -9.059869327736124
              ],
              [
                -75.84382309355351,
                -9.058692400925793
              ],
              [
                -75.8485824183357,
                -9.051929250022113
              ],
              [
                -75.85200705126226,
                -9.051470741755907
              ],
              [
                -75.85548982090506,
                -9.051574294806926
              ],
              [
                -75.85852283766025,
                -9.051511364976363
              ],
              [
                -75.86003596192506,
                -9.05005611096243
              ],
              [
                -75.86070627550276,
                -9.048491162059463
              ],
              [
                -75.86316652885358,
                -9.04379525468795
              ],
              [
                -75.8632176431853,
                -9.04167341230135
              ],
              [
                -75.86360815618423,
                -9.040555796866158
              ],
              [
                -75.86612849458805,
                -9.037534776602683
              ],
              [
                -75.86801557848219,
                -9.035129423186845
              ],
              [
                -75.86930674308883,
                -9.034847193550036
              ],
              [
                -75.87087672799328,
                -9.033726777021855
              ],
              [
                -75.87177552552754,
                -9.033780478763049
              ],
              [
                -75.87323397094343,
                -9.032995325775516
              ],
              [
                -75.87575296267448,
                -9.029471742740213
              ],
              [
                -75.87702764398927,
                -9.022377700737252
              ],
              [
                -75.87853625538827,
                -9.019135688016547
              ],
              [
                -75.87898192118882,
                -9.017627087787048
              ],
              [
                -75.88307034858775,
                -9.0128713511221
              ],
              [
                -75.88424366242663,
                -9.010355976099163
              ],
              [
                -75.88755671149835,
                -9.010124661504847
              ],
              [
                -75.8882842335882,
                -9.009062050347666
              ],
              [
                -75.88934626747323,
                -9.00699360788667
              ],
              [
                -75.8897373539271,
                -9.006155145497928
              ],
              [
                -75.89147071273345,
                -9.003024220278235
              ],
              [
                -75.89201181709512,
                -8.997652340550246
              ],
              [
                -75.89284667844925,
                -8.994845121123888
              ],
              [
                -75.89332482320066,
                -8.993527863798477
              ],
              [
                -75.89379269758933,
                -8.988023042591863
              ],
              [
                -75.89462715835043,
                -8.98479059473209
              ],
              [
                -75.89450417782894,
                -8.983714083849407
              ],
              [
                -75.89016728647596,
                -8.981810242422682
              ],
              [
                -75.88571300288902,
                -8.981103084663062
              ],
              [
                -75.88510492445437,
                -8.978472337228027
              ],
              [
                -75.88449250914977,
                -8.974046912512279
              ],
              [
                -75.88376730565341,
                -8.972732544754649
              ],
              [
                -75.8852058293287,
                -8.970455831260665
              ],
              [
                -75.88531949687558,
                -8.967703706678378
              ],
              [
                -75.88843626669075,
                -8.962790754674131
              ],
              [
                -75.88782588917422,
                -8.959202848082043
              ],
              [
                -75.8890230989586,
                -8.95668741367814
              ],
              [
                -75.88986308516542,
                -8.955728228793191
              ],
              [
                -75.88949104532736,
                -8.951182585385652
              ],
              [
                -75.89008658219092,
                -8.948668593477748
              ],
              [
                -75.89128403858558,
                -8.946272800313807
              ],
              [
                -75.89330801976575,
                -8.937414144758236
              ],
              [
                -75.89605677168936,
                -8.92975019121144
              ],
              [
                -75.89641043118695,
                -8.926758195528635
              ],
              [
                -75.89580240733397,
                -8.924127457649035
              ],
              [
                -75.89712475488801,
                -8.923645682864503
              ],
              [
                -75.89903815489936,
                -8.918855230901215
              ],
              [
                -75.90252237734154,
                -8.916812810683837
              ],
              [
                -75.90215584681243,
                -8.914540434222431
              ],
              [
                -75.90034465544682,
                -8.911912620869373
              ],
              [
                -75.90262184323433,
                -8.908317732870728
              ],
              [
                -75.90272273331993,
                -8.897951970495683
              ],
              [
                -75.90636008650756,
                -8.897598557480364
              ],
              [
                -75.90757083767323,
                -8.896791592099817
              ],
              [
                -75.90988079656785,
                -8.896785956939311
              ],
              [
                -75.91108727624544,
                -8.894256096357935
              ],
              [
                -75.91085358468484,
                -8.893165501660974
              ],
              [
                -75.91154102653923,
                -8.890924058276482
              ],
              [
                -75.91205635421068,
                -8.889142473706386
              ],
              [
                -75.91164828651586,
                -8.887592866261173
              ],
              [
                -75.91117963849706,
                -8.884894809793423
              ],
              [
                -75.91244339873379,
                -8.882192518926786
              ],
              [
                -75.91301830716975,
                -8.881157376090641
              ],
              [
                -75.91462980017377,
                -8.878971097162264
              ],
              [
                -75.91612592506903,
                -8.876842526611256
              ],
              [
                -75.91768234732615,
                -8.875747537895904
              ],
              [
                -75.91837358030989,
                -8.875056681727358
              ],
              [
                -75.91911912525984,
                -8.872987376104845
              ],
              [
                -75.91963568652551,
                -8.87172265000271
              ],
              [
                -75.92055459657536,
                -8.869710346266345
              ],
              [
                -75.92170232588268,
                -8.866836029890578
              ],
              [
                -75.92192871976908,
                -8.864997720353983
              ],
              [
                -75.92226844996122,
                -8.862297685153976
              ],
              [
                -75.92266778292571,
                -8.86034408954157
              ],
              [
                -75.92226114763787,
                -8.859368787153187
              ],
              [
                -75.92185337102137,
                -8.85793404889887
              ],
              [
                -75.92196241811575,
                -8.855349441091278
              ],
              [
                -75.92351472547841,
                -8.85264641557086
              ],
              [
                -75.92524224487636,
                -8.850746968822705
              ],
              [
                -75.92621939813989,
                -8.848964231666002
              ],
              [
                -75.92759799739241,
                -8.846089334865724
              ],
              [
                -75.92788281885998,
                -8.844538027178771
              ],
              [
                -75.92764409532617,
                -8.841437414234008
              ],
              [
                -75.92688414485116,
                -8.837706362627728
              ],
              [
                -75.92785494267775,
                -8.833396732565859
              ],
              [
                -75.92790909146595,
                -8.831960854608155
              ],
              [
                -75.92749745985645,
                -8.828975526422425
              ],
              [
                -75.92807211294297,
                -8.827882940101915
              ],
              [
                -75.92882112575296,
                -8.827249360525116
              ],
              [
                -75.92915189528776,
                -8.820988700437056
              ],
              [
                -75.92920073053187,
                -8.817427934992622
              ],
              [
                -75.92763339849881,
                -8.814043450783458
              ],
              [
                -75.92768698022348,
                -8.812377854301133
              ],
              [
                -75.92877305905284,
                -8.808010508898974
              ],
              [
                -75.92796018973718,
                -8.806174761480406
              ],
              [
                -75.9276086318531,
                -8.804108155577183
              ],
              [
                -75.92656184194107,
                -8.80106695276146
              ],
              [
                -75.92522569240094,
                -8.797739307131849
              ],
              [
                -75.92545405857493,
                -8.796705007581409
              ],
              [
                -75.92504579288868,
                -8.795040544596532
              ],
              [
                -75.92440831054978,
                -8.794065801487989
              ],
              [
                -75.9232468292621,
                -8.791312012783521
              ],
              [
                -75.92207954696664,
                -8.786203605492233
              ],
              [
                -75.92241940619948,
                -8.783560995998698
              ],
              [
                -75.92240923663962,
                -8.783433578945278
              ],
              [
                -75.92164396230248,
                -8.78081227989702
              ],
              [
                -75.92275386924138,
                -8.778736061513143
              ],
              [
                -75.92303641824174,
                -8.776265881287259
              ],
              [
                -75.9247629144578,
                -8.774079317047722
              ],
              [
                -75.92591167271985,
                -8.771721874206264
              ],
              [
                -75.93017177266995,
                -8.76694472536201
              ],
              [
                -75.93148551110835,
                -8.761313360387248
              ],
              [
                -75.93252060016903,
                -8.759702772846424
              ],
              [
                -75.9358593037635,
                -8.755904155492203
              ],
              [
                -75.93751856946443,
                -8.749984776112683
              ],
              [
                -75.93883820301915,
                -8.746765436411522
              ],
              [
                -75.93899872085859,
                -8.741711214568795
              ],
              [
                -75.9400895822979,
                -8.73935388746753
              ],
              [
                -75.94002782933791,
                -8.737746005311863
              ],
              [
                -75.94186850285729,
                -8.73515709512867
              ],
              [
                -75.94387856755367,
                -8.7310745828334
              ],
              [
                -75.94427598405622,
                -8.728431824775953
              ],
              [
                -75.94598902022602,
                -8.725613499140138
              ],
              [
                -75.94788601771569,
                -8.722507560697181
              ],
              [
                -75.94660443684336,
                -8.717858946866158
              ],
              [
                -75.94625218933982,
                -8.715505203433622
              ],
              [
                -75.94601113743187,
                -8.715196424965711
              ],
              [
                -75.94600720158218,
                -8.715191383665228
              ],
              [
                -75.94433315303928,
                -8.709824424042381
              ],
              [
                -75.93970742733609,
                -8.706562379189222
              ],
              [
                -75.93831644832483,
                -8.704268615354067
              ],
              [
                -75.93507579249103,
                -8.700888223877826
              ],
              [
                -75.93212236313963,
                -8.696932793878545
              ],
              [
                -75.92837071521512,
                -8.696941959022752
              ],
              [
                -75.92594925074974,
                -8.698039027616687
              ],
              [
                -75.92340080131044,
                -8.694427114045425
              ],
              [
                -75.91952505302572,
                -8.690875813232083
              ],
              [
                -75.91275008768616,
                -8.68176066926128
              ],
              [
                -75.91135742915844,
                -8.678662755616472
              ],
              [
                -75.90927788590449,
                -8.677921121327358
              ],
              [
                -75.90553080768711,
                -8.679767808450777
              ],
              [
                -75.9008509234713,
                -8.677711385445207
              ],
              [
                -75.89766862052909,
                -8.670042990708112
              ],
              [
                -75.89509295168517,
                -8.668823175481691
              ],
              [
                -75.89283167170709,
                -8.664406300006817
              ],
              [
                -75.89132125310789,
                -8.660217377175115
              ],
              [
                -75.88756575397116,
                -8.658445756735432
              ],
              [
                -75.8772280240467,
                -8.655368335323942
              ],
              [
                -75.87543961095338,
                -8.655659586707316
              ],
              [
                -75.87116256408433,
                -8.652912657155412
              ],
              [
                -75.86735397247958,
                -8.65309360274972
              ],
              [
                -75.8588064743899,
                -8.650413610252997
              ],
              [
                -75.85689779649346,
                -8.650863275547067
              ],
              [
                -75.85349414995812,
                -8.649162001666468
              ],
              [
                -75.85090241412752,
                -8.651522459006173
              ],
              [
                -75.84531203406783,
                -8.654980736785888
              ],
              [
                -75.83745816331799,
                -8.652758176892519
              ],
              [
                -75.8325138871337,
                -8.651781139608886
              ],
              [
                -75.83029571179554,
                -8.64910581206459
              ],
              [
                -75.82923096141008,
                -8.646045094451893
              ],
              [
                -75.82431716320417,
                -8.642226915115828
              ],
              [
                -75.82229064251425,
                -8.639168238299987
              ],
              [
                -75.81680134266259,
                -8.636021219941028
              ],
              [
                -75.82072894135695,
                -8.628642405638175
              ],
              [
                -75.81994792738942,
                -8.623283761890661
              ],
              [
                -75.81772281793803,
                -8.617258150530859
              ],
              [
                -75.81357710414375,
                -8.612576667731844
              ],
              [
                -75.81231617808436,
                -8.607601888012653
              ],
              [
                -75.80615703147242,
                -8.60579616070629
              ],
              [
                -75.80153413078244,
                -8.602742767988502
              ],
              [
                -75.80075829387766,
                -8.599681328783163
              ],
              [
                -75.79931466949745,
                -8.599205727201422
              ],
              [
                -75.79824913609087,
                -8.595570558462043
              ],
              [
                -75.79507001556601,
                -8.592992678072449
              ],
              [
                -75.79448202025623,
                -8.587729256670173
              ],
              [
                -75.79245804036321,
                -8.58562756758829
              ],
              [
                -75.79206442517858,
                -8.581320944768436
              ],
              [
                -75.79234480154986,
                -8.57739581861756
              ],
              [
                -75.79080015340776,
                -8.574527363748643
              ],
              [
                -75.7906946861745,
                -8.570028701944864
              ],
              [
                -75.78801295228737,
                -8.566013906246383
              ],
              [
                -75.7861826427906,
                -8.564486099097223
              ],
              [
                -75.7839620022661,
                -8.560183164539865
              ],
              [
                -75.7845337016849,
                -8.557597538765208
              ],
              [
                -75.78299057208994,
                -8.555399081101314
              ],
              [
                -75.7800055914027,
                -8.553490687968008
              ],
              [
                -75.77855206118625,
                -8.548037508400796
              ],
              [
                -75.77825483985549,
                -8.543730652395993
              ],
              [
                -75.78035852002387,
                -8.537887428191311
              ],
              [
                -75.7791030088897,
                -8.535209759346628
              ],
              [
                -75.77928872796628,
                -8.53195486463136
              ],
              [
                -75.78216023470452,
                -8.525440043415813
              ],
              [
                -75.78446038031637,
                -8.521702276978374
              ],
              [
                -75.79137491682275,
                -8.517476523765765
              ],
              [
                -75.79262058880636,
                -8.515368122243501
              ],
              [
                -75.79588843095905,
                -8.5146913973673
              ],
              [
                -75.79530637234336,
                -8.512203843447821
              ],
              [
                -75.79299732262251,
                -8.511538512363472
              ],
              [
                -75.79039668042572,
                -8.509342222599173
              ],
              [
                -75.78520016254038,
                -8.507246881362846
              ],
              [
                -75.78221226765748,
                -8.503711212375833
              ],
              [
                -75.78427251045821,
                -8.500261099671775
              ],
              [
                -75.78753536513426,
                -8.497191434603508
              ],
              [
                -75.78734033330545,
                -8.495851731259961
              ],
              [
                -75.78454889904731,
                -8.49432582230611
              ],
              [
                -75.78262708819932,
                -8.494904016351256
              ],
              [
                -75.7789707244196,
                -8.493571244201291
              ],
              [
                -75.77224509893085,
                -8.495977672078709
              ],
              [
                -75.76897964013301,
                -8.497802843029604
              ],
              [
                -75.76647270947592,
                -8.494266082457727
              ],
              [
                -75.76406632994355,
                -8.49293070419111
              ],
              [
                -75.76069018670017,
                -8.48738544305877
              ],
              [
                -75.75819166480022,
                -8.488060362174394
              ],
              [
                -75.75578553710136,
                -8.486820648439448
              ],
              [
                -75.75011041479434,
                -8.485587219767353
              ],
              [
                -75.7420344001851,
                -8.485794114075873
              ],
              [
                -75.73530242764133,
                -8.484945363473116
              ],
              [
                -75.73270789592794,
                -8.485716026542207
              ],
              [
                -75.72489296880917,
                -8.487003679199233
              ],
              [
                -75.72328684008352,
                -8.486499393959889
              ],
              [
                -75.71646102777561,
                -8.486894885802826
              ],
              [
                -75.71588076838788,
                -8.485077218725053
              ],
              [
                -75.71760112829315,
                -8.479522135607112
              ],
              [
                -75.717498414332,
                -8.475980580880218
              ],
              [
                -75.7144125659899,
                -8.471008649957412
              ],
              [
                -75.71527256260242,
                -8.468135389022564
              ],
              [
                -75.71430636024445,
                -8.46555263817578
              ],
              [
                -75.71228313121651,
                -8.463258978913245
              ],
              [
                -75.71323856955041,
                -8.46000265589447
              ],
              [
                -75.7088253025405,
                -8.454554463344834
              ],
              [
                -75.70804727227716,
                -8.44967399254898
              ],
              [
                -75.70813765105726,
                -8.446514965706456
              ],
              [
                -75.70717121120884,
                -8.443740740393423
              ],
              [
                -75.70418382414022,
                -8.439821466567764
              ],
              [
                -75.70216391046085,
                -8.439250749983387
              ],
              [
                -75.69754006587755,
                -8.434089939631065
              ],
              [
                -75.69166642558349,
                -8.428835545690049
              ],
              [
                -75.68731386839977,
                -8.423288344539344
              ],
              [
                -75.68524294030249,
                -8.422635427667672
              ],
              [
                -75.67945399234185,
                -8.422645483307633
              ],
              [
                -75.67535956100875,
                -8.421360545332334
              ],
              [
                -75.67196055976126,
                -8.418186066247415
              ],
              [
                -75.66966342642615,
                -8.417295525099917
              ],
              [
                -75.66497209321341,
                -8.417104719812528
              ],
              [
                -75.65818176165425,
                -8.415128450439397
              ],
              [
                -75.64813148484916,
                -8.409751976164898
              ],
              [
                -75.64511998468402,
                -8.408894975643136
              ],
              [
                -75.63406961024788,
                -8.40801597635857
              ],
              [
                -75.62571748539739,
                -8.408615601099655
              ],
              [
                -75.62306223489475,
                -8.408144475929475
              ],
              [
                -75.61807960994156,
                -8.408322850633112
              ],
              [
                -75.60917085958994,
                -8.409750602128724
              ],
              [
                -75.59906298480217,
                -8.411977725875829
              ],
              [
                -75.59512260986179,
                -8.415861102049178
              ],
              [
                -75.59341023486417,
                -8.419060851738834
              ],
              [
                -75.59079873529504,
                -8.420307477336337
              ],
              [
                -75.58827885982737,
                -8.42357310062846
              ],
              [
                -75.58953097471328,
                -8.426865559379621
              ],
              [
                -75.58814156252123,
                -8.432135106571991
              ],
              [
                -75.58594610986052,
                -8.432436549103272
              ],
              [
                -75.58455349585273,
                -8.435618982447522
              ],
              [
                -75.58346388735447,
                -8.441186228211905
              ],
              [
                -75.58216746904753,
                -8.441983245503081
              ],
              [
                -75.57737583928008,
                -8.441692173967056
              ],
              [
                -75.57447940111228,
                -8.440503794914662
              ],
              [
                -75.57228944752296,
                -8.444581836150121
              ],
              [
                -75.56809726957454,
                -8.444687323075186
              ],
              [
                -75.56210621622984,
                -8.443304552921688
              ],
              [
                -75.55861061817376,
                -8.441918139806091
              ],
              [
                -75.5562117443435,
                -8.439635660157592
              ],
              [
                -75.55031709981847,
                -8.43576789748738
              ],
              [
                -75.54921520150384,
                -8.432986613806577
              ],
              [
                -75.54392391315344,
                -8.432198890475206
              ],
              [
                -75.53873355730707,
                -8.43220605079847
              ],
              [
                -75.53274604088165,
                -8.433208095560587
              ],
              [
                -75.5317491141571,
                -8.434103930863671
              ],
              [
                -75.53185409495404,
                -8.437880494093463
              ],
              [
                -75.5289619953831,
                -8.439772759282278
              ],
              [
                -75.52626627184219,
                -8.43927945175767
              ],
              [
                -75.52506511627678,
                -8.43679638487339
              ],
              [
                -75.51552701823073,
                -8.432535386985705
              ],
              [
                -75.51083505720214,
                -8.432044586724999
              ],
              [
                -75.50714254958842,
                -8.432546313227022
              ],
              [
                -75.49816197706349,
                -8.434744342359863
              ],
              [
                -75.48578802564987,
                -8.437343940785183
              ],
              [
                -75.48209468169517,
                -8.437249110531411
              ],
              [
                -75.47989638244934,
                -8.435363439424236
              ],
              [
                -75.475205986054,
                -8.436164252008496
              ],
              [
                -75.47341303919313,
                -8.439247443597708
              ],
              [
                -75.47121898339049,
                -8.440840292642633
              ],
              [
                -75.4712221170472,
                -8.443424372342747
              ],
              [
                -75.46543681019762,
                -8.44690986313384
              ],
              [
                -75.46108597696019,
                -8.448008275242216
              ],
              [
                -75.46028883243923,
                -8.449201868807279
              ],
              [
                -75.45340286366076,
                -8.450601333961174
              ],
              [
                -75.44891024609541,
                -8.450010181368953
              ],
              [
                -75.4459167715438,
                -8.451007483009676
              ],
              [
                -75.44082218475705,
                -8.447733440846264
              ],
              [
                -75.43553673844576,
                -8.452211826323378
              ],
              [
                -75.43224130806749,
                -8.451022818372962
              ],
              [
                -75.43044166501522,
                -8.448440704476411
              ],
              [
                -75.42754621744143,
                -8.44784754529536
              ],
              [
                -75.42645168786726,
                -8.451029166819467
              ],
              [
                -75.42266054254372,
                -8.452921657633738
              ],
              [
                -75.41886506797186,
                -8.450838578791604
              ],
              [
                -75.42015736582528,
                -8.44586777085675
              ],
              [
                -75.41940584662046,
                -8.44320993368052
              ],
              [
                -75.42394683065965,
                -8.442484481172414
              ],
              [
                -75.42813440636513,
                -8.438106838586577
              ],
              [
                -75.43242303071366,
                -8.434921704763667
              ],
              [
                -75.43461489233636,
                -8.431241912857615
              ],
              [
                -75.43950003328092,
                -8.426068279107312
              ],
              [
                -75.4393983119104,
                -8.424378791349113
              ],
              [
                -75.44338861055257,
                -8.422386540513514
              ],
              [
                -75.44817908413069,
                -8.421884163170034
              ],
              [
                -75.45156847356822,
                -8.418202918041686
              ],
              [
                -75.45235982238074,
                -8.412039937508837
              ],
              [
                -75.45794898702519,
                -8.41183469282555
              ],
              [
                -75.46014212268307,
                -8.409546205865524
              ],
              [
                -75.46143624333087,
                -8.406662433783595
              ],
              [
                -75.46133009222973,
                -8.40129559672323
              ],
              [
                -75.46222330530657,
                -8.397020857458699
              ],
              [
                -75.46381643753722,
                -8.39383856373513
              ],
              [
                -75.46890331880508,
                -8.391149065704099
              ],
              [
                -75.47069801642022,
                -8.389656105361212
              ],
              [
                -75.47419118094922,
                -8.389651920237043
              ],
              [
                -75.47718131984163,
                -8.386368508172666
              ],
              [
                -75.47628018192,
                -8.383984283726534
              ],
              [
                -75.48066712814443,
                -8.380400996103901
              ],
              [
                -75.48146236817558,
                -8.377815938114281
              ],
              [
                -75.48056110544866,
                -8.375332334683378
              ],
              [
                -75.48135548320556,
                -8.372051561942158
              ],
              [
                -75.48095262422686,
                -8.369070411110727
              ],
              [
                -75.47935376836563,
                -8.367382755061783
              ],
              [
                -75.47994879159899,
                -8.364301002349293
              ],
              [
                -75.48174344905755,
                -8.362907387153768
              ],
              [
                -75.48134181956806,
                -8.360920113808959
              ],
              [
                -75.47744500980457,
                -8.357048696490494
              ],
              [
                -75.4778496630368,
                -8.352577072514066
              ],
              [
                -75.47965292408077,
                -8.350937021916081
              ],
              [
                -75.4813784929421,
                -8.347201560315511
              ],
              [
                -75.48368232279626,
                -8.344757706256189
              ],
              [
                -75.48728779372055,
                -8.345614836529364
              ],
              [
                -75.48901594593104,
                -8.344033207865778
              ],
              [
                -75.49435315517974,
                -8.346180450339205
              ],
              [
                -75.4988222594082,
                -8.345887669696253
              ],
              [
                -75.50256717074745,
                -8.34301112433053
              ],
              [
                -75.5044377637397,
                -8.340136935621558
              ],
              [
                -75.50876075408183,
                -8.338408326348485
              ],
              [
                -75.51005366138486,
                -8.334816901291049
              ],
              [
                -75.50673401004997,
                -8.331949340688311
              ],
              [
                -75.4977946776545,
                -8.33138628749748
              ],
              [
                -75.49439748505364,
                -8.32932535131124
              ],
              [
                -75.49386136019945,
                -8.327803600620427
              ],
              [
                -75.49640335994286,
                -8.32292722570378
              ],
              [
                -75.49427636007027,
                -8.31905372723213
              ],
              [
                -75.49130211030922,
                -8.317289850876477
              ],
              [
                -75.49093510885456,
                -8.314906850670866
              ],
              [
                -75.49230298501783,
                -8.310043352128218
              ],
              [
                -75.49709173542215,
                -8.30539522703316
              ],
              [
                -75.49605873502287,
                -8.300710975654226
              ],
              [
                -75.50019773479255,
                -8.295273477083242
              ],
              [
                -75.50251035972695,
                -8.291315101315547
              ],
              [
                -75.50287723466937,
                -8.289411851660532
              ],
              [
                -75.50154723542761,
                -8.286155726235222
              ],
              [
                -75.49902773490084,
                -8.282985477434238
              ],
              [
                -75.49658061017362,
                -8.275390602015364
              ],
              [
                -75.49437885975607,
                -8.271708601121134
              ],
              [
                -75.4883794853622,
                -8.264031227280384
              ],
              [
                -75.48434436021785,
                -8.261158226954649
              ],
              [
                -75.47922173481447,
                -8.25888022590135
              ],
              [
                -75.47496123499047,
                -8.256273102317948
              ],
              [
                -75.47146473469229,
                -8.252072601982832
              ],
              [
                -75.47310361031515,
                -8.24745560103878
              ],
              [
                -75.47315123364274,
                -8.244290976143134
              ],
              [
                -75.47107010969171,
                -8.240949227119131
              ],
              [
                -75.46870161004244,
                -8.239317850573286
              ],
              [
                -75.46703910968165,
                -8.235992727070709
              ],
              [
                -75.4617507341311,
                -8.231429975743367
              ],
              [
                -75.45881498523823,
                -8.230518350918658
              ],
              [
                -75.45924830795036,
                -8.223810508245435
              ],
              [
                -75.45758847789153,
                -8.221802105682343
              ],
              [
                -75.45880873092074,
                -8.217564737882924
              ],
              [
                -75.45707711242795,
                -8.215771802179745
              ],
              [
                -75.45555867344888,
                -8.21132215396318
              ],
              [
                -75.4529731208628,
                -8.210071700983349
              ],
              [
                -75.45189911010095,
                -8.211369475888148
              ],
              [
                -75.44836085980154,
                -8.212851226859925
              ],
              [
                -75.44350760881662,
                -8.216127602012989
              ],
              [
                -75.4433847348331,
                -8.216506476048153
              ],
              [
                -75.44097861011971,
                -8.220878350880525
              ],
              [
                -75.43890710885421,
                -8.223287350842611
              ],
              [
                -75.43650623490691,
                -8.230023476170913
              ],
              [
                -75.43155510983291,
                -8.228317976103142
              ],
              [
                -75.4304704848447,
                -8.231521352117909
              ],
              [
                -75.42031973389442,
                -8.235859725831688
              ],
              [
                -75.41917948504329,
                -8.237768977012934
              ],
              [
                -75.41877423505218,
                -8.241516476974482
              ],
              [
                -75.41573136018565,
                -8.24366422605982
              ]
            ]
          ]
        ],
        "type": "MultiPolygon"
      },
      "type": "Feature",
      "properties": {
        "PROVINCIA": "PADRE ABAD",
        "name": "PADRE ABAD",
        "ID": "250200",
        "DEPARTAMEN": "UCAYALI"
      }
    }
  ]
}
