{
  "type": "FeatureCollection",
  "features": [
    {
      "geometry": {
        "coordinates": [
          [
            [
              [
                -74.60642185900002,
                -9.248384601999874
              ],
              [
                -74.60411135899989,
                -9.249132851999889
              ],
              [
                -74.60231048399993,
                -9.250677727999744
              ],
              [
                -74.60005273399975,
                -9.255794976999937
              ],
              [
                -74.59848823399994,
                -9.257058601999915
              ],
              [
                -74.59663473399974,
                -9.258152351999854
              ],
              [
                -74.59512298399989,
                -9.260962852999967
              ],
              [
                -74.59407810899984,
                -9.262345726999968
              ],
              [
                -74.59146873399993,
                -9.26470510199988
              ],
              [
                -74.5899042339999,
                -9.267171726999948
              ],
              [
                -74.58926373399993,
                -9.271773476999954
              ],
              [
                -74.59046060899993,
                -9.27570985299991
              ],
              [
                -74.59145298399983,
                -9.282412101999967
              ],
              [
                -74.59126710899994,
                -9.28503960199987
              ],
              [
                -74.59120898399993,
                -9.291093726999975
              ],
              [
                -74.58715023399998,
                -9.295576226999913
              ],
              [
                -74.58943935899998,
                -9.303176351999923
              ],
              [
                -74.59251035899996,
                -9.307473851999873
              ],
              [
                -74.59393510899974,
                -9.309467601999927
              ],
              [
                -74.59709823399987,
                -9.311269351999954
              ],
              [
                -74.6005257339998,
                -9.313459101999968
              ],
              [
                -74.60233460899997,
                -9.316553351999914
              ],
              [
                -74.60309623400002,
                -9.31826697699995
              ],
              [
                -74.60709498399984,
                -9.321504101999892
              ],
              [
                -74.60861823399989,
                -9.32483635299991
              ],
              [
                -74.61071285899988,
                -9.32950147799994
              ],
              [
                -74.61208223399984,
                -9.333972976999974
              ],
              [
                -74.61394985899983,
                -9.33721322699995
              ],
              [
                -74.61718685899996,
                -9.341592726999977
              ],
              [
                -74.62089998399983,
                -9.343925226999886
              ],
              [
                -74.62051910899999,
                -9.346019851999927
              ],
              [
                -74.62413698400002,
                -9.349637601999973
              ],
              [
                -74.62537460899983,
                -9.350208851999867
              ],
              [
                -74.62585073399998,
                -9.354969226999913
              ],
              [
                -74.62718360899987,
                -9.358967977999953
              ],
              [
                -74.62661235899992,
                -9.36306185199993
              ],
              [
                -74.62737398399997,
                -9.364775476999966
              ],
              [
                -74.63032535899993,
                -9.36696522799997
              ],
              [
                -74.63441935899982,
                -9.36877422699996
              ],
              [
                -74.63622823399976,
                -9.36944060199994
              ],
              [
                -74.63994123399982,
                -9.368583851999915
              ],
              [
                -74.64251185899997,
                -9.366394101999958
              ],
              [
                -74.64472760899991,
                -9.366794851999884
              ],
              [
                -74.64698660899984,
                -9.366489226999931
              ],
              [
                -74.65031885899987,
                -9.367155727999886
              ],
              [
                -74.65631685900001,
                -9.370202351999978
              ],
              [
                -74.65841135899996,
                -9.375153102999889
              ],
              [
                -74.65831623399981,
                -9.380103851999934
              ],
              [
                -74.65783398399986,
                -9.38201335299982
              ],
              [
                -74.66012510899998,
                -9.384673727999939
              ],
              [
                -74.66393335899994,
                -9.38714910199991
              ],
              [
                -74.66593273399991,
                -9.387720351999917
              ],
              [
                -74.66888410899986,
                -9.388672477999762
              ],
              [
                -74.67275135899973,
                -9.388882976999923
              ],
              [
                -74.67413510899996,
                -9.390728102999958
              ],
              [
                -74.67813260899993,
                -9.400106851999908
              ],
              [
                -74.68090010899994,
                -9.402028726999959
              ],
              [
                -74.68236073399999,
                -9.404488726999944
              ],
              [
                -74.68328323399993,
                -9.40717935299989
              ],
              [
                -74.68574323399991,
                -9.408870602999855
              ],
              [
                -74.68989448399992,
                -9.410177476999877
              ],
              [
                -74.69120135899988,
                -9.410408102999952
              ],
              [
                -74.69381510899996,
                -9.412099351999927
              ],
              [
                -74.69635198399999,
                -9.417941851999899
              ],
              [
                -74.69958073399988,
                -9.417019351999954
              ],
              [
                -74.70496198399997,
                -9.416711851999935
              ],
              [
                -74.70702160899998,
                -9.421250976999943
              ],
              [
                -74.7094201089999,
                -9.422210351999922
              ],
              [
                -74.704743109,
                -9.427247102999956
              ],
              [
                -74.70150523399985,
                -9.428925976999949
              ],
              [
                -74.70078560899992,
                -9.433003476999886
              ],
              [
                -74.69766760899995,
                -9.435641726999961
              ],
              [
                -74.69371023399998,
                -9.433842852999874
              ],
              [
                -74.68907073399998,
                -9.43489560199987
              ],
              [
                -74.67907960900004,
                -9.442597226999908
              ],
              [
                -74.6759614839998,
                -9.446914476999893
              ],
              [
                -74.67872123399985,
                -9.448055727999929
              ],
              [
                -74.68553373399993,
                -9.445885351999948
              ],
              [
                -74.68939223400002,
                -9.445704476999879
              ],
              [
                -74.69477685899994,
                -9.447673727999927
              ],
              [
                -74.69801348399989,
                -9.451311226999906
              ],
              [
                -74.70259535899999,
                -9.452637602999971
              ],
              [
                -74.70723760899989,
                -9.45577260199991
              ],
              [
                -74.71054011000001,
                -9.457053351999946
              ],
              [
                -74.7131008589999,
                -9.45667397799997
              ],
              [
                -74.71677448499992,
                -9.459084851999876
              ],
              [
                -74.71989810899993,
                -9.465478976999918
              ],
              [
                -74.7288207339999,
                -9.472412102999897
              ],
              [
                -74.73074998399983,
                -9.477235227999927
              ],
              [
                -74.73081023399993,
                -9.481817102999969
              ],
              [
                -74.73325560900003,
                -9.48685435199991
              ],
              [
                -74.73399635899989,
                -9.490388726999868
              ],
              [
                -74.73522260899989,
                -9.49247360299995
              ],
              [
                -74.73979123399988,
                -9.497256851999964
              ],
              [
                -74.74012848399991,
                -9.504646352999941
              ],
              [
                -74.7411097339999,
                -9.506853851999892
              ],
              [
                -74.74086435899994,
                -9.514396726999962
              ],
              [
                -74.741937484,
                -9.517340226999977
              ],
              [
                -74.74730335899989,
                -9.519486602999962
              ],
              [
                -74.750522859,
                -9.524607101999948
              ],
              [
                -74.74883635999998,
                -9.527305226999886
              ],
              [
                -74.74863960899995,
                -9.531439602999967
              ],
              [
                -74.74928523400001,
                -9.53290822799994
              ],
              [
                -74.74642185899995,
                -9.538351602999967
              ],
              [
                -74.7480546089999,
                -9.542912102999878
              ],
              [
                -74.74493748399982,
                -9.54819672799988
              ],
              [
                -74.74446098399983,
                -9.553129476999914
              ],
              [
                -74.74279410899993,
                -9.554529351999918
              ],
              [
                -74.74241798399999,
                -9.557957101999932
              ],
              [
                -74.74006623399998,
                -9.559790352999926
              ],
              [
                -74.73915435899994,
                -9.564951227999927
              ],
              [
                -74.73758598399985,
                -9.569146476999947
              ],
              [
                -74.73516998399998,
                -9.572706977999928
              ],
              [
                -74.7364003589999,
                -9.576054726999871
              ],
              [
                -74.74055335899988,
                -9.578690727999913
              ],
              [
                -74.74727560899998,
                -9.578690727999913
              ],
              [
                -74.7558489839999,
                -9.584049102999927
              ],
              [
                -74.75647573499987,
                -9.586854352999922
              ],
              [
                -74.75521873399987,
                -9.59275385299992
              ],
              [
                -74.75390260899997,
                -9.595200477999924
              ],
              [
                -74.75649560900001,
                -9.598549727999966
              ],
              [
                -74.75573935899996,
                -9.606544851999956
              ],
              [
                -74.76098848399988,
                -9.60578772699995
              ],
              [
                -74.76301285899984,
                -9.604462852999973
              ],
              [
                -74.76522560899997,
                -9.605020852999871
              ],
              [
                -74.76846373400002,
                -9.607384726999896
              ],
              [
                -74.77248573399993,
                -9.612379102999967
              ],
              [
                -74.77237773499996,
                -9.614323851999927
              ],
              [
                -74.77026560899998,
                -9.61613485199996
              ],
              [
                -74.7657036089999,
                -9.621876727999847
              ],
              [
                -74.76373435899995,
                -9.626640601999839
              ],
              [
                -74.76481486,
                -9.635716103
              ],
              [
                -74.7657872339999,
                -9.638309102999926
              ],
              [
                -74.77195598400004,
                -9.642238602999896
              ],
              [
                -74.77421448399986,
                -9.645655977999922
              ],
              [
                -74.77756373399995,
                -9.648356977999981
              ],
              [
                -74.78164698399996,
                -9.652962476999903
              ],
              [
                -74.7865951089999,
                -9.664509101999954
              ],
              [
                -74.78977248399991,
                -9.66639997699997
              ],
              [
                -74.79755148499987,
                -9.665643726999974
              ],
              [
                -74.80014448399993,
                -9.666724102999979
              ],
              [
                -74.80619485999995,
                -9.671802101999958
              ],
              [
                -74.80651898499985,
                -9.674286976999952
              ],
              [
                -74.80841873399993,
                -9.67550510299992
              ],
              [
                -74.81071373399993,
                -9.67474010299992
              ],
              [
                -74.814691734,
                -9.671680101999868
              ],
              [
                -74.81805773399992,
                -9.671068102999982
              ],
              [
                -74.82188273399998,
                -9.677188101999889
              ],
              [
                -74.82111773400004,
                -9.684226102999958
              ],
              [
                -74.81790473399985,
                -9.688816102999908
              ],
              [
                -74.81865048399999,
                -9.693575102999944
              ],
              [
                -74.82392560899984,
                -9.700293227999907
              ],
              [
                -74.82735748399983,
                -9.700885352999876
              ],
              [
                -74.82876773399983,
                -9.703963102999978
              ],
              [
                -74.826472734,
                -9.70732910199996
              ],
              [
                -74.82300235899999,
                -9.715198477999934
              ],
              [
                -74.82264773399987,
                -9.718345102999876
              ],
              [
                -74.82341273500003,
                -9.721864102999973
              ],
              [
                -74.82308060999998,
                -9.725297227999931
              ],
              [
                -74.821270734,
                -9.730661477999945
              ],
              [
                -74.81637473399991,
                -9.733568477999938
              ],
              [
                -74.81684360999998,
                -9.736433602999966
              ],
              [
                -74.8220566089999,
                -9.739570352999976
              ],
              [
                -74.82587110899988,
                -9.74122260299987
              ],
              [
                -74.83163473399998,
                -9.745630852999966
              ],
              [
                -74.83985748399988,
                -9.74736910199988
              ],
              [
                -74.84379885899995,
                -9.749148477999938
              ],
              [
                -74.84474410899992,
                -9.753819852999982
              ],
              [
                -74.8392433599999,
                -9.763922227999899
              ],
              [
                -74.84014248499977,
                -9.767730476999873
              ],
              [
                -74.84358048399992,
                -9.772649477999948
              ],
              [
                -74.84469123399998,
                -9.777462602000014
              ],
              [
                -74.84707135899993,
                -9.780477477999966
              ],
              [
                -74.84516723500002,
                -9.781905601999881
              ],
              [
                -74.84622510899999,
                -9.78529072699996
              ],
              [
                -74.84252273499987,
                -9.787459352999974
              ],
              [
                -74.83596398499992,
                -9.78550235299997
              ],
              [
                -74.83178548399991,
                -9.783122101999936
              ],
              [
                -74.82834748399989,
                -9.78338660299994
              ],
              [
                -74.82564998399994,
                -9.784973352999884
              ],
              [
                -74.82136573399987,
                -9.784920477999947
              ],
              [
                -74.81919723399994,
                -9.788041102999955
              ],
              [
                -74.81559960899989,
                -9.79542835299992
              ],
              [
                -74.82303235899991,
                -9.80049247799991
              ],
              [
                -74.82672023500004,
                -9.809740102999967
              ],
              [
                -74.82604373399988,
                -9.812574352999945
              ],
              [
                -74.82379423399988,
                -9.815912226999956
              ],
              [
                -74.82647910899993,
                -9.817980352999939
              ],
              [
                -74.82615260899996,
                -9.819685602999868
              ],
              [
                -74.82825685899991,
                -9.821245727999951
              ],
              [
                -74.83050635899997,
                -9.821572227999923
              ],
              [
                -74.83456998499992,
                -9.819395352999948
              ],
              [
                -74.83623898399998,
                -9.82004835299989
              ],
              [
                -74.83627523399997,
                -9.824656227999924
              ],
              [
                -74.83438860899992,
                -9.825018977999946
              ],
              [
                -74.83391685899988,
                -9.827050852999832
              ],
              [
                -74.83525935999984,
                -9.82886497699991
              ],
              [
                -74.83264698499988,
                -9.830787852999947
              ],
              [
                -74.83039860899993,
                -9.833807602999968
              ],
              [
                -74.8306463589999,
                -9.836279852999951
              ],
              [
                -74.83301860899991,
                -9.837185602999966
              ],
              [
                -74.83478698399995,
                -9.84253397699996
              ],
              [
                -74.83353610899991,
                -9.845035602999928
              ],
              [
                -74.83500260899996,
                -9.847105977999888
              ],
              [
                -74.84177435899994,
                -9.849176227999976
              ],
              [
                -74.8472521089999,
                -9.848141102999932
              ],
              [
                -74.85260035999988,
                -9.848356727999942
              ],
              [
                -74.85419623399986,
                -9.84620022799993
              ],
              [
                -74.85945835899986,
                -9.844518102999928
              ],
              [
                -74.86277948400004,
                -9.842275227999949
              ],
              [
                -74.86200310899983,
                -9.839342227999964
              ],
              [
                -74.86657510899977,
                -9.83485647799995
              ],
              [
                -74.86972373399993,
                -9.833605727999952
              ],
              [
                -74.86963748499983,
                -9.831104102999973
              ],
              [
                -74.87183198399998,
                -9.827463226999953
              ],
              [
                -74.87338060899992,
                -9.826951102999942
              ],
              [
                -74.87465348399991,
                -9.824223477999908
              ],
              [
                -74.879078359,
                -9.820465476999914
              ],
              [
                -74.88235148399991,
                -9.819738101999974
              ],
              [
                -74.88586698400002,
                -9.820041102999824
              ],
              [
                -74.88798848499994,
                -9.821313976999875
              ],
              [
                -74.89229210899987,
                -9.826163102999942
              ],
              [
                -74.89411048399995,
                -9.829133227999932
              ],
              [
                -74.89926423499986,
                -9.833789602999957
              ],
              [
                -74.90343873399985,
                -9.834401977999903
              ],
              [
                -74.90339185999989,
                -9.838888102999931
              ],
              [
                -74.95162448499991,
                -9.859909102999893
              ],
              [
                -74.985552859,
                -9.864063726999916
              ],
              [
                -74.99361598500002,
                -9.839797227999952
              ],
              [
                -74.995065984,
                -9.840818603
              ],
              [
                -74.99886885899991,
                -9.840057977999948
              ],
              [
                -75.00286323399996,
                -9.837246101999881
              ],
              [
                -75.0080064839999,
                -9.83691447699988
              ],
              [
                -75.01309348399991,
                -9.838103601999933
              ],
              [
                -75.01839060999987,
                -9.835824227999922
              ],
              [
                -75.02173535899988,
                -9.830939977999833
              ],
              [
                -75.02550460999998,
                -9.83157697699994
              ],
              [
                -75.03521098399995,
                -9.830795352999928
              ],
              [
                -75.03707360899983,
                -9.828813477999915
              ],
              [
                -75.04006136000004,
                -9.827372727999887
              ],
              [
                -75.043259734,
                -9.8228534779999
              ],
              [
                -75.04706985900003,
                -9.823671851999961
              ],
              [
                -75.05268648499998,
                -9.823029602999895
              ],
              [
                -75.05523473399995,
                -9.821596227999976
              ],
              [
                -75.0567743599999,
                -9.819207227999925
              ],
              [
                -75.05988085899997,
                -9.819693352999934
              ],
              [
                -75.06545110999991,
                -9.82470460299993
              ],
              [
                -75.06602423499999,
                -9.827803102999894
              ],
              [
                -75.06956886,
                -9.830196727999976
              ],
              [
                -75.07348810999991,
                -9.831256477999887
              ],
              [
                -75.07774448399982,
                -9.837576102999947
              ],
              [
                -75.08013473499989,
                -9.83919535299998
              ],
              [
                -75.08676986,
                -9.841876351999929
              ],
              [
                -75.09446785900002,
                -9.844477727999958
              ],
              [
                -75.1025904839999,
                -9.845911226999817
              ],
              [
                -75.10839848499995,
                -9.846253852999894
              ],
              [
                -75.11502148399995,
                -9.844878852999841
              ],
              [
                -75.11963673399998,
                -9.842128852999963
              ],
              [
                -75.12302348499998,
                -9.840751977999957
              ],
              [
                -75.13518548499997,
                -9.838611352999976
              ],
              [
                -75.14303510899992,
                -9.838607477999972
              ],
              [
                -75.14770510999995,
                -9.840521477999971
              ],
              [
                -75.15227535999992,
                -9.840740227999959
              ],
              [
                -75.16012498399988,
                -9.839974602999973
              ],
              [
                -75.16384298499992,
                -9.838786852999931
              ],
              [
                -75.16990798499984,
                -9.834019101999957
              ],
              [
                -75.17978260899991,
                -9.829771977999826
              ],
              [
                -75.18222473499992,
                -9.827648476999968
              ],
              [
                -75.18854235899994,
                -9.824038352999878
              ],
              [
                -75.20260560899987,
                -9.815369102999966
              ],
              [
                -75.21553123499996,
                -9.804062476999889
              ],
              [
                -75.22683735899983,
                -9.795319227999869
              ],
              [
                -75.24075060999985,
                -9.785835476999978
              ],
              [
                -75.24922848400001,
                -9.78220510299991
              ],
              [
                -75.25465035999991,
                -9.77900222799991
              ],
              [
                -75.25687685899993,
                -9.77858085299988
              ],
              [
                -75.26317160899993,
                -9.780178102999969
              ],
              [
                -75.2710376099999,
                -9.779495977999943
              ],
              [
                -75.27447810899992,
                -9.780124477999948
              ],
              [
                -75.27978010999993,
                -9.779185476999885
              ],
              [
                -75.28483010899987,
                -9.776056602999915
              ],
              [
                -75.2886269849999,
                -9.775759727999969
              ],
              [
                -75.29494535999987,
                -9.777587852999943
              ],
              [
                -75.29878910900004,
                -9.777736353000023
              ],
              [
                -75.30536298399994,
                -9.776453852999907
              ],
              [
                -75.3097654849999,
                -9.774387477999937
              ],
              [
                -75.30991135888058,
                -9.776104601887482
              ],
              [
                -75.30306961015356,
                -9.78362210278425
              ],
              [
                -75.29987885993194,
                -9.788590852832215
              ],
              [
                -75.2976104850456,
                -9.794262102780692
              ],
              [
                -75.29684485990703,
                -9.799776478050433
              ],
              [
                -75.29413723521441,
                -9.80641260211263
              ],
              [
                -75.29413710992822,
                -9.812022976982007
              ],
              [
                -75.2926349851544,
                -9.816171477773707
              ],
              [
                -75.28622686015336,
                -9.824861226840767
              ],
              [
                -75.28261685909519,
                -9.83048872821729
              ],
              [
                -75.27921898499596,
                -9.838239727906512
              ],
              [
                -75.27898735995848,
                -9.843581228089022
              ],
              [
                -75.27804448519782,
                -9.84651985289446
              ],
              [
                -75.27582160978608,
                -9.84976410315278
              ],
              [
                -75.27573661009524,
                -9.85206985314045
              ],
              [
                -75.27700048512219,
                -9.855919351885518
              ],
              [
                -75.28271135984926,
                -9.860980228167932
              ],
              [
                -75.28240798491822,
                -9.864731352784645
              ],
              [
                -75.28658823479486,
                -9.866483853153113
              ],
              [
                -75.28822436008016,
                -9.870699603160062
              ],
              [
                -75.29427273463745,
                -9.871095852667509
              ],
              [
                -75.29642098397898,
                -9.870609852650034
              ],
              [
                -75.30264086029058,
                -9.87324135283427
              ],
              [
                -75.30609173539119,
                -9.871870101873014
              ],
              [
                -75.31715398387632,
                -9.8761119778776
              ],
              [
                -75.32122073492371,
                -9.876909477778497
              ],
              [
                -75.32520785871282,
                -9.876909477786853
              ],
              [
                -75.33031135891338,
                -9.87555385167866
              ],
              [
                -75.3386812350492,
                -9.874005227078896
              ],
              [
                -75.3473947337634,
                -9.874576102736057
              ],
              [
                -75.35019173525848,
                -9.87422410280351
              ],
              [
                -75.3597678587384,
                -9.871802227810463
              ],
              [
                -75.36935598512645,
                -9.870832602448615
              ],
              [
                -75.37354711029434,
                -9.871888478185326
              ],
              [
                -75.38326011006353,
                -9.872921353266236
              ],
              [
                -75.38957060880603,
                -9.87428860284433
              ],
              [
                -75.39575498515563,
                -9.876528228039604
              ],
              [
                -75.3995958597389,
                -9.878455603320731
              ],
              [
                -75.40365185985263,
                -9.881774102088343
              ],
              [
                -75.40723660893207,
                -9.886082602655506
              ],
              [
                -75.41118161010172,
                -9.88842610302828
              ],
              [
                -75.41114548514474,
                -9.893918977161093
              ],
              [
                -75.40932398543612,
                -9.895504102561176
              ],
              [
                -75.4099639845656,
                -9.90061410280589
              ],
              [
                -75.40896423470821,
                -9.902825602670362
              ],
              [
                -75.40394173478433,
                -9.904059977609336
              ],
              [
                -75.39856086042465,
                -9.90696435257911
              ],
              [
                -75.39662335880445,
                -9.908956478040523
              ],
              [
                -75.39565460978423,
                -9.913960477365663
              ],
              [
                -75.39974435994873,
                -9.920341727793812
              ],
              [
                -75.40232848494759,
                -9.9226244769618
              ],
              [
                -75.40426210860886,
                -9.926030728050819
              ],
              [
                -75.40478361001448,
                -9.930212103389579
              ],
              [
                -75.40975423457519,
                -9.931073728044225
              ],
              [
                -75.41212148493906,
                -9.932848978082063
              ],
              [
                -75.41443586031187,
                -9.93785297811877
              ],
              [
                -75.42029485980646,
                -9.942966852736163
              ],
              [
                -75.42291635964801,
                -9.943565977998162
              ],
              [
                -75.42630336029907,
                -9.94206985295051
              ],
              [
                -75.43226361041235,
                -9.940366977872316
              ],
              [
                -75.43579885976072,
                -9.937942103050034
              ],
              [
                -75.44174061016753,
                -9.936257728423584
              ],
              [
                -75.44466523504457,
                -9.937257228420322
              ],
              [
                -75.44955173543724,
                -9.941551603435187
              ],
              [
                -75.45080273524081,
                -9.943757853412933
              ],
              [
                -75.45225773496037,
                -9.949977603296418
              ],
              [
                -75.45244698384812,
                -9.95349735312675
              ],
              [
                -75.45369598516152,
                -9.955768227760245
              ],
              [
                -75.45907023456613,
                -9.957584852709374
              ],
              [
                -75.46230860971542,
                -9.957284477807207
              ],
              [
                -75.46190010997071,
                -9.960836352991066
              ],
              [
                -75.46436673490888,
                -9.965969477827684
              ],
              [
                -75.46470011026003,
                -9.96950285314881
              ],
              [
                -75.46623335882992,
                -9.973569352664867
              ],
              [
                -75.46590010995192,
                -9.977835977676932
              ],
              [
                -75.4680999848166,
                -9.981169227901034
              ],
              [
                -75.46709998527308,
                -9.9883691020014
              ],
              [
                -75.47455248474012,
                -9.992174602625369
              ],
              [
                -75.47595448471213,
                -9.990772603315406
              ],
              [
                -75.47945948457635,
                -9.985242352847422
              ],
              [
                -75.484522485154,
                -9.982048853255549
              ],
              [
                -75.49075373462728,
                -9.981425728310853
              ],
              [
                -75.49207785957458,
                -9.980023602859092
              ],
              [
                -75.49753023384756,
                -9.980101602907268
              ],
              [
                -75.50196998412349,
                -9.979166852613048
              ],
              [
                -75.50801998544216,
                -9.979139978156695
              ],
              [
                -75.50972873506095,
                -9.978488228344077
              ],
              [
                -75.51554760959579,
                -9.981102602797193
              ],
              [
                -75.51894623387494,
                -9.981662102737346
              ],
              [
                -75.52450010918596,
                -9.98064672812211
              ],
              [
                -75.52908010985163,
                -9.981061227827809
              ],
              [
                -75.53410123528607,
                -9.980868353360904
              ],
              [
                -75.53710223527628,
                -9.979958977651847
              ],
              [
                -75.54392260884629,
                -9.981868727928429
              ],
              [
                -75.54482585964502,
                -9.983349228135296
              ],
              [
                -75.54837860986032,
                -9.98441497805527
              ],
              [
                -75.5512422353138,
                -9.981693477865463
              ],
              [
                -75.55460623458868,
                -9.976752478044773
              ],
              [
                -75.55797873459807,
                -9.974418227987542
              ],
              [
                -75.56073973535649,
                -9.970112727728178
              ],
              [
                -75.56038236002303,
                -9.964135728096267
              ],
              [
                -75.56183748538336,
                -9.96322635284605
              ],
              [
                -75.5720224848053,
                -9.960770977755146
              ],
              [
                -75.57629660986146,
                -9.958952228073542
              ],
              [
                -75.58054211012188,
                -9.95941610270512
              ],
              [
                -75.59039211010997,
                -9.955587478346445
              ],
              [
                -75.5913923600753,
                -9.95467810339943
              ],
              [
                -75.59291386001468,
                -9.950324602927651
              ],
              [
                -75.59233411011752,
                -9.946599227130037
              ],
              [
                -75.59431198516171,
                -9.944515478065625
              ],
              [
                -75.5983934848523,
                -9.945374978173447
              ],
              [
                -75.6030547351861,
                -9.94455760280357
              ],
              [
                -75.60631960986916,
                -9.94501397800775
              ],
              [
                -75.60975773515781,
                -9.944661102974408
              ],
              [
                -75.61261473492596,
                -9.945233727871312
              ],
              [
                -75.62042086020904,
                -9.943081352840068
              ],
              [
                -75.62344798487959,
                -9.941168853171177
              ],
              [
                -75.6262464850812,
                -9.94162585315189
              ],
              [
                -75.62992785983982,
                -9.94653060297702
              ],
              [
                -75.63709786015471,
                -9.94703710309733
              ],
              [
                -75.63983523488099,
                -9.945991727022601
              ],
              [
                -75.64407985985417,
                -9.946506353189932
              ],
              [
                -75.646833610018,
                -9.94817410193042
              ],
              [
                -75.64922348490478,
                -9.948227228193616
              ],
              [
                -75.65813373492847,
                -9.94456947808851
              ],
              [
                -75.6610442350484,
                -9.942714602222622
              ],
              [
                -75.66453911004152,
                -9.941667601910012
              ],
              [
                -75.66541086011694,
                -9.940394603148604
              ],
              [
                -75.67275398515989,
                -9.940148853097014
              ],
              [
                -75.67449373491712,
                -9.935869353138798
              ],
              [
                -75.67780886004141,
                -9.932453353111214
              ],
              [
                -75.67890585986083,
                -9.927423977878505
              ],
              [
                -75.68186460983412,
                -9.920888352997679
              ],
              [
                -75.68535436003754,
                -9.917471978221784
              ],
              [
                -75.69315573508464,
                -9.913700103142844
              ],
              [
                -75.69746735983449,
                -9.913228853154123
              ],
              [
                -75.70312661016561,
                -9.916163978043471
              ],
              [
                -75.70604136015169,
                -9.916504602792088
              ],
              [
                -75.70930335996127,
                -9.915804352939915
              ],
              [
                -75.71157111012349,
                -9.91343035321023
              ],
              [
                -75.71448323492461,
                -9.912615227803258
              ],
              [
                -75.71966286001629,
                -9.90931047811415
              ],
              [
                -75.7223958601686,
                -9.906588852775144
              ],
              [
                -75.72681910990326,
                -9.903921227947535
              ],
              [
                -75.73042273513482,
                -9.899637477795693
              ],
              [
                -75.73204773513987,
                -9.896629228138067
              ],
              [
                -75.73478110998428,
                -9.894138602935072
              ],
              [
                -75.73739573503872,
                -9.890665852844052
              ],
              [
                -75.73826135993545,
                -9.886850353089244
              ],
              [
                -75.74023598489197,
                -9.883898978221737
              ],
              [
                -75.74746173477627,
                -9.883883103193511
              ],
              [
                -75.75061011013554,
                -9.884569476957552
              ],
              [
                -75.75270923587118,
                -9.883516852864489
              ],
              [
                -75.75170898492297,
                -9.87676372781948
              ],
              [
                -75.75285736013006,
                -9.87366410303548
              ],
              [
                -75.75303511006462,
                -9.868794978117762
              ],
              [
                -75.75572073495346,
                -9.866826228156413
              ],
              [
                -75.75600798613061,
                -9.863568351985407
              ],
              [
                -75.75875198495851,
                -9.862845727929539
              ],
              [
                -75.75917973499912,
                -9.859882853001807
              ],
              [
                -75.76140823486554,
                -9.85644335283979
              ],
              [
                -75.76121873485368,
                -9.852271478040677
              ],
              [
                -75.75940623498553,
                -9.850912101981748
              ],
              [
                -75.7545391101711,
                -9.8420624779327
              ],
              [
                -75.75416985980968,
                -9.839249977092152
              ],
              [
                -75.7554667351273,
                -9.834855477835731
              ],
              [
                -75.75152535981789,
                -9.827007852974532
              ],
              [
                -75.75122848489104,
                -9.822876977157534
              ],
              [
                -75.7529257350327,
                -9.816982477809518
              ],
              [
                -75.75183010994044,
                -9.812716728207818
              ],
              [
                -75.74923635982958,
                -9.811828102949107
              ],
              [
                -75.74356836010179,
                -9.805706977998625
              ],
              [
                -75.73954673503141,
                -9.803730477787212
              ],
              [
                -75.7342773599637,
                -9.802091853136346
              ],
              [
                -75.73009173506551,
                -9.802343728214169
              ],
              [
                -75.72504686018385,
                -9.807328103078873
              ],
              [
                -75.71628323515517,
                -9.802304727949661
              ],
              [
                -75.71704298521058,
                -9.799337852910128
              ],
              [
                -75.71659573509947,
                -9.796937477773895
              ],
              [
                -75.71726561015271,
                -9.793197228182976
              ],
              [
                -75.71440023487253,
                -9.79128122800256
              ],
              [
                -75.71416410996011,
                -9.788070352920386
              ],
              [
                -75.71479098495763,
                -9.782208976894253
              ],
              [
                -75.71408785986819,
                -9.778710977091805
              ],
              [
                -75.7151191102069,
                -9.77566797808663
              ],
              [
                -75.71591210987003,
                -9.765673852851819
              ],
              [
                -75.71733785979575,
                -9.75849997696713
              ],
              [
                -75.71889448518027,
                -9.753730478197042
              ],
              [
                -75.72299998483527,
                -9.746351603117034
              ],
              [
                -75.72454485986378,
                -9.739999977905768
              ],
              [
                -75.72420710987757,
                -9.733427602160418
              ],
              [
                -75.72323636014062,
                -9.728290977950508
              ],
              [
                -75.7233359850191,
                -9.72076372820851
              ],
              [
                -75.72100786018166,
                -9.71365235303631
              ],
              [
                -75.72094711016439,
                -9.70947660306598
              ],
              [
                -75.71373823500801,
                -9.697767603031878
              ],
              [
                -75.71147073498497,
                -9.690771476934515
              ],
              [
                -75.71186135994219,
                -9.684621102042911
              ],
              [
                -75.71454685997873,
                -9.66849022693981
              ],
              [
                -75.71442385994607,
                -9.664121102793217
              ],
              [
                -75.71231836008707,
                -9.655173851844722
              ],
              [
                -75.7129433600062,
                -9.650124978157805
              ],
              [
                -75.71599611008139,
                -9.641499977903777
              ],
              [
                -75.71656836010061,
                -9.6387481028205
              ],
              [
                -75.71661323491202,
                -9.633349602021667
              ],
              [
                -75.71508785999072,
                -9.624335977829674
              ],
              [
                -75.71324610990939,
                -9.620611352816297
              ],
              [
                -75.71388286009386,
                -9.61250010309152
              ],
              [
                -75.7129766098426,
                -9.609824227909428
              ],
              [
                -75.71255461021303,
                -9.603675728093322
              ],
              [
                -75.71028910991242,
                -9.597419977834079
              ],
              [
                -75.7097694850653,
                -9.596626976929656
              ],
              [
                -75.70460548512153,
                -9.591011727990804
              ],
              [
                -75.70315623481821,
                -9.588253852981438
              ],
              [
                -75.70072261010552,
                -9.584353476965589
              ],
              [
                -75.69900786010993,
                -9.580408227112628
              ],
              [
                -75.69626173508033,
                -9.578792977080354
              ],
              [
                -75.69404098501303,
                -9.579197226790598
              ],
              [
                -75.68865236012175,
                -9.578248103137582
              ],
              [
                -75.68038861020636,
                -9.569759728089139
              ],
              [
                -75.67905473512957,
                -9.567003853100914
              ],
              [
                -75.67758985992674,
                -9.560060602186525
              ],
              [
                -75.67769535978209,
                -9.554951227067534
              ],
              [
                -75.6784354851406,
                -9.547199228192085
              ],
              [
                -75.6781992349197,
                -9.54421485286798
              ],
              [
                -75.67691798487249,
                -9.539451227009863
              ],
              [
                -75.67527735992388,
                -9.530962853140977
              ],
              [
                -75.67243161003898,
                -9.522927727154524
              ],
              [
                -75.67172260978555,
                -9.517302727797414
              ],
              [
                -75.66758598494181,
                -9.507943353072108
              ],
              [
                -75.66371098521938,
                -9.502050603118164
              ],
              [
                -75.6630781100003,
                -9.501527352895096
              ],
              [
                -75.66125586010446,
                -9.500628852074158
              ],
              [
                -75.66093948521433,
                -9.500369102051934
              ],
              [
                -75.66157035987965,
                -9.498130853180214
              ],
              [
                -75.66082423510869,
                -9.494427727083405
              ],
              [
                -75.66030873515308,
                -9.493165978160391
              ],
              [
                -75.65740236013812,
                -9.492005851840304
              ],
              [
                -75.6558378600775,
                -9.490281227806747
              ],
              [
                -75.65268748486312,
                -9.48056447713077
              ],
              [
                -75.64908598497414,
                -9.474013728086504
              ],
              [
                -75.64414261009733,
                -9.466597601887486
              ],
              [
                -75.64106823498452,
                -9.461601601786299
              ],
              [
                -75.63636135988133,
                -9.455107476900196
              ],
              [
                -75.63252348493637,
                -9.44763472681268
              ],
              [
                -75.62989848498398,
                -9.437111352143745
              ],
              [
                -75.62977535991763,
                -9.434697228121365
              ],
              [
                -75.63005860979604,
                -9.430781227775697
              ],
              [
                -75.62871485980679,
                -9.42617960202682
              ],
              [
                -75.62771673499572,
                -9.41928122690058
              ],
              [
                -75.62863861016302,
                -9.416574228086063
              ],
              [
                -75.62915023489387,
                -9.410939476844192
              ],
              [
                -75.62917748675846,
                -9.410856810534028
              ],
              [
                -75.62514202688055,
                -9.410960860958824
              ],
              [
                -75.62407131064197,
                -9.412319043262528
              ],
              [
                -75.62065724753808,
                -9.412615698802028
              ],
              [
                -75.6166598781536,
                -9.414075874347759
              ],
              [
                -75.61236331093392,
                -9.41185516956449
              ],
              [
                -75.61225842169955,
                -9.40768960535155
              ],
              [
                -75.61137767406552,
                -9.406141086187802
              ],
              [
                -75.6075746034789,
                -9.407116430402425
              ],
              [
                -75.6045546702959,
                -9.409640442778596
              ],
              [
                -75.60338883389142,
                -9.412451900314124
              ],
              [
                -75.60065949925917,
                -9.413812849287638
              ],
              [
                -75.59812026577293,
                -9.412267115048621
              ],
              [
                -75.5961639214654,
                -9.409267205447463
              ],
              [
                -75.5917698069918,
                -9.406949523919877
              ],
              [
                -75.58454803101336,
                -9.405508382193716
              ],
              [
                -75.58220209648312,
                -9.402799663616975
              ],
              [
                -75.5796646324709,
                -9.402222567368085
              ],
              [
                -75.57449488657898,
                -9.402715407725736
              ],
              [
                -75.56514154843018,
                -9.401008199026478
              ],
              [
                -75.56247326828276,
                -9.401184700238503
              ],
              [
                -75.55056344314369,
                -9.396262640673683
              ],
              [
                -75.54695310053552,
                -9.395783852535033
              ],
              [
                -75.53826685478566,
                -9.393375211580064
              ],
              [
                -75.53328410749594,
                -9.38853880288525
              ],
              [
                -75.52596445838924,
                -9.386515298567247
              ],
              [
                -75.52166730549328,
                -9.383324640881085
              ],
              [
                -75.51795856208616,
                -9.382167534569874
              ],
              [
                -75.509667981473,
                -9.383148367390277
              ],
              [
                -75.50595927293477,
                -9.381991133981955
              ],
              [
                -75.50293219897901,
                -9.379960975302595
              ],
              [
                -75.49260161017821,
                -9.376380852964871
              ],
              [
                -75.48779298361973,
                -9.37265035242666
              ],
              [
                -75.48407811034707,
                -9.367021477724734
              ],
              [
                -75.48140623474632,
                -9.359671853055602
              ],
              [
                -75.47653910979011,
                -9.352894476754614
              ],
              [
                -75.47283198471678,
                -9.348359226622904
              ],
              [
                -75.46975785883501,
                -9.343253852037947
              ],
              [
                -75.46674410996792,
                -9.34101372699871
              ],
              [
                -75.46436323457431,
                -9.335445352056524
              ],
              [
                -75.46071673390026,
                -9.331886728219558
              ],
              [
                -75.4591444851759,
                -9.328775352237358
              ],
              [
                -75.45625460868604,
                -9.324999976663946
              ],
              [
                -75.45618360969269,
                -9.319421851741936
              ],
              [
                -75.45403323479508,
                -9.308615227298162
              ],
              [
                -75.4532168603505,
                -9.307414102003122
              ],
              [
                -75.45298048516122,
                -9.303505851821399
              ],
              [
                -75.45361323464664,
                -9.301550728197697
              ],
              [
                -75.45193560956164,
                -9.299537103138903
              ],
              [
                -75.45196794360777,
                -9.296343673717729
              ],
              [
                -75.44716762282849,
                -9.296571307988984
              ],
              [
                -75.44525094046287,
                -9.297335656295331
              ],
              [
                -75.43968957654192,
                -9.29719968253687
              ],
              [
                -75.43609156422622,
                -9.295251588698363
              ],
              [
                -75.43029116373259,
                -9.295639602432573
              ],
              [
                -75.42808674027361,
                -9.296356584526734
              ],
              [
                -75.42103539433458,
                -9.293031414276072
              ],
              [
                -75.41849402190695,
                -9.292605800897945
              ],
              [
                -75.41624238017948,
                -9.293941854683169
              ],
              [
                -75.40958162754339,
                -9.296568780725352
              ],
              [
                -75.40685347986556,
                -9.300476927057161
              ],
              [
                -75.4022527413498,
                -9.30195843341653
              ],
              [
                -75.39611352000003,
                -9.299631806532204
              ],
              [
                -75.39232696093359,
                -9.30039794641192
              ],
              [
                -75.38921283670982,
                -9.30230625092537
              ],
              [
                -75.38322544360176,
                -9.307265460498854
              ],
              [
                -75.38049346604112,
                -9.307982721614621
              ],
              [
                -75.37728092115395,
                -9.307652777783062
              ],
              [
                -75.37617955446757,
                -9.308892124204533
              ],
              [
                -75.37215373229958,
                -9.310229776792994
              ],
              [
                -75.3645741259848,
                -9.305856339287743
              ],
              [
                -75.36155504471174,
                -9.307145219779613
              ],
              [
                -75.35781616190474,
                -9.307815705688256
              ],
              [
                -75.34842914224646,
                -9.30291819876976
              ],
              [
                -75.34842649004554,
                -9.300237926182604
              ],
              [
                -75.34428066690452,
                -9.298136017522665
              ],
              [
                -75.34456742476954,
                -9.295742636828095
              ],
              [
                -75.3416762762335,
                -9.295553965721695
              ],
              [
                -75.33781817443219,
                -9.291920115077119
              ],
              [
                -75.33646706216717,
                -9.289815455799953
              ],
              [
                -75.33405696750759,
                -9.288764749691438
              ],
              [
                -75.33097441072869,
                -9.289916309868147
              ],
              [
                -75.32066607654247,
                -9.292797443783513
              ],
              [
                -75.31902865357705,
                -9.29366043007235
              ],
              [
                -75.31537303628215,
                -9.30065156092951
              ],
              [
                -75.31257856201006,
                -9.300845468167836
              ],
              [
                -75.30930132294657,
                -9.299986803002241
              ],
              [
                -75.30428767990338,
                -9.297023652618122
              ],
              [
                -75.30332113484008,
                -9.293674115395334
              ],
              [
                -75.30389676745506,
                -9.290706164111839
              ],
              [
                -75.3024503159715,
                -9.289558695957055
              ],
              [
                -75.3001379031873,
                -9.289943544181881
              ],
              [
                -75.292616089408,
                -9.283440504093448
              ],
              [
                -75.28837566819777,
                -9.282869601150708
              ],
              [
                -75.28577016230815,
                -9.2782769034294
              ],
              [
                -75.28258924714379,
                -9.277035007680581
              ],
              [
                -75.27969834552846,
                -9.276941554130076
              ],
              [
                -75.27651453945805,
                -9.271966334899616
              ],
              [
                -75.27400800380593,
                -9.270436663239423
              ],
              [
                -75.27188493604416,
                -9.266322108963664
              ],
              [
                -75.27248881892967,
                -9.262205475544874
              ],
              [
                -75.26810558908994,
                -9.250014747609669
              ],
              [
                -75.2689103393709,
                -9.243726427394904
              ],
              [
                -75.27185098067986,
                -9.239776111065737
              ],
              [
                -75.27251133129573,
                -9.23721665554632
              ],
              [
                -75.2719196937885,
                -9.233415226561988
              ],
              [
                -75.26669389863542,
                -9.232176220040174
              ],
              [
                -75.25668595493732,
                -9.232475958102896
              ],
              [
                -75.25425545909354,
                -9.229626273766769
              ],
              [
                -75.24895490377327,
                -9.226559229101838
              ],
              [
                -75.24360207529901,
                -9.222249214639533
              ],
              [
                -75.23888903789413,
                -9.21713444528973
              ],
              [
                -75.23660528010362,
                -9.21326094836553
              ],
              [
                -75.2329969986078,
                -9.209315181096144
              ],
              [
                -75.23137523250239,
                -9.204856311205674
              ],
              [
                -75.2312177510571,
                -9.200253849598823
              ],
              [
                -75.22489255316987,
                -9.19330849379503
              ],
              [
                -75.22260947095839,
                -9.19001980307661
              ],
              [
                -75.22069211445006,
                -9.183148312719538
              ],
              [
                -75.22091095167156,
                -9.18007741129486
              ],
              [
                -75.21914393759448,
                -9.178250648730852
              ],
              [
                -75.21281553452604,
                -9.177157726815324
              ],
              [
                -75.21244342440434,
                -9.170065927986684
              ],
              [
                -75.21553153339539,
                -9.16655464973826
              ],
              [
                -75.21479252146793,
                -9.16114468197594
              ],
              [
                -75.2163357387729,
                -9.15807299107297
              ],
              [
                -75.21648107344589,
                -9.155075245424825
              ],
              [
                -75.22030456532423,
                -9.151271032536954
              ],
              [
                -75.22875358152635,
                -9.147704345020315
              ],
              [
                -75.22802650572953,
                -9.146221418531582
              ],
              [
                -75.22942193573931,
                -9.142418630433383
              ],
              [
                -75.2306718905283,
                -9.141248020163005
              ],
              [
                -75.22905029666254,
                -9.13649665987873
              ],
              [
                -75.229416882804,
                -9.134522359909568
              ],
              [
                -75.23184453156853,
                -9.134301477164058
              ],
              [
                -75.23250447541454,
                -9.13093782753515
              ],
              [
                -75.23390089791724,
                -9.128816635561122
              ],
              [
                -75.23264483842092,
                -9.120482481645638
              ],
              [
                -75.23176071919767,
                -9.118435863026377
              ],
              [
                -75.23470250322623,
                -9.117117929844483
              ],
              [
                -75.23550914044199,
                -9.113169268769298
              ],
              [
                -75.23521311133607,
                -9.110464252088263
              ],
              [
                -75.23837449266284,
                -9.107610761783405
              ],
              [
                -75.2406542876297,
                -9.106585670408606
              ],
              [
                -75.24204973437202,
                -9.103221514232473
              ],
              [
                -75.24057642305667,
                -9.100151713782736
              ],
              [
                -75.23579463221881,
                -9.099789269958535
              ],
              [
                -75.23322071041633,
                -9.100960746216401
              ],
              [
                -75.23044159070696,
                -9.103375268896343
              ],
              [
                -75.22661608231738,
                -9.103012099457544
              ],
              [
                -75.22367442656395,
                -9.10440307941002
              ],
              [
                -75.22006995973788,
                -9.104624616099898
              ],
              [
                -75.21565537010508,
                -9.103311206346916
              ],
              [
                -75.21337400357322,
                -9.101777158690311
              ],
              [
                -75.20977027860829,
                -9.103241527831187
              ],
              [
                -75.20804984507089,
                -9.101692906282494
              ],
              [
                -75.20564915640011,
                -9.100465549081036
              ],
              [
                -75.20741347921461,
                -9.098417360798408
              ],
              [
                -75.20844254423838,
                -9.097027608851192
              ],
              [
                -75.20630757606557,
                -9.094104266668978
              ],
              [
                -75.2063797557937,
                -9.09169146605592
              ],
              [
                -75.20534769746428,
                -9.087817008866693
              ],
              [
                -75.20578626232282,
                -9.082918126743266
              ],
              [
                -75.20512327515416,
                -9.081236877876904
              ],
              [
                -75.20313554568986,
                -9.078313429314676
              ],
              [
                -75.2010753089728,
                -9.077217858409654
              ],
              [
                -75.19607266060098,
                -9.075904524912687
              ],
              [
                -75.19467356844979,
                -9.07312693896904
              ],
              [
                -75.1950403269156,
                -9.071225777388861
              ],
              [
                -75.19606920730484,
                -9.069543604106968
              ],
              [
                -75.19864303413908,
                -9.068372389269655
              ],
              [
                -75.2004813268693,
                -9.067274675784574
              ],
              [
                -75.20055370554604,
                -9.065154328650976
              ],
              [
                -75.20055244815984,
                -9.062887792828576
              ],
              [
                -75.19841915502934,
                -9.062523385509564
              ],
              [
                -75.19496247045112,
                -9.063256384110332
              ],
              [
                -75.19481457277692,
                -9.061794180570587
              ],
              [
                -75.1948856459585,
                -9.05718795356887
              ],
              [
                -75.19282489273718,
                -9.054849392540405
              ],
              [
                -75.19076516814647,
                -9.054411786101696
              ],
              [
                -75.18885148717982,
                -9.051926896800069
              ],
              [
                -75.18658538415804,
                -9.050612002164314
              ],
              [
                -75.18548119751148,
                -9.048857822419052
              ],
              [
                -75.18364246805425,
                -9.049004976573144
              ],
              [
                -75.18202343818604,
                -9.047251043464257
              ],
              [
                -75.1802795686092,
                -9.04586273512308
              ],
              [
                -75.17991108483619,
                -9.044400631260203
              ],
              [
                -75.17637923590246,
                -9.041550891200018
              ],
              [
                -75.17240770717899,
                -9.041991465423507
              ],
              [
                -75.17034797532125,
                -9.04133439913386
              ],
              [
                -75.16975826890325,
                -9.03855632967867
              ],
              [
                -75.16578472449214,
                -9.034536859237392
              ],
              [
                -75.16372531056334,
                -9.034464669894078
              ],
              [
                -75.16218015440262,
                -9.03307618346986
              ],
              [
                -75.16563478910706,
                -9.028322208203065
              ],
              [
                -75.1708561491323,
                -9.027149987221662
              ],
              [
                -75.17570913510457,
                -9.024734925214034
              ],
              [
                -75.17570835682312,
                -9.023126410281463
              ],
              [
                -75.17629552585822,
                -9.020640242154116
              ],
              [
                -75.17555854167591,
                -9.017496677167287
              ],
              [
                -75.17467528959997,
                -9.01603481117371
              ],
              [
                -75.1738641558988,
                -9.011575218247572
              ],
              [
                -75.17084848249482,
                -9.01084548720138
              ],
              [
                -75.16570013373882,
                -9.01033604009399
              ],
              [
                -75.1636404623888,
                -9.009386474394205
              ],
              [
                -75.15889068249868,
                -9.009489345595796
              ],
              [
                -75.15681117643192,
                -9.010308703583235
              ],
              [
                -75.15488683086977,
                -9.00500339433637
              ],
              [
                -75.15532737357194,
                -9.003321575335178
              ],
              [
                -75.15478731120686,
                -9.000324230686658
              ],
              [
                -75.15478324113468,
                -9.00013676541181
              ],
              [
                -75.15477631411972,
                -9.00004733530227
              ],
              [
                -75.1547526761421,
                -8.999877080137821
              ],
              [
                -75.15473596609337,
                -8.999796255082003
              ],
              [
                -75.1546927620659,
                -8.99964321092608
              ],
              [
                -75.15444742690636,
                -8.999214493019508
              ],
              [
                -75.15438216550632,
                -8.999154808506432
              ],
              [
                -75.15434601538743,
                -8.999126329001172
              ],
              [
                -75.15426669178515,
                -8.999072109050871
              ],
              [
                -75.15345277784758,
                -8.998796542951766
              ],
              [
                -75.15313926239367,
                -8.998751853309386
              ],
              [
                -75.15279055886339,
                -8.998722415300904
              ],
              [
                -75.15255515595663,
                -8.99871262478257
              ],
              [
                -75.15226378878504,
                -8.998752897233885
              ],
              [
                -75.15210915838674,
                -8.998801706743563
              ],
              [
                -75.15114461219758,
                -8.999384316156466
              ],
              [
                -75.15042680627107,
                -8.999919353930466
              ],
              [
                -75.14974532821299,
                -9.000263738239425
              ],
              [
                -75.14966142905666,
                -9.000281130709823
              ],
              [
                -75.1495803642506,
                -9.000290471001676
              ],
              [
                -75.14954085595116,
                -9.000292123292866
              ],
              [
                -75.14946376383097,
                -9.000289394026083
              ],
              [
                -75.14935264298492,
                -9.000270201153
              ],
              [
                -75.14921361567042,
                -9.000219475804556
              ],
              [
                -75.14780979263003,
                -8.998491524042606
              ],
              [
                -75.1476814636589,
                -8.998337785919148
              ],
              [
                -75.1473056169724,
                -8.997997506432
              ],
              [
                -75.1464501029946,
                -8.997676998242127
              ],
              [
                -75.14377845362577,
                -8.998453439379716
              ],
              [
                -75.14047143096792,
                -8.999574722859677
              ],
              [
                -75.13862247072996,
                -8.998929264512356
              ],
              [
                -75.14009389497284,
                -8.994333805241467
              ],
              [
                -75.13727165887167,
                -8.991884367849536
              ],
              [
                -75.13710170251494,
                -8.991701811124415
              ],
              [
                -75.1369584654235,
                -8.991526001060663
              ],
              [
                -75.13686943972601,
                -8.991394599299213
              ],
              [
                -75.13675453535984,
                -8.99082161050137
              ],
              [
                -75.13678483554662,
                -8.990741782848943
              ],
              [
                -75.1368247288317,
                -8.990670366263771
              ],
              [
                -75.13727906222425,
                -8.99013672911201
              ],
              [
                -75.13738001715205,
                -8.989953006035762
              ],
              [
                -75.13745349245221,
                -8.989803605649456
              ],
              [
                -75.1375783402874,
                -8.989510589259737
              ],
              [
                -75.13766789442127,
                -8.98923985225207
              ],
              [
                -75.1376989031366,
                -8.989114636997044
              ],
              [
                -75.13771353735694,
                -8.988612644566047
              ],
              [
                -75.13768880590163,
                -8.988537352677042
              ],
              [
                -75.13767300836156,
                -8.988502897757144
              ],
              [
                -75.13763457241976,
                -8.988440415181515
              ],
              [
                -75.137611942212,
                -8.988412401994253
              ],
              [
                -75.13755988098842,
                -8.98836286165863
              ],
              [
                -75.13665186619988,
                -8.987892247606624
              ],
              [
                -75.13649048884406,
                -8.987825015636247
              ],
              [
                -75.1363724200304,
                -8.987793808580022
              ],
              [
                -75.13630056509635,
                -8.987785331864586
              ],
              [
                -75.1355314137956,
                -8.988471917341144
              ],
              [
                -75.13539693274595,
                -8.988627345689224
              ],
              [
                -75.13466672175053,
                -8.98879679294248
              ],
              [
                -75.13452533377563,
                -8.988758945684026
              ],
              [
                -75.13430038298952,
                -8.988680757030352
              ],
              [
                -75.13382363339815,
                -8.988484602487233
              ],
              [
                -75.13334130678288,
                -8.98830163795526
              ],
              [
                -75.13284016311997,
                -8.988101646783832
              ],
              [
                -75.13204724791677,
                -8.987716268540453
              ],
              [
                -75.13188030379257,
                -8.987616669640374
              ],
              [
                -75.13150080019807,
                -8.987349856044489
              ],
              [
                -75.13124594434362,
                -8.98712321935841
              ],
              [
                -75.13113411135203,
                -8.98700493960746
              ],
              [
                -75.13025148241337,
                -8.985930845741166
              ],
              [
                -75.13007815684313,
                -8.985918421066629
              ],
              [
                -75.12980958161302,
                -8.985941737077269
              ],
              [
                -75.12957524166092,
                -8.986010994376159
              ],
              [
                -75.12936754519262,
                -8.986173107973741
              ],
              [
                -75.12933141516379,
                -8.986251202252447
              ],
              [
                -75.12888544881974,
                -8.987056720951102
              ],
              [
                -75.12878113217306,
                -8.987116137393457
              ],
              [
                -75.12795404751841,
                -8.987427137991176
              ],
              [
                -75.12779489104872,
                -8.987461729066524
              ],
              [
                -75.12727215785264,
                -8.987524205024613
              ],
              [
                -75.12708419742461,
                -8.98753109162027
              ],
              [
                -75.12644213899011,
                -8.987486939821792
              ],
              [
                -75.126112439905,
                -8.987419342148257
              ],
              [
                -75.1257582942792,
                -8.987327230407573
              ],
              [
                -75.12526064993313,
                -8.987186801245002
              ],
              [
                -75.12507845528148,
                -8.987120742651143
              ],
              [
                -75.1248598954968,
                -8.987028246663556
              ],
              [
                -75.12460286150946,
                -8.986908426606647
              ],
              [
                -75.1228423522582,
                -8.985977294459019
              ],
              [
                -75.1215991481667,
                -8.985399505998089
              ],
              [
                -75.12131909913171,
                -8.985325507232972
              ],
              [
                -75.12107608520779,
                -8.985211439973227
              ],
              [
                -75.12097675974405,
                -8.985128492096749
              ],
              [
                -75.11996578201922,
                -8.983970489435706
              ],
              [
                -75.11986636233473,
                -8.98379557724104
              ],
              [
                -75.1197553925387,
                -8.98355999798838
              ],
              [
                -75.11968846643583,
                -8.983391901515802
              ],
              [
                -75.11960040973389,
                -8.983127593030304
              ],
              [
                -75.11955084300894,
                -8.982946026394984
              ],
              [
                -75.1195092187624,
                -8.982762433794505
              ],
              [
                -75.11947596519167,
                -8.982578715464342
              ],
              [
                -75.11946258460188,
                -8.982487377147777
              ],
              [
                -75.11943593228943,
                -8.982220335202499
              ],
              [
                -75.11943155745729,
                -8.98188181905266
              ],
              [
                -75.11944277551675,
                -8.981723003706179
              ],
              [
                -75.11947614985036,
                -8.981500663012298
              ],
              [
                -75.11969101096122,
                -8.980998348108699
              ],
              [
                -75.11985820551524,
                -8.980829847319285
              ],
              [
                -75.12201049605818,
                -8.979242868462222
              ],
              [
                -75.1221020023554,
                -8.979052957539068
              ],
              [
                -75.12227342051483,
                -8.978604240364632
              ],
              [
                -75.12231686361616,
                -8.978441218234423
              ],
              [
                -75.12235965366938,
                -8.97804535059106
              ],
              [
                -75.12234293030724,
                -8.9779355217064
              ],
              [
                -75.12232112845675,
                -8.977862800140997
              ],
              [
                -75.12208129771125,
                -8.977497961106394
              ],
              [
                -75.12193662223683,
                -8.977359757540285
              ],
              [
                -75.12114056995495,
                -8.976781207515444
              ],
              [
                -75.12088825271576,
                -8.976599346543821
              ],
              [
                -75.1208102514027,
                -8.97653875644454
              ],
              [
                -75.12060051362425,
                -8.9763556656805
              ],
              [
                -75.12026671717405,
                -8.97543440887614
              ],
              [
                -75.12028714078059,
                -8.975329357148553
              ],
              [
                -75.12064979062274,
                -8.974458477720248
              ],
              [
                -75.1210099294774,
                -8.973776342509552
              ],
              [
                -75.12107283241625,
                -8.973645301144302
              ],
              [
                -75.12118453520878,
                -8.973382449652092
              ],
              [
                -75.12122729370054,
                -8.973262112487419
              ],
              [
                -75.12128908876537,
                -8.9730362301205
              ],
              [
                -75.12130831324487,
                -8.972929404076467
              ],
              [
                -75.1213197207743,
                -8.972826499832763
              ],
              [
                -75.12127465434787,
                -8.97240426204155
              ],
              [
                -75.12119961931484,
                -8.972194752751363
              ],
              [
                -75.12030794527607,
                -8.971470228906185
              ],
              [
                -75.12022500664489,
                -8.97139703140948
              ],
              [
                -75.12035526322813,
                -8.970587212341854
              ],
              [
                -75.12036013661441,
                -8.970479452124493
              ],
              [
                -75.12034602227288,
                -8.970399570522261
              ],
              [
                -75.12030643297396,
                -8.970300664542663
              ],
              [
                -75.1198224743485,
                -8.969805083199162
              ],
              [
                -75.11958910124679,
                -8.969581466558225
              ],
              [
                -75.11946001727802,
                -8.969374263657983
              ],
              [
                -75.1194349110769,
                -8.969289095094211
              ],
              [
                -75.11948111252889,
                -8.968466216946183
              ],
              [
                -75.11957730624829,
                -8.967990004511478
              ],
              [
                -75.1203649033879,
                -8.966382888215946
              ],
              [
                -75.1208779844743,
                -8.96562649540391
              ],
              [
                -75.12130693637363,
                -8.964822055743355
              ],
              [
                -75.12135473119923,
                -8.964672358321877
              ],
              [
                -75.12139742982345,
                -8.964270739665778
              ],
              [
                -75.12137832411582,
                -8.964150318722659
              ],
              [
                -75.1212369909448,
                -8.963847112199858
              ],
              [
                -75.12116290834626,
                -8.963763711813613
              ],
              [
                -75.12110123783907,
                -8.963707707635876
              ],
              [
                -75.1209607372416,
                -8.96360184104907
              ],
              [
                -75.12088153782719,
                -8.963549274272623
              ],
              [
                -75.12050194845108,
                -8.963310818535888
              ],
              [
                -75.12006766265142,
                -8.962859669500574
              ],
              [
                -75.12000285315418,
                -8.962687518154098
              ],
              [
                -75.11993237082913,
                -8.961303297603365
              ],
              [
                -75.11997369825355,
                -8.961105105365107
              ],
              [
                -75.12097753670821,
                -8.959300277440661
              ],
              [
                -75.12117112737883,
                -8.959076199751166
              ],
              [
                -75.12218768762114,
                -8.958110917966223
              ],
              [
                -75.12236031073053,
                -8.95800247812349
              ],
              [
                -75.12338698216854,
                -8.957333088131236
              ],
              [
                -75.123453156209,
                -8.957252716708581
              ],
              [
                -75.1235330424986,
                -8.957125229339113
              ],
              [
                -75.12359568995663,
                -8.956981310064918
              ],
              [
                -75.12364173854229,
                -8.956819549454963
              ],
              [
                -75.12368045675237,
                -8.956550026257844
              ],
              [
                -75.1236559071009,
                -8.955441472522466
              ],
              [
                -75.12365781900263,
                -8.955104147832174
              ],
              [
                -75.12367166236305,
                -8.954928340079391
              ],
              [
                -75.12368234636529,
                -8.95484674615841
              ],
              [
                -75.12371151212938,
                -8.954694124899675
              ],
              [
                -75.12375141549364,
                -8.954554004888962
              ],
              [
                -75.12394499966615,
                -8.95403835085483
              ],
              [
                -75.12402026124403,
                -8.95384934200581
              ],
              [
                -75.12410408049095,
                -8.953661338800089
              ],
              [
                -75.12414481952214,
                -8.95358000704391
              ],
              [
                -75.12422953591727,
                -8.953433165012314
              ],
              [
                -75.12479732953204,
                -8.953122622461706
              ],
              [
                -75.12494944072404,
                -8.953155469069202
              ],
              [
                -75.12512026605225,
                -8.953215220250286
              ],
              [
                -75.12660121689402,
                -8.954368501540102
              ],
              [
                -75.12668497784614,
                -8.954422974087208
              ],
              [
                -75.12717252297796,
                -8.954377049623247
              ],
              [
                -75.1272985434029,
                -8.954284750902218
              ],
              [
                -75.12744578636739,
                -8.954146971540695
              ],
              [
                -75.12831128133394,
                -8.9530720216556
              ],
              [
                -75.12844844076085,
                -8.952914228604243
              ],
              [
                -75.12858871729259,
                -8.952768648007236
              ],
              [
                -75.12887362225337,
                -8.952535231720447
              ],
              [
                -75.1290096098216,
                -8.952458185309752
              ],
              [
                -75.12907652853181,
                -8.952429234881379
              ],
              [
                -75.12922431115146,
                -8.952381119529662
              ],
              [
                -75.12993431041559,
                -8.95231242596526
              ],
              [
                -75.13032429597291,
                -8.952332164602183
              ],
              [
                -75.13100258739212,
                -8.952378793305513
              ],
              [
                -75.13121089937545,
                -8.952382464218772
              ],
              [
                -75.13185867783955,
                -8.95228850798253
              ],
              [
                -75.13198594034714,
                -8.952235346252678
              ],
              [
                -75.13212756238084,
                -8.952157674396005
              ],
              [
                -75.13226568130318,
                -8.952065253002615
              ],
              [
                -75.13272420398027,
                -8.951623648714815
              ],
              [
                -75.13284919011392,
                -8.951462690826816
              ],
              [
                -75.13303317110842,
                -8.951190420005219
              ],
              [
                -75.13314491083946,
                -8.95100362223701
              ],
              [
                -75.1332564799053,
                -8.95080061117028
              ],
              [
                -75.13401791782928,
                -8.949067451597443
              ],
              [
                -75.13427072383502,
                -8.948466102948714
              ],
              [
                -75.1344732027427,
                -8.94795230898319
              ],
              [
                -75.13455256131567,
                -8.947726549041079
              ],
              [
                -75.13462228475407,
                -8.947506221446247
              ],
              [
                -75.13470535198041,
                -8.94719420612023
              ],
              [
                -75.1347471864052,
                -8.946995513643799
              ],
              [
                -75.13476414603366,
                -8.946898481672804
              ],
              [
                -75.13482906205155,
                -8.946343226853628
              ],
              [
                -75.13483991824279,
                -8.946156027471602
              ],
              [
                -75.13484511459939,
                -8.945783769353454
              ],
              [
                -75.13483943264981,
                -8.945600368591158
              ],
              [
                -75.13481451769411,
                -8.945276082120131
              ],
              [
                -75.13477115211845,
                -8.944981533573696
              ],
              [
                -75.13470643847529,
                -8.944676571924163
              ],
              [
                -75.13392209155961,
                -8.94265580944051
              ],
              [
                -75.13365036790304,
                -8.942059674737948
              ],
              [
                -75.13259869472893,
                -8.94075142419831
              ],
              [
                -75.13239701292025,
                -8.94067577072559
              ],
              [
                -75.13119696029958,
                -8.940095678466207
              ],
              [
                -75.1310959088442,
                -8.93998839232097
              ],
              [
                -75.1308928417044,
                -8.939740199656967
              ],
              [
                -75.13067981186964,
                -8.939437036091874
              ],
              [
                -75.13048360143898,
                -8.939117550024491
              ],
              [
                -75.13041698362343,
                -8.938972595917278
              ],
              [
                -75.13035833568131,
                -8.938813403819552
              ],
              [
                -75.1300956714806,
                -8.93749871321711
              ],
              [
                -75.13005136693442,
                -8.937300324512933
              ],
              [
                -75.12971745867827,
                -8.936549984944122
              ],
              [
                -75.12947113424337,
                -8.93623642675226
              ],
              [
                -75.12937563032654,
                -8.936126217495257
              ],
              [
                -75.12924078665253,
                -8.935988551952278
              ],
              [
                -75.12910948322519,
                -8.935878815489616
              ],
              [
                -75.1290246139065,
                -8.935822320379884
              ],
              [
                -75.12898280589576,
                -8.935798952430957
              ],
              [
                -75.12890776127733,
                -8.93576472472273
              ],
              [
                -75.12836803265759,
                -8.93572064425814
              ],
              [
                -75.12816454193046,
                -8.935757995807421
              ],
              [
                -75.12794282897733,
                -8.935818048591955
              ],
              [
                -75.12769863392771,
                -8.935900879120254
              ],
              [
                -75.12706389503114,
                -8.936163820163586
              ],
              [
                -75.12692215061816,
                -8.93624919926242
              ],
              [
                -75.12685955555185,
                -8.936291546317534
              ],
              [
                -75.1264836340207,
                -8.936567581007239
              ],
              [
                -75.12617604854779,
                -8.936752840778581
              ],
              [
                -75.12603236318978,
                -8.936808405740805
              ],
              [
                -75.12559204424315,
                -8.93689360526787
              ],
              [
                -75.12542680536183,
                -8.936905768047723
              ],
              [
                -75.12516191920793,
                -8.936908771856565
              ],
              [
                -75.1249739568608,
                -8.936900621378697
              ],
              [
                -75.12401382317557,
                -8.93663203730165
              ],
              [
                -75.12374519221379,
                -8.936470637586808
              ],
              [
                -75.12292043205287,
                -8.936000003916888
              ],
              [
                -75.1227226807622,
                -8.935937814668648
              ],
              [
                -75.12242901365585,
                -8.935911869952236
              ],
              [
                -75.12227786453701,
                -8.93594045710313
              ],
              [
                -75.1212150035671,
                -8.93652618414626
              ],
              [
                -75.12102986317359,
                -8.936611710867055
              ],
              [
                -75.12084756274373,
                -8.936659032772752
              ],
              [
                -75.12074144519352,
                -8.936660421382328
              ],
              [
                -75.12064573695937,
                -8.9366377610761
              ],
              [
                -75.12053674138815,
                -8.936575746204824
              ],
              [
                -75.12047145750745,
                -8.936521126854586
              ],
              [
                -75.12027509343915,
                -8.936286661019324
              ],
              [
                -75.12014618347246,
                -8.936089257249193
              ],
              [
                -75.12001228315006,
                -8.935871764062426
              ],
              [
                -75.11984007092798,
                -8.935601885823928
              ],
              [
                -75.11962855829427,
                -8.935232533987346
              ],
              [
                -75.11892590861521,
                -8.933196051220307
              ],
              [
                -75.11885636111572,
                -8.932750811043036
              ],
              [
                -75.11859643157595,
                -8.932207427216156
              ],
              [
                -75.1184735702775,
                -8.93206070962816
              ],
              [
                -75.11814936476446,
                -8.931726853223438
              ],
              [
                -75.11801286145999,
                -8.931606485496445
              ],
              [
                -75.11741606387932,
                -8.931228126254553
              ],
              [
                -75.1172267543343,
                -8.931161956021356
              ],
              [
                -75.11666287123114,
                -8.931055043255355
              ],
              [
                -75.11637219448255,
                -8.93103410011389
              ],
              [
                -75.11202591386837,
                -8.930370267415299
              ],
              [
                -75.1116849448332,
                -8.930245509685278
              ],
              [
                -75.11157968719868,
                -8.930203169531865
              ],
              [
                -75.11138043085526,
                -8.930116820551461
              ],
              [
                -75.11082172742516,
                -8.929813376046638
              ],
              [
                -75.11052117950715,
                -8.929589169568999
              ],
              [
                -75.11033127617668,
                -8.929407905998687
              ],
              [
                -75.11022122513185,
                -8.92928048134661
              ],
              [
                -75.11008785832564,
                -8.92909427941089
              ],
              [
                -75.10993047262843,
                -8.928827735926347
              ],
              [
                -75.1096068271757,
                -8.928043240723241
              ],
              [
                -75.10951277636224,
                -8.927700107860801
              ],
              [
                -75.1094430597717,
                -8.927353552360557
              ],
              [
                -75.10939951659321,
                -8.92701275448212
              ],
              [
                -75.10938876725606,
                -8.92655659915988
              ],
              [
                -75.10940737310136,
                -8.926420966767182
              ],
              [
                -75.1094392380412,
                -8.926277941514513
              ],
              [
                -75.10948498793789,
                -8.926124684858053
              ],
              [
                -75.11005050546794,
                -8.924551049183037
              ],
              [
                -75.11005459038302,
                -8.924344113008999
              ],
              [
                -75.11000753768269,
                -8.92400613735947
              ],
              [
                -75.10995359120562,
                -8.9237656392894
              ],
              [
                -75.10984789975998,
                -8.923461169582367
              ],
              [
                -75.10975686881977,
                -8.923297232127197
              ],
              [
                -75.1094190688072,
                -8.923019379102584
              ],
              [
                -75.10919647566203,
                -8.922900254441629
              ],
              [
                -75.10870107386165,
                -8.92264014832648
              ],
              [
                -75.10861220119767,
                -8.922577631888771
              ],
              [
                -75.1084410984028,
                -8.921930404545833
              ],
              [
                -75.10848597697452,
                -8.921783915786136
              ],
              [
                -75.10872531074455,
                -8.921273715909592
              ],
              [
                -75.10883665844028,
                -8.921087176689753
              ],
              [
                -75.10896355784394,
                -8.920907851780782
              ],
              [
                -75.11024934106223,
                -8.91994903871381
              ],
              [
                -75.11053156779053,
                -8.919822327806628
              ],
              [
                -75.11068710705217,
                -8.919771556513524
              ],
              [
                -75.11199460713044,
                -8.919742635568923
              ],
              [
                -75.1122202983438,
                -8.919725064283512
              ],
              [
                -75.11266398827206,
                -8.91955959893312
              ],
              [
                -75.11274661599015,
                -8.919487149653378
              ],
              [
                -75.11281715253546,
                -8.91941230888034
              ],
              [
                -75.11292172061349,
                -8.919280530526521
              ],
              [
                -75.11299048905323,
                -8.919179817616339
              ],
              [
                -75.11312537410498,
                -8.918948083294993
              ],
              [
                -75.1133585256855,
                -8.918283001955501
              ],
              [
                -75.11337348790676,
                -8.918083314752778
              ],
              [
                -75.11335933947578,
                -8.917468069530628
              ],
              [
                -75.11335442370807,
                -8.917210449000208
              ],
              [
                -75.11342059155868,
                -8.916680778593843
              ],
              [
                -75.11346667129664,
                -8.916553208521634
              ],
              [
                -75.11391588967729,
                -8.915952644690094
              ],
              [
                -75.11415028572225,
                -8.915746765686379
              ],
              [
                -75.11507972357879,
                -8.914986720292916
              ],
              [
                -75.11522242956335,
                -8.914837507684524
              ],
              [
                -75.11539544041813,
                -8.914607873644115
              ],
              [
                -75.11547800939059,
                -8.914454985572036
              ],
              [
                -75.11550988259228,
                -8.914377872400621
              ],
              [
                -75.11555511364583,
                -8.914221543387612
              ],
              [
                -75.11557531643683,
                -8.914007235726217
              ],
              [
                -75.11556887737999,
                -8.913847771447479
              ],
              [
                -75.11552883090923,
                -8.913482629884527
              ],
              [
                -75.11550942740917,
                -8.913198140808674
              ],
              [
                -75.11552054915626,
                -8.913033907004433
              ],
              [
                -75.11554394162829,
                -8.91292899448922
              ],
              [
                -75.11557908799074,
                -8.91283938355906
              ],
              [
                -75.11564522477869,
                -8.912729583337011
              ],
              [
                -75.11573502179164,
                -8.912626144406602
              ],
              [
                -75.11636680683813,
                -8.91223900174316
              ],
              [
                -75.11680952171866,
                -8.912039261684356
              ],
              [
                -75.11716383402347,
                -8.911848467445282
              ],
              [
                -75.11726591303403,
                -8.911778190003815
              ],
              [
                -75.1174311791168,
                -8.911632052010475
              ],
              [
                -75.11756114893637,
                -8.911474963326725
              ],
              [
                -75.11805020330587,
                -8.910231591657805
              ],
              [
                -75.11830703761711,
                -8.909008754179865
              ],
              [
                -75.11840853299339,
                -8.908665594492788
              ],
              [
                -75.11849564818516,
                -8.908436473853726
              ],
              [
                -75.11864632457787,
                -8.908135236113367
              ],
              [
                -75.1187619725464,
                -8.907958998534639
              ],
              [
                -75.11927379665156,
                -8.90743404709309
              ],
              [
                -75.11936799335558,
                -8.90730437413157
              ],
              [
                -75.11942770047028,
                -8.907176093406406
              ],
              [
                -75.11946398527363,
                -8.907025558349403
              ],
              [
                -75.11947752106971,
                -8.90693182940538
              ],
              [
                -75.11949549451481,
                -8.90671444595256
              ],
              [
                -75.11952907667256,
                -8.905871414852697
              ],
              [
                -75.11956055828341,
                -8.905736078022585
              ],
              [
                -75.11969723204504,
                -8.905354540876544
              ],
              [
                -75.11992925341195,
                -8.90483087597272
              ],
              [
                -75.12000458429145,
                -8.904601751517703
              ],
              [
                -75.11868816321896,
                -8.9024096910386
              ],
              [
                -75.12055285912527,
                -8.899634792739448
              ],
              [
                -75.11984700072207,
                -8.893328325513608
              ],
              [
                -75.119908549461,
                -8.892963525829714
              ],
              [
                -75.12109768452979,
                -8.889788971222004
              ],
              [
                -75.12137237393841,
                -8.889160508023792
              ],
              [
                -75.12263773603797,
                -8.885264632429767
              ],
              [
                -75.12278930086887,
                -8.88469207398964
              ],
              [
                -75.12289928766978,
                -8.88417926500432
              ],
              [
                -75.12299809834064,
                -8.882597588808153
              ],
              [
                -75.12297077673804,
                -8.88236027265549
              ],
              [
                -75.1229308831721,
                -8.882128793842469
              ],
              [
                -75.12286502400082,
                -8.881834075513893
              ],
              [
                -75.12274276692972,
                -8.88139312685189
              ],
              [
                -75.12264561701829,
                -8.881099913015362
              ],
              [
                -75.12232030437497,
                -8.88068037465871
              ],
              [
                -75.12213264227461,
                -8.880516847728131
              ],
              [
                -75.1217421991463,
                -8.880234380138347
              ],
              [
                -75.12153941717224,
                -8.880115438560267
              ],
              [
                -75.12073683865873,
                -8.879808314801892
              ],
              [
                -75.12053708324811,
                -8.879773234516506
              ],
              [
                -75.12032172184172,
                -8.879749660037874
              ],
              [
                -75.11637554209608,
                -8.880372025127087
              ],
              [
                -75.11606726963794,
                -8.88048250790672
              ],
              [
                -75.11590659254205,
                -8.880544678899014
              ],
              [
                -75.11545511821168,
                -8.880733303094473
              ],
              [
                -75.11513936140352,
                -8.88087470820858
              ],
              [
                -75.11409468982993,
                -8.881364392371665
              ],
              [
                -75.11155853328432,
                -8.88222721269625
              ],
              [
                -75.11120747282905,
                -8.882286866115862
              ],
              [
                -75.11038839262869,
                -8.882452669621273
              ],
              [
                -75.10830475267255,
                -8.882392913045067
              ],
              [
                -75.10818396307565,
                -8.882323133232774
              ],
              [
                -75.10777585634918,
                -8.882001853354836
              ],
              [
                -75.10768578009038,
                -8.88190382288684
              ],
              [
                -75.10762399820055,
                -8.881813583854239
              ],
              [
                -75.1076052000742,
                -8.881316133196492
              ],
              [
                -75.10765264633847,
                -8.881144805596193
              ],
              [
                -75.10798010500798,
                -8.880293596513866
              ],
              [
                -75.10802288514793,
                -8.880143778633567
              ],
              [
                -75.10803197040639,
                -8.880094840022707
              ],
              [
                -75.1080374030937,
                -8.880011704627861
              ],
              [
                -75.10802589063803,
                -8.879946555863285
              ],
              [
                -75.1079543118496,
                -8.879865691371549
              ],
              [
                -75.10789925303948,
                -8.879846181563266
              ],
              [
                -75.10749448670617,
                -8.87991676357234
              ],
              [
                -75.10734273057938,
                -8.879975767050098
              ],
              [
                -75.10683265013569,
                -8.880201177943775
              ],
              [
                -75.10652106969025,
                -8.880333582841047
              ],
              [
                -75.1061586607126,
                -8.880457357507282
              ],
              [
                -75.10602746809252,
                -8.880488055093167
              ],
              [
                -75.1050813663187,
                -8.880475488546324
              ],
              [
                -75.10486631891013,
                -8.880444637289145
              ],
              [
                -75.1033449015606,
                -8.880014039317302
              ],
              [
                -75.10306281910027,
                -8.879873799237203
              ],
              [
                -75.10098841785322,
                -8.878624394559438
              ],
              [
                -75.10021104247636,
                -8.878257678158093
              ],
              [
                -75.09799140075091,
                -8.87732407931685
              ],
              [
                -75.09734251001271,
                -8.877088316605466
              ],
              [
                -75.09506453325707,
                -8.876459831407203
              ],
              [
                -75.09469475849812,
                -8.876400708660583
              ],
              [
                -75.09249223524262,
                -8.876315865620882
              ],
              [
                -75.09119348153104,
                -8.8763625504821
              ],
              [
                -75.09053311662586,
                -8.876380937147587
              ],
              [
                -75.08991669254885,
                -8.876382667199437
              ],
              [
                -75.08968215993292,
                -8.876377532602078
              ],
              [
                -75.08924067167277,
                -8.876356684414873
              ],
              [
                -75.08747989110918,
                -8.876068680527851
              ],
              [
                -75.08696884030803,
                -8.87592265757263
              ],
              [
                -75.08321101013007,
                -8.874763503416375
              ],
              [
                -75.08269331308838,
                -8.87468881237362
              ],
              [
                -75.0815576718685,
                -8.874617263589926
              ],
              [
                -75.08116943387108,
                -8.874583339345861
              ],
              [
                -75.0810655809413,
                -8.874570700513686
              ],
              [
                -75.08087031876971,
                -8.874541368748226
              ],
              [
                -75.08060109394512,
                -8.874486053492205
              ],
              [
                -75.08043411810831,
                -8.874440956038882
              ],
              [
                -75.080325659099,
                -8.874405173279968
              ],
              [
                -75.08009694255782,
                -8.874309483182628
              ],
              [
                -75.07986565814053,
                -8.874190427174028
              ],
              [
                -75.07920990299948,
                -8.873806204314178
              ],
              [
                -75.07893532512821,
                -8.873663083250449
              ],
              [
                -75.07755836988167,
                -8.873571183628314
              ],
              [
                -75.07726077318176,
                -8.873660479275372
              ],
              [
                -75.07618962188292,
                -8.873970189794306
              ],
              [
                -75.07602459934833,
                -8.873990765850976
              ],
              [
                -75.0740576110095,
                -8.87327824357709
              ],
              [
                -75.07390833005581,
                -8.873216952491362
              ],
              [
                -75.0736239090765,
                -8.873131276066658
              ],
              [
                -75.07349095120435,
                -8.873108531098808
              ],
              [
                -75.07193234506843,
                -8.873368773913285
              ],
              [
                -75.07165368860467,
                -8.873479285888266
              ],
              [
                -75.07137897399184,
                -8.873605459476266
              ],
              [
                -75.0711294548164,
                -8.873736707818694
              ],
              [
                -75.0705534280849,
                -8.8741251450694
              ],
              [
                -75.07021526260138,
                -8.87441205930213
              ],
              [
                -75.06999653561456,
                -8.874622899279814
              ],
              [
                -75.06978602171921,
                -8.874846731849516
              ],
              [
                -75.06949111580457,
                -8.875200963969405
              ],
              [
                -75.06934228769524,
                -8.87540585331368
              ],
              [
                -75.06919924332777,
                -8.875627653232982
              ],
              [
                -75.06886525051164,
                -8.87625875673399
              ],
              [
                -75.06874014520747,
                -8.876543446765197
              ],
              [
                -75.0685587540421,
                -8.877011095083844
              ],
              [
                -75.06849920056686,
                -8.877179735542597
              ],
              [
                -75.0684164380649,
                -8.877429566744013
              ],
              [
                -75.06837486416964,
                -8.877582633573866
              ],
              [
                -75.06833912015617,
                -8.877745696928343
              ],
              [
                -75.06827575751134,
                -8.87817515838185
              ],
              [
                -75.06809765318872,
                -8.87978378553646
              ],
              [
                -75.06805828380891,
                -8.87993830727595
              ],
              [
                -75.06801290277258,
                -8.880084035513505
              ],
              [
                -75.06501824017414,
                -8.882324702866526
              ],
              [
                -75.06486399111441,
                -8.882304879243918
              ],
              [
                -75.06464225944785,
                -8.882260600144718
              ],
              [
                -75.06450252014827,
                -8.882221727501928
              ],
              [
                -75.06419416013802,
                -8.882096747867365
              ],
              [
                -75.0640870586268,
                -8.882036616984522
              ],
              [
                -75.06403255856509,
                -8.882002508967844
              ],
              [
                -75.06392153158157,
                -8.881926129111719
              ],
              [
                -75.06369073532358,
                -8.881740394009285
              ],
              [
                -75.06344270583133,
                -8.881506392285985
              ],
              [
                -75.06259047077884,
                -8.879801318624345
              ],
              [
                -75.0624672758496,
                -8.879489921288382
              ],
              [
                -75.0624286625548,
                -8.879407157444462
              ],
              [
                -75.06234913591635,
                -8.879257962944337
              ],
              [
                -75.06222059226337,
                -8.879068705706175
              ],
              [
                -75.06212699220208,
                -8.87896300888633
              ],
              [
                -75.06180835639191,
                -8.878712256210463
              ],
              [
                -75.06168403679499,
                -8.878641967962096
              ],
              [
                -75.05622335211683,
                -8.877164904238327
              ],
              [
                -75.05563844143092,
                -8.87687302268455
              ],
              [
                -75.05446928938994,
                -8.87618381832749
              ],
              [
                -75.05423541562897,
                -8.876023428550923
              ],
              [
                -75.05348729089587,
                -8.875438610315769
              ],
              [
                -75.05298526834719,
                -8.874971447555538
              ],
              [
                -75.04911583106514,
                -8.869801571029484
              ],
              [
                -75.04877505645243,
                -8.869511721300455
              ],
              [
                -75.04767400728485,
                -8.86871486257121
              ],
              [
                -75.04707919868383,
                -8.86835732253968
              ],
              [
                -75.04564600196926,
                -8.867801114963584
              ],
              [
                -75.04503148243987,
                -8.867647660721218
              ],
              [
                -75.04441673786368,
                -8.86753959858845
              ],
              [
                -75.0440067825034,
                -8.867492774201878
              ],
              [
                -75.04359672776297,
                -8.867466124589384
              ],
              [
                -75.04053977860201,
                -8.868273828163467
              ],
              [
                -75.04024510485488,
                -8.868356863760823
              ],
              [
                -75.03924059269127,
                -8.868486296374499
              ],
              [
                -75.03898425758416,
                -8.86846713843579
              ],
              [
                -75.03723062436285,
                -8.867972227208156
              ],
              [
                -75.03689523459241,
                -8.867880803119931
              ],
              [
                -75.03672684262972,
                -8.86784397337135
              ],
              [
                -75.03656652316465,
                -8.867816030524295
              ],
              [
                -75.03641259908494,
                -8.867796692544005
              ],
              [
                -75.03603976836177,
                -8.867779067118533
              ],
              [
                -75.03558513196344,
                -8.867795928338865
              ],
              [
                -75.03491090364594,
                -8.867849282355621
              ],
              [
                -75.03461972788722,
                -8.867866307094914
              ],
              [
                -75.03308850094703,
                -8.867692098665998
              ],
              [
                -75.03269784410799,
                -8.867584581652068
              ],
              [
                -75.032102395452,
                -8.867378020257036
              ],
              [
                -75.03149423108755,
                -8.867116658011412
              ],
              [
                -75.0310807484475,
                -8.86691156300617
              ],
              [
                -75.03087130947529,
                -8.866799620351742
              ],
              [
                -75.03045316006268,
                -8.866560633743632
              ],
              [
                -75.02958908058537,
                -8.86600591588649
              ],
              [
                -75.02913919344019,
                -8.865687633240896
              ],
              [
                -75.0254808683319,
                -8.86256432511783
              ],
              [
                -75.02523096932339,
                -8.862285996363482
              ],
              [
                -75.02480873379363,
                -8.861741742251752
              ],
              [
                -75.02468385049934,
                -8.861551729856956
              ],
              [
                -75.02465072778784,
                -8.861493963336954
              ],
              [
                -75.02458768219822,
                -8.861369659892887
              ],
              [
                -75.02452837913796,
                -8.861232633273573
              ],
              [
                -75.02447175256236,
                -8.861080437739872
              ],
              [
                -75.02437814125227,
                -8.860778387154085
              ],
              [
                -75.02422869784948,
                -8.860215442537026
              ],
              [
                -75.02398063728475,
                -8.859511877296143
              ],
              [
                -75.02388145649002,
                -8.859338440020395
              ],
              [
                -75.0224869216915,
                -8.85853874630584
              ],
              [
                -75.0223236075484,
                -8.858519273719821
              ],
              [
                -75.02197957894208,
                -8.858544354607943
              ],
              [
                -75.02184380249759,
                -8.858577678593804
              ],
              [
                -75.02101303474006,
                -8.85899554648023
              ],
              [
                -75.02091166482842,
                -8.859083578738876
              ],
              [
                -75.02058861850361,
                -8.859500978257131
              ],
              [
                -75.02037201396195,
                -8.859833747920618
              ],
              [
                -75.02027048087297,
                -8.859971531094459
              ],
              [
                -75.02016414489702,
                -8.860093059445376
              ],
              [
                -75.01999005962602,
                -8.860244121119763
              ],
              [
                -75.01985984846453,
                -8.860332303874259
              ],
              [
                -75.01964682789321,
                -8.86044305499314
              ],
              [
                -75.01949256177272,
                -8.860502790051441
              ],
              [
                -75.01849163713462,
                -8.860639949190329
              ],
              [
                -75.01828434438471,
                -8.86063500987143
              ],
              [
                -75.01652831499126,
                -8.860450667157465
              ],
              [
                -75.01616138876943,
                -8.86041675480459
              ],
              [
                -75.01581177931433,
                -8.860398112300345
              ],
              [
                -75.01520190416386,
                -8.860417197543256
              ],
              [
                -75.01488207217045,
                -8.860466310237882
              ],
              [
                -75.01480683623856,
                -8.860483131791
              ],
              [
                -75.01459175493017,
                -8.860544670836532
              ],
              [
                -75.01431757996494,
                -8.860658119473555
              ],
              [
                -75.01416757539181,
                -8.860738378350447
              ],
              [
                -75.01252758289633,
                -8.862046398347388
              ],
              [
                -75.01235652467807,
                -8.862166123028658
              ],
              [
                -75.01193468703991,
                -8.862398596368905
              ],
              [
                -75.0117698856078,
                -8.862462605125302
              ],
              [
                -75.0116695038858,
                -8.862493916274218
              ],
              [
                -75.01119653300566,
                -8.862584375976155
              ],
              [
                -75.00930057249155,
                -8.862935059840424
              ],
              [
                -75.00907492447129,
                -8.863031710174823
              ],
              [
                -75.00885495796274,
                -8.86313731675267
              ],
              [
                -75.00864067113622,
                -8.863251878679307
              ],
              [
                -75.0085356577141,
                -8.863312518918974
              ],
              [
                -75.00832989175541,
                -8.86344051524344
              ],
              [
                -75.00803189319652,
                -8.86364930388271
              ],
              [
                -75.00784032864101,
                -8.863799690915926
              ],
              [
                -75.00765444463372,
                -8.863959034247728
              ],
              [
                -75.00747424025917,
                -8.864127333886358
              ],
              [
                -75.00738626850068,
                -8.86421484209717
              ],
              [
                -75.0072145849295,
                -8.864396575306557
              ],
              [
                -75.00665842726966,
                -8.865103174238811
              ],
              [
                -75.00651230515518,
                -8.86532521097206
              ],
              [
                -75.00617185374676,
                -8.86591948620162
              ],
              [
                -75.00604561346393,
                -8.866172869305558
              ],
              [
                -75.00592505461782,
                -8.866435208786527
              ],
              [
                -75.00586690425666,
                -8.866569737396219
              ],
              [
                -75.00575486620795,
                -8.866845511452084
              ],
              [
                -75.00520192214196,
                -8.868688238299569
              ],
              [
                -75.00512964617764,
                -8.869026706259433
              ],
              [
                -75.00094716427219,
                -8.869300765024434
              ],
              [
                -74.98875636389386,
                -8.871503954826778
              ],
              [
                -74.97898057074201,
                -8.87165310784303
              ],
              [
                -74.97416791734673,
                -8.871054505400025
              ],
              [
                -74.96273804178213,
                -8.868510764342943
              ],
              [
                -74.95642171533689,
                -8.866116879382048
              ],
              [
                -74.9544722307092,
                -8.863568022137656
              ],
              [
                -74.94071210884618,
                -8.857892602111974
              ],
              [
                -74.93382273375562,
                -8.85012510084357
              ],
              [
                -74.91131260883174,
                -8.823281227056725
              ],
              [
                -74.90632635999987,
                -8.81629110199998
              ],
              [
                -74.89574410999984,
                -8.804763600999934
              ],
              [
                -74.89049610999996,
                -8.801206976999879
              ],
              [
                -74.88691798499991,
                -8.797931601999949
              ],
              [
                -74.87947848399989,
                -8.792419976999895
              ],
              [
                -74.87168748399989,
                -8.785986351999895
              ],
              [
                -74.86533873499985,
                -8.78094535199989
              ],
              [
                -74.86229510899983,
                -8.777423851999913
              ],
              [
                -74.86042598499989,
                -8.77522097699989
              ],
              [
                -74.85442385899995,
                -8.766565476999972
              ],
              [
                -74.85197623499994,
                -8.761981851999906
              ],
              [
                -74.85081948399989,
                -8.758327601999895
              ],
              [
                -74.85026860899995,
                -8.74877635099989
              ],
              [
                -74.85025760899993,
                -8.738488351999877
              ],
              [
                -74.85071373399984,
                -8.730010601999936
              ],
              [
                -74.85041798399988,
                -8.724326225999903
              ],
              [
                -74.84939198399991,
                -8.720007600999963
              ],
              [
                -74.8478644839999,
                -8.716716726999891
              ],
              [
                -74.84773060899983,
                -8.716519226999822
              ],
              [
                -74.84658110899994,
                -8.714385601999936
              ],
              [
                -74.84650510999995,
                -8.71351197699994
              ],
              [
                -74.84665710899992,
                -8.71279035099991
              ],
              [
                -74.84696085899992,
                -8.711612726999931
              ],
              [
                -74.84869335999991,
                -8.702798850999955
              ],
              [
                -74.84864060899992,
                -8.697515601999953
              ],
              [
                -74.84797848399984,
                -8.69197960199989
              ],
              [
                -74.84707710999987,
                -8.688933601999906
              ],
              [
                -74.84475298499984,
                -8.685628101999953
              ],
              [
                -74.84341010899993,
                -8.683923851999907
              ],
              [
                -74.84242898399987,
                -8.683045851999907
              ],
              [
                -74.84150773399983,
                -8.68215985199987
              ],
              [
                -74.84082773399996,
                -8.679636975999927
              ],
              [
                -74.84077610999987,
                -8.67906897599994
              ],
              [
                -74.84191235899982,
                -8.67638335099997
              ],
              [
                -74.84604410899982,
                -8.671786725999937
              ],
              [
                -74.84608635899986,
                -8.671710726999947
              ],
              [
                -74.846818859,
                -8.670392225999933
              ],
              [
                -74.84737073399998,
                -8.661765351999975
              ],
              [
                -74.84668348399998,
                -8.661235350999902
              ],
              [
                -74.79752685999989,
                -8.631711726999981
              ],
              [
                -74.69250023399997,
                -8.581178225999963
              ],
              [
                -74.68275410899986,
                -8.575956975999873
              ],
              [
                -74.67395510899996,
                -8.569010601999878
              ],
              [
                -74.66414760899983,
                -8.561908726999889
              ],
              [
                -74.65400198399988,
                -8.557850475999942
              ],
              [
                -74.64419448399985,
                -8.554130351999902
              ],
              [
                -74.63032885900003,
                -8.550410351999915
              ],
              [
                -74.61781585899996,
                -8.548719351999978
              ],
              [
                -74.60090648399984,
                -8.54838122599989
              ],
              [
                -74.58974623399996,
                -8.548719351999978
              ],
              [
                -74.5829824839999,
                -8.551086726999927
              ],
              [
                -74.57757148399992,
                -8.55379222599987
              ],
              [
                -74.56687448399992,
                -8.563420225999891
              ],
              [
                -74.55694198399982,
                -8.573068851999949
              ],
              [
                -74.5471346089999,
                -8.58456722599982
              ],
              [
                -74.54375273399978,
                -8.593698350999944
              ],
              [
                -74.54138535899995,
                -8.608578601999852
              ],
              [
                -74.53612260899985,
                -8.629864976999897
              ],
              [
                -74.5277896089998,
                -8.71097260099998
              ],
              [
                -74.52687498399996,
                -8.723828225999966
              ],
              [
                -74.52535123399991,
                -8.749316225999962
              ],
              [
                -74.52659785899993,
                -8.754995601999951
              ],
              [
                -74.53158473399992,
                -8.770232976999921
              ],
              [
                -74.53217810899997,
                -8.776133226999889
              ],
              [
                -74.53466423399988,
                -8.776893601999916
              ],
              [
                -74.54201048399989,
                -8.780413726999939
              ],
              [
                -74.55021998400002,
                -8.782629975999896
              ],
              [
                -74.57287460899988,
                -8.792645851999964
              ],
              [
                -74.57699860899993,
                -8.800687601999925
              ],
              [
                -74.58808985899998,
                -8.812646476999873
              ],
              [
                -74.60892023399981,
                -8.820228351999958
              ],
              [
                -74.61629498399208,
                -8.827945352038
              ],
              [
                -74.61830860904695,
                -8.83202735096495
              ],
              [
                -74.62141410896845,
                -8.845570477098022
              ],
              [
                -74.62174998410478,
                -8.849650351951993
              ],
              [
                -74.62225385896784,
                -8.86549610186239
              ],
              [
                -74.62310735896023,
                -8.880648476817953
              ],
              [
                -74.62421498377563,
                -8.888726601980807
              ],
              [
                -74.6289746091793,
                -8.898335977044837
              ],
              [
                -74.63638348421705,
                -8.91225160222524
              ],
              [
                -74.6428146091435,
                -8.916376977108655
              ],
              [
                -74.64431073407252,
                -8.918783227006486
              ],
              [
                -74.6472929841301,
                -8.938081977134402
              ],
              [
                -74.64945310922224,
                -8.963312477086788
              ],
              [
                -74.65079273400346,
                -8.971179477001954
              ],
              [
                -74.65274023403555,
                -8.979581977062992
              ],
              [
                -74.65146685907746,
                -8.983941352199622
              ],
              [
                -74.64780210882014,
                -8.989572476860587
              ],
              [
                -74.64787498415632,
                -8.99576760198164
              ],
              [
                -74.65108023420544,
                -8.999826227160725
              ],
              [
                -74.66170960894192,
                -9.00382960193042
              ],
              [
                -74.66695523416746,
                -9.014596977037968
              ],
              [
                -74.66916398422677,
                -9.020256727096807
              ],
              [
                -74.66861185900382,
                -9.022879602029889
              ],
              [
                -74.66543685879157,
                -9.029229602026362
              ],
              [
                -74.66405635891226,
                -9.033923101869334
              ],
              [
                -74.65812048414978,
                -9.041101351938096
              ],
              [
                -74.65673723386959,
                -9.043908977033823
              ],
              [
                -74.6526406089456,
                -9.044734351942054
              ],
              [
                -74.65123823388831,
                -9.046082851934443
              ],
              [
                -74.6513661088166,
                -9.048768352063632
              ],
              [
                -74.65290073388513,
                -9.051070227095124
              ],
              [
                -74.65430748396966,
                -9.055546227121738
              ],
              [
                -74.65705798403832,
                -9.068599101805432
              ],
              [
                -74.65839973378598,
                -9.071403727084657
              ],
              [
                -74.66274773417524,
                -9.075879601877148
              ],
              [
                -74.66488260881232,
                -9.079591352153045
              ],
              [
                -74.66875835919677,
                -9.082273852044182
              ],
              [
                -74.67131585918304,
                -9.083296851921773
              ],
              [
                -74.67276310885984,
                -9.086143477058272
              ],
              [
                -74.67590660890403,
                -9.089885728131492
              ],
              [
                -74.67809373378628,
                -9.094039101995861
              ],
              [
                -74.67809373396483,
                -9.09813135222106
              ],
              [
                -74.67545748397407,
                -9.107099727168531
              ],
              [
                -74.671864983957,
                -9.11054247693329
              ],
              [
                -74.66587748383512,
                -9.11203935199984
              ],
              [
                -74.65480060891241,
                -9.11383560217439
              ],
              [
                -74.64070898379498,
                -9.118564477027803
              ],
              [
                -74.63653873412801,
                -9.125511226884214
              ],
              [
                -74.6391367341601,
                -9.129833977809483
              ],
              [
                -74.64097660909306,
                -9.141800727111274
              ],
              [
                -74.63956448403962,
                -9.159681601962575
              ],
              [
                -74.63608973417763,
                -9.172962102144538
              ],
              [
                -74.62696860899831,
                -9.197050726817167
              ],
              [
                -74.6244668589298,
                -9.21556247703461
              ],
              [
                -74.61663085916331,
                -9.230333976947293
              ],
              [
                -74.61610348388876,
                -9.235453102081522
              ],
              [
                -74.6152948591988,
                -9.237984351996033
              ],
              [
                -74.61089260886837,
                -9.24102735179963
              ],
              [
                -74.60949810913962,
                -9.245050726909767
              ],
              [
                -74.60642185900002,
                -9.248384601999874
              ]
            ]
          ]
        ],
        "type": "MultiPolygon"
      },
      "type": "Feature",
      "properties": {
        "PROVINCIA": "PUERTO INCA",
        "name": "PUERTO INCA",
        "ID": "090800",
        "DEPARTAMEN": "HUANUCO"
      }
    }
  ]
}
