{
  "type": "FeatureCollection",
  "features": [
    {
      "geometry": {
        "coordinates": [
          [
            [
              [
                -73.9830332329999,
                -7.534361350999973
              ],
              [
                -73.98187310899982,
                -7.539066349999871
              ],
              [
                -73.98002535799998,
                -7.552921849999905
              ],
              [
                -73.97975198299991,
                -7.559263724999937
              ],
              [
                -73.97911910799996,
                -7.560812475999967
              ],
              [
                -73.97439648399984,
                -7.563269349999871
              ],
              [
                -73.96662885799998,
                -7.564685600999894
              ],
              [
                -73.95840423399983,
                -7.564437474999977
              ],
              [
                -73.95644335799994,
                -7.565695349999942
              ],
              [
                -73.95061523399983,
                -7.572683600999881
              ],
              [
                -73.9474492339998,
                -7.575603475999969
              ],
              [
                -73.94185548399997,
                -7.579263725999965
              ],
              [
                -73.93374610799992,
                -7.579874974999825
              ],
              [
                -73.92666598399995,
                -7.581521350999878
              ],
              [
                -73.92183010799988,
                -7.584837850999918
              ],
              [
                -73.91381060799989,
                -7.592279350999945
              ],
              [
                -73.91075198299995,
                -7.596865225999977
              ],
              [
                -73.90212310799984,
                -7.599197225999944
              ],
              [
                -73.89866598399988,
                -7.598956974999851
              ],
              [
                -73.88945698299989,
                -7.603179725999894
              ],
              [
                -73.88833598299993,
                -7.60564647599989
              ],
              [
                -73.8901816079998,
                -7.610183599999971
              ],
              [
                -73.89316598399989,
                -7.613119100999938
              ],
              [
                -73.89551760799986,
                -7.61800384999998
              ],
              [
                -73.89566798399989,
                -7.623915974999932
              ],
              [
                -73.89381448299991,
                -7.629765600999974
              ],
              [
                -73.89472260899998,
                -7.634646474999954
              ],
              [
                -73.90017773299991,
                -7.638964850999969
              ],
              [
                -73.90023048299992,
                -7.640558599999849
              ],
              [
                -73.89625785800001,
                -7.643029350999882
              ],
              [
                -73.88844335799985,
                -7.649351600999978
              ],
              [
                -73.88500973299989,
                -7.653847599999892
              ],
              [
                -73.87965423299988,
                -7.656128850999835
              ],
              [
                -73.87676960799985,
                -7.658648475999939
              ],
              [
                -73.87451948400002,
                -7.6616836
              ],
              [
                -73.872490234,
                -7.665753850999977
              ],
              [
                -73.86908010799982,
                -7.674066349999919
              ],
              [
                -73.86463860799995,
                -7.676810600999886
              ],
              [
                -73.85929098299988,
                -7.676681600999871
              ],
              [
                -73.85594923299988,
                -7.67758985099988
              ],
              [
                -73.85249998299986,
                -7.675859350999872
              ],
              [
                -73.84796873399983,
                -7.671542975999955
              ],
              [
                -73.84464260899989,
                -7.667402350999907
              ],
              [
                -73.84067573299984,
                -7.66641597499995
              ],
              [
                -73.8381953579999,
                -7.668015600999979
              ],
              [
                -73.83727135899989,
                -7.670595725999931
              ],
              [
                -73.8362128579999,
                -7.679718725999976
              ],
              [
                -73.83453323299983,
                -7.683271475999959
              ],
              [
                -73.83621023399985,
                -7.687383100999966
              ],
              [
                -73.83606060799991,
                -7.692230475999963
              ],
              [
                -73.83536523299983,
                -7.693833975999951
              ],
              [
                -73.83213860800004,
                -7.696121100999903
              ],
              [
                -73.82626360799986,
                -7.698228474999894
              ],
              [
                -73.82246498399996,
                -7.70051560099995
              ],
              [
                -73.82094660899992,
                -7.713341975999924
              ],
              [
                -73.81981798399988,
                -7.715760475999957
              ],
              [
                -73.81275623300002,
                -7.71879597599991
              ],
              [
                -73.80990148299998,
                -7.719430350999914
              ],
              [
                -73.80741673299991,
                -7.718267350999952
              ],
              [
                -73.80329323299998,
                -7.713985225999977
              ],
              [
                -73.80096710899988,
                -7.714038100999971
              ],
              [
                -73.79700210800002,
                -7.716787100999966
              ],
              [
                -73.78985548299994,
                -7.717386599999941
              ],
              [
                -73.78731448300005,
                -7.718322350999927
              ],
              [
                -73.78414060899996,
                -7.721068350999928
              ],
              [
                -73.78131835899995,
                -7.72255272599989
              ],
              [
                -73.77693373299991,
                -7.723261349999973
              ],
              [
                -73.77386523300004,
                -7.724914100999968
              ],
              [
                -73.77147685799986,
                -7.727238100999955
              ],
              [
                -73.76333035799985,
                -7.727360350999959
              ],
              [
                -73.76129373299983,
                -7.728297225999938
              ],
              [
                -73.758523858,
                -7.731148600999973
              ],
              [
                -73.7549394839998,
                -7.731759475999979
              ],
              [
                -73.75021448299992,
                -7.731677975999958
              ],
              [
                -73.745733858,
                -7.734162475999938
              ],
              [
                -73.74141598299985,
                -7.73328722499997
              ],
              [
                -73.73989523299997,
                -7.738423350999938
              ],
              [
                -73.73555360900002,
                -7.744111849999967
              ],
              [
                -73.73039123299992,
                -7.745445849999953
              ],
              [
                -73.72856048299997,
                -7.74162510099984
              ],
              [
                -73.72598623299996,
                -7.740075850999972
              ],
              [
                -73.71988173299997,
                -7.741075850999948
              ],
              [
                -73.71402873300002,
                -7.742963850999956
              ],
              [
                -73.71407160799993,
                -7.750186600999882
              ],
              [
                -73.71340035799989,
                -7.752535974999944
              ],
              [
                -73.71402960900002,
                -7.75505310099993
              ],
              [
                -73.71171735799993,
                -7.760905225999977
              ],
              [
                -73.7097503579999,
                -7.761849474999963
              ],
              [
                -73.70278623299993,
                -7.761262225999872
              ],
              [
                -73.70104048299982,
                -7.764124850999963
              ],
              [
                -73.6975838579998,
                -7.766674100999921
              ],
              [
                -73.68904285799982,
                -7.766683975999968
              ],
              [
                -73.68734748299988,
                -7.771414850999975
              ],
              [
                -73.68452998299983,
                -7.773563225999965
              ],
              [
                -73.68065010799995,
                -7.77964460100003
              ],
              [
                -73.67874698299988,
                -7.781441475999941
              ],
              [
                -73.67858385799997,
                -7.783387725999944
              ],
              [
                -73.68021535799988,
                -7.78551110099994
              ],
              [
                -73.6800997339999,
                -7.791449600999954
              ],
              [
                -73.68062260900001,
                -7.794504100999973
              ],
              [
                -73.67792585799998,
                -7.799016975999905
              ],
              [
                -73.67631373299992,
                -7.80002685099987
              ],
              [
                -73.67865660799987,
                -7.810206725999933
              ],
              [
                -73.68125548299997,
                -7.813381100999948
              ],
              [
                -73.68282398299988,
                -7.817893975999937
              ],
              [
                -73.68176760799997,
                -7.819912725999814
              ],
              [
                -73.68218723299987,
                -7.824863225999877
              ],
              [
                -73.6802992339999,
                -7.827002850999975
              ],
              [
                -73.68000560799993,
                -7.835351475999914
              ],
              [
                -73.67883098300001,
                -7.838330100999826
              ],
              [
                -73.67836948299993,
                -7.842399600999897
              ],
              [
                -73.67979585799998,
                -7.846469100999911
              ],
              [
                -73.67925048299998,
                -7.852384476
              ],
              [
                -73.67790798300001,
                -7.854607850999969
              ],
              [
                -73.67815973399996,
                -7.857964100999936
              ],
              [
                -73.6853027329999,
                -7.865570475999959
              ],
              [
                -73.686623108,
                -7.867812475999926
              ],
              [
                -73.68880473299993,
                -7.869195350999917
              ],
              [
                -73.69358785799983,
                -7.868007850999902
              ],
              [
                -73.69628910799986,
                -7.86916410099991
              ],
              [
                -73.69955473299996,
                -7.873306600999911
              ],
              [
                -73.70271285799987,
                -7.875552725999967
              ],
              [
                -73.70610735799983,
                -7.876539100999935
              ],
              [
                -73.70979298299994,
                -7.876148475999969
              ],
              [
                -73.72090823399992,
                -7.872396475999949
              ],
              [
                -73.72522073399995,
                -7.875335975999974
              ],
              [
                -73.72826373399994,
                -7.876722600999926
              ],
              [
                -73.73211723299983,
                -7.877308600999925
              ],
              [
                -73.73545110799989,
                -7.878810600999941
              ],
              [
                -73.73870898399997,
                -7.877470725999956
              ],
              [
                -73.74382035799994,
                -7.871316350999905
              ],
              [
                -73.74791010799993,
                -7.870583975999978
              ],
              [
                -73.75354685799994,
                -7.871804725999937
              ],
              [
                -73.75826760799993,
                -7.870671850999884
              ],
              [
                -73.75884960799976,
                -7.869181600999866
              ],
              [
                -73.7592773589999,
                -7.862066350999896
              ],
              [
                -73.76154298300003,
                -7.860599600999876
              ],
              [
                -73.76519710799994,
                -7.863230475999956
              ],
              [
                -73.76582423299988,
                -7.866216850999876
              ],
              [
                -73.76349610799997,
                -7.873671850999926
              ],
              [
                -73.7608943589999,
                -7.878312475999962
              ],
              [
                -73.75800385799994,
                -7.882435600999941
              ],
              [
                -73.755218733,
                -7.890806600999952
              ],
              [
                -73.75618748399984,
                -7.893851600999938
              ],
              [
                -73.75779685799995,
                -7.894660100999943
              ],
              [
                -73.76320698399985,
                -7.894331975999876
              ],
              [
                -73.7651054829999,
                -7.8953692259999
              ],
              [
                -73.76733385799992,
                -7.901058600999932
              ],
              [
                -73.77059960799983,
                -7.906519475999971
              ],
              [
                -73.77214648300003,
                -7.907843725999896
              ],
              [
                -73.77202535799995,
                -7.909968725999875
              ],
              [
                -73.76701373299989,
                -7.910412100999963
              ],
              [
                -73.76262698300002,
                -7.916310600999964
              ],
              [
                -73.75956635799992,
                -7.918597600999931
              ],
              [
                -73.75649998299986,
                -7.92415435099997
              ],
              [
                -73.75483010799996,
                -7.925412100999949
              ],
              [
                -73.74762698299986,
                -7.927456975999917
              ],
              [
                -73.74243948399999,
                -7.928072225999927
              ],
              [
                -73.739701233,
                -7.930790975999912
              ],
              [
                -73.74131835899988,
                -7.93903122599994
              ],
              [
                -73.74401173299998,
                -7.942941350999945
              ],
              [
                -73.74779498399982,
                -7.946683600999961
              ],
              [
                -73.74536910799992,
                -7.949488225999914
              ],
              [
                -73.73799810900005,
                -7.949752100999888
              ],
              [
                -73.73149023299999,
                -7.951798850999978
              ],
              [
                -73.72900385799988,
                -7.954890600999875
              ],
              [
                -73.72801173299979,
                -7.959134725999945
              ],
              [
                -73.72741798299984,
                -7.965330100999893
              ],
              [
                -73.725974609,
                -7.965441225999939
              ],
              [
                -73.72386135800002,
                -7.960613225999964
              ],
              [
                -73.72076373299979,
                -7.958193350999977
              ],
              [
                -73.71517185799985,
                -7.960185600999921
              ],
              [
                -73.71229498299982,
                -7.960578100999896
              ],
              [
                -73.70953323299995,
                -7.958904350999887
              ],
              [
                -73.70672660899982,
                -7.954476600999897
              ],
              [
                -73.70542185899984,
                -7.955066350999971
              ],
              [
                -73.70618360799983,
                -7.961763725999958
              ],
              [
                -73.70490235799986,
                -7.967787100999885
              ],
              [
                -73.70380473299991,
                -7.969562475999965
              ],
              [
                -73.7014687329999,
                -7.970673850999901
              ],
              [
                -73.7006757339999,
                -7.974831975999962
              ],
              [
                -73.699226608,
                -7.97706435099991
              ],
              [
                -73.69732623299996,
                -7.977693350999914
              ],
              [
                -73.6934824839999,
                -7.975441350999915
              ],
              [
                -73.6917519829999,
                -7.975261725999928
              ],
              [
                -73.6886367329999,
                -7.97737697599996
              ],
              [
                -73.68067185899992,
                -7.984638725999957
              ],
              [
                -73.68049023299989,
                -7.986648475999971
              ],
              [
                -73.68237310799998,
                -7.991703100999928
              ],
              [
                -73.68166410799984,
                -7.996751975999871
              ],
              [
                -73.67849023299988,
                -8.000345725999978
              ],
              [
                -73.67577348299989,
                -8.005101600999978
              ],
              [
                -73.6719062329999,
                -8.007328100999928
              ],
              [
                -73.6688971079999,
                -8.012293850999981
              ],
              [
                -73.66650785799993,
                -8.013125850999927
              ],
              [
                -73.66517098299988,
                -8.010050975999945
              ],
              [
                -73.66263085799994,
                -8.012167725999973
              ],
              [
                -73.65342598300003,
                -8.013080225999943
              ],
              [
                -73.64922885799984,
                -8.010958600999913
              ],
              [
                -73.64281798299993,
                -8.008652476
              ],
              [
                -73.64029798299998,
                -8.006513850999966
              ],
              [
                -73.63452685799996,
                -8.010661600999981
              ],
              [
                -73.63345510799991,
                -8.012434600999939
              ],
              [
                -73.63327073300002,
                -8.016677725999898
              ],
              [
                -73.63128735799995,
                -8.019075975999897
              ],
              [
                -73.63077448299998,
                -8.022230725999975
              ],
              [
                -73.62962623300001,
                -8.023129350999909
              ],
              [
                -73.62664760799993,
                -8.021598350999966
              ],
              [
                -73.624217983,
                -8.023195850999912
              ],
              [
                -73.6216017329998,
                -8.029868725999961
              ],
              [
                -73.61897285799989,
                -8.03148297599995
              ],
              [
                -73.61685123300003,
                -8.034250225999926
              ],
              [
                -73.61675898299995,
                -8.03881635099998
              ],
              [
                -73.62048448299998,
                -8.042056600999956
              ],
              [
                -73.62374798299993,
                -8.047750100999906
              ],
              [
                -73.625964608,
                -8.049748725999905
              ],
              [
                -73.62661323299994,
                -8.055297850999978
              ],
              [
                -73.62553223299994,
                -8.059045225999967
              ],
              [
                -73.62236135800003,
                -8.061639601999957
              ],
              [
                -73.61998323299991,
                -8.06625185099989
              ],
              [
                -73.61652398300004,
                -8.0690623509999
              ],
              [
                -73.61587548300002,
                -8.071656725999901
              ],
              [
                -73.61241623299998,
                -8.076196850999963
              ],
              [
                -73.61227198300003,
                -8.077494225999828
              ],
              [
                -73.60902923299994,
                -8.083691726999973
              ],
              [
                -73.6092453579999,
                -8.08779947599993
              ],
              [
                -73.60860698299985,
                -8.09031772599991
              ],
              [
                -73.60314373299997,
                -8.09535247599996
              ],
              [
                -73.602194983,
                -8.101176850999934
              ],
              [
                -73.60078273299985,
                -8.103624725999964
              ],
              [
                -73.59390973299986,
                -8.107560225999976
              ],
              [
                -73.58966010799998,
                -8.113007725999978
              ],
              [
                -73.58897023299983,
                -8.11961972599994
              ],
              [
                -73.58477223300002,
                -8.126838850999945
              ],
              [
                -73.58447110799989,
                -8.12867847699988
              ],
              [
                -73.584905983,
                -8.135112725999818
              ],
              [
                -73.58893860799986,
                -8.141026850999936
              ],
              [
                -73.59027498299997,
                -8.144493850999936
              ],
              [
                -73.59047223299984,
                -8.149228475999962
              ],
              [
                -73.588992733,
                -8.152253350999956
              ],
              [
                -73.58963173300003,
                -8.155007476999856
              ],
              [
                -73.594261233,
                -8.15899535099993
              ],
              [
                -73.59533610800003,
                -8.161977475999947
              ],
              [
                -73.59546960799997,
                -8.165799475999904
              ],
              [
                -73.5932069829999,
                -8.16932610099991
              ],
              [
                -73.59296473300003,
                -8.172367100999907
              ],
              [
                -73.58977535799983,
                -8.179300725999951
              ],
              [
                -73.589798858,
                -8.18894335199991
              ],
              [
                -73.58919535799998,
                -8.195943350999926
              ],
              [
                -73.5873417329999,
                -8.199724600999957
              ],
              [
                -73.57994923299987,
                -8.205093725999859
              ],
              [
                -73.57520310799998,
                -8.211333975999878
              ],
              [
                -73.5730506079999,
                -8.215802726999868
              ],
              [
                -73.57154098300003,
                -8.220617225999945
              ],
              [
                -73.57146485799996,
                -8.224636850999957
              ],
              [
                -73.57606448299987,
                -8.228152351999938
              ],
              [
                -73.58147460799984,
                -8.229779350999877
              ],
              [
                -73.58394535799982,
                -8.231281226000021
              ],
              [
                -73.58748723299988,
                -8.238038476999975
              ],
              [
                -73.58738635799995,
                -8.240860975999908
              ],
              [
                -73.57730623299983,
                -8.245094600999948
              ],
              [
                -73.56924198299998,
                -8.244792225999959
              ],
              [
                -73.56299223299987,
                -8.245497850999868
              ],
              [
                -73.5574192329999,
                -8.249421850999852
              ],
              [
                -73.55495823299987,
                -8.25360560099989
              ],
              [
                -73.55200498300002,
                -8.25655872599998
              ],
              [
                -73.54462198299996,
                -8.260988475999966
              ],
              [
                -73.53945398299999,
                -8.265418351999926
              ],
              [
                -73.53256310799998,
                -8.266402726999956
              ],
              [
                -73.52936385799984,
                -8.26738710199993
              ],
              [
                -73.52665673300004,
                -8.26984797699987
              ],
              [
                -73.52600210799989,
                -8.27435935099993
              ],
              [
                -73.52756148299977,
                -8.277932851999935
              ],
              [
                -73.52860110799998,
                -8.28287085099987
              ],
              [
                -73.52990060799993,
                -8.285209976999965
              ],
              [
                -73.53435548299984,
                -8.288783226999954
              ],
              [
                -73.53561323299982,
                -8.290796851999914
              ],
              [
                -73.5374453579999,
                -8.295968725999899
              ],
              [
                -73.53657010799986,
                -8.299727476999976
              ],
              [
                -73.532180358,
                -8.302929476999964
              ],
              [
                -73.53403948300002,
                -8.306596225999954
              ],
              [
                -73.531612108,
                -8.310366225999928
              ],
              [
                -73.5279453579999,
                -8.312690350999958
              ],
              [
                -73.52680923299988,
                -8.314394601999936
              ],
              [
                -73.52643310799982,
                -8.321132600999931
              ],
              [
                -73.52974160799977,
                -8.32742685099987
              ],
              [
                -73.53216248300004,
                -8.335980475999918
              ],
              [
                -73.53755860800004,
                -8.341767725999944
              ],
              [
                -73.5418711079999,
                -8.34442572599994
              ],
              [
                -73.54290598299997,
                -8.347587601999976
              ],
              [
                -73.54138860800003,
                -8.350679726999942
              ],
              [
                -73.5382694829998,
                -8.352390600999911
              ],
              [
                -73.53054098299998,
                -8.3546016009999
              ],
              [
                -73.52511523299995,
                -8.35670310099988
              ],
              [
                -73.52182035800001,
                -8.360134725999956
              ],
              [
                -73.52059960799988,
                -8.362253850999878
              ],
              [
                -73.51959173299991,
                -8.368505851999885
              ],
              [
                -73.52033198299995,
                -8.372699225999952
              ],
              [
                -73.51773248299997,
                -8.373320350999904
              ],
              [
                -73.51456448299996,
                -8.372562476999974
              ],
              [
                -73.51197073299994,
                -8.373011726999948
              ],
              [
                -73.50757785799982,
                -8.376217475999965
              ],
              [
                -73.50121523299998,
                -8.37736385099987
              ],
              [
                -73.49412873300003,
                -8.381150351999906
              ],
              [
                -73.48849548299995,
                -8.382174600999917
              ],
              [
                -73.48529473299988,
                -8.384223101999964
              ],
              [
                -73.47978948299982,
                -8.39152072600001
              ],
              [
                -73.47287598299988,
                -8.394721476999962
              ],
              [
                -73.46903510799996,
                -8.397922225999935
              ],
              [
                -73.4657063579998,
                -8.401635101999943
              ],
              [
                -73.46416998300003,
                -8.404579725999952
              ],
              [
                -73.4614813579999,
                -8.407140226999957
              ],
              [
                -73.45832810799993,
                -8.408548851999967
              ],
              [
                -73.45474210799989,
                -8.411636725999927
              ],
              [
                -73.44781660799993,
                -8.42047810199989
              ],
              [
                -73.441311358,
                -8.42540110199991
              ],
              [
                -73.43515760799994,
                -8.42680760199994
              ],
              [
                -73.43058785799985,
                -8.428865226000028
              ],
              [
                -73.42642185800003,
                -8.432980475999955
              ],
              [
                -73.42169135799986,
                -8.434689476999893
              ],
              [
                -73.41972848199998,
                -8.434445350999965
              ],
              [
                -73.41628323299994,
                -8.43259572699992
              ],
              [
                -73.40775973299992,
                -8.430609351999976
              ],
              [
                -73.4054492329999,
                -8.432669976999932
              ],
              [
                -73.40381635699987,
                -8.435648476999916
              ],
              [
                -73.4001152329999,
                -8.439185600999906
              ],
              [
                -73.39941410799997,
                -8.441822225999942
              ],
              [
                -73.40078710799986,
                -8.44435160099988
              ],
              [
                -73.39916210799981,
                -8.44722272599995
              ],
              [
                -73.39857423299992,
                -8.450201226999923
              ],
              [
                -73.3956757329999,
                -8.453173851999964
              ],
              [
                -73.39209760799997,
                -8.455564476999939
              ],
              [
                -73.39058598299988,
                -8.457853475999968
              ],
              [
                -73.39090823299989,
                -8.464283226999953
              ],
              [
                -73.38916010799994,
                -8.469441351999876
              ],
              [
                -73.38581060799999,
                -8.47103510199986
              ],
              [
                -73.38350585799998,
                -8.47068547699996
              ],
              [
                -73.377998107,
                -8.46423247599995
              ],
              [
                -73.37615235799996,
                -8.463761725999973
              ],
              [
                -73.37430660799993,
                -8.465824226999928
              ],
              [
                -73.37312310799996,
                -8.471789101999889
              ],
              [
                -73.37160635799995,
                -8.472651601999928
              ],
              [
                -73.36730398299989,
                -8.472812977
              ],
              [
                -73.36251735799988,
                -8.470392850999929
              ],
              [
                -73.35929060799987,
                -8.470446600999935
              ],
              [
                -73.35358173299994,
                -8.472181600999932
              ],
              [
                -73.34536323299983,
                -8.475315101999968
              ],
              [
                -73.34211298299994,
                -8.473728975999904
              ],
              [
                -73.33979873299995,
                -8.470634725999957
              ],
              [
                -73.33329335699983,
                -8.47273522599994
              ],
              [
                -73.33097748299997,
                -8.475863601999947
              ],
              [
                -73.33086560799995,
                -8.480281975999958
              ],
              [
                -73.33245523299985,
                -8.483969850999927
              ],
              [
                -73.3310666079999,
                -8.49106147699996
              ],
              [
                -73.32874773199995,
                -8.497898225999961
              ],
              [
                -73.32960348299997,
                -8.502298726999982
              ],
              [
                -73.32862035799991,
                -8.507442475999937
              ],
              [
                -73.33075685699993,
                -8.511412101999952
              ],
              [
                -73.32867898299986,
                -8.517157975999908
              ],
              [
                -73.32925673299997,
                -8.51949335099988
              ],
              [
                -73.32900648299989,
                -8.52404672699987
              ],
              [
                -73.33423785799982,
                -8.531054100999938
              ],
              [
                -73.33532148299986,
                -8.535189226999876
              ],
              [
                -73.33431248299996,
                -8.541470726999933
              ],
              [
                -73.33522860799991,
                -8.546384225999873
              ],
              [
                -73.33519348299984,
                -8.549684850999938
              ],
              [
                -73.33623673299985,
                -8.553728725999974
              ],
              [
                -73.33675273299991,
                -8.561866601999952
              ],
              [
                -73.33845373299994,
                -8.567327850999902
              ],
              [
                -73.33773748299984,
                -8.575564476999944
              ],
              [
                -73.34113960799988,
                -8.58523360199996
              ],
              [
                -73.34140823299998,
                -8.589978601999917
              ],
              [
                -73.34325948299994,
                -8.595968975999938
              ],
              [
                -73.34316523299987,
                -8.598550976999888
              ],
              [
                -73.34413973299985,
                -8.60274447699993
              ],
              [
                -73.34161660799998,
                -8.610631601999899
              ],
              [
                -73.34104160700002,
                -8.616783850999923
              ],
              [
                -73.33778373300004,
                -8.620575101999975
              ],
              [
                -73.33552773199989,
                -8.620575101999975
              ],
              [
                -73.333084858,
                -8.617287475999944
              ],
              [
                -73.330818733,
                -8.61648172699995
              ],
              [
                -73.3284517319999,
                -8.61713660199996
              ],
              [
                -73.32769635800003,
                -8.612503351999976
              ],
              [
                -73.32598410799983,
                -8.610488975999885
              ],
              [
                -73.319671858,
                -8.610622726999964
              ],
              [
                -73.31839710799983,
                -8.612832226999899
              ],
              [
                -73.3130559829998,
                -8.618078225999966
              ],
              [
                -73.31097523300002,
                -8.624079476999952
              ],
              [
                -73.31233323299983,
                -8.628350475999923
              ],
              [
                -73.31187510799987,
                -8.631906225999955
              ],
              [
                -73.31024998199996,
                -8.633048851999945
              ],
              [
                -73.30713673299994,
                -8.631767600999979
              ],
              [
                -73.30426560799981,
                -8.629224600999976
              ],
              [
                -73.30009373300004,
                -8.63196097599996
              ],
              [
                -73.29614298299998,
                -8.639583226999946
              ],
              [
                -73.29691410700002,
                -8.647228475999952
              ],
              [
                -73.2948773569999,
                -8.64926597699997
              ],
              [
                -73.2905738579999,
                -8.656290725999952
              ],
              [
                -73.28785260799998,
                -8.658885476999899
              ],
              [
                -73.28449835799984,
                -8.664771100999872
              ],
              [
                -73.27766410799995,
                -8.665876976999925
              ],
              [
                -73.27382248299989,
                -8.667157476999876
              ],
              [
                -73.27162898300003,
                -8.668655476999959
              ],
              [
                -73.26569048299984,
                -8.671330475999923
              ],
              [
                -73.2645136079999,
                -8.67486135199988
              ],
              [
                -73.26119660799998,
                -8.677803851999954
              ],
              [
                -73.25830760799994,
                -8.67839235199989
              ],
              [
                -73.25659560699995,
                -8.680050850999976
              ],
              [
                -73.25659560799988,
                -8.683688851999932
              ],
              [
                -73.258147108,
                -8.687808225999959
              ],
              [
                -73.255472108,
                -8.690215725999963
              ],
              [
                -73.25119223299998,
                -8.690643726999895
              ],
              [
                -73.24664473299987,
                -8.688717726999869
              ],
              [
                -73.23985035700002,
                -8.688075726999955
              ],
              [
                -73.23717535700001,
                -8.686791726999957
              ],
              [
                -73.23294898199993,
                -8.688343225999972
              ],
              [
                -73.22770598299996,
                -8.68866422699989
              ],
              [
                -73.2215713569999,
                -8.68961597699996
              ],
              [
                -73.21783360799998,
                -8.69165185199995
              ],
              [
                -73.21519710799998,
                -8.691184600999975
              ],
              [
                -73.21175960799997,
                -8.689282351999964
              ],
              [
                -73.20738760799998,
                -8.689015351999899
              ],
              [
                -73.20391685699985,
                -8.687813851999977
              ],
              [
                -73.19904098199993,
                -8.689751976999958
              ],
              [
                -73.19441998299993,
                -8.690644476999978
              ],
              [
                -73.19090235799979,
                -8.69327647699987
              ],
              [
                -73.18870923299994,
                -8.692758725999852
              ],
              [
                -73.18702098299997,
                -8.69039460199997
              ],
              [
                -73.18255910799991,
                -8.69011572599993
              ],
              [
                -73.17911973299982,
                -8.691231226999946
              ],
              [
                -73.17577335799996,
                -8.694112851999876
              ],
              [
                -73.17075360800004,
                -8.696157851999885
              ],
              [
                -73.16724148199995,
                -8.69829772599985
              ],
              [
                -73.15667773299981,
                -8.712404476999893
              ],
              [
                -73.15612385799989,
                -8.715108601999873
              ],
              [
                -73.15155860699991,
                -8.721123977
              ],
              [
                -73.1501621079999,
                -8.72482985199997
              ],
              [
                -73.145435733,
                -8.72590397599987
              ],
              [
                -73.14350223199989,
                -8.727085601999931
              ],
              [
                -73.13597748299998,
                -8.739122226999939
              ],
              [
                -73.13552435799988,
                -8.74161472599991
              ],
              [
                -73.13695935799996,
                -8.7447491019999
              ],
              [
                -73.14017410799994,
                -8.747675850999883
              ],
              [
                -73.13989085799994,
                -8.752537976999918
              ],
              [
                -73.135359107,
                -8.758580226999982
              ],
              [
                -73.1345626079999,
                -8.76162497699994
              ],
              [
                -73.13551848199995,
                -8.763890726999932
              ],
              [
                -73.13413773299999,
                -8.767360351999912
              ],
              [
                -73.12910285699996,
                -8.770613726999898
              ],
              [
                -73.12758373299988,
                -8.772512725999889
              ],
              [
                -73.12251985799992,
                -8.775171226999873
              ],
              [
                -73.11992460699986,
                -8.77713347699995
              ],
              [
                -73.11425648299985,
                -8.785514351999893
              ],
              [
                -73.11364735799998,
                -8.79269285199996
              ],
              [
                -73.11406748299993,
                -8.797010351999859
              ],
              [
                -73.11376410699995,
                -8.800370975999897
              ],
              [
                -73.1111269829999,
                -8.802821351999967
              ],
              [
                -73.11019348199983,
                -8.804805101999875
              ],
              [
                -73.11243385800003,
                -8.808328976999974
              ],
              [
                -73.11276060699987,
                -8.811992976999875
              ],
              [
                -73.1117571069999,
                -8.81509685099985
              ],
              [
                -73.11201373299991,
                -8.81929760199995
              ],
              [
                -73.10806973299998,
                -8.82268147699989
              ],
              [
                -73.10538598299996,
                -8.82272822699997
              ],
              [
                -73.10389235799994,
                -8.826952226999936
              ],
              [
                -73.09899148299996,
                -8.829869476999932
              ],
              [
                -73.0983613579998,
                -8.83306672699996
              ],
              [
                -73.09523410799994,
                -8.83663722699987
              ],
              [
                -73.0907999829999,
                -8.836730725999871
              ],
              [
                -73.08743948300003,
                -8.837897601999885
              ],
              [
                -73.0851989819999,
                -8.83997460199987
              ],
              [
                -73.08158173299984,
                -8.841281476999939
              ],
              [
                -73.07899123300001,
                -8.841281476999939
              ],
              [
                -73.07742773299987,
                -8.84417535199998
              ],
              [
                -73.07992460699995,
                -8.84765247699994
              ],
              [
                -73.07987810799983,
                -8.850196351999898
              ],
              [
                -73.08104498299986,
                -8.85234347699992
              ],
              [
                -73.07922460799995,
                -8.855027226999937
              ],
              [
                -73.07985473199994,
                -8.860651601999905
              ],
              [
                -73.07777773299995,
                -8.861468351999974
              ],
              [
                -73.07238673200004,
                -8.861515101999942
              ],
              [
                -73.07098648199991,
                -8.863802101999966
              ],
              [
                -73.07222348299985,
                -8.867232726999873
              ],
              [
                -73.07175673199987,
                -8.872366976999956
              ],
              [
                -73.0700297329999,
                -8.87486410199989
              ],
              [
                -73.07014635799993,
                -8.878364725999973
              ],
              [
                -73.06673910799992,
                -8.88202872699992
              ],
              [
                -73.06459223299993,
                -8.8852958519999
              ],
              [
                -73.06410198199995,
                -8.891340351999872
              ],
              [
                -73.06204823300004,
                -8.894210726999972
              ],
              [
                -73.05910223299992,
                -8.895912726999939
              ],
              [
                -73.06038210799983,
                -8.90160935199998
              ],
              [
                -73.05901035799985,
                -8.905613851999874
              ],
              [
                -73.053412858,
                -8.90735210199989
              ],
              [
                -73.04969648199989,
                -8.91131510199989
              ],
              [
                -73.04194598199996,
                -8.91477735199993
              ],
              [
                -73.03710135700004,
                -8.916179726999928
              ],
              [
                -73.03355685699995,
                -8.916460226999959
              ],
              [
                -73.026570107,
                -8.916001227000038
              ],
              [
                -73.02312773199992,
                -8.91480285199998
              ],
              [
                -73.01976423199989,
                -8.911355601999958
              ],
              [
                -73.01530885699992,
                -8.913069601999837
              ],
              [
                -73.01109548199992,
                -8.918537976999914
              ],
              [
                -73.00643398299997,
                -8.917085726999971
              ],
              [
                -73.00127035799994,
                -8.91690647699994
              ],
              [
                -72.99837485799998,
                -8.919150351999974
              ],
              [
                -72.99313285699998,
                -8.928876976999902
              ],
              [
                -72.98744135699997,
                -8.93584185199984
              ],
              [
                -72.98569535799999,
                -8.938699226999915
              ],
              [
                -72.98429110799998,
                -8.942931601999874
              ],
              [
                -72.982197983,
                -8.95232997699992
              ],
              [
                -72.98029598199992,
                -8.955584476999888
              ],
              [
                -72.97774398299998,
                -8.958261726999979
              ],
              [
                -72.97676185799997,
                -8.961252976999958
              ],
              [
                -72.97646060699992,
                -8.966634226999872
              ],
              [
                -72.972198607,
                -8.972618226999941
              ],
              [
                -72.96888373199988,
                -8.979936726999881
              ],
              [
                -72.96617160799985,
                -8.982735101999879
              ],
              [
                -72.96237885799991,
                -8.98376185199993
              ],
              [
                -72.95112748199995,
                -8.98130785199993
              ],
              [
                -72.94685185799995,
                -8.981345726999962
              ],
              [
                -72.94166823299986,
                -8.983767101999831
              ],
              [
                -72.94072223199993,
                -8.986832101999937
              ],
              [
                -72.94287898199985,
                -8.99152385199983
              ],
              [
                -72.95101398299988,
                -8.997161476999906
              ],
              [
                -72.95706785699986,
                -8.999772351999923
              ],
              [
                -72.95933810799977,
                -9.00321547699997
              ],
              [
                -72.95908710799995,
                -9.008848476999844
              ],
              [
                -72.959888482,
                -9.010683226999959
              ],
              [
                -72.96238473299985,
                -9.011257351999916
              ],
              [
                -72.96310173200004,
                -9.012847351999937
              ],
              [
                -72.95951648199986,
                -9.016557476999878
              ],
              [
                -72.95633648199993,
                -9.018864476999966
              ],
              [
                -72.9578328579999,
                -9.021857477000026
              ],
              [
                -72.95533873199997,
                -9.023821601999884
              ],
              [
                -72.95284460699992,
                -9.027313351999965
              ],
              [
                -72.94794985700003,
                -9.028872226999965
              ],
              [
                -72.94660923199984,
                -9.032738226999925
              ],
              [
                -72.94637635699996,
                -9.03583047699982
              ],
              [
                -72.94719460699997,
                -9.045198476999929
              ],
              [
                -72.946208233,
                -9.049144351999871
              ],
              [
                -72.94319398199991,
                -9.052213351999967
              ],
              [
                -72.94429010699992,
                -9.056104351999977
              ],
              [
                -72.94768548299999,
                -9.060134726999934
              ],
              [
                -72.94950785699996,
                -9.064845726999977
              ],
              [
                -72.94995123299998,
                -9.068410101999916
              ],
              [
                -72.94912123199987,
                -9.072076226999968
              ],
              [
                -72.94521898200003,
                -9.076990226999953
              ],
              [
                -72.94275710699998,
                -9.080790102000037
              ],
              [
                -72.94206135699989,
                -9.084108226999945
              ],
              [
                -72.9422226069999,
                -9.087521476999882
              ],
              [
                -72.9399941069999,
                -9.093248101999961
              ],
              [
                -72.94067185699993,
                -9.096580101999962
              ],
              [
                -72.94391448199991,
                -9.09964197699992
              ],
              [
                -72.94531923199997,
                -9.10393685199989
              ],
              [
                -72.94351298200002,
                -9.108271851999973
              ],
              [
                -72.94596135699999,
                -9.114172227999916
              ],
              [
                -72.94610323299992,
                -9.119091727999887
              ],
              [
                -72.94836110799986,
                -9.123042976999898
              ],
              [
                -72.95218685799978,
                -9.127307726999959
              ],
              [
                -72.95432223199998,
                -9.131531226999925
              ],
              [
                -72.95608060799998,
                -9.132811101999948
              ],
              [
                -72.95928210699992,
                -9.132705226999974
              ],
              [
                -72.95764173299983,
                -9.135721601999876
              ],
              [
                -72.95790623199986,
                -9.142389102000038
              ],
              [
                -72.96354198199987,
                -9.143764976999876
              ],
              [
                -72.9673521069999,
                -9.143209351999928
              ],
              [
                -72.96645248199991,
                -9.14749572699992
              ],
              [
                -72.96909835799988,
                -9.149083226999949
              ],
              [
                -72.97262460699989,
                -9.152451476999886
              ],
              [
                -72.97576398299992,
                -9.15284672699994
              ],
              [
                -72.9803431069999,
                -9.155104352999956
              ],
              [
                -72.98611235799979,
                -9.158637351999971
              ],
              [
                -72.99015873299999,
                -9.162032352999915
              ],
              [
                -72.99206560700003,
                -9.16198585199993
              ],
              [
                -72.99660023299998,
                -9.15961385199995
              ],
              [
                -73.00106523299985,
                -9.160869601999934
              ],
              [
                -73.0033696079999,
                -9.160504852999964
              ],
              [
                -73.00502648299994,
                -9.161660351999956
              ],
              [
                -73.00507010799993,
                -9.165344726999933
              ],
              [
                -73.00792610799988,
                -9.169465226999876
              ],
              [
                -73.01047673199997,
                -9.170577226999967
              ],
              [
                -73.01178485699995,
                -9.174130727999966
              ],
              [
                -73.01621410800004,
                -9.173502226999915
              ],
              [
                -73.01824610799986,
                -9.174451226999963
              ],
              [
                -73.02238498299982,
                -9.174736352000025
              ],
              [
                -73.02612435699996,
                -9.177856726999892
              ],
              [
                -73.02682485799994,
                -9.180712976999871
              ],
              [
                -73.02177710799998,
                -9.182688976999941
              ],
              [
                -73.01958548300001,
                -9.185527226999966
              ],
              [
                -73.015130483,
                -9.186299601999906
              ],
              [
                -73.01496873199994,
                -9.1884014769999
              ],
              [
                -73.01626773299995,
                -9.190592726999967
              ],
              [
                -73.01187910800002,
                -9.195353351999927
              ],
              [
                -73.00916923299997,
                -9.195344851999948
              ],
              [
                -73.0060843579999,
                -9.193874226999924
              ],
              [
                -73.0042549829999,
                -9.194161227
              ],
              [
                -73.003223607,
                -9.19720422699993
              ],
              [
                -73.00408723299995,
                -9.200003101999812
              ],
              [
                -73.00584410800002,
                -9.202206476999947
              ],
              [
                -73.00435523299984,
                -9.20595822699994
              ],
              [
                -73.0039682329998,
                -9.210990351999953
              ],
              [
                -73.00635023200005,
                -9.211228601999949
              ],
              [
                -73.00798798300002,
                -9.213015101999929
              ],
              [
                -73.007779357,
                -9.218434351999974
              ],
              [
                -73.00929810699989,
                -9.222364726999956
              ],
              [
                -73.01093573299977,
                -9.223049601999946
              ],
              [
                -73.01590835699989,
                -9.222632726999905
              ],
              [
                -73.0206724819999,
                -9.220191101999944
              ],
              [
                -73.02266748199986,
                -9.220012476999898
              ],
              [
                -73.02490060799988,
                -9.221560851999868
              ],
              [
                -73.02460285799992,
                -9.226473851999913
              ],
              [
                -73.03031985799993,
                -9.22909410199992
              ],
              [
                -73.03413110799994,
                -9.233768977999944
              ],
              [
                -73.03639410799997,
                -9.23475160199996
              ],
              [
                -73.043421233,
                -9.23495997699996
              ],
              [
                -73.04791735799995,
                -9.233411601999933
              ],
              [
                -73.05050260699988,
                -9.229361851999954
              ],
              [
                -73.05577823199985,
                -9.228230601999883
              ],
              [
                -73.05848785799986,
                -9.22882610199997
              ],
              [
                -73.06217998199992,
                -9.227188477000027
              ],
              [
                -73.06408560700004,
                -9.227694601999872
              ],
              [
                -73.06506673299992,
                -9.232064352999942
              ],
              [
                -73.06991585699996,
                -9.233034101999976
              ],
              [
                -73.07351760799992,
                -9.23460747699994
              ],
              [
                -73.076310858,
                -9.238703226999974
              ],
              [
                -73.07880473299986,
                -9.240492227999937
              ],
              [
                -73.08120698300002,
                -9.244519476999926
              ],
              [
                -73.08255860799977,
                -9.25095510199992
              ],
              [
                -73.0864492319999,
                -9.258326226999941
              ],
              [
                -73.089195357,
                -9.262814601999935
              ],
              [
                -73.09184960799996,
                -9.263869101999887
              ],
              [
                -73.0932304829999,
                -9.26571097699997
              ],
              [
                -73.09436135799984,
                -9.269279351999899
              ],
              [
                -73.09759573299988,
                -9.270787101999929
              ],
              [
                -73.099785107,
                -9.270798851999928
              ],
              [
                -73.10105073199992,
                -9.27264060199991
              ],
              [
                -73.106469607,
                -9.27419447699998
              ],
              [
                -73.10732823299992,
                -9.275348226999938
              ],
              [
                -73.10760548299993,
                -9.279103476999978
              ],
              [
                -73.1094277329999,
                -9.282783227999971
              ],
              [
                -73.10719335799985,
                -9.291042976999904
              ],
              [
                -73.10252348299991,
                -9.29928122699988
              ],
              [
                -73.1004334829999,
                -9.301683602999958
              ],
              [
                -73.10143360799998,
                -9.308117227999901
              ],
              [
                -73.10562985799999,
                -9.310990976999847
              ],
              [
                -73.10603323199996,
                -9.31319535199998
              ],
              [
                -73.10775785799984,
                -9.314234351999971
              ],
              [
                -73.11203710799998,
                -9.313796852999928
              ],
              [
                -73.11248823199992,
                -9.316439477999893
              ],
              [
                -73.11582810699986,
                -9.31760347699992
              ],
              [
                -73.11757610799998,
                -9.3158964779999
              ],
              [
                -73.12232223299992,
                -9.314429726999947
              ],
              [
                -73.12643110799996,
                -9.315813726999977
              ],
              [
                -73.13140623199985,
                -9.318316851999896
              ],
              [
                -73.13382810799988,
                -9.324587852999969
              ],
              [
                -73.13275973299994,
                -9.328949226999953
              ],
              [
                -73.13517773199999,
                -9.331718726999952
              ],
              [
                -73.14405860799991,
                -9.334169976999931
              ],
              [
                -73.148093732,
                -9.336722602999942
              ],
              [
                -73.1498333569998,
                -9.340528976999906
              ],
              [
                -73.15067173199998,
                -9.344092227999965
              ],
              [
                -73.15056698299992,
                -9.34854647799989
              ],
              [
                -73.14744723299998,
                -9.352988226999969
              ],
              [
                -73.1503573579999,
                -9.35514910199987
              ],
              [
                -73.15619723199984,
                -9.356734351999876
              ],
              [
                -73.15873635799994,
                -9.356404351999913
              ],
              [
                -73.16403423299988,
                -9.356878351999967
              ],
              [
                -73.16679298299988,
                -9.3594336029999
              ],
              [
                -73.16937923199993,
                -9.360389227999917
              ],
              [
                -73.17143935799993,
                -9.359570352999981
              ],
              [
                -73.17308010699998,
                -9.355103477999933
              ],
              [
                -73.17666598300002,
                -9.35500585199992
              ],
              [
                -73.17722848200003,
                -9.357189476999963
              ],
              [
                -73.17953510699982,
                -9.358464851999884
              ],
              [
                -73.18090823199992,
                -9.36088672699998
              ],
              [
                -73.18875973300004,
                -9.363222601999894
              ],
              [
                -73.18840035799997,
                -9.365742226999942
              ],
              [
                -73.18954298300002,
                -9.367357477999974
              ],
              [
                -73.18849010699984,
                -9.369648477999931
              ],
              [
                -73.189056607,
                -9.373095726999964
              ],
              [
                -73.19124610799997,
                -9.374824226999976
              ],
              [
                -73.19134573299988,
                -9.37689447699995
              ],
              [
                -73.18960548199993,
                -9.378947227999959
              ],
              [
                -73.19131448300004,
                -9.383667976999845
              ],
              [
                -73.19139848299989,
                -9.388837851999938
              ],
              [
                -73.18744973299982,
                -9.394381351999868
              ],
              [
                -73.18632398299985,
                -9.396940101999917
              ],
              [
                -73.18692773299989,
                -9.399037101999966
              ],
              [
                -73.19103185799992,
                -9.399908102999916
              ],
              [
                -73.20022660799998,
                -9.403691351999953
              ],
              [
                -73.20345310699986,
                -9.405769476999922
              ],
              [
                -73.2037968579998,
                -9.407154351999964
              ],
              [
                -73.20077535799999,
                -9.409779351999816
              ],
              [
                -73.20043948299991,
                -9.411396477999858
              ],
              [
                -73.20041598299991,
                -9.411496101999944
              ],
              [
                -73.20108785799982,
                -9.415285102999974
              ],
              [
                -73.20038085799985,
                -9.418845726999905
              ],
              [
                -73.19886723299993,
                -9.420906227999922
              ],
              [
                -73.19494560699991,
                -9.423126601999968
              ],
              [
                -73.19154098299987,
                -9.425419977999923
              ],
              [
                -73.19171085799996,
                -9.429012727999918
              ],
              [
                -73.19901560799997,
                -9.437671726999952
              ],
              [
                -73.20384173199994,
                -9.441826227999968
              ],
              [
                -73.20464260799997,
                -9.444351476999941
              ],
              [
                -73.20323248299991,
                -9.448478477999913
              ],
              [
                -73.20168935799995,
                -9.451056976999894
              ],
              [
                -73.19996785799987,
                -9.454966851999927
              ],
              [
                -73.19990460799988,
                -9.455108977999885
              ],
              [
                -73.19927748299995,
                -9.456121976999952
              ],
              [
                -73.19381448299993,
                -9.460931602999892
              ],
              [
                -73.1942563579999,
                -9.465442852999956
              ],
              [
                -73.19623848199979,
                -9.46784385299992
              ],
              [
                -73.20218748199994,
                -9.47155272799995
              ],
              [
                -73.20541410799984,
                -9.474326227999939
              ],
              [
                -73.207244108,
                -9.477662101999954
              ],
              [
                -73.20745898299992,
                -9.481333977999952
              ],
              [
                -73.20616998299994,
                -9.48432035199994
              ],
              [
                -73.20280835799997,
                -9.488259976999927
              ],
              [
                -73.20048260800002,
                -9.490582976999974
              ],
              [
                -73.19924710799984,
                -9.492160477999903
              ],
              [
                -73.19822948199993,
                -9.495608726999933
              ],
              [
                -73.19885123299986,
                -9.499339726999892
              ],
              [
                -73.19894335799984,
                -9.500021476999905
              ],
              [
                -73.19813060799993,
                -9.509044602999893
              ],
              [
                -73.195093607,
                -9.517143102000034
              ],
              [
                -73.19089973299992,
                -9.52307247799996
              ],
              [
                -73.18962885799982,
                -9.526796727999908
              ],
              [
                -73.19061048199995,
                -9.531170976999931
              ],
              [
                -73.2008783579999,
                -9.539992477999931
              ],
              [
                -73.20293585800005,
                -9.54559097799995
              ],
              [
                -73.20181435699999,
                -9.548782102999951
              ],
              [
                -73.20193285799985,
                -9.549502727999936
              ],
              [
                -73.20278373199989,
                -9.550432602999877
              ],
              [
                -73.20325535799992,
                -9.551035352999918
              ],
              [
                -73.20425098199996,
                -9.552423976999876
              ],
              [
                -73.20488310799988,
                -9.556478477999974
              ],
              [
                -73.20488310799988,
                -9.556910727999878
              ],
              [
                -73.20397910799994,
                -9.560015602999897
              ],
              [
                -73.20052073299996,
                -9.563414977999969
              ],
              [
                -73.20022598299983,
                -9.563807977999886
              ],
              [
                -73.2000883579999,
                -9.563984851999976
              ],
              [
                -73.19981323199988,
                -9.564456477999897
              ],
              [
                -73.19957748299998,
                -9.565026351999904
              ],
              [
                -73.19941185799996,
                -9.565410977999932
              ],
              [
                -73.19922373299994,
                -9.56589097799997
              ],
              [
                -73.19920410799983,
                -9.566107101999876
              ],
              [
                -73.19926310799991,
                -9.566421477999938
              ],
              [
                -73.20044210699996,
                -9.568720601999928
              ],
              [
                -73.20101198299994,
                -9.568995727999948
              ],
              [
                -73.20348773199999,
                -9.5693297279999
              ],
              [
                -73.20390060800003,
                -9.569349477999936
              ],
              [
                -73.20415598299985,
                -9.569388727999979
              ],
              [
                -73.20584723299999,
                -9.569932102999928
              ],
              [
                -73.20860360799986,
                -9.571206852999978
              ],
              [
                -73.21001623299986,
                -9.572033726999962
              ],
              [
                -73.21247510699993,
                -9.57415335199994
              ],
              [
                -73.21295410799985,
                -9.575058227999932
              ],
              [
                -73.21383985799986,
                -9.578500601999906
              ],
              [
                -73.21407010799999,
                -9.580365851999886
              ],
              [
                -73.21416223299997,
                -9.5819548529999
              ],
              [
                -73.21413898299983,
                -9.582875852999905
              ],
              [
                -73.21342885799987,
                -9.589051727999959
              ],
              [
                -73.21321298299995,
                -9.589915226999892
              ],
              [
                -73.21472423300003,
                -9.59426885199997
              ],
              [
                -73.21534273299994,
                -9.597993352999936
              ],
              [
                -73.21519123199994,
                -9.59839285199996
              ],
              [
                -73.21486810799985,
                -9.599486101999958
              ],
              [
                -73.21472423199992,
                -9.600565476999918
              ],
              [
                -73.21468823299989,
                -9.601572977999979
              ],
              [
                -73.21465223199993,
                -9.602148726999928
              ],
              [
                -73.21581010699998,
                -9.607103477999885
              ],
              [
                -73.21636673299986,
                -9.610796977999883
              ],
              [
                -73.21640648299979,
                -9.61146660299994
              ],
              [
                -73.21739248199992,
                -9.61752235299997
              ],
              [
                -73.21859610799993,
                -9.62208747699998
              ],
              [
                -73.22119873199989,
                -9.62519222799989
              ],
              [
                -73.22183123299999,
                -9.626431852999872
              ],
              [
                -73.22320810799988,
                -9.629491352999878
              ],
              [
                -73.2236022329999,
                -9.63007485199995
              ],
              [
                -73.22395635699996,
                -9.630732727999941
              ],
              [
                -73.22492348299988,
                -9.632217852999872
              ],
              [
                -73.22505560699989,
                -9.638036601999943
              ],
              [
                -73.22450673299994,
                -9.63932785299994
              ],
              [
                -73.22434598299981,
                -9.639647601999911
              ],
              [
                -73.22398085799995,
                -9.640011102999893
              ],
              [
                -73.22180673299982,
                -9.641615852999962
              ],
              [
                -73.22136248299984,
                -9.641873102999966
              ],
              [
                -73.22099998299996,
                -9.642060102999949
              ],
              [
                -73.21788535799982,
                -9.643592477999903
              ],
              [
                -73.21719760799994,
                -9.64418547799994
              ],
              [
                -73.21653348199987,
                -9.644707227999959
              ],
              [
                -73.21591685700002,
                -9.645489852999958
              ],
              [
                -73.21584573299992,
                -9.645727102999956
              ],
              [
                -73.21496523299982,
                -9.64842835199994
              ],
              [
                -73.21494223299993,
                -9.64850260299994
              ],
              [
                -73.21495098299988,
                -9.649829852999972
              ],
              [
                -73.21508673199992,
                -9.650612852999927
              ],
              [
                -73.21518160799985,
                -9.651395727999954
              ],
              [
                -73.21532385699999,
                -9.652012352999975
              ],
              [
                -73.21554560799996,
                -9.65292072699998
              ],
              [
                -73.21583248299999,
                -9.653494352999928
              ],
              [
                -73.21788535799982,
                -9.65585460299991
              ],
              [
                -73.21814635799984,
                -9.65621035199996
              ],
              [
                -73.21790910799984,
                -9.658724477999954
              ],
              [
                -73.2178142329999,
                -9.65917510199995
              ],
              [
                -73.21843323300004,
                -9.66096510299991
              ],
              [
                -73.21866810799986,
                -9.661665477999861
              ],
              [
                -73.21881035799998,
                -9.662376976999951
              ],
              [
                -73.21892898299996,
                -9.663041102999898
              ],
              [
                -73.21978285799997,
                -9.663159726999936
              ],
              [
                -73.22009110699992,
                -9.66287510299992
              ],
              [
                -73.22251035799997,
                -9.659934101999966
              ],
              [
                -73.22334048199991,
                -9.658605851999937
              ],
              [
                -73.22421810799995,
                -9.657823226999938
              ],
              [
                -73.22651848199996,
                -9.656974601999934
              ],
              [
                -73.22713998299986,
                -9.656846727999948
              ],
              [
                -73.23090648299984,
                -9.65670860299997
              ],
              [
                -73.23659873199983,
                -9.656139227999915
              ],
              [
                -73.23721548299989,
                -9.656234102999974
              ],
              [
                -73.23768985799995,
                -9.656423852999865
              ],
              [
                -73.23823535799988,
                -9.656755726999961
              ],
              [
                -73.23918398300003,
                -9.657918102999929
              ],
              [
                -73.23948898299994,
                -9.658294227999875
              ],
              [
                -73.23968210799978,
                -9.658487227999956
              ],
              [
                -73.24072573299998,
                -9.65867697799996
              ],
              [
                -73.24406985799999,
                -9.657870602999935
              ],
              [
                -73.24510773299988,
                -9.658603727999946
              ],
              [
                -73.24508973299999,
                -9.659364852999943
              ],
              [
                -73.24542185799987,
                -9.661072477999824
              ],
              [
                -73.24582498299992,
                -9.662045102999912
              ],
              [
                -73.24641798299984,
                -9.66237697799994
              ],
              [
                -73.24847248299977,
                -9.663141852999956
              ],
              [
                -73.24884610699985,
                -9.663266477999969
              ],
              [
                -73.26280598299991,
                -9.663403227999936
              ],
              [
                -73.27187510799996,
                -9.664013977999844
              ],
              [
                -73.27407373199998,
                -9.66554072799994
              ],
              [
                -73.274165358,
                -9.667647727999963
              ],
              [
                -73.27184460799992,
                -9.671037226999886
              ],
              [
                -73.26781385799984,
                -9.678121477999923
              ],
              [
                -73.26763060799988,
                -9.67854897799998
              ],
              [
                -73.27095810699984,
                -9.681408352999938
              ],
              [
                -73.2737378569999,
                -9.682182726999883
              ],
              [
                -73.27431798299995,
                -9.682610226999884
              ],
              [
                -73.27602798299995,
                -9.683831602999874
              ],
              [
                -73.27612773299984,
                -9.684862227999815
              ],
              [
                -73.2757314829999,
                -9.68524722799998
              ],
              [
                -73.27532385799987,
                -9.685541602999876
              ],
              [
                -73.273455732,
                -9.686832352999943
              ],
              [
                -73.27191135799984,
                -9.687637601999938
              ],
              [
                -73.27171210799997,
                -9.68776085199994
              ],
              [
                -73.27052485799987,
                -9.6896242279999
              ],
              [
                -73.27043260799996,
                -9.689844102999814
              ],
              [
                -73.27038198299988,
                -9.690091601999939
              ],
              [
                -73.27040998299981,
                -9.690670602999887
              ],
              [
                -73.2704659829999,
                -9.691321602999949
              ],
              [
                -73.27044535799996,
                -9.692340727999976
              ],
              [
                -73.26942635800003,
                -9.695128851999925
              ],
              [
                -73.26934148299995,
                -9.695638351999946
              ],
              [
                -73.26927073299987,
                -9.69681297699998
              ],
              [
                -73.26922985799985,
                -9.697566102999872
              ],
              [
                -73.26901598299992,
                -9.698171727999977
              ],
              [
                -73.26767135799986,
                -9.700591852999935
              ],
              [
                -73.263940607,
                -9.703811602999963
              ],
              [
                -73.26226498299991,
                -9.70490835299995
              ],
              [
                -73.26165660799984,
                -9.705191476999914
              ],
              [
                -73.26109035799988,
                -9.705460477999964
              ],
              [
                -73.25878335799996,
                -9.705672727999968
              ],
              [
                -73.25820310799992,
                -9.705729226999892
              ],
              [
                -73.25583960799986,
                -9.70671997799991
              ],
              [
                -73.25537248299992,
                -9.707017227999927
              ],
              [
                -73.25412710799992,
                -9.70822022799996
              ],
              [
                -73.25395723299988,
                -9.708446851999952
              ],
              [
                -73.25370248299987,
                -9.708800477999944
              ],
              [
                -73.25113198299988,
                -9.713495602999899
              ],
              [
                -73.25086660699986,
                -9.71389910199997
              ],
              [
                -73.24970160799984,
                -9.715194727999972
              ],
              [
                -73.24893848299996,
                -9.716046227999925
              ],
              [
                -73.2466621079999,
                -9.719554101999904
              ],
              [
                -73.24656260799992,
                -9.71975310299996
              ],
              [
                -73.24646310799994,
                -9.720088976999932
              ],
              [
                -73.24595148299989,
                -9.72413797799993
              ],
              [
                -73.24588623299991,
                -9.72461360299991
              ],
              [
                -73.2448682329998,
                -9.728203102999942
              ],
              [
                -73.24445998299996,
                -9.728751227999965
              ],
              [
                -73.2432122319999,
                -9.729964102999872
              ],
              [
                -73.24300235799979,
                -9.730395477999934
              ],
              [
                -73.24293235699986,
                -9.731095226999855
              ],
              [
                -73.24297423299993,
                -9.735024477999957
              ],
              [
                -73.24311998299993,
                -9.735917227999948
              ],
              [
                -73.24328398299997,
                -9.73629972699996
              ],
              [
                -73.24381248299983,
                -9.737101602999871
              ],
              [
                -73.24386848300003,
                -9.737188102999937
              ],
              [
                -73.24400523299988,
                -9.73758372799989
              ],
              [
                -73.24415860799996,
                -9.739725477999912
              ],
              [
                -73.24441373299993,
                -9.740089976999968
              ],
              [
                -73.24523360799992,
                -9.741201477999937
              ],
              [
                -73.24582573199996,
                -9.742525102999934
              ],
              [
                -73.24661385699989,
                -9.744589226999892
              ],
              [
                -73.246709608,
                -9.7449368529999
              ],
              [
                -73.24725410799994,
                -9.748553727999933
              ],
              [
                -73.2473223579999,
                -9.749305352999954
              ],
              [
                -73.24722148199999,
                -9.7502206019999
              ],
              [
                -73.24704448299991,
                -9.751046727999949
              ],
              [
                -73.24681685799999,
                -9.75145972799993
              ],
              [
                -73.24662298299995,
                -9.751721102999966
              ],
              [
                -73.24653023299999,
                -9.751847477999945
              ],
              [
                -73.24622923299995,
                -9.752042352999922
              ],
              [
                -73.243063108,
                -9.753792351999948
              ],
              [
                -73.24251648299997,
                -9.754452852999975
              ],
              [
                -73.24237973299995,
                -9.756844477999948
              ],
              [
                -73.243063108,
                -9.759008227999857
              ],
              [
                -73.24360973299986,
                -9.76083035299996
              ],
              [
                -73.24397135800001,
                -9.762771976999943
              ],
              [
                -73.24419910799986,
                -9.764537227999938
              ],
              [
                -73.2438573579999,
                -9.765676102999976
              ],
              [
                -73.24311723299985,
                -9.766757977999873
              ],
              [
                -73.24220610799989,
                -9.767953726999963
              ],
              [
                -73.24027010700001,
                -9.769120977999933
              ],
              [
                -73.23989998299993,
                -9.771911102999923
              ],
              [
                -73.23881810799986,
                -9.773790352999981
              ],
              [
                -73.23839098299987,
                -9.775469977999876
              ],
              [
                -73.23785010799998,
                -9.777633726999966
              ],
              [
                -73.23756535800004,
                -9.778459477999945
              ],
              [
                -73.23706185799995,
                -9.780030852999971
              ],
              [
                -73.23625923299988,
                -9.782381226999917
              ],
              [
                -73.23636598299993,
                -9.784516602999929
              ],
              [
                -73.23768285699998,
                -9.785157227999832
              ],
              [
                -73.238643733,
                -9.78743485299998
              ],
              [
                -73.2374692329999,
                -9.789463352999974
              ],
              [
                -73.235832233,
                -9.79088697799989
              ],
              [
                -73.23209098299981,
                -9.793280227999958
              ],
              [
                -73.23080973299983,
                -9.793787351999981
              ],
              [
                -73.23032898199995,
                -9.79403672799998
              ],
              [
                -73.22976885799994,
                -9.794294477999927
              ],
              [
                -73.22939510799995,
                -9.794534727999974
              ],
              [
                -73.22915485699986,
                -9.79488172799995
              ],
              [
                -73.2298678579998,
                -9.798361602999819
              ],
              [
                -73.23043023299988,
                -9.799884727999881
              ],
              [
                -73.23153048299986,
                -9.804597227999977
              ],
              [
                -73.23088985699997,
                -9.805478352999955
              ],
              [
                -73.22827410799982,
                -9.807720227999937
              ],
              [
                -73.22803385799983,
                -9.808040602999881
              ],
              [
                -73.22784710699983,
                -9.80996235299989
              ],
              [
                -73.22931498299988,
                -9.81260472799994
              ],
              [
                -73.22958198199984,
                -9.813218727999924
              ],
              [
                -73.22881235799986,
                -9.815193602999841
              ],
              [
                -73.22808460699986,
                -9.81590035299996
              ],
              [
                -73.22747335799983,
                -9.816608477999921
              ],
              [
                -73.22720848300003,
                -9.817320601999882
              ],
              [
                -73.22667260699984,
                -9.819704727999977
              ],
              [
                -73.22624560799977,
                -9.820291852999958
              ],
              [
                -73.22264223199994,
                -9.822080226999958
              ],
              [
                -73.22141448199989,
                -9.822827602999894
              ],
              [
                -73.22048023199994,
                -9.823574977999897
              ],
              [
                -73.21914573299983,
                -9.824882852999963
              ],
              [
                -73.21847835799997,
                -9.825790352999888
              ],
              [
                -73.21813135799994,
                -9.826297476999912
              ],
              [
                -73.21799798299992,
                -9.826671102999853
              ],
              [
                -73.21791785700003,
                -9.826857977999964
              ],
              [
                -73.21775773199977,
                -9.82747185299985
              ],
              [
                -73.21795423299977,
                -9.828509102999874
              ],
              [
                -73.21826485799988,
                -9.829180102999942
              ],
              [
                -73.2204268569999,
                -9.829767352999966
              ],
              [
                -73.22168135699985,
                -9.830060977999949
              ],
              [
                -73.223688358,
                -9.831414852999956
              ],
              [
                -73.224664232,
                -9.832472602999871
              ],
              [
                -73.22769148299994,
                -9.837598602999833
              ],
              [
                -73.2280547319998,
                -9.838426102999904
              ],
              [
                -73.22827673299986,
                -9.839011352999933
              ],
              [
                -73.22875098299994,
                -9.841734852999934
              ],
              [
                -73.2288428569999,
                -9.842212477999908
              ],
              [
                -73.22882473199991,
                -9.843635727999924
              ],
              [
                -73.22868810799997,
                -9.844764977999944
              ],
              [
                -73.2283629829999,
                -9.846800352999935
              ],
              [
                -73.22817010799992,
                -9.847282477999954
              ],
              [
                -73.22710810799998,
                -9.84867922799998
              ],
              [
                -73.22593873299985,
                -9.84991410299989
              ],
              [
                -73.22407010799998,
                -9.851083477999907
              ],
              [
                -73.22346748199993,
                -9.85126097799997
              ],
              [
                -73.21590085799994,
                -9.851838977999932
              ],
              [
                -73.21523273299982,
                -9.851854602999879
              ],
              [
                -73.20983173199988,
                -9.85337935299998
              ],
              [
                -73.20887698299993,
                -9.853964852999866
              ],
              [
                -73.20502535699984,
                -9.859351601999947
              ],
              [
                -73.20232073299997,
                -9.867323727999917
              ],
              [
                -73.20191548299982,
                -9.867913102999921
              ],
              [
                -73.20055235799992,
                -9.869165727999928
              ],
              [
                -73.1995944819999,
                -9.869791977999967
              ],
              [
                -73.19847848300003,
                -9.87023047799994
              ],
              [
                -73.19141410700001,
                -9.870533227999942
              ],
              [
                -73.18883698299987,
                -9.870970977999889
              ],
              [
                -73.1856686079999,
                -9.870270977999894
              ],
              [
                -73.184526608,
                -9.869718351999893
              ],
              [
                -73.18037373299984,
                -9.867127227999902
              ],
              [
                -73.17657510699996,
                -9.86706172799984
              ],
              [
                -73.17332698299981,
                -9.864458102999947
              ],
              [
                -73.17193410799985,
                -9.86377222799996
              ],
              [
                -73.16445898299986,
                -9.86360747699996
              ],
              [
                -73.15147460699995,
                -9.865951102999873
              ],
              [
                -73.14278323299999,
                -9.866363227999955
              ],
              [
                -73.13924635799992,
                -9.867230352999911
              ],
              [
                -73.13844148299995,
                -9.868544726999971
              ],
              [
                -73.1374221079999,
                -9.869725227999936
              ],
              [
                -73.13699285799999,
                -9.870100727999954
              ],
              [
                -73.13514185699995,
                -9.870744602999935
              ],
              [
                -73.13130010699996,
                -9.87182960299998
              ],
              [
                -73.12945460799995,
                -9.87216647799994
              ],
              [
                -73.11912623299997,
                -9.872085977999973
              ],
              [
                -73.11491423299998,
                -9.872622477999926
              ],
              [
                -73.10320023199995,
                -9.8752273529999
              ],
              [
                -73.0997302319999,
                -9.877608227999929
              ],
              [
                -73.09781585799988,
                -9.880987727999923
              ],
              [
                -73.09748373299982,
                -9.882179352999856
              ],
              [
                -73.09743748199992,
                -9.88241310299992
              ],
              [
                -73.09705448199992,
                -9.886551852999958
              ],
              [
                -73.09679998199982,
                -9.887668602999895
              ],
              [
                -73.09681948299993,
                -9.88868447799996
              ],
              [
                -73.0973471069999,
                -9.88992647799995
              ],
              [
                -73.097369733,
                -9.889973727999859
              ],
              [
                -73.09929723199986,
                -9.891614727999922
              ],
              [
                -73.10049535799988,
                -9.892161602999977
              ],
              [
                -73.10140698299989,
                -9.892656477999935
              ],
              [
                -73.10698085699994,
                -9.898725227999932
              ],
              [
                -73.10768410699995,
                -9.8991941029999
              ],
              [
                -73.10924685699985,
                -9.899454601999935
              ],
              [
                -73.10976023299997,
                -9.89937710299995
              ],
              [
                -73.11026260799997,
                -9.899428477999948
              ],
              [
                -73.11073148199978,
                -9.89974110299994
              ],
              [
                -73.11133048199986,
                -9.90060060299993
              ],
              [
                -73.11179935699982,
                -9.900991227999896
              ],
              [
                -73.1124506079999,
                -9.901407977999952
              ],
              [
                -73.11380498199986,
                -9.902554102999886
              ],
              [
                -73.1140393579999,
                -9.90284060199997
              ],
              [
                -73.11411748299997,
                -9.903205227999933
              ],
              [
                -73.11383485699986,
                -9.905760102999977
              ],
              [
                -73.11252873299998,
                -9.90763310199992
              ],
              [
                -73.11044498199988,
                -9.90956047799989
              ],
              [
                -73.11002823299992,
                -9.912712102999876
              ],
              [
                -73.11173423199995,
                -9.918926727999917
              ],
              [
                -73.1098797329999,
                -9.923281602999907
              ],
              [
                -73.10954635799993,
                -9.923552477999976
              ],
              [
                -73.10839298299999,
                -9.924150727999972
              ],
              [
                -73.1070251069998,
                -9.924531852999962
              ],
              [
                -73.10254510800002,
                -9.925719601999958
              ],
              [
                -73.1019201069999,
                -9.926698851999959
              ],
              [
                -73.103020357,
                -9.929314352999938
              ],
              [
                -73.10194085699993,
                -9.932970852999858
              ],
              [
                -73.10096160699999,
                -9.93351260299994
              ],
              [
                -73.09789848299988,
                -9.934721102999902
              ],
              [
                -73.09268923299999,
                -9.94157260299994
              ],
              [
                -73.09219573299998,
                -9.942627602999949
              ],
              [
                -73.092195732,
                -9.94302272799996
              ],
              [
                -73.09224060799988,
                -9.943134977999932
              ],
              [
                -73.09367748199986,
                -9.944158727999877
              ],
              [
                -73.09506048299988,
                -9.945442977999903
              ],
              [
                -73.09496160699996,
                -9.94727047799995
              ],
              [
                -73.09318360799983,
                -9.949542476999909
              ],
              [
                -73.09144160700004,
                -9.950753102999897
              ],
              [
                -73.08844198299983,
                -9.953049227999884
              ],
              [
                -73.08540423299985,
                -9.954597602999911
              ],
              [
                -73.0756387319999,
                -9.960281227999928
              ],
              [
                -73.0714492319999,
                -9.963132852999934
              ],
              [
                -73.06711035799992,
                -9.968814477999956
              ],
              [
                -73.06661373299994,
                -9.972404102999917
              ],
              [
                -73.06695935799996,
                -9.973648227999945
              ],
              [
                -73.06776535699993,
                -9.975701727999933
              ],
              [
                -73.06802523299996,
                -9.976138852999952
              ],
              [
                -73.06974310699997,
                -9.978784227999881
              ],
              [
                -73.07060623299998,
                -9.979280477999907
              ],
              [
                -73.07462098299982,
                -9.980591977999893
              ],
              [
                -73.07617373299985,
                -9.981632727999965
              ],
              [
                -73.0769074829999,
                -9.982258477999949
              ],
              [
                -73.07770585699996,
                -9.98329422799992
              ],
              [
                -73.07865798299997,
                -9.984987352999951
              ],
              [
                -73.07902223299999,
                -9.98657435299998
              ],
              [
                -73.07921510799997,
                -9.987600977999932
              ],
              [
                -73.07958348299996,
                -9.98819022799995
              ],
              [
                -73.08030160699997,
                -9.988484852999875
              ],
              [
                -73.08732060700004,
                -9.988871602999893
              ],
              [
                -73.088769233,
                -9.988625977999845
              ],
              [
                -73.08943210800004,
                -9.988282352999931
              ],
              [
                -73.0903406079999,
                -9.98803672799994
              ],
              [
                -73.09148310699993,
                -9.988016852999976
              ],
              [
                -73.09625773199991,
                -9.986784602999876
              ],
              [
                -73.09883573299987,
                -9.987570227999981
              ],
              [
                -73.09932910799984,
                -9.98864335299993
              ],
              [
                -73.09964598199986,
                -9.989730852999969
              ],
              [
                -73.10028423299991,
                -9.996556477999832
              ],
              [
                -73.10261685699999,
                -9.99896272799998
              ],
              [
                -73.10396323299994,
                -10.001828602999865
              ],
              [
                -73.10452623299989,
                -10.006236102999935
              ],
              [
                -73.10276985800004,
                -10.009214727999904
              ],
              [
                -73.10255248299984,
                -10.009960102999969
              ],
              [
                -73.10379285699986,
                -10.011243602999912
              ],
              [
                -73.106053982,
                -10.012020977999953
              ],
              [
                -73.10850585699984,
                -10.01295010299998
              ],
              [
                -73.10966048299997,
                -10.013918227999966
              ],
              [
                -73.11252860699994,
                -10.017754852999929
              ],
              [
                -73.11450260699996,
                -10.01928197799998
              ],
              [
                -73.11740798199992,
                -10.02080910299992
              ],
              [
                -73.11923310799983,
                -10.021256102999871
              ],
              [
                -73.12102085699996,
                -10.02151685299998
              ],
              [
                -73.12295773299991,
                -10.021926477999898
              ],
              [
                -73.1328203569999,
                -10.028632852999976
              ],
              [
                -73.13569998299994,
                -10.031126602999962
              ],
              [
                -73.14297073199998,
                -10.035387602999947
              ],
              [
                -73.14424223299983,
                -10.036732477999976
              ],
              [
                -73.14729135699997,
                -10.03815885299997
              ],
              [
                -73.14806610799985,
                -10.038307852999935
              ],
              [
                -73.14925798199988,
                -10.038278102999982
              ],
              [
                -73.14981585799984,
                -10.03816647799988
              ],
              [
                -73.15059885699998,
                -10.037950227999943
              ],
              [
                -73.15190998299983,
                -10.038009852999892
              ],
              [
                -73.15263273299979,
                -10.041251227999965
              ],
              [
                -73.15331448199987,
                -10.04986522799993
              ],
              [
                -73.1539922319999,
                -10.052734352999892
              ],
              [
                -73.15616598199983,
                -10.057113227999935
              ],
              [
                -73.16477935799992,
                -10.06943747799994
              ],
              [
                -73.16690985799988,
                -10.07305197799991
              ],
              [
                -73.17133398299984,
                -10.078540977999978
              ],
              [
                -73.17442385799995,
                -10.085103477999837
              ],
              [
                -73.17946685799996,
                -10.093853477999971
              ],
              [
                -73.18597460799998,
                -10.089759727999876
              ],
              [
                -73.193715108,
                -10.081998602999874
              ],
              [
                -73.1947631079999,
                -10.079063977999965
              ],
              [
                -73.19486910699982,
                -10.073851603000037
              ],
              [
                -73.19409235699993,
                -10.062840102999928
              ],
              [
                -73.19438585699987,
                -10.057851352999876
              ],
              [
                -73.1970312329999,
                -10.047646477999933
              ],
              [
                -73.19413423199984,
                -10.035758227999963
              ],
              [
                -73.18881435799995,
                -10.027185977999977
              ],
              [
                -73.18752648299989,
                -10.023805352999943
              ],
              [
                -73.18715673299994,
                -10.018338352999933
              ],
              [
                -73.19124998300003,
                -10.012613227999907
              ],
              [
                -73.194538733,
                -10.010226602999978
              ],
              [
                -73.20431973299998,
                -10.005926852999949
              ],
              [
                -73.20607798299989,
                -10.005555977999961
              ],
              [
                -73.21041498299991,
                -10.002242227999886
              ],
              [
                -73.21732910799983,
                -10.001044603000025
              ],
              [
                -73.21930460799985,
                -9.999311727999896
              ],
              [
                -73.21896260799997,
                -9.99533097799997
              ],
              [
                -73.21998823299992,
                -9.99310860299994
              ],
              [
                -73.21976848299994,
                -9.990129227999944
              ],
              [
                -73.2208918579999,
                -9.989030102999948
              ],
              [
                -73.2212093579999,
                -9.98566010299993
              ],
              [
                -73.22276010799993,
                -9.983169102999966
              ],
              [
                -73.22289035799997,
                -9.980205977999958
              ],
              [
                -73.22080635699984,
                -9.975744977999966
              ],
              [
                -73.22142510799989,
                -9.972195727999917
              ],
              [
                -73.22614660800002,
                -9.967930102999958
              ],
              [
                -73.23002148299997,
                -9.966562477999958
              ],
              [
                -73.24243160799989,
                -9.963812476999976
              ],
              [
                -73.25252373299986,
                -9.958520477999969
              ],
              [
                -73.26092673299985,
                -9.955534977999946
              ],
              [
                -73.26795310799992,
                -9.952268977999893
              ],
              [
                -73.273594108,
                -9.947914602999958
              ],
              [
                -73.27873985699995,
                -9.941714352999952
              ],
              [
                -73.28319348199994,
                -9.93831510299998
              ],
              [
                -73.28497485799983,
                -9.935643102999961
              ],
              [
                -73.28596448299999,
                -9.931387727999947
              ],
              [
                -73.29368373299991,
                -9.920006852999961
              ],
              [
                -73.29566298299989,
                -9.91416797799991
              ],
              [
                -73.30134560799979,
                -9.904535352999972
              ],
              [
                -73.30590235799986,
                -9.900658226999894
              ],
              [
                -73.30813235799991,
                -9.89665147699992
              ],
              [
                -73.309220982,
                -9.892989852999904
              ],
              [
                -73.31209085799986,
                -9.890713602999881
              ],
              [
                -73.31575260799997,
                -9.888833352999939
              ],
              [
                -73.32822198299982,
                -9.88576547799994
              ],
              [
                -73.34382723200002,
                -9.878045851999957
              ],
              [
                -73.347479733,
                -9.876756602999876
              ],
              [
                -73.355238858,
                -9.87270222799998
              ],
              [
                -73.36236435799992,
                -9.867160352999917
              ],
              [
                -73.37038048299996,
                -9.861618351999937
              ],
              [
                -73.37329885799977,
                -9.858021477999955
              ],
              [
                -73.37542760799994,
                -9.847862477999968
              ],
              [
                -73.37453685799989,
                -9.839549476999935
              ],
              [
                -73.37155273299987,
                -9.833595726999931
              ],
              [
                -73.37097423299997,
                -9.826783226999964
              ],
              [
                -73.37503173299996,
                -9.82440810299994
              ],
              [
                -73.3934726079998,
                -9.822573477999981
              ],
              [
                -73.4009707329999,
                -9.819552727999906
              ],
              [
                -73.4165351069999,
                -9.811242227999912
              ],
              [
                -73.42384373299996,
                -9.807941351999943
              ],
              [
                -73.42897648299993,
                -9.806252727999833
              ],
              [
                -73.43845310799992,
                -9.805251977999887
              ],
              [
                -73.4442373579999,
                -9.802555101999872
              ],
              [
                -73.4481436079999,
                -9.798221726999941
              ],
              [
                -73.45628085800001,
                -9.797885852999968
              ],
              [
                -73.45934873299984,
                -9.795609602999946
              ],
              [
                -73.461327983,
                -9.788385352999853
              ],
              [
                -73.46173735799994,
                -9.784129477999954
              ],
              [
                -73.46350510799982,
                -9.776608601999953
              ],
              [
                -73.46291135799999,
                -9.767108101999895
              ],
              [
                -73.46350173299999,
                -9.763171102999934
              ],
              [
                -73.46701798299995,
                -9.757634227999858
              ],
              [
                -73.46937598299985,
                -9.750780102999954
              ],
              [
                -73.47751398299994,
                -9.74430122699988
              ],
              [
                -73.48268923299986,
                -9.740646977999972
              ],
              [
                -73.48466448299996,
                -9.737269351999885
              ],
              [
                -73.48820023300004,
                -9.735491727999886
              ],
              [
                -73.48930873299992,
                -9.733655102999933
              ],
              [
                -73.49420398300003,
                -9.732407977999912
              ],
              [
                -73.49754323299993,
                -9.730987976999927
              ],
              [
                -73.50147823299989,
                -9.726845852999872
              ],
              [
                -73.50750185799984,
                -9.722843351999927
              ],
              [
                -73.50939798299987,
                -9.721105101999967
              ],
              [
                -73.51546098299997,
                -9.717428477999874
              ],
              [
                -73.51781448299994,
                -9.714996102999976
              ],
              [
                -73.52734948299997,
                -9.713031352999963
              ],
              [
                -73.53371723299989,
                -9.71115847699997
              ],
              [
                -73.53777935799991,
                -9.707669977999899
              ],
              [
                -73.54071073299997,
                -9.70094847799993
              ],
              [
                -73.54747073299984,
                -9.689554727999962
              ],
              [
                -73.55304648299995,
                -9.68217010199993
              ],
              [
                -73.55794535799993,
                -9.678460977999976
              ],
              [
                -73.56043798299993,
                -9.675727477999942
              ],
              [
                -73.56214060799994,
                -9.671921852999901
              ],
              [
                -73.56425385799992,
                -9.665267601999915
              ],
              [
                -73.56653098299984,
                -9.661244102000012
              ],
              [
                -73.57007685799988,
                -9.657448477999822
              ],
              [
                -73.57377260799984,
                -9.65669947799995
              ],
              [
                -73.58371948299987,
                -9.65567822700001
              ],
              [
                -73.5965047329999,
                -9.651238977999924
              ],
              [
                -73.60918648299992,
                -9.644408352999903
              ],
              [
                -73.61619460799989,
                -9.63512722799993
              ],
              [
                -73.61884648299991,
                -9.630581352999911
              ],
              [
                -73.62519173299984,
                -9.616943727999967
              ],
              [
                -73.62879048300005,
                -9.610408977999953
              ],
              [
                -73.63828948299988,
                -9.596373601999915
              ],
              [
                -73.64306285799984,
                -9.590388226999949
              ],
              [
                -73.66531248299987,
                -9.571972602999892
              ],
              [
                -73.66628148299992,
                -9.566212102999941
              ],
              [
                -73.65986748299991,
                -9.55143260199992
              ],
              [
                -73.66041910799999,
                -9.546081102999892
              ],
              [
                -73.66321260799992,
                -9.543094476999954
              ],
              [
                -73.6703332329999,
                -9.540681727999925
              ],
              [
                -73.67668885800003,
                -9.536974352999948
              ],
              [
                -73.6845254829999,
                -9.529840601999979
              ],
              [
                -73.69048873399993,
                -9.52774822799995
              ],
              [
                -73.69477810799998,
                -9.528375977999929
              ],
              [
                -73.6998373589999,
                -9.530772478000017
              ],
              [
                -73.706216859,
                -9.532990228000017
              ],
              [
                -73.71413473299992,
                -9.534742226999981
              ],
              [
                -73.73252923299998,
                -9.538371102999974
              ],
              [
                -73.73946285799991,
                -9.539898477999941
              ],
              [
                -73.74339060799991,
                -9.540347602999873
              ],
              [
                -73.74768748299982,
                -9.539005852999878
              ],
              [
                -73.75307260799985,
                -9.535236477999945
              ],
              [
                -73.7590103579999,
                -9.531772727999964
              ],
              [
                -73.76475023299992,
                -9.530882102999897
              ],
              [
                -73.76989635799993,
                -9.531772726999975
              ],
              [
                -73.77737110799984,
                -9.532246102999977
              ],
              [
                -73.786918108,
                -9.530882102999897
              ],
              [
                -73.79711135799982,
                -9.529991477999943
              ],
              [
                -73.80700773299992,
                -9.528012227999966
              ],
              [
                -73.81722073299983,
                -9.52957222699996
              ],
              [
                -73.82096160799983,
                -9.53197072699993
              ],
              [
                -73.83729060799999,
                -9.551961352999967
              ],
              [
                -73.85321285799995,
                -9.568808601999933
              ],
              [
                -73.85684198400003,
                -9.574714977999975
              ],
              [
                -73.8678047329999,
                -9.589751976999878
              ],
              [
                -73.87554085799997,
                -9.59655860199996
              ],
              [
                -73.88328510799982,
                -9.600146477999886
              ],
              [
                -73.89362110899998,
                -9.603691352999931
              ],
              [
                -73.90353323299996,
                -9.605384727
              ],
              [
                -73.92526923299994,
                -9.60757885199996
              ],
              [
                -73.94311698399991,
                -9.607472978000033
              ],
              [
                -73.95436448399988,
                -9.60926122799998
              ],
              [
                -73.95975385899993,
                -9.61078710199996
              ],
              [
                -73.96465673299997,
                -9.614011476999906
              ],
              [
                -73.96851623299983,
                -9.61925660299994
              ],
              [
                -73.97504785799998,
                -9.62727260299988
              ],
              [
                -73.97989710900004,
                -9.63162697699994
              ],
              [
                -73.98577835899982,
                -9.635183602999973
              ],
              [
                -73.99544135899998,
                -9.639042976999974
              ],
              [
                -74.00275760799985,
                -9.64360160299998
              ],
              [
                -74.00770598400004,
                -9.645976727999937
              ],
              [
                -74.01631560899989,
                -9.64894560199997
              ],
              [
                -74.03789585899995,
                -9.655562102999966
              ],
              [
                -74.04399023299987,
                -9.656103852999934
              ],
              [
                -74.04755073399997,
                -9.65583397699993
              ],
              [
                -74.05164560799994,
                -9.65894097699993
              ],
              [
                -74.0595627329999,
                -9.66893622699996
              ],
              [
                -74.06322435899989,
                -9.674280351999926
              ],
              [
                -74.06767773399986,
                -9.681801602999883
              ],
              [
                -74.06945898299989,
                -9.686611352999932
              ],
              [
                -74.06886535799981,
                -9.690411227999903
              ],
              [
                -74.06619335899995,
                -9.694567852999967
              ],
              [
                -74.06470885799996,
                -9.69852635299992
              ],
              [
                -74.06441198399983,
                -9.701495351999881
              ],
              [
                -74.06579498399987,
                -9.705536852999899
              ],
              [
                -74.06926123399995,
                -9.706938352999941
              ],
              [
                -74.07608960799996,
                -9.708026852999865
              ],
              [
                -74.08299498299988,
                -9.710683353000036
              ],
              [
                -74.09179810900002,
                -9.710412351999878
              ],
              [
                -74.09825748399999,
                -9.710698977999868
              ],
              [
                -74.103796859,
                -9.712341852999941
              ],
              [
                -74.10648435799988,
                -9.711562477999905
              ],
              [
                -74.109404483,
                -9.709599852999872
              ],
              [
                -74.11844723299998,
                -9.705841851999821
              ],
              [
                -74.12378710900003,
                -9.70412885299993
              ],
              [
                -74.13260735899985,
                -9.702187352999943
              ],
              [
                -74.13724610799994,
                -9.702316352999958
              ],
              [
                -74.14443160799993,
                -9.704640602999973
              ],
              [
                -74.14977148399998,
                -9.707578102999946
              ],
              [
                -74.15240448399987,
                -9.709681101999934
              ],
              [
                -74.16638110899999,
                -9.728641726999967
              ],
              [
                -74.16954285799977,
                -9.733576851999942
              ],
              [
                -74.17450210899983,
                -9.744062602999861
              ],
              [
                -74.17731935799998,
                -9.74827347799993
              ],
              [
                -74.1799224839998,
                -9.75312085299987
              ],
              [
                -74.1825722339999,
                -9.761349602999871
              ],
              [
                -74.18398173399993,
                -9.763799352999968
              ],
              [
                -74.187945733,
                -9.766269727999884
              ],
              [
                -74.19863148300004,
                -9.770061352999903
              ],
              [
                -74.20638723300004,
                -9.771957227999962
              ],
              [
                -74.21632098399988,
                -9.773342851999928
              ],
              [
                -74.22305060799988,
                -9.773342851999928
              ],
              [
                -74.23888473399995,
                -9.771759477999922
              ],
              [
                -74.25341810899988,
                -9.771726602999934
              ],
              [
                -74.25808360899987,
                -9.774035602999959
              ],
              [
                -74.26708935900001,
                -9.77730135299987
              ],
              [
                -74.27199723299992,
                -9.780092476999926
              ],
              [
                -74.2753033589999,
                -9.783832977999964
              ],
              [
                -74.28090285899987,
                -9.785275351999928
              ],
              [
                -74.283959483,
                -9.787025852999875
              ],
              [
                -74.29062698399991,
                -9.793009727999959
              ],
              [
                -74.29207248399996,
                -9.79795097799996
              ],
              [
                -74.29261623399992,
                -9.803096602999972
              ],
              [
                -74.29474985899998,
                -9.806066726999973
              ],
              [
                -74.29947698399997,
                -9.807530977999875
              ],
              [
                -74.30663048399987,
                -9.805815726999981
              ],
              [
                -74.31296735899997,
                -9.802947102999951
              ],
              [
                -74.31695898399994,
                -9.801581977999888
              ],
              [
                -74.31841010899996,
                -9.811037477999946
              ],
              [
                -74.32032235900004,
                -9.818245352999895
              ],
              [
                -74.31967435899998,
                -9.82635460299997
              ],
              [
                -74.32014223399989,
                -9.827855726999815
              ],
              [
                -74.32421685900005,
                -9.832671226999878
              ],
              [
                -74.33000723399988,
                -9.83333410299997
              ],
              [
                -74.33337998399998,
                -9.838188601999889
              ],
              [
                -74.33423798399991,
                -9.845070602999897
              ],
              [
                -74.33579748299996,
                -9.848521477999952
              ],
              [
                -74.3351738589999,
                -9.85421097799997
              ],
              [
                -74.33331248299999,
                -9.857546852999917
              ],
              [
                -74.33306773399988,
                -9.860098101999938
              ],
              [
                -74.3384578589999,
                -9.865974977999883
              ],
              [
                -74.33967573399991,
                -9.865722602999881
              ],
              [
                -74.341219734,
                -9.862035227999968
              ],
              [
                -74.34360948400001,
                -9.859487602999934
              ],
              [
                -74.34641723399989,
                -9.8585727279999
              ],
              [
                -74.35178035799998,
                -9.857941727999844
              ],
              [
                -74.35742748399997,
                -9.855039352999938
              ],
              [
                -74.36480960799997,
                -9.848382727999933
              ],
              [
                -74.36805910899989,
                -9.846300601999872
              ],
              [
                -74.36922635899992,
                -9.846647602999894
              ],
              [
                -74.37099298399994,
                -9.850117851999869
              ],
              [
                -74.37238110800001,
                -9.857373852999842
              ],
              [
                -74.37168710899988,
                -9.86242147799993
              ],
              [
                -74.37436860899987,
                -9.86579710299992
              ],
              [
                -74.37585135799998,
                -9.869267351999895
              ],
              [
                -74.37481035799982,
                -9.873778727999877
              ],
              [
                -74.3695004829998,
                -9.878252102999966
              ],
              [
                -74.36691998399988,
                -9.88235347799997
              ],
              [
                -74.35921523399992,
                -9.892914852999922
              ],
              [
                -74.35931510900002,
                -9.895914853000022
              ],
              [
                -74.3617721089999,
                -9.903297477999956
              ],
              [
                -74.36691535899985,
                -9.906315101999951
              ],
              [
                -74.36991248299978,
                -9.910506352999903
              ],
              [
                -74.37375385899998,
                -9.918931602999976
              ],
              [
                -74.3768399839999,
                -9.921590227999957
              ],
              [
                -74.38277773399977,
                -9.924559227999964
              ],
              [
                -74.38782485899992,
                -9.926340477999872
              ],
              [
                -74.39257510899995,
                -9.92960635299994
              ],
              [
                -74.39524723399995,
                -9.933465852999973
              ],
              [
                -74.39861198400001,
                -9.939799602999813
              ],
              [
                -74.40346110900003,
                -9.946331227999963
              ],
              [
                -74.408790233,
                -9.95193597799988
              ],
              [
                -74.41232623399998,
                -9.953955102999885
              ],
              [
                -74.41508148399987,
                -9.950442602999942
              ],
              [
                -74.41555635899982,
                -9.945173602999944
              ],
              [
                -74.41147373399997,
                -9.936158727999896
              ],
              [
                -74.41168085899989,
                -9.934527602999879
              ],
              [
                -74.41575160899998,
                -9.93216935299995
              ],
              [
                -74.41664648399995,
                -9.930824227999949
              ],
              [
                -74.41544160899991,
                -9.925719477999905
              ],
              [
                -74.41264785899995,
                -9.922512852999887
              ],
              [
                -74.41230610799994,
                -9.917243102999976
              ],
              [
                -74.41102585899995,
                -9.915704352999967
              ],
              [
                -74.41326160899985,
                -9.909393352999928
              ],
              [
                -74.41455185899986,
                -9.902111852999894
              ],
              [
                -74.42176448399994,
                -9.894867727999952
              ],
              [
                -74.42793910899985,
                -9.887883227999907
              ],
              [
                -74.43143623399993,
                -9.882524727999908
              ],
              [
                -74.43310160899989,
                -9.876058602999933
              ],
              [
                -74.43757048399988,
                -9.872381977999964
              ],
              [
                -74.4448139839999,
                -9.872207102999937
              ],
              [
                -74.45020335899994,
                -9.870225977999894
              ],
              [
                -74.45333110899992,
                -9.862755602999869
              ],
              [
                -74.45047460899991,
                -9.854990227999963
              ],
              [
                -74.45132685899989,
                -9.85054785299991
              ],
              [
                -74.45038548399998,
                -9.845172726999976
              ],
              [
                -74.45019948399988,
                -9.826344977999952
              ],
              [
                -74.45042310899998,
                -9.82298197699987
              ],
              [
                -74.44833948399992,
                -9.816209727999876
              ],
              [
                -74.45114848399999,
                -9.810667727999885
              ],
              [
                -74.45023635799998,
                -9.803607852999903
              ],
              [
                -74.44880735899989,
                -9.797431227999937
              ],
              [
                -74.44843360899995,
                -9.789740226999868
              ],
              [
                -74.447240234,
                -9.777149852999969
              ],
              [
                -74.45001173399999,
                -9.772111353000014
              ],
              [
                -74.45274160899999,
                -9.76145347799985
              ],
              [
                -74.45380923299984,
                -9.755462977999969
              ],
              [
                -74.45511410899991,
                -9.750895977999903
              ],
              [
                -74.45536135899994,
                -9.745982477999974
              ],
              [
                -74.45853073399991,
                -9.74165122799991
              ],
              [
                -74.46413010899983,
                -9.737673977999975
              ],
              [
                -74.46547948399984,
                -9.734332726999924
              ],
              [
                -74.47241898399989,
                -9.731473351999966
              ],
              [
                -74.47408960899992,
                -9.730123977999938
              ],
              [
                -74.47486073299984,
                -9.725947477999966
              ],
              [
                -74.47595298399989,
                -9.724855101999935
              ],
              [
                -74.47743085899987,
                -9.720100351999974
              ],
              [
                -74.47803585899993,
                -9.714238851999937
              ],
              [
                -74.48126810899993,
                -9.707340227999964
              ],
              [
                -74.48109335899989,
                -9.705514476999895
              ],
              [
                -74.48276398399997,
                -9.703394103
              ],
              [
                -74.48555035899989,
                -9.70222347799995
              ],
              [
                -74.48419885799996,
                -9.694955227999912
              ],
              [
                -74.48518923300003,
                -9.691306226999927
              ],
              [
                -74.48857773399982,
                -9.688334852999901
              ],
              [
                -74.49014035899995,
                -9.68519572799994
              ],
              [
                -74.48930860899998,
                -9.68267572699989
              ],
              [
                -74.48909898399995,
                -9.676492227999972
              ],
              [
                -74.48985573399989,
                -9.674173977999885
              ],
              [
                -74.49229585899985,
                -9.673523227999965
              ],
              [
                -74.49131985899993,
                -9.668520851999972
              ],
              [
                -74.49182973400002,
                -9.661977352999884
              ],
              [
                -74.49445023399994,
                -9.657598602999883
              ],
              [
                -74.49333260899994,
                -9.654571726999905
              ],
              [
                -74.48965373399983,
                -9.653267852999932
              ],
              [
                -74.49403110899982,
                -9.648098852999908
              ],
              [
                -74.49333260899994,
                -9.644792601999939
              ],
              [
                -74.49691823399996,
                -9.640345476999926
              ],
              [
                -74.49729073399988,
                -9.637597977999974
              ],
              [
                -74.49621973399991,
                -9.635595602999956
              ],
              [
                -74.49375173399989,
                -9.633825976999901
              ],
              [
                -74.4932869839999,
                -9.631543852999926
              ],
              [
                -74.49407860899993,
                -9.628004727999894
              ],
              [
                -74.490725859,
                -9.618784477999952
              ],
              [
                -74.49389323299988,
                -9.616120476999981
              ],
              [
                -74.49375310899984,
                -9.612570102999939
              ],
              [
                -74.49469798400003,
                -9.609692227999972
              ],
              [
                -74.49542385899986,
                -9.603740227999879
              ],
              [
                -74.4938656089999,
                -9.597916727999973
              ],
              [
                -74.49248785799989,
                -9.595342726999888
              ],
              [
                -74.49477185899991,
                -9.591137226999933
              ],
              [
                -74.49643960899988,
                -9.591028477999885
              ],
              [
                -74.49766210899998,
                -9.593183602999943
              ],
              [
                -74.50314373399982,
                -9.592521727999895
              ],
              [
                -74.51081085899989,
                -9.594100227999945
              ],
              [
                -74.51651285900004,
                -9.591877352999973
              ],
              [
                -74.52111960899998,
                -9.592908226999896
              ],
              [
                -74.52501760899992,
                -9.591941851999877
              ],
              [
                -74.53165385899985,
                -9.592102851999869
              ],
              [
                -74.53349010900001,
                -9.590653226999848
              ],
              [
                -74.53645385899989,
                -9.585692101999939
              ],
              [
                -74.53861223399997,
                -9.584758102999956
              ],
              [
                -74.54128610899988,
                -9.585724351999943
              ],
              [
                -74.5481544839999,
                -9.58125072699994
              ],
              [
                -74.55693048399996,
                -9.577147102999959
              ],
              [
                -74.56123923400003,
                -9.577428977999887
              ],
              [
                -74.56823410899989,
                -9.576399476999882
              ],
              [
                -74.57299760900003,
                -9.574529727999902
              ],
              [
                -74.57541210899979,
                -9.571871101999932
              ],
              [
                -74.57556073399991,
                -9.570486352999922
              ],
              [
                -74.57376260899997,
                -9.559957476999898
              ],
              [
                -74.57323935899984,
                -9.550891976999878
              ],
              [
                -74.57444723399988,
                -9.545777976999943
              ],
              [
                -74.57765585899989,
                -9.54192022799998
              ],
              [
                -74.58238085899995,
                -9.53373910299996
              ],
              [
                -74.58250285899999,
                -9.528573976999894
              ],
              [
                -74.58161510899998,
                -9.527012726999942
              ],
              [
                -74.58294398399994,
                -9.523388601999955
              ],
              [
                -74.58612523399995,
                -9.518556351999962
              ],
              [
                -74.58856848399995,
                -9.515874977999886
              ],
              [
                -74.59317223399984,
                -9.509616727999969
              ],
              [
                -74.59334573399991,
                -9.505597226999953
              ],
              [
                -74.5915208589999,
                -9.503065977999938
              ],
              [
                -74.58545773399987,
                -9.501300101999846
              ],
              [
                -74.58317773399989,
                -9.498438976999978
              ],
              [
                -74.58116060899988,
                -9.490410101999942
              ],
              [
                -74.57880610899991,
                -9.48493560199995
              ],
              [
                -74.5782173589999,
                -9.482168977999947
              ],
              [
                -74.57913748399989,
                -9.479308851999974
              ],
              [
                -74.58109248400001,
                -9.476601726999888
              ],
              [
                -74.58455148399986,
                -9.475398727999902
              ],
              [
                -74.59477798399996,
                -9.474797102999958
              ],
              [
                -74.608312984,
                -9.472090102999914
              ],
              [
                -74.61011760899993,
                -9.469834227999968
              ],
              [
                -74.61673473399986,
                -9.465773726999885
              ],
              [
                -74.61853948399988,
                -9.463818726999875
              ],
              [
                -74.62244960899989,
                -9.461111727
              ],
              [
                -74.62891635899996,
                -9.459457351999959
              ],
              [
                -74.63448073400002,
                -9.459758227999885
              ],
              [
                -74.63809010899996,
                -9.45915660199995
              ],
              [
                -74.6425388589999,
                -9.457309476999967
              ],
              [
                -74.64621110899998,
                -9.457652726999868
              ],
              [
                -74.65523448399989,
                -9.455396852999911
              ],
              [
                -74.66049810899995,
                -9.455246477999879
              ],
              [
                -74.66395698399987,
                -9.454344101999936
              ],
              [
                -74.66651360899994,
                -9.451787601999968
              ],
              [
                -74.67320335900001,
                -9.44979272799992
              ],
              [
                -74.6759614839998,
                -9.446914476999893
              ],
              [
                -74.67907960900004,
                -9.442597226999908
              ],
              [
                -74.68907073399998,
                -9.43489560199987
              ],
              [
                -74.69371023399998,
                -9.433842852999874
              ],
              [
                -74.69766760899995,
                -9.435641726999961
              ],
              [
                -74.70078560899992,
                -9.433003476999886
              ],
              [
                -74.70150523399985,
                -9.428925976999949
              ],
              [
                -74.704743109,
                -9.427247102999956
              ],
              [
                -74.7094201089999,
                -9.422210351999922
              ],
              [
                -74.70702160899998,
                -9.421250976999943
              ],
              [
                -74.70496198399997,
                -9.416711851999935
              ],
              [
                -74.69958073399988,
                -9.417019351999954
              ],
              [
                -74.69635198399999,
                -9.417941851999899
              ],
              [
                -74.69381510899996,
                -9.412099351999927
              ],
              [
                -74.69120135899988,
                -9.410408102999952
              ],
              [
                -74.68989448399992,
                -9.410177476999877
              ],
              [
                -74.68574323399991,
                -9.408870602999855
              ],
              [
                -74.68328323399993,
                -9.40717935299989
              ],
              [
                -74.68236073399999,
                -9.404488726999944
              ],
              [
                -74.68090010899994,
                -9.402028726999959
              ],
              [
                -74.67813260899993,
                -9.400106851999908
              ],
              [
                -74.67413510899996,
                -9.390728102999958
              ],
              [
                -74.67275135900002,
                -9.388882976999923
              ],
              [
                -74.66888410899986,
                -9.388672477999933
              ],
              [
                -74.66593273399991,
                -9.387720351999917
              ],
              [
                -74.66393335899994,
                -9.38714910199991
              ],
              [
                -74.66012510899998,
                -9.384673727999939
              ],
              [
                -74.65783398399986,
                -9.382013352999877
              ],
              [
                -74.65831623399981,
                -9.380103851999934
              ],
              [
                -74.65841135899996,
                -9.375153102999889
              ],
              [
                -74.65631685900001,
                -9.370202351999978
              ],
              [
                -74.65031885899987,
                -9.367155727999886
              ],
              [
                -74.64698660899984,
                -9.366489226999931
              ],
              [
                -74.64472760899991,
                -9.366794851999884
              ],
              [
                -74.64251185899997,
                -9.366394101999958
              ],
              [
                -74.63994123399982,
                -9.368583851999915
              ],
              [
                -74.63622823399993,
                -9.36944060199994
              ],
              [
                -74.63441935899982,
                -9.36877422699996
              ],
              [
                -74.63032535899993,
                -9.36696522799997
              ],
              [
                -74.62737398399997,
                -9.364775476999966
              ],
              [
                -74.62661235899992,
                -9.36306185199993
              ],
              [
                -74.62718360899987,
                -9.358967977999953
              ],
              [
                -74.62585073399998,
                -9.354969226999913
              ],
              [
                -74.62537460899983,
                -9.35020885199998
              ],
              [
                -74.62413698400002,
                -9.349637601999973
              ],
              [
                -74.62051910899999,
                -9.346019851999927
              ],
              [
                -74.62089998399989,
                -9.343925226999886
              ],
              [
                -74.61718685899996,
                -9.341592726999977
              ],
              [
                -74.61394985899983,
                -9.33721322699995
              ],
              [
                -74.61208223399984,
                -9.333972976999974
              ],
              [
                -74.61071285899988,
                -9.32950147799994
              ],
              [
                -74.60861823399989,
                -9.32483635299991
              ],
              [
                -74.60709498399984,
                -9.321504101999892
              ],
              [
                -74.60309623400002,
                -9.31826697699995
              ],
              [
                -74.60233460899997,
                -9.316553351999914
              ],
              [
                -74.6005257339998,
                -9.313459101999968
              ],
              [
                -74.59709823399987,
                -9.311269351999954
              ],
              [
                -74.59393510899991,
                -9.309467601999927
              ],
              [
                -74.59251035899996,
                -9.307473851999873
              ],
              [
                -74.58943935899998,
                -9.303176351999923
              ],
              [
                -74.58715023399998,
                -9.295576226999913
              ],
              [
                -74.59120898399993,
                -9.291093726999975
              ],
              [
                -74.59126710899994,
                -9.28503960199987
              ],
              [
                -74.59145298399989,
                -9.282412101999967
              ],
              [
                -74.59046060899993,
                -9.27570985299991
              ],
              [
                -74.58926373399993,
                -9.271773476999954
              ],
              [
                -74.5899042339999,
                -9.267171726999948
              ],
              [
                -74.59146873400005,
                -9.264705101999937
              ],
              [
                -74.59407810899984,
                -9.262345726999968
              ],
              [
                -74.59512298399989,
                -9.260962852999967
              ],
              [
                -74.5966347339999,
                -9.258152351999911
              ],
              [
                -74.59848823399994,
                -9.257058601999915
              ],
              [
                -74.60005273399992,
                -9.255794976999937
              ],
              [
                -74.60231048399993,
                -9.250677727999914
              ],
              [
                -74.60411135899989,
                -9.249132851999889
              ],
              [
                -74.60642185900002,
                -9.248384601999874
              ],
              [
                -74.60949810900001,
                -9.245050726999978
              ],
              [
                -74.61089260899985,
                -9.24102735199989
              ],
              [
                -74.61529485899996,
                -9.237984351999842
              ],
              [
                -74.61610348399995,
                -9.235453101999838
              ],
              [
                -74.61663085899988,
                -9.23033397699993
              ],
              [
                -74.62446685899988,
                -9.215562476999935
              ],
              [
                -74.62696860899985,
                -9.197050726999976
              ],
              [
                -74.63608973399982,
                -9.172962101999929
              ],
              [
                -74.639564484,
                -9.159681601999921
              ],
              [
                -74.64097660899995,
                -9.141800726999918
              ],
              [
                -74.63913673399998,
                -9.129833977999908
              ],
              [
                -74.63653873399994,
                -9.125511226999947
              ],
              [
                -74.64070898399984,
                -9.118564476999893
              ],
              [
                -74.65480060899989,
                -9.113835601999938
              ],
              [
                -74.66587748399996,
                -9.112039351999897
              ],
              [
                -74.67186498399985,
                -9.110542476999967
              ],
              [
                -74.67545748399982,
                -9.107099726999934
              ],
              [
                -74.6780937339999,
                -9.098131351999882
              ],
              [
                -74.6780937339999,
                -9.094039101999954
              ],
              [
                -74.67590660900004,
                -9.089885727999956
              ],
              [
                -74.67276310900002,
                -9.08614347699995
              ],
              [
                -74.67131585899989,
                -9.083296851999933
              ],
              [
                -74.66875835899987,
                -9.082273851999958
              ],
              [
                -74.6648826089999,
                -9.079591351999966
              ],
              [
                -74.66274773399982,
                -9.075879601999873
              ],
              [
                -74.65839973399994,
                -9.071403726999904
              ],
              [
                -74.65705798399995,
                -9.06859910199995
              ],
              [
                -74.65430748399984,
                -9.05554622699998
              ],
              [
                -74.6529007339999,
                -9.051070226999968
              ],
              [
                -74.65136610899992,
                -9.048768351999968
              ],
              [
                -74.651238234,
                -9.04608285199987
              ],
              [
                -74.65264060899995,
                -9.044734351999978
              ],
              [
                -74.65673723399988,
                -9.043908976999944
              ],
              [
                -74.65812048399994,
                -9.041101351999941
              ],
              [
                -74.66405635899991,
                -9.033923101999903
              ],
              [
                -74.66543685900001,
                -9.029229601999873
              ],
              [
                -74.6686118589999,
                -9.022879601999932
              ],
              [
                -74.66916398399997,
                -9.02025672699989
              ],
              [
                -74.66695523399989,
                -9.01459697699994
              ],
              [
                -74.6617096089999,
                -9.003829601999882
              ],
              [
                -74.65108023399989,
                -8.999826226999915
              ],
              [
                -74.64787498399994,
                -8.995767601999944
              ],
              [
                -74.64780210899983,
                -8.98957247699991
              ],
              [
                -74.65146685899992,
                -8.983941351999931
              ],
              [
                -74.65274023400002,
                -8.979581976999953
              ],
              [
                -74.65079273399982,
                -8.971179476999964
              ],
              [
                -74.64945310899992,
                -8.963312476999931
              ],
              [
                -74.64729298399988,
                -8.938081977000024
              ],
              [
                -74.64431073399987,
                -8.918783226999892
              ],
              [
                -74.64281460899997,
                -8.916376976999913
              ],
              [
                -74.63638348399996,
                -8.912251601999913
              ],
              [
                -74.6289746089999,
                -8.898335976999874
              ],
              [
                -74.624214984,
                -8.888726601999963
              ],
              [
                -74.6231073589999,
                -8.880648476999966
              ],
              [
                -74.62225385900001,
                -8.865496101999895
              ],
              [
                -74.62174998399996,
                -8.84965035199997
              ],
              [
                -74.62141410899989,
                -8.845570476999967
              ],
              [
                -74.61830860899988,
                -8.832027350999851
              ],
              [
                -74.61629498399998,
                -8.827945351999972
              ],
              [
                -74.60892023399981,
                -8.820228351999958
              ],
              [
                -74.58808985899998,
                -8.812646476999873
              ],
              [
                -74.57699860900004,
                -8.800687601999925
              ],
              [
                -74.57287460899988,
                -8.792645851999964
              ],
              [
                -74.55021998400002,
                -8.782629975999896
              ],
              [
                -74.54201048399989,
                -8.780413726999939
              ],
              [
                -74.53466423399988,
                -8.776893601999916
              ],
              [
                -74.53217810899997,
                -8.776133226999889
              ],
              [
                -74.53158473399992,
                -8.770232976999921
              ],
              [
                -74.52659785899993,
                -8.754995601999951
              ],
              [
                -74.52535123399991,
                -8.749316225999962
              ],
              [
                -74.52687498399996,
                -8.723828225999966
              ],
              [
                -74.5277896089998,
                -8.71097260099998
              ],
              [
                -74.53612260899985,
                -8.629864976999897
              ],
              [
                -74.54138535899995,
                -8.608578601999852
              ],
              [
                -74.54375273399978,
                -8.593698350999944
              ],
              [
                -74.5471346089999,
                -8.58456722599982
              ],
              [
                -74.55694198399982,
                -8.573068851999949
              ],
              [
                -74.56687448399992,
                -8.563420225999891
              ],
              [
                -74.57757148399992,
                -8.55379222599987
              ],
              [
                -74.5829824839999,
                -8.551086726999927
              ],
              [
                -74.58974623399996,
                -8.548719351999978
              ],
              [
                -74.60090648399984,
                -8.54838122599989
              ],
              [
                -74.61781585899996,
                -8.548719351999978
              ],
              [
                -74.63032885899986,
                -8.550410351999915
              ],
              [
                -74.64419448400002,
                -8.554130351999959
              ],
              [
                -74.65400198399988,
                -8.557850475999942
              ],
              [
                -74.66414760899983,
                -8.561908726999889
              ],
              [
                -74.67395510899968,
                -8.569010601999878
              ],
              [
                -74.68275410899986,
                -8.575956975999873
              ],
              [
                -74.69250023399997,
                -8.581178225999963
              ],
              [
                -74.79752685999972,
                -8.631711726999868
              ],
              [
                -74.8466834839997,
                -8.661235350999902
              ],
              [
                -74.84737073399998,
                -8.661765351999975
              ],
              [
                -74.84681885899971,
                -8.670392225999933
              ],
              [
                -74.84608635899986,
                -8.671710726999947
              ],
              [
                -74.84604410899982,
                -8.671786725999937
              ],
              [
                -74.84191235899982,
                -8.676383350999856
              ],
              [
                -74.84077610999987,
                -8.67906897599994
              ],
              [
                -74.84082773399996,
                -8.679636975999927
              ],
              [
                -74.84150773399983,
                -8.68215985199987
              ],
              [
                -74.84242898399987,
                -8.683045851999907
              ],
              [
                -74.84341010899993,
                -8.683923851999907
              ],
              [
                -74.84475298499984,
                -8.685628101999953
              ],
              [
                -74.84707710999987,
                -8.688933601999906
              ],
              [
                -74.84797848399967,
                -8.69197960199989
              ],
              [
                -74.8486406089998,
                -8.697515601999953
              ],
              [
                -74.84869335999991,
                -8.70279885099984
              ],
              [
                -74.84696085899992,
                -8.711612726999931
              ],
              [
                -74.84665710899992,
                -8.71279035099991
              ],
              [
                -74.84650510999995,
                -8.71351197699994
              ],
              [
                -74.84658110899994,
                -8.714385601999936
              ],
              [
                -74.84773060899983,
                -8.716519226999822
              ],
              [
                -74.8478644839999,
                -8.716716726999891
              ],
              [
                -74.84939198399962,
                -8.720007600999963
              ],
              [
                -74.85041798399988,
                -8.724326225999903
              ],
              [
                -74.85071373399984,
                -8.730010601999822
              ],
              [
                -74.85025760899993,
                -8.738488351999877
              ],
              [
                -74.85026860899995,
                -8.748776350999833
              ],
              [
                -74.85081948399989,
                -8.758327601999895
              ],
              [
                -74.85197623499994,
                -8.761981851999906
              ],
              [
                -74.85442385899995,
                -8.766565476999972
              ],
              [
                -74.86042598499989,
                -8.775220976999833
              ],
              [
                -74.86229510899983,
                -8.777423851999913
              ],
              [
                -74.86533873499985,
                -8.78094535199989
              ],
              [
                -74.87168748399989,
                -8.785986351999895
              ],
              [
                -74.87947848399972,
                -8.792419976999895
              ],
              [
                -74.88691798499991,
                -8.797931601999949
              ],
              [
                -74.89049610999984,
                -8.801206976999822
              ],
              [
                -74.89574410999984,
                -8.80476360099982
              ],
              [
                -74.90632635999987,
                -8.81629110199998
              ],
              [
                -74.91131260883174,
                -8.823281227056725
              ],
              [
                -74.93382273375562,
                -8.85012510084357
              ],
              [
                -74.94071210884618,
                -8.857892602111974
              ],
              [
                -74.9544722307092,
                -8.863568022137656
              ],
              [
                -74.96615003943526,
                -8.818580015081977
              ],
              [
                -74.96582003857884,
                -8.814970014912603
              ],
              [
                -74.96568003932282,
                -8.813740015192764
              ],
              [
                -74.96597003934744,
                -8.810330014960073
              ],
              [
                -74.9657700393675,
                -8.807980015227486
              ],
              [
                -74.96511003928299,
                -8.80604001530287
              ],
              [
                -74.96352003911488,
                -8.803310014558576
              ],
              [
                -74.9611000389445,
                -8.80058001511378
              ],
              [
                -74.95667003877134,
                -8.794710015059081
              ],
              [
                -74.95648003872566,
                -8.794220015343456
              ],
              [
                -74.95596003862056,
                -8.790920015083657
              ],
              [
                -74.95395003862717,
                -8.788760015137711
              ],
              [
                -74.95074003915926,
                -8.785830015094689
              ],
              [
                -74.94871003856747,
                -8.783000015088874
              ],
              [
                -74.94634003898477,
                -8.77983001473234
              ],
              [
                -74.94701003906664,
                -8.777850015164745
              ],
              [
                -74.9457600393032,
                -8.773260015150015
              ],
              [
                -74.94544003937966,
                -8.769760015024303
              ],
              [
                -74.94193003927097,
                -8.757660014843736
              ],
              [
                -74.94195003930201,
                -8.754380015263962
              ],
              [
                -74.94293003865562,
                -8.750330015077736
              ],
              [
                -74.94236003883145,
                -8.743640014776531
              ],
              [
                -74.94293214631062,
                -8.741943815974423
              ],
              [
                -74.94566003909091,
                -8.738010014585313
              ],
              [
                -74.94569003873715,
                -8.733950014808329
              ],
              [
                -74.94582003882277,
                -8.732380014640398
              ],
              [
                -74.94359003929492,
                -8.726480014635058
              ],
              [
                -74.94344003933827,
                -8.725580014774039
              ],
              [
                -74.94153003858924,
                -8.721350015223663
              ],
              [
                -74.94257003923394,
                -8.719570014704686
              ],
              [
                -74.94201003915413,
                -8.717220015329133
              ],
              [
                -74.94202942809898,
                -8.71661558756324
              ],
              [
                -74.94348003889127,
                -8.714120015428989
              ],
              [
                -74.94354357722409,
                -8.713903985984985
              ],
              [
                -74.943712479689,
                -8.711904612082435
              ],
              [
                -74.94436003863518,
                -8.711970014811698
              ],
              [
                -74.94391948299096,
                -8.710929737270192
              ],
              [
                -74.94374388877543,
                -8.710746908261626
              ],
              [
                -74.94363473413563,
                -8.710427851781787
              ],
              [
                -74.94397003936808,
                -8.710160015097586
              ],
              [
                -74.94568003907551,
                -8.709890015364977
              ],
              [
                -74.9523300388476,
                -8.704310014547843
              ],
              [
                -74.95335003872117,
                -8.703690015348116
              ],
              [
                -74.95208785899996,
                -8.699638726999979
              ],
              [
                -74.95679498399988,
                -8.694085976999816
              ],
              [
                -74.95748823399987,
                -8.692546850999918
              ],
              [
                -74.95833598399986,
                -8.685095726999975
              ],
              [
                -74.95870123499986,
                -8.685031226999968
              ],
              [
                -74.9599453589999,
                -8.684435601999894
              ],
              [
                -74.95972460899998,
                -8.68418160099992
              ],
              [
                -74.96012885999994,
                -8.683765601999937
              ],
              [
                -74.96111323399987,
                -8.682914101999927
              ],
              [
                -74.96192185899997,
                -8.682607351999934
              ],
              [
                -74.96206635999994,
                -8.680870975999824
              ],
              [
                -74.96275385899997,
                -8.679468725999868
              ],
              [
                -74.96228710899999,
                -8.679189476999966
              ],
              [
                -74.96254685899999,
                -8.678392601999917
              ],
              [
                -74.96347073399988,
                -8.678220726999939
              ],
              [
                -74.96387498399986,
                -8.677742226999953
              ],
              [
                -74.96372260999993,
                -8.676628851999908
              ],
              [
                -74.96585935899998,
                -8.674757851999914
              ],
              [
                -74.96643160899998,
                -8.673380850999934
              ],
              [
                -74.96679685899994,
                -8.67082222599987
              ],
              [
                -74.96591210899999,
                -8.66986322699995
              ],
              [
                -74.96474410899998,
                -8.668171851999887
              ],
              [
                -74.96417185899998,
                -8.666861350999909
              ],
              [
                -74.96607223500001,
                -8.666552726999953
              ],
              [
                -74.96668160899998,
                -8.666119226999967
              ],
              [
                -74.96528710899997,
                -8.663929726999982
              ],
              [
                -74.964363235,
                -8.66315247599988
              ],
              [
                -74.96460748399988,
                -8.659035101999848
              ],
              [
                -74.96234185899982,
                -8.659398476999911
              ],
              [
                -74.96179885899994,
                -8.659179726999923
              ],
              [
                -74.96366210899998,
                -8.65656635199997
              ],
              [
                -74.96345510999993,
                -8.655128851999962
              ],
              [
                -74.9630898599998,
                -8.653499975999978
              ],
              [
                -74.96309573499985,
                -8.653093726999941
              ],
              [
                -74.962882859,
                -8.652261726999939
              ],
              [
                -74.96132623499989,
                -8.651673851999874
              ],
              [
                -74.96160160899979,
                -8.65120310199984
              ],
              [
                -74.96313473399988,
                -8.650361351999834
              ],
              [
                -74.96351560899996,
                -8.649619101999974
              ],
              [
                -74.96208985899983,
                -8.645423850999919
              ],
              [
                -74.96226560999992,
                -8.643324101999951
              ],
              [
                -74.9610058589999,
                -8.643388726999945
              ],
              [
                -74.95916798400003,
                -8.643695350999906
              ],
              [
                -74.95890810899994,
                -8.643314476999933
              ],
              [
                -74.95803910899997,
                -8.637171850999891
              ],
              [
                -74.95692385899997,
                -8.637263726999947
              ],
              [
                -74.95658198399985,
                -8.636728476999906
              ],
              [
                -74.95562698499998,
                -8.634595726999919
              ],
              [
                -74.955665985,
                -8.634386725999946
              ],
              [
                -74.9560234839999,
                -8.633247976999883
              ],
              [
                -74.95581835899998,
                -8.63312885099998
              ],
              [
                -74.95603123499984,
                -8.629439476999892
              ],
              [
                -74.95506248399988,
                -8.628099600999974
              ],
              [
                -74.95551360999991,
                -8.623533226999882
              ],
              [
                -74.95307223399988,
                -8.620664101999921
              ],
              [
                -74.95291210899995,
                -8.62038472599994
              ],
              [
                -74.95382623499984,
                -8.619515600999819
              ],
              [
                -74.95206448399989,
                -8.614902350999955
              ],
              [
                -74.95053910899998,
                -8.61456847699992
              ],
              [
                -74.95097248399998,
                -8.613419976999865
              ],
              [
                -74.95198048499986,
                -8.612677725999902
              ],
              [
                -74.95169923499998,
                -8.612054726999872
              ],
              [
                -74.95002735999992,
                -8.611068226999976
              ],
              [
                -74.95006635899995,
                -8.610804725999913
              ],
              [
                -74.95051560999991,
                -8.610425725999903
              ],
              [
                -74.94832623400004,
                -8.60602935199995
              ],
              [
                -74.94668560899993,
                -8.605812475999926
              ],
              [
                -74.94450385899995,
                -8.603476726999872
              ],
              [
                -74.94273435999992,
                -8.604263726999875
              ],
              [
                -74.94092573399985,
                -8.59989447599986
              ],
              [
                -74.94049023499997,
                -8.598880975999919
              ],
              [
                -74.93989648399986,
                -8.597958976999962
              ],
              [
                -74.93970510899993,
                -8.597498101999975
              ],
              [
                -74.93978910999988,
                -8.594613226999968
              ],
              [
                -74.93926173399984,
                -8.593220725999856
              ],
              [
                -74.9408262349998,
                -8.589492226999823
              ],
              [
                -74.94152148399985,
                -8.589050726999972
              ],
              [
                -74.94342773400001,
                -8.588398476999828
              ],
              [
                -74.94386335899992,
                -8.587720726999976
              ],
              [
                -74.94370298399997,
                -8.586789100999965
              ],
              [
                -74.94330660899993,
                -8.58658197699998
              ],
              [
                -74.94409960899975,
                -8.582140600999935
              ],
              [
                -74.94708198399985,
                -8.581326225999874
              ],
              [
                -74.94750973499998,
                -8.581226601999902
              ],
              [
                -74.94826560899992,
                -8.581343726999933
              ],
              [
                -74.94961523499984,
                -8.580910101999905
              ],
              [
                -74.94757798499995,
                -8.580115225999975
              ],
              [
                -74.94853123399986,
                -8.577880851999907
              ],
              [
                -74.94733398400001,
                -8.575673851999909
              ],
              [
                -74.94813473399984,
                -8.573230476999925
              ],
              [
                -74.95127148499984,
                -8.572425600999907
              ],
              [
                -74.95202735899989,
                -8.569667975999948
              ],
              [
                -74.95588673399988,
                -8.567777350999904
              ],
              [
                -74.9579159839999,
                -8.567994101999886
              ],
              [
                -74.95819923399989,
                -8.56677347699997
              ],
              [
                -74.95979298399988,
                -8.566339850999896
              ],
              [
                -74.9594043589999,
                -8.563490226999932
              ],
              [
                -74.9591074839999,
                -8.562576225999976
              ],
              [
                -74.96062498399988,
                -8.562578101999975
              ],
              [
                -74.96431635999994,
                -8.556119101999968
              ],
              [
                -74.96341010899994,
                -8.555792976999953
              ],
              [
                -74.96321085999995,
                -8.555638726999973
              ],
              [
                -74.96304298399991,
                -8.555242226999951
              ],
              [
                -74.96313473499987,
                -8.5549981019999
              ],
              [
                -74.96382810899996,
                -8.554390600999909
              ],
              [
                -74.96277535899998,
                -8.553304725999965
              ],
              [
                -74.96439448399985,
                -8.550591851999968
              ],
              [
                -74.96422648499987,
                -8.549732476999964
              ],
              [
                -74.96435548499988,
                -8.546937476999915
              ],
              [
                -74.96485935899983,
                -8.54555472699991
              ],
              [
                -74.9682694839999,
                -8.538662101999819
              ],
              [
                -74.96910160899984,
                -8.536761726999885
              ],
              [
                -74.97094723399971,
                -8.534283226999946
              ],
              [
                -74.97181648399993,
                -8.534320351999952
              ],
              [
                -74.97371685899998,
                -8.535162101999958
              ],
              [
                -74.97629498499987,
                -8.532982476999905
              ],
              [
                -74.97641010999996,
                -8.531796851999957
              ],
              [
                -74.97852335999994,
                -8.530341850999832
              ],
              [
                -74.97904298399993,
                -8.528287101999979
              ],
              [
                -74.977402359,
                -8.524705101999928
              ],
              [
                -74.978462859,
                -8.522851475999914
              ],
              [
                -74.98040035899999,
                -8.523384726999893
              ],
              [
                -74.98331448399995,
                -8.522572226999898
              ],
              [
                -74.98286523399992,
                -8.520064476999892
              ],
              [
                -74.98526760899983,
                -8.5189804769999
              ],
              [
                -74.98847260899981,
                -8.5189804769999
              ],
              [
                -74.98689260999998,
                -8.512693350999939
              ],
              [
                -74.99031060899983,
                -8.509781226999849
              ],
              [
                -74.99062310900001,
                -8.50909372599989
              ],
              [
                -74.99212685999998,
                -8.508488225999884
              ],
              [
                -74.99318748499991,
                -8.507818351999958
              ],
              [
                -74.99597260899986,
                -8.505603476999966
              ],
              [
                -74.99644536,
                -8.50596485199992
              ],
              [
                -74.99675010899989,
                -8.506824226999981
              ],
              [
                -74.99733798399996,
                -8.507257851999952
              ],
              [
                -74.99749023399994,
                -8.50719535099995
              ],
              [
                -74.99864260899989,
                -8.506062475999897
              ],
              [
                -74.99822260999997,
                -8.503638725999906
              ],
              [
                -74.99806248399995,
                -8.503052725999908
              ],
              [
                -74.99829098499993,
                -8.502843725999867
              ],
              [
                -74.99942773399994,
                -8.502644476999876
              ],
              [
                -75.00033785899996,
                -8.500802726999837
              ],
              [
                -75.00042773399997,
                -8.498828100999958
              ],
              [
                -75.0042562886714,
                -8.490879265136755
              ],
              [
                -75.00448991390442,
                -8.490235390366081
              ],
              [
                -75.00460891371222,
                -8.48676138997314
              ],
              [
                -75.00373778914525,
                -8.483085139610068
              ],
              [
                -75.00585816374354,
                -8.48137188959737
              ],
              [
                -75.00651253868295,
                -8.480277264912786
              ],
              [
                -75.00605691374125,
                -8.477442890051748
              ],
              [
                -75.0096890388478,
                -8.47699363972066
              ],
              [
                -75.00900297929036,
                -8.475121101426566
              ],
              [
                -75.00912991366238,
                -8.474412014548022
              ],
              [
                -75.01134278857722,
                -8.471592264976778
              ],
              [
                -75.0094986642153,
                -8.470949889552458
              ],
              [
                -75.00935591358495,
                -8.470640515153548
              ],
              [
                -75.01071228927583,
                -8.469415140311696
              ],
              [
                -75.01027203915334,
                -8.467190265385625
              ],
              [
                -75.01114053937113,
                -8.464251639782674
              ],
              [
                -75.01045053902192,
                -8.46156288995445
              ],
              [
                -75.01107028880887,
                -8.46213801492246
              ],
              [
                -75.01223503863008,
                -8.461848389835609
              ],
              [
                -75.01203278884464,
                -8.46147963994855
              ],
              [
                -75.01148553934354,
                -8.460378140298303
              ],
              [
                -75.01152128884894,
                -8.45931426529421
              ],
              [
                -75.01379366381428,
                -8.45980201458849
              ],
              [
                -75.01406728894244,
                -8.459956765307766
              ],
              [
                -75.01531653878709,
                -8.454507765236428
              ],
              [
                -75.01686316361673,
                -8.453151515161494
              ],
              [
                -75.01661328930737,
                -8.452984889689446
              ],
              [
                -75.01352003893163,
                -8.454721889614746
              ],
              [
                -75.013079789085,
                -8.452996764561817
              ],
              [
                -75.0144480393588,
                -8.449201515010543
              ],
              [
                -75.01474541364195,
                -8.44995114018343
              ],
              [
                -75.01512366436486,
                -8.450381139967135
              ],
              [
                -75.01525703861296,
                -8.450462639742284
              ],
              [
                -75.01556628867337,
                -8.449998639928538
              ],
              [
                -75.01556628859487,
                -8.449702139628755
              ],
              [
                -75.0165532156878,
                -8.450425726999924
              ],
              [
                -75.01683941415467,
                -8.450534015078176
              ],
              [
                -75.01727953933408,
                -8.45010576544621
              ],
              [
                -75.01813616382083,
                -8.449035014849585
              ],
              [
                -75.01934016406148,
                -8.446413389739007
              ],
              [
                -75.01996828905845,
                -8.446286764891227
              ],
              [
                -75.02078928856213,
                -8.445822765211119
              ],
              [
                -75.02071416368568,
                -8.446255764825253
              ],
              [
                -75.02241916436583,
                -8.445299265056804
              ],
              [
                -75.02243003914936,
                -8.44442701464169
              ],
              [
                -75.02279991428031,
                -8.442551014843616
              ],
              [
                -75.02329953920184,
                -8.442408265139818
              ],
              [
                -75.0240491636306,
                -8.442717514910669
              ],
              [
                -75.02439416384965,
                -8.442848389820085
              ],
              [
                -75.02501553870923,
                -8.442634639678431
              ],
              [
                -75.0246148018258,
                -8.438440208835232
              ],
              [
                -75.02458453874294,
                -8.438065639801323
              ],
              [
                -75.02600028855011,
                -8.43747076472198
              ],
              [
                -75.02610741367522,
                -8.437494640061004
              ],
              [
                -75.02697703930477,
                -8.436788515109697
              ],
              [
                -75.02717816380004,
                -8.436376265399758
              ],
              [
                -75.0272970387565,
                -8.436055014894464
              ],
              [
                -75.02715428934005,
                -8.435365015072307
              ],
              [
                -75.02704728882065,
                -8.43499614010642
              ],
              [
                -75.02688066427584,
                -8.434246639614003
              ],
              [
                -75.02804105624199,
                -8.433250972878284
              ],
              [
                -75.02842728927874,
                -8.432795140400742
              ],
              [
                -75.02822503860682,
                -8.432140889708194
              ],
              [
                -75.0269969140802,
                -8.43208863967294
              ],
              [
                -75.02638103938637,
                -8.431938515025934
              ],
              [
                -75.02654753912384,
                -8.430701265024368
              ],
              [
                -75.02711866425682,
                -8.430142140411704
              ],
              [
                -75.02743428870349,
                -8.429914140122833
              ],
              [
                -75.02765518625137,
                -8.429788731260203
              ],
              [
                -75.02909353895808,
                -8.427834014637313
              ],
              [
                -75.02883178899424,
                -8.426906015148745
              ],
              [
                -75.02823691419638,
                -8.42553776467139
              ],
              [
                -75.02809416397673,
                -8.425359390415224
              ],
              [
                -75.02758266427583,
                -8.42484776488999
              ],
              [
                -75.02736841422586,
                -8.42469314035867
              ],
              [
                -75.02708435493395,
                -8.424507143590233
              ],
              [
                -75.02697591358987,
                -8.424324265055134
              ],
              [
                -75.02896266379537,
                -8.421873514854042
              ],
              [
                -75.02901028908957,
                -8.420267265409109
              ],
              [
                -75.02883178896502,
                -8.41988663965003
              ],
              [
                -75.02872478932068,
                -8.4184946399659
              ],
              [
                -75.02891516412478,
                -8.418066264630966
              ],
              [
                -75.02936861972853,
                -8.417561470546104
              ],
              [
                -75.02973603896999,
                -8.417269140228484
              ],
              [
                -75.02990253940942,
                -8.416662389770238
              ],
              [
                -75.02964091399451,
                -8.416150889595428
              ],
              [
                -75.02843078885093,
                -8.416026639553934
              ],
              [
                -75.02676166358128,
                -8.413819015043373
              ],
              [
                -75.0266944136356,
                -8.413165515302467
              ],
              [
                -75.02672753878977,
                -8.412793890435069
              ],
              [
                -75.02676166422691,
                -8.412676889894612
              ],
              [
                -75.02689450696346,
                -8.412327853499619
              ],
              [
                -75.02705916390238,
                -8.411356264727601
              ],
              [
                -75.02646428903284,
                -8.410868389855466
              ],
              [
                -75.02584566358473,
                -8.41080901467069
              ],
              [
                -75.02517941394046,
                -8.411427639917292
              ],
              [
                -75.02434653937758,
                -8.412105764857188
              ],
              [
                -75.02357328897688,
                -8.412284265326718
              ],
              [
                -75.02193141378115,
                -8.413366890108534
              ],
              [
                -75.02176478902345,
                -8.412855265289409
              ],
              [
                -75.02176478916181,
                -8.41238443330127
              ],
              [
                -75.02181241438291,
                -8.411760764892165
              ],
              [
                -75.02188566392829,
                -8.41060076457893
              ],
              [
                -75.02172428857352,
                -8.410113514838201
              ],
              [
                -75.0216696636935,
                -8.410023765169115
              ],
              [
                -75.02082491417951,
                -8.409524015206614
              ],
              [
                -75.0204204141823,
                -8.409357514762974
              ],
              [
                -75.01975416369942,
                -8.40934563964413
              ],
              [
                -75.01898091393929,
                -8.40991663956089
              ],
              [
                -75.01791016422419,
                -8.41074951505675
              ],
              [
                -75.01617316391241,
                -8.408941140404409
              ],
              [
                -75.01597241393807,
                -8.408435265444268
              ],
              [
                -75.01532841388428,
                -8.407727515200236
              ],
              [
                -75.0144480386353,
                -8.407406389887342
              ],
              [
                -75.01302941405908,
                -8.407283140146433
              ],
              [
                -75.0120685394495,
                -8.405621764822001
              ],
              [
                -75.01207370404575,
                -8.405131487727374
              ],
              [
                -75.0128537892046,
                -8.403801390377225
              ],
              [
                -75.0130797891378,
                -8.4033375153939
              ],
              [
                -75.01273478909269,
                -8.402802015271789
              ],
              [
                -75.01180291389488,
                -8.402719764877133
              ],
              [
                -75.01044128935865,
                -8.401875015173516
              ],
              [
                -75.01076090866133,
                -8.401563395248786
              ],
              [
                -75.01076716357346,
                -8.401555265087723
              ],
              [
                -75.01109928937694,
                -8.401167890428894
              ],
              [
                -75.01155691430148,
                -8.400912889970982
              ],
              [
                -75.01230066357272,
                -8.400654139884125
              ],
              [
                -75.01302416434356,
                -8.400442140079235
              ],
              [
                -75.01414141373073,
                -8.399652015201582
              ],
              [
                -75.01427216393301,
                -8.399350264917189
              ],
              [
                -75.01205853900592,
                -8.39734889035725
              ],
              [
                -75.01205241402505,
                -8.397084390179486
              ],
              [
                -75.01346691362187,
                -8.396362889681825
              ],
              [
                -75.01480691379714,
                -8.396242889964753
              ],
              [
                -75.01559816435497,
                -8.395971515329279
              ],
              [
                -75.01613191367602,
                -8.395156015139207
              ],
              [
                -75.01619128875944,
                -8.394088515285262
              ],
              [
                -75.01619128927734,
                -8.39342126492079
              ],
              [
                -75.01338891387894,
                -8.3926502651683
              ],
              [
                -75.01309403932856,
                -8.392626639500122
              ],
              [
                -75.01104850344575,
                -8.389839365924729
              ],
              [
                -75.0095764920743,
                -8.39019839382263
              ],
              [
                -75.00708306289641,
                -8.389959120226479
              ],
              [
                -75.00464970377914,
                -8.38834370493447
              ],
              [
                -75.00428920265148,
                -8.387655645921143
              ],
              [
                -75.00404886380096,
                -8.386668428356302
              ],
              [
                -75.00386860624417,
                -8.38550171526714
              ],
              [
                -75.00386858140075,
                -8.382988789594151
              ],
              [
                -75.0041088955465,
                -8.38188190364292
              ],
              [
                -75.00446937395327,
                -8.381074173213165
              ],
              [
                -75.00756349170052,
                -8.377992800510242
              ],
              [
                -75.011556530348,
                -8.375198049808148
              ],
              [
                -75.01902736003825,
                -8.371705100775387
              ],
              [
                -75.02306448502918,
                -8.367915975986705
              ],
              [
                -75.02664260891527,
                -8.362859351919042
              ],
              [
                -75.02790823522605,
                -8.359531226077479
              ],
              [
                -75.02928910905268,
                -8.352990225832116
              ],
              [
                -75.03055648505836,
                -8.344831975942327
              ],
              [
                -75.03232035999383,
                -8.331294602182481
              ],
              [
                -75.03540036009178,
                -8.321177726863937
              ],
              [
                -75.04035935978311,
                -8.312556601198935
              ],
              [
                -75.0425298600012,
                -8.310460476124547
              ],
              [
                -75.04795410993961,
                -8.307467226102744
              ],
              [
                -75.05123773410179,
                -8.304020351209317
              ],
              [
                -75.05389535995903,
                -8.297935851029195
              ],
              [
                -75.06122660992258,
                -8.288322225917739
              ],
              [
                -75.06914510899867,
                -8.28031935181707
              ],
              [
                -75.07434910990452,
                -8.27704885195567
              ],
              [
                -75.07888461010481,
                -8.277042351209673
              ],
              [
                -75.08144973405939,
                -8.273900100939386
              ],
              [
                -75.08535085905146,
                -8.273812725899916
              ],
              [
                -75.08647735890963,
                -8.273502476114402
              ],
              [
                -75.08729823412062,
                -8.273246352067986
              ],
              [
                -75.09316360905507,
                -8.270216352133843
              ],
              [
                -75.09429460880983,
                -8.270015476941808
              ],
              [
                -75.09518835904123,
                -8.26990622609344
              ],
              [
                -75.1016821099355,
                -8.271055351839436
              ],
              [
                -75.10505348517847,
                -8.268249602095977
              ],
              [
                -75.11034835897567,
                -8.265554727155802
              ],
              [
                -75.11440123483112,
                -8.267998476930075
              ],
              [
                -75.11681385994495,
                -8.267453725864584
              ],
              [
                -75.1180968597825,
                -8.266517727121709
              ],
              [
                -75.12164173487349,
                -8.26546235111823
              ],
              [
                -75.1285851101581,
                -8.265341351136726
              ],
              [
                -75.13028573512355,
                -8.265797227125063
              ],
              [
                -75.13126186009322,
                -8.27048460086462
              ],
              [
                -75.13127236016663,
                -8.270718850906292
              ],
              [
                -75.13195510909958,
                -8.273241100799225
              ],
              [
                -75.13387173511472,
                -8.272435600999131
              ],
              [
                -75.13520723519673,
                -8.272432101215202
              ],
              [
                -75.13870060910534,
                -8.272939225896721
              ],
              [
                -75.14260710898395,
                -8.27271385090961
              ],
              [
                -75.14327385918966,
                -8.268675850784689
              ],
              [
                -75.14758423408057,
                -8.265886851838502
              ],
              [
                -75.15115273383606,
                -8.264778727063344
              ],
              [
                -75.15367973386475,
                -8.265566351993698
              ],
              [
                -75.15690135889417,
                -8.267996600906827
              ],
              [
                -75.16288636004725,
                -8.26738310101672
              ],
              [
                -75.16339111019221,
                -8.267578226982266
              ],
              [
                -75.16475198484972,
                -8.267858851158678
              ],
              [
                -75.16515260996033,
                -8.267833851978537
              ],
              [
                -75.1672186088228,
                -8.267282976191325
              ],
              [
                -75.16770673513861,
                -8.267307976063194
              ],
              [
                -75.1724772340545,
                -8.267095102069902
              ],
              [
                -75.17274023483469,
                -8.267032475961969
              ],
              [
                -75.18031248396204,
                -8.26164647683413
              ],
              [
                -75.18270698382071,
                -8.25850572618424
              ],
              [
                -75.18457248414683,
                -8.257266226090849
              ],
              [
                -75.18635635880628,
                -8.258253476165066
              ],
              [
                -75.19593423411675,
                -8.258028851887047
              ],
              [
                -75.2030257348307,
                -8.257271976043796
              ],
              [
                -75.20431373386975,
                -8.255684225995822
              ],
              [
                -75.20596398500629,
                -8.251324350962932
              ],
              [
                -75.20808410906022,
                -8.24911322581221
              ],
              [
                -75.21096873482122,
                -8.244744101043125
              ],
              [
                -75.21400085979047,
                -8.241822226209479
              ],
              [
                -75.21523223409264,
                -8.241110601169169
              ],
              [
                -75.21776861008414,
                -8.2401179761207
              ],
              [
                -75.21994985890291,
                -8.2410414761099
              ],
              [
                -75.22370485900746,
                -8.240914977224747
              ],
              [
                -75.22923385990191,
                -8.239981850957918
              ],
              [
                -75.23245535880324,
                -8.241015227209687
              ],
              [
                -75.23673898394077,
                -8.241032851787566
              ],
              [
                -75.2406991100836,
                -8.242277975971604
              ],
              [
                -75.24272373420291,
                -8.243096476163316
              ],
              [
                -75.24548073408818,
                -8.244604225995317
              ],
              [
                -75.25187148419008,
                -8.251036227010047
              ],
              [
                -75.25802573509384,
                -8.255085351102593
              ],
              [
                -75.26508385911791,
                -8.25692910218089
              ],
              [
                -75.26708423386037,
                -8.260871101065106
              ],
              [
                -75.26942386013735,
                -8.262863226011348
              ],
              [
                -75.27219336013371,
                -8.263548852014537
              ],
              [
                -75.27410835916942,
                -8.262635975857904
              ],
              [
                -75.27552473512651,
                -8.26180985117901
              ],
              [
                -75.27753123487548,
                -8.260821351139327
              ],
              [
                -75.28602923396329,
                -8.260629601022288
              ],
              [
                -75.28889148498143,
                -8.258947601159889
              ],
              [
                -75.29082785882042,
                -8.2563486011706
              ],
              [
                -75.2924368602055,
                -8.256250851006484
              ],
              [
                -75.29308135907036,
                -8.256197602127827
              ],
              [
                -75.30128223411793,
                -8.25663747699548
              ],
              [
                -75.30536948517653,
                -8.25530047595413
              ],
              [
                -75.30771873417115,
                -8.253314351099846
              ],
              [
                -75.31203510916475,
                -8.25361972587973
              ],
              [
                -75.31510998497606,
                -8.253046601872086
              ],
              [
                -75.31596948392212,
                -8.253428725982758
              ],
              [
                -75.31789848399228,
                -8.253390600969396
              ],
              [
                -75.32280473483513,
                -8.250576226127862
              ],
              [
                -75.3329393590102,
                -8.247763726196695
              ],
              [
                -75.34239260993155,
                -8.246951101133902
              ],
              [
                -75.35414848491507,
                -8.247175725799707
              ],
              [
                -75.36455510978357,
                -8.246142100902205
              ],
              [
                -75.36523161018488,
                -8.24609460189356
              ],
              [
                -75.37175885895186,
                -8.244836725964717
              ],
              [
                -75.37596973509022,
                -8.245056975779278
              ],
              [
                -75.37851760979913,
                -8.244380475940034
              ],
              [
                -75.38122248482193,
                -8.241390351047528
              ],
              [
                -75.38648248501983,
                -8.24122522699605
              ],
              [
                -75.3900708601733,
                -8.236633851077215
              ],
              [
                -75.39466448481653,
                -8.23568997598153
              ],
              [
                -75.39696148500934,
                -8.236712475813079
              ],
              [
                -75.39722111000196,
                -8.236956350864261
              ],
              [
                -75.39861336012763,
                -8.238828477103084
              ],
              [
                -75.40050910995143,
                -8.239158851103696
              ],
              [
                -75.40095748402484,
                -8.239072350879553
              ],
              [
                -75.40221723515918,
                -8.238547976173038
              ],
              [
                -75.41150648506544,
                -8.24240022580176
              ],
              [
                -75.41169911008762,
                -8.242446100855204
              ],
              [
                -75.41491460978949,
                -8.243626726204866
              ],
              [
                -75.41573136018565,
                -8.24366422605982
              ],
              [
                -75.41877423505218,
                -8.241516476974482
              ],
              [
                -75.41917948504329,
                -8.237768977012934
              ],
              [
                -75.42031973389442,
                -8.235859725831688
              ],
              [
                -75.4304704848447,
                -8.231521352117909
              ],
              [
                -75.43155510983291,
                -8.228317976103142
              ],
              [
                -75.43650623490691,
                -8.230023476170913
              ],
              [
                -75.43890710885421,
                -8.223287350842611
              ],
              [
                -75.44097861011971,
                -8.220878350880525
              ],
              [
                -75.4433847348331,
                -8.216506476048153
              ],
              [
                -75.44350760881662,
                -8.216127602012989
              ],
              [
                -75.44836085980154,
                -8.212851226859925
              ],
              [
                -75.45189911010095,
                -8.211369475888148
              ],
              [
                -75.4529731208628,
                -8.210071700983349
              ],
              [
                -75.45275836008483,
                -8.209183600978008
              ],
              [
                -75.45234886012963,
                -8.208708475944377
              ],
              [
                -75.45047310989077,
                -8.207021226802283
              ],
              [
                -75.4486021102195,
                -8.202610476195673
              ],
              [
                -75.44079685988936,
                -8.198261850846507
              ],
              [
                -75.43763336012,
                -8.194849975960153
              ],
              [
                -75.43807048390556,
                -8.193507600882299
              ],
              [
                -75.43701035984304,
                -8.187872727051115
              ],
              [
                -75.43896985979484,
                -8.18297447696824
              ],
              [
                -75.43702948489306,
                -8.182335976219804
              ],
              [
                -75.43686785994885,
                -8.182263226930445
              ],
              [
                -75.43671423493265,
                -8.182109600842239
              ],
              [
                -75.43668185980823,
                -8.179449725896973
              ],
              [
                -75.43793348393166,
                -8.178319851026515
              ],
              [
                -75.43923886017967,
                -8.174874601175418
              ],
              [
                -75.43728273505724,
                -8.173376351151092
              ],
              [
                -75.43722023395492,
                -8.173195975856572
              ],
              [
                -75.43698448501692,
                -8.171877976928272
              ],
              [
                -75.43411260981856,
                -8.170324101076176
              ],
              [
                -75.43265586006095,
                -8.169599100837047
              ],
              [
                -75.43026023412722,
                -8.166724350936533
              ],
              [
                -75.43009623494987,
                -8.166598225823861
              ],
              [
                -75.42576261013949,
                -8.167496226003152
              ],
              [
                -75.4245027349387,
                -8.169777601953172
              ],
              [
                -75.41810648493714,
                -8.170977976123993
              ],
              [
                -75.41531292623256,
                -8.17054397617619
              ],
              [
                -75.41174373399991,
                -8.169186350999894
              ],
              [
                -75.41019835999987,
                -8.168886100999941
              ],
              [
                -75.40580235999983,
                -8.169855475999839
              ],
              [
                -75.40275060999977,
                -8.169802850999929
              ],
              [
                -75.40069848399986,
                -8.169487100999902
              ],
              [
                -75.39813148499974,
                -8.168468725999958
              ],
              [
                -75.39252223499989,
                -8.164216476999911
              ],
              [
                -75.39086273399988,
                -8.161285350999947
              ],
              [
                -75.3903411089999,
                -8.15824910099991
              ],
              [
                -75.39040548499997,
                -8.155650600999934
              ],
              [
                -75.39034985899991,
                -8.155420475999904
              ],
              [
                -75.38974948499992,
                -8.154446475999976
              ],
              [
                -75.38970110999992,
                -8.154248725999935
              ],
              [
                -75.38965235999984,
                -8.154060476999916
              ],
              [
                -75.38969423499992,
                -8.153837100999908
              ],
              [
                -75.38974998499992,
                -8.153704600999959
              ],
              [
                -75.39009873499992,
                -8.15288160099982
              ],
              [
                -75.39014060999983,
                -8.152602600999899
              ],
              [
                -75.39013360999996,
                -8.152546850999897
              ],
              [
                -75.38994523499991,
                -8.15226085199987
              ],
              [
                -75.38980573499992,
                -8.152156225999931
              ],
              [
                -75.38921285999999,
                -8.15162610099992
              ],
              [
                -75.38912223499995,
                -8.15152147599997
              ],
              [
                -75.38875435899996,
                -8.150555851999854
              ],
              [
                -75.38859910999992,
                -8.150391600999853
              ],
              [
                -75.38843873499997,
                -8.150307850999923
              ],
              [
                -75.38703673499987,
                -8.150147475999972
              ],
              [
                -75.38682748499997,
                -8.150091600999872
              ],
              [
                -75.38670885899984,
                -8.150021851999895
              ],
              [
                -75.38597198399998,
                -8.148941726999965
              ],
              [
                -75.38477498499986,
                -8.148018475999947
              ],
              [
                -75.38410060999985,
                -8.14764935099987
              ],
              [
                -75.3820702349999,
                -8.145394476999911
              ],
              [
                -75.38191160999992,
                -8.145235850999939
              ],
              [
                -75.37935835999997,
                -8.143104100999949
              ],
              [
                -75.37740610899982,
                -8.140205601999924
              ],
              [
                -75.37614698499982,
                -8.13877710099996
              ],
              [
                -75.37476323499999,
                -8.138545600999976
              ],
              [
                -75.37380735999994,
                -8.138619225999946
              ],
              [
                -75.36855048499984,
                -8.138894850999918
              ],
              [
                -75.36549398499983,
                -8.137879350999924
              ],
              [
                -75.35814160899997,
                -8.134276600999897
              ],
              [
                -75.35498460999997,
                -8.133726850999892
              ],
              [
                -75.35463623499993,
                -8.133660850999945
              ],
              [
                -75.35380648499984,
                -8.133432850999895
              ],
              [
                -75.35302723499984,
                -8.13306610099994
              ],
              [
                -75.3483316089999,
                -8.130347850999897
              ],
              [
                -75.34553773399983,
                -8.129410350999876
              ],
              [
                -75.3437766089998,
                -8.12921935099996
              ],
              [
                -75.33629548499994,
                -8.13166435099987
              ],
              [
                -75.33608598499984,
                -8.131766850999895
              ],
              [
                -75.33049085999983,
                -8.133758475999855
              ],
              [
                -75.32934673499983,
                -8.134869600999934
              ],
              [
                -75.32913523499991,
                -8.135213475999876
              ],
              [
                -75.32894885899987,
                -8.138276600999916
              ],
              [
                -75.32848460899999,
                -8.138681100999918
              ],
              [
                -75.32645198499995,
                -8.138558225999873
              ],
              [
                -75.32568385899998,
                -8.13858322599998
              ],
              [
                -75.32507685999985,
                -8.139028725999822
              ],
              [
                -75.32483848499993,
                -8.139244101999964
              ],
              [
                -75.32448473499988,
                -8.1393132259999
              ],
              [
                -75.32436948499986,
                -8.1393132259999
              ],
              [
                -75.3232353599999,
                -8.139261475999888
              ],
              [
                -75.31878935999993,
                -8.137639351999951
              ],
              [
                -75.31663935999984,
                -8.136362350999889
              ],
              [
                -75.31599985999986,
                -8.13607185099994
              ],
              [
                -75.31060548399984,
                -8.136050601999955
              ],
              [
                -75.31003898499995,
                -8.13547835099996
              ],
              [
                -75.30991585999993,
                -8.135163850999959
              ],
              [
                -75.30950510899993,
                -8.13445085099994
              ],
              [
                -75.30935285999993,
                -8.134168975999955
              ],
              [
                -75.30868573499998,
                -8.133154600999887
              ],
              [
                -75.30772810999997,
                -8.132340601999942
              ],
              [
                -75.30254835999995,
                -8.129709975999901
              ],
              [
                -75.29806635999984,
                -8.126450475999945
              ],
              [
                -75.29764348499992,
                -8.126304726999876
              ],
              [
                -75.29746860999984,
                -8.126290100999825
              ],
              [
                -75.29698010999994,
                -8.12632972599988
              ],
              [
                -75.29670148499997,
                -8.126412225999957
              ],
              [
                -75.2963269849999,
                -8.126515475999895
              ],
              [
                -75.29630785899991,
                -8.12651972599997
              ],
              [
                -75.29224423499994,
                -8.125990850999926
              ],
              [
                -75.28798173499996,
                -8.125483225999915
              ],
              [
                -75.28768310999993,
                -8.125587850999977
              ],
              [
                -75.28745923399998,
                -8.12575197599989
              ],
              [
                -75.28726510999991,
                -8.125916225999958
              ],
              [
                -75.28718298499996,
                -8.126028225999903
              ],
              [
                -75.28713823499993,
                -8.126110351999955
              ],
              [
                -75.28698885899996,
                -8.126692600999888
              ],
              [
                -75.28691123499993,
                -8.12705060099995
              ],
              [
                -75.28674998499991,
                -8.127215226999965
              ],
              [
                -75.28659323499983,
                -8.127259975999948
              ],
              [
                -75.28627973499982,
                -8.127237475999948
              ],
              [
                -75.28524960999994,
                -8.127177850999885
              ],
              [
                -75.28445948399985,
                -8.128327475999981
              ],
              [
                -75.28442835899989,
                -8.128879851999955
              ],
              [
                -75.28403273499998,
                -8.129365100999962
              ],
              [
                -75.28215685999993,
                -8.130322225999919
              ],
              [
                -75.28082060999986,
                -8.130841225999973
              ],
              [
                -75.28047023499983,
                -8.131064100999936
              ],
              [
                -75.27973760999987,
                -8.131645350999975
              ],
              [
                -75.27960223499986,
                -8.13177285199987
              ],
              [
                -75.2790129839999,
                -8.13174097599989
              ],
              [
                -75.27880585999986,
                -8.131669350999914
              ],
              [
                -75.27840010999995,
                -8.131725350999943
              ],
              [
                -75.27815310899996,
                -8.131820475999973
              ],
              [
                -75.27773435899985,
                -8.132027475999962
              ],
              [
                -75.27744610899998,
                -8.132150975999878
              ],
              [
                -75.27681310999992,
                -8.13236485099992
              ],
              [
                -75.27645135999984,
                -8.132397475999937
              ],
              [
                -75.27555723499984,
                -8.132322225999928
              ],
              [
                -75.27407885999992,
                -8.132288225999957
              ],
              [
                -75.27397260899983,
                -8.13234610099994
              ],
              [
                -75.27361435899985,
                -8.132768100999954
              ],
              [
                -75.27322410999989,
                -8.133373350999875
              ],
              [
                -75.27194935999984,
                -8.136107725999977
              ],
              [
                -75.27149798499988,
                -8.136559475999945
              ],
              [
                -75.26894198499997,
                -8.135946600999887
              ],
              [
                -75.26692023499993,
                -8.135887975999822
              ],
              [
                -75.26427223499985,
                -8.139945601999898
              ],
              [
                -75.26373423499984,
                -8.140426225999875
              ],
              [
                -75.26296748499982,
                -8.141124350999917
              ],
              [
                -75.26074310899997,
                -8.145977100999971
              ],
              [
                -75.26060548499987,
                -8.147084100999905
              ],
              [
                -75.26059048499997,
                -8.147346850999895
              ],
              [
                -75.26057985899996,
                -8.147389475999944
              ],
              [
                -75.26008010999976,
                -8.147654601999875
              ],
              [
                -75.25932198499999,
                -8.147609476999946
              ],
              [
                -75.25867648399986,
                -8.149118226999917
              ],
              [
                -75.25847385999998,
                -8.149328350999895
              ],
              [
                -75.25699098399986,
                -8.149632725999936
              ],
              [
                -75.2555724849999,
                -8.150104100999954
              ],
              [
                -75.25438510999999,
                -8.150208850999832
              ],
              [
                -75.2540831089998,
                -8.150130975999957
              ],
              [
                -75.25331148499987,
                -8.149610600999893
              ],
              [
                -75.25220523399992,
                -8.149821100999873
              ],
              [
                -75.25073598399985,
                -8.150605475999953
              ],
              [
                -75.24784073499984,
                -8.153445101999978
              ],
              [
                -75.2475741099999,
                -8.153863226999931
              ],
              [
                -75.24728410899996,
                -8.154772475999948
              ],
              [
                -75.24407785999989,
                -8.155530600999953
              ],
              [
                -75.24349135999995,
                -8.155353725999817
              ],
              [
                -75.24299310899994,
                -8.155152225999927
              ],
              [
                -75.2428863589999,
                -8.155074975999923
              ],
              [
                -75.2428681099999,
                -8.155056600999899
              ],
              [
                -75.24151010999998,
                -8.152690350999876
              ],
              [
                -75.24147323499994,
                -8.152638975999878
              ],
              [
                -75.24144748499987,
                -8.152609350999853
              ],
              [
                -75.24140335999994,
                -8.152572601999907
              ],
              [
                -75.23874023499985,
                -8.150800850999872
              ],
              [
                -75.23832748399991,
                -8.150697601999923
              ],
              [
                -75.23750785899995,
                -8.150623100999894
              ],
              [
                -75.23610310999993,
                -8.150382351999951
              ],
              [
                -75.23566085999988,
                -8.150576975999911
              ],
              [
                -75.23549548499989,
                -8.150550976999966
              ],
              [
                -75.23540623499991,
                -8.150501850999888
              ],
              [
                -75.23525435999983,
                -8.150381350999965
              ],
              [
                -75.23470060899984,
                -8.149854350999874
              ],
              [
                -75.23450848399978,
                -8.149550601999977
              ],
              [
                -75.23444985899988,
                -8.148841850999872
              ],
              [
                -75.2336053599999,
                -8.144838725999932
              ],
              [
                -75.23384435899987,
                -8.143751850999877
              ],
              [
                -75.23389060999989,
                -8.143620725999881
              ],
              [
                -75.23401398499988,
                -8.143443475999959
              ],
              [
                -75.23408335999977,
                -8.143327850999981
              ],
              [
                -75.23456135999987,
                -8.14274972599992
              ],
              [
                -75.23463073399984,
                -8.142649475999974
              ],
              [
                -75.23563285899996,
                -8.140668350999931
              ],
              [
                -75.23578135999992,
                -8.140258475999872
              ],
              [
                -75.23568273499984,
                -8.140100725999957
              ],
              [
                -75.23543273499985,
                -8.139903475999972
              ],
              [
                -75.23517610999977,
                -8.139738975999876
              ],
              [
                -75.23509060999987,
                -8.139699475999976
              ],
              [
                -75.23482760999991,
                -8.139673226999946
              ],
              [
                -75.23425535999979,
                -8.139699475999976
              ],
              [
                -75.23407773499991,
                -8.139640350999969
              ],
              [
                -75.23393948499984,
                -8.139528475999953
              ],
              [
                -75.2337158599999,
                -8.139219350999952
              ],
              [
                -75.23342648499994,
                -8.13876535199995
              ],
              [
                -75.23315673499991,
                -8.13827860099991
              ],
              [
                -75.23303385899987,
                -8.138088475999893
              ],
              [
                -75.23238048499991,
                -8.137331350999887
              ],
              [
                -75.23139385899998,
                -8.136548600999959
              ],
              [
                -75.23039698499991,
                -8.135418725999898
              ],
              [
                -75.23017060999985,
                -8.135213350999948
              ],
              [
                -75.22972623399994,
                -8.134885726999926
              ],
              [
                -75.22922335899989,
                -8.134558350999953
              ],
              [
                -75.22856848499998,
                -8.133938476999901
              ],
              [
                -75.22724698499997,
                -8.132196100999977
              ],
              [
                -75.22676760899992,
                -8.132067475999918
              ],
              [
                -75.22570335899997,
                -8.131868600999894
              ],
              [
                -75.22489648499999,
                -8.13166985099997
              ],
              [
                -75.22463910999977,
                -8.131576225999936
              ],
              [
                -75.22405448399996,
                -8.131225475999884
              ],
              [
                -75.22309548499993,
                -8.130593976999933
              ],
              [
                -75.22284985999994,
                -8.130605600999843
              ],
              [
                -75.22253735999993,
                -8.13064772599995
              ],
              [
                -75.22223010999983,
                -8.13067560099995
              ],
              [
                -75.22158135899997,
                -8.130406225999934
              ],
              [
                -75.22104898399988,
                -8.130032600999925
              ],
              [
                -75.22055785999993,
                -8.129693476999932
              ],
              [
                -75.21938935999992,
                -8.128866850999941
              ],
              [
                -75.21901610899982,
                -8.128812475999894
              ],
              [
                -75.21723848499983,
                -8.1280796019999
              ],
              [
                -75.21569485899983,
                -8.127206476999959
              ],
              [
                -75.21547660999988,
                -8.12720647599997
              ],
              [
                -75.21457223499988,
                -8.127144100999942
              ],
              [
                -75.21444748499982,
                -8.127034850999962
              ],
              [
                -75.21418235999982,
                -8.126723101999858
              ],
              [
                -75.21410735899991,
                -8.126631975999942
              ],
              [
                -75.21376135899993,
                -8.12617735099991
              ],
              [
                -75.21332760899998,
                -8.125017100999912
              ],
              [
                -75.21265435999987,
                -8.124337350999895
              ],
              [
                -75.21245823499999,
                -8.124021100999926
              ],
              [
                -75.21236898399997,
                -8.123834350999914
              ],
              [
                -75.21167198499995,
                -8.121936100999903
              ],
              [
                -75.21143810999996,
                -8.120548350999911
              ],
              [
                -75.21111210999999,
                -8.118674976999898
              ],
              [
                -75.21087673399995,
                -8.118178350999926
              ],
              [
                -75.21070598399996,
                -8.11785972599995
              ],
              [
                -75.20942435999996,
                -8.1144004759999
              ],
              [
                -75.20935273499998,
                -8.11327472599993
              ],
              [
                -75.20923298399993,
                -8.112725976999911
              ],
              [
                -75.20898348499998,
                -8.111777851999875
              ],
              [
                -75.20898348499998,
                -8.111288850999927
              ],
              [
                -75.20916310899992,
                -8.110979475999898
              ],
              [
                -75.20988335899983,
                -8.110124600999882
              ],
              [
                -75.21002960899995,
                -8.109845225999948
              ],
              [
                -75.21010948399999,
                -8.109618851999869
              ],
              [
                -75.21010948499998,
                -8.109512600999949
              ],
              [
                -75.20982360999994,
                -8.107530850999922
              ],
              [
                -75.20968373499983,
                -8.10641235199995
              ],
              [
                -75.20975023499983,
                -8.1060929759999
              ],
              [
                -75.21074810999988,
                -8.104216975999918
              ],
              [
                -75.21090785899986,
                -8.104057226999942
              ],
              [
                -75.21157323499995,
                -8.103644725999914
              ],
              [
                -75.21179935899983,
                -8.10336535099998
              ],
              [
                -75.21208535999995,
                -8.101812975999962
              ],
              [
                -75.2123337349999,
                -8.101316225999824
              ],
              [
                -75.21252885999996,
                -8.100624351999954
              ],
              [
                -75.21171285999986,
                -8.100038975999837
              ],
              [
                -75.21118060899988,
                -8.100127600999883
              ],
              [
                -75.21043973499985,
                -8.100272850999886
              ],
              [
                -75.21035673499983,
                -8.100290725999969
              ],
              [
                -75.20972585899995,
                -8.1005711009999
              ],
              [
                -75.20875023499991,
                -8.10050035099988
              ],
              [
                -75.20828885999998,
                -8.100216226999919
              ],
              [
                -75.20809660899988,
                -8.099778725999954
              ],
              [
                -75.20786023499994,
                -8.09935297699991
              ],
              [
                -75.20665373499986,
                -8.098454100999959
              ],
              [
                -75.20625160999998,
                -8.098359475999871
              ],
              [
                -75.20544735899989,
                -8.098312100999863
              ],
              [
                -75.20469035899987,
                -8.096514350999882
              ],
              [
                -75.2047139839998,
                -8.095993976999978
              ],
              [
                -75.20476135999996,
                -8.095071475999873
              ],
              [
                -75.20479585899989,
                -8.094640225999967
              ],
              [
                -75.20503873399991,
                -8.092808350999917
              ],
              [
                -75.20499785999982,
                -8.090837225999906
              ],
              [
                -75.20492698499999,
                -8.089962101999959
              ],
              [
                -75.20166260999974,
                -8.087360100999888
              ],
              [
                -75.19977023399991,
                -8.087501975999885
              ],
              [
                -75.19839823399991,
                -8.087478351999891
              ],
              [
                -75.19817523499984,
                -8.087372100999914
              ],
              [
                -75.19598548499994,
                -8.085964475999958
              ],
              [
                -75.1957016099999,
                -8.085112975999948
              ],
              [
                -75.19539410899995,
                -8.084450475999915
              ],
              [
                -75.1951102349999,
                -8.083953850999876
              ],
              [
                -75.1934764849999,
                -8.081952225999885
              ],
              [
                -75.19117185999983,
                -8.080726350999896
              ],
              [
                -75.19058310999986,
                -8.080473975999894
              ],
              [
                -75.18932148499994,
                -8.079044225999894
              ],
              [
                -75.18887573399991,
                -8.0776349759999
              ],
              [
                -75.18820173399973,
                -8.072150225999962
              ],
              [
                -75.18900248399984,
                -8.069048725999949
              ],
              [
                -75.1908797349999,
                -8.065610225999933
              ],
              [
                -75.1949372339999,
                -8.05586522599998
              ],
              [
                -75.19545398499992,
                -8.054939475999959
              ],
              [
                -75.19592760899985,
                -8.053216850999888
              ],
              [
                -75.19481873499984,
                -8.05124322599994
              ],
              [
                -75.19435948499995,
                -8.050984850999953
              ],
              [
                -75.1925222349999,
                -8.05058297599993
              ],
              [
                -75.19215710999998,
                -8.050542350999933
              ],
              [
                -75.19072373399996,
                -8.049394850999931
              ],
              [
                -75.19051260999998,
                -8.049061475999963
              ],
              [
                -75.19034035999994,
                -8.047769600999857
              ],
              [
                -75.19045523499994,
                -8.047281600999952
              ],
              [
                -75.19097198499998,
                -8.045817475999968
              ],
              [
                -75.19088573399995,
                -8.044238475999975
              ],
              [
                -75.19039773499998,
                -8.042946850999954
              ],
              [
                -75.18996960999982,
                -8.042284975999905
              ],
              [
                -75.18632123499975,
                -8.035683601999835
              ],
              [
                -75.18617773499972,
                -8.032181225999864
              ],
              [
                -75.18724073499999,
                -8.0258064759999
              ],
              [
                -75.18728485899999,
                -8.025527225999895
              ],
              [
                -75.18699073499982,
                -8.021955600999888
              ],
              [
                -75.18632935999989,
                -8.01966247599995
              ],
              [
                -75.18569735999984,
                -8.018442600999833
              ],
              [
                -75.18467223499982,
                -8.017020475999914
              ],
              [
                -75.18433773499987,
                -8.01660235099996
              ],
              [
                -75.18299985999977,
                -8.01551535099992
              ],
              [
                -75.18147385899988,
                -8.014867225999922
              ],
              [
                -75.1784844849999,
                -8.01375935099992
              ],
              [
                -75.17746023499996,
                -8.013863850999883
              ],
              [
                -75.17614323499993,
                -8.013947475999942
              ],
              [
                -75.17307873499982,
                -8.010945350999975
              ],
              [
                -75.16913260899997,
                -8.006052600999965
              ],
              [
                -75.16824073399982,
                -8.005457975999889
              ],
              [
                -75.16470273499982,
                -8.004684975999965
              ],
              [
                -75.15535235899995,
                -8.003968976999886
              ],
              [
                -75.1501958589999,
                -8.002294600999903
              ],
              [
                -75.14966310899996,
                -8.001990100999933
              ],
              [
                -75.1474874839999,
                -7.999119101999895
              ],
              [
                -75.14624910999993,
                -7.99349447599991
              ],
              [
                -75.14642848399984,
                -7.988404350999929
              ],
              [
                -75.14612410899997,
                -7.986960225999894
              ],
              [
                -75.14599260999984,
                -7.985219600999926
              ],
              [
                -75.14586123399971,
                -7.981278475999886
              ],
              [
                -75.14410985999984,
                -7.979091725999979
              ],
              [
                -75.1424908589999,
                -7.978640600999938
              ],
              [
                -75.12119835999971,
                -7.978899850999824
              ],
              [
                -75.0941508599999,
                -7.974024350999912
              ],
              [
                -75.09221735999978,
                -7.973675725999954
              ],
              [
                -75.07055660899982,
                -7.960466850999865
              ],
              [
                -75.06540735999982,
                -7.959025850999979
              ],
              [
                -75.03334960899986,
                -7.950054725999962
              ],
              [
                -75.02338548499978,
                -7.957768725999813
              ],
              [
                -75.01595885999984,
                -7.965213475999917
              ],
              [
                -75.00553123499992,
                -7.970152350999911
              ],
              [
                -74.98225973399991,
                -7.968986350999899
              ],
              [
                -74.96314060999987,
                -7.99414847699984
              ],
              [
                -74.95404710899999,
                -8.011541850999947
              ],
              [
                -74.95030585899997,
                -8.016260100999887
              ],
              [
                -74.94645098399985,
                -8.021097475999852
              ],
              [
                -74.94456135899992,
                -8.022760350999931
              ],
              [
                -74.9408577339999,
                -8.025632475999885
              ],
              [
                -74.93707860899985,
                -8.02865585099994
              ],
              [
                -74.93486323499997,
                -8.030497975999936
              ],
              [
                -74.93258698499983,
                -8.033317225999895
              ],
              [
                -74.9319994839999,
                -8.035665850999976
              ],
              [
                -74.93038848399982,
                -8.039155225999934
              ],
              [
                -74.92902435999986,
                -8.041213350999953
              ],
              [
                -74.91871235899998,
                -8.053415100999871
              ],
              [
                -74.9079069849999,
                -8.066200475999835
              ],
              [
                -74.90193710899996,
                -8.075097850999953
              ],
              [
                -74.89643848499992,
                -8.081268225999963
              ],
              [
                -74.89176498399985,
                -8.083842350999817
              ],
              [
                -74.88792810899992,
                -8.084199475999867
              ],
              [
                -74.88439960999983,
                -8.083901725999908
              ],
              [
                -74.86588285999994,
                -8.076930600999901
              ],
              [
                -74.84038473499999,
                -8.058351600999913
              ],
              [
                -74.83557085899986,
                -8.057035100999883
              ],
              [
                -74.83233635899984,
                -8.057035100999883
              ],
              [
                -74.82483648399977,
                -8.057837850999874
              ],
              [
                -74.8193052339999,
                -8.057482475999961
              ],
              [
                -74.80188735899998,
                -8.05114847599998
              ],
              [
                -74.78770373399988,
                -8.046785100999841
              ],
              [
                -74.77902598399982,
                -8.042376350999916
              ],
              [
                -74.77125610899986,
                -8.036063225999897
              ],
              [
                -74.76895810899998,
                -8.032749225999964
              ],
              [
                -74.76774235899984,
                -8.030419100999893
              ],
              [
                -74.76390573399982,
                -8.020816975999821
              ],
              [
                -74.76261573399995,
                -8.018989475999945
              ],
              [
                -74.7605734839999,
                -8.016409475999922
              ],
              [
                -74.72794448399986,
                -7.981008975999885
              ],
              [
                -74.72596335899982,
                -7.979906350999954
              ],
              [
                -74.71897148399995,
                -7.979285975999971
              ],
              [
                -74.71462148399985,
                -7.980155100999866
              ],
              [
                -74.71127535899973,
                -7.979002350999963
              ],
              [
                -74.70112548399987,
                -7.969781975999922
              ],
              [
                -74.69461910899986,
                -7.965171726999927
              ],
              [
                -74.68901885900004,
                -7.959823975999939
              ],
              [
                -74.68237823499993,
                -7.954919350999944
              ],
              [
                -74.6748238589999,
                -7.950718225999879
              ],
              [
                -74.66844048400003,
                -7.945642100999919
              ],
              [
                -74.66069823399988,
                -7.943565600999875
              ],
              [
                -74.65116160899987,
                -7.943488725999828
              ],
              [
                -74.63770235899995,
                -7.942463225999973
              ],
              [
                -74.63388248399991,
                -7.941873600999941
              ],
              [
                -74.62798423399977,
                -7.939828100999875
              ],
              [
                -74.62242048400003,
                -7.931599600999959
              ],
              [
                -74.61370398399993,
                -7.917516225999975
              ],
              [
                -74.61014448399993,
                -7.913982475999887
              ],
              [
                -74.60436185899994,
                -7.900800725999886
              ],
              [
                -74.60264510899992,
                -7.892414100999929
              ],
              [
                -74.60207285899997,
                -7.886326225999881
              ],
              [
                -74.60242435899994,
                -7.879326225999819
              ],
              [
                -74.60127985899993,
                -7.873460975999933
              ],
              [
                -74.59668610899996,
                -7.861400350999872
              ],
              [
                -74.58902260899987,
                -7.849573225999961
              ],
              [
                -74.58532748399978,
                -7.843248850999942
              ],
              [
                -74.58104548399984,
                -7.834972725999933
              ],
              [
                -74.57575823399998,
                -7.827044975999911
              ],
              [
                -74.5726548589999,
                -7.82187710099987
              ],
              [
                -74.56974510899983,
                -7.815980475999879
              ],
              [
                -74.56854498400003,
                -7.81499997599991
              ],
              [
                -74.56225898399993,
                -7.813078725999958
              ],
              [
                -74.55712248399993,
                -7.808839350999904
              ],
              [
                -74.545615859,
                -7.795201225999961
              ],
              [
                -74.54059498399988,
                -7.791495725999937
              ],
              [
                -74.5271347339999,
                -7.787782600999947
              ],
              [
                -74.52465935899994,
                -7.786544850999917
              ],
              [
                -74.52311210900001,
                -7.78399210099991
              ],
              [
                -74.520597984,
                -7.782715600999893
              ],
              [
                -74.51711323399996,
                -7.783568350999928
              ],
              [
                -74.51597810899983,
                -7.780405725999913
              ],
              [
                -74.51571848399993,
                -7.777172600999961
              ],
              [
                -74.51778373399998,
                -7.766685600999892
              ],
              [
                -74.51789085899992,
                -7.763431350999952
              ],
              [
                -74.51954798399998,
                -7.760983725999949
              ],
              [
                -74.52602935899989,
                -7.75609372599996
              ],
              [
                -74.52784723399992,
                -7.755843600999981
              ],
              [
                -74.54319860899983,
                -7.755618975999937
              ],
              [
                -74.551056109,
                -7.748273975999894
              ],
              [
                -74.55788873400002,
                -7.748482475999936
              ],
              [
                -74.55893523399999,
                -7.747465225999974
              ],
              [
                -74.56076035900003,
                -7.74192972599991
              ],
              [
                -74.56249085900004,
                -7.738830100999962
              ],
              [
                -74.56836585899993,
                -7.731716850999817
              ],
              [
                -74.57164748399998,
                -7.726891850999891
              ],
              [
                -74.57345285899993,
                -7.719243600999903
              ],
              [
                -74.57561935899986,
                -7.714089975999912
              ],
              [
                -74.57771148399985,
                -7.710595725999895
              ],
              [
                -74.5820839839999,
                -7.706013725999981
              ],
              [
                -74.58403223399989,
                -7.698493725999924
              ],
              [
                -74.58345523399993,
                -7.692377474999944
              ],
              [
                -74.58345523399993,
                -7.685068600999955
              ],
              [
                -74.58047123399984,
                -7.68028422499998
              ],
              [
                -74.57515348399994,
                -7.679518100999928
              ],
              [
                -74.5740224839999,
                -7.67833285
              ],
              [
                -74.57082048399991,
                -7.668488225999965
              ],
              [
                -74.572764484,
                -7.660582850999958
              ],
              [
                -74.5737314839999,
                -7.649715349999951
              ],
              [
                -74.57702935899982,
                -7.642400350999935
              ],
              [
                -74.57601323399984,
                -7.638977101000023
              ],
              [
                -74.57724335899985,
                -7.635874850999926
              ],
              [
                -74.58160273399994,
                -7.634901350999939
              ],
              [
                -74.58413085899997,
                -7.630637350999905
              ],
              [
                -74.58804098399992,
                -7.630917975999921
              ],
              [
                -74.59102948399993,
                -7.628576475999921
              ],
              [
                -74.59750273400005,
                -7.617273975999979
              ],
              [
                -74.59885335899992,
                -7.615942974999825
              ],
              [
                -74.60757810899986,
                -7.609913975999973
              ],
              [
                -74.60918948399996,
                -7.608241475999932
              ],
              [
                -74.61419910899986,
                -7.599945475999903
              ],
              [
                -74.62753035899993,
                -7.586021725999899
              ],
              [
                -74.63129335899998,
                -7.579355850999946
              ],
              [
                -74.63721473399983,
                -7.571800724999946
              ],
              [
                -74.64245810899996,
                -7.563294224999879
              ],
              [
                -74.64403235899988,
                -7.559701974999939
              ],
              [
                -74.64467810899998,
                -7.553889725999966
              ],
              [
                -74.64127335899991,
                -7.540679600999965
              ],
              [
                -74.64115810899989,
                -7.534826100999965
              ],
              [
                -74.64531635899993,
                -7.520701100999929
              ],
              [
                -74.64552573399988,
                -7.517482726000026
              ],
              [
                -74.64479923399989,
                -7.512154975999977
              ],
              [
                -74.64338648399996,
                -7.506019849999973
              ],
              [
                -74.64290210900003,
                -7.500086476000035
              ],
              [
                -74.64060148399983,
                -7.494637600999908
              ],
              [
                -74.6337084839999,
                -7.48638972599997
              ],
              [
                -74.63063410899997,
                -7.481580974999815
              ],
              [
                -74.62566773399993,
                -7.467706349999958
              ],
              [
                -74.61607385899998,
                -7.43503759999993
              ],
              [
                -74.61272773399992,
                -7.431579975999909
              ],
              [
                -74.60782010899999,
                -7.42812234999991
              ],
              [
                -74.5974472339999,
                -7.425556975999939
              ],
              [
                -74.59287410899987,
                -7.423772350999968
              ],
              [
                -74.5849199839999,
                -7.417765974999952
              ],
              [
                -74.57952135899995,
                -7.409929474999956
              ],
              [
                -74.57595198400003,
                -7.40016047499995
              ],
              [
                -74.571334734,
                -7.388655350999898
              ],
              [
                -74.56658810899984,
                -7.362193225999931
              ],
              [
                -74.5660113589999,
                -7.359707724999907
              ],
              [
                -74.56317998399993,
                -7.355940849999968
              ],
              [
                -74.55910698399992,
                -7.353284599999938
              ],
              [
                -74.55679273399983,
                -7.34860972599995
              ],
              [
                -74.556677734,
                -7.34151559999998
              ],
              [
                -74.55197973400004,
                -7.337411974999895
              ],
              [
                -74.55035898399996,
                -7.334317850999923
              ],
              [
                -74.54519948400002,
                -7.328128974999913
              ],
              [
                -74.53571198399993,
                -7.320246975999964
              ],
              [
                -74.534178359,
                -7.315339850999976
              ],
              [
                -74.53371610899995,
                -7.307060225999976
              ],
              [
                -74.53550010899994,
                -7.297628599999882
              ],
              [
                -74.535727109,
                -7.294427350999968
              ],
              [
                -74.53102935899989,
                -7.290158224999971
              ],
              [
                -74.52691798399997,
                -7.287570725999899
              ],
              [
                -74.52628223399995,
                -7.28266659999997
              ],
              [
                -74.52442323399987,
                -7.27955047599994
              ],
              [
                -74.52074248399987,
                -7.276014350999958
              ],
              [
                -74.518971609,
                -7.275719100999936
              ],
              [
                -74.5147258589999,
                -7.276763600999971
              ],
              [
                -74.509449109,
                -7.27333622499998
              ],
              [
                -74.50770723399984,
                -7.271092975999977
              ],
              [
                -74.50176898399985,
                -7.266078474999972
              ],
              [
                -74.50009123399985,
                -7.262049474999912
              ],
              [
                -74.49788260899999,
                -7.263299099999927
              ],
              [
                -74.49677835899985,
                -7.266263100999936
              ],
              [
                -74.48806010899989,
                -7.268820600999902
              ],
              [
                -74.47967335899989,
                -7.272987224999952
              ],
              [
                -74.47305298399993,
                -7.274621849999903
              ],
              [
                -74.470519234,
                -7.27729184999987
              ],
              [
                -74.46833973399987,
                -7.283040350999954
              ],
              [
                -74.46791960799993,
                -7.290491974999952
              ],
              [
                -74.46434235899989,
                -7.294417849999945
              ],
              [
                -74.46425310899997,
                -7.297927474999938
              ],
              [
                -74.46265185899989,
                -7.298941225999954
              ],
              [
                -74.4577922329999,
                -7.29870460099994
              ],
              [
                -74.45613323399994,
                -7.297689599999956
              ],
              [
                -74.45375373399997,
                -7.298254725999925
              ],
              [
                -74.44820060899997,
                -7.301382350999972
              ],
              [
                -74.44595573399988,
                -7.306087600999888
              ],
              [
                -74.44411560899982,
                -7.30714109999991
              ],
              [
                -74.43886985900002,
                -7.30514222499994
              ],
              [
                -74.43558060899983,
                -7.30199934999996
              ],
              [
                -74.4331059829999,
                -7.301404600999945
              ],
              [
                -74.43079785899988,
                -7.302070850999883
              ],
              [
                -74.42863260899986,
                -7.306187099999875
              ],
              [
                -74.42271110799993,
                -7.311473350999904
              ],
              [
                -74.4197887339999,
                -7.311868224999898
              ],
              [
                -74.41382723399983,
                -7.314896850999958
              ],
              [
                -74.41009785799992,
                -7.314090224999973
              ],
              [
                -74.40733598399993,
                -7.314432474999876
              ],
              [
                -74.40510810899997,
                -7.316434224999966
              ],
              [
                -74.4013726089999,
                -7.315924475999964
              ],
              [
                -74.39397373399993,
                -7.317815349999933
              ],
              [
                -74.3882872339999,
                -7.316378600999883
              ],
              [
                -74.38394248400004,
                -7.316368975999978
              ],
              [
                -74.38000460899991,
                -7.317127599999935
              ],
              [
                -74.37538023399992,
                -7.316513475999955
              ],
              [
                -74.37198435899995,
                -7.317561099999921
              ],
              [
                -74.3701779839999,
                -7.317272100000025
              ],
              [
                -74.36660135799997,
                -7.320198224999899
              ],
              [
                -74.36472923399998,
                -7.329168100999937
              ],
              [
                -74.36156685899988,
                -7.336606725999957
              ],
              [
                -74.35657098399997,
                -7.336627725999847
              ],
              [
                -74.35076635899998,
                -7.34000447599982
              ],
              [
                -74.34764060899994,
                -7.343102225999871
              ],
              [
                -74.34235123399992,
                -7.345122099999969
              ],
              [
                -74.33550523400004,
                -7.345906974999934
              ],
              [
                -74.32935685799998,
                -7.348479724999947
              ],
              [
                -74.32403698399992,
                -7.349002975999952
              ],
              [
                -74.31623210899983,
                -7.351270349999879
              ],
              [
                -74.30602285899994,
                -7.352010725999946
              ],
              [
                -74.30062648300003,
                -7.351711224999974
              ],
              [
                -74.29344373399982,
                -7.35356634999988
              ],
              [
                -74.28809323399997,
                -7.35345497499992
              ],
              [
                -74.28403685799998,
                -7.354202224999938
              ],
              [
                -74.27907298399998,
                -7.353241474999948
              ],
              [
                -74.27675085899995,
                -7.349720475999902
              ],
              [
                -74.27330848399987,
                -7.347423725999931
              ],
              [
                -74.27058635899988,
                -7.3467832259999
              ],
              [
                -74.26703185900004,
                -7.349126849999834
              ],
              [
                -74.25902498299979,
                -7.344052474999899
              ],
              [
                -74.25365898399997,
                -7.343682474999923
              ],
              [
                -74.24964998399992,
                -7.345656225999903
              ],
              [
                -74.24455273399997,
                -7.347406225999919
              ],
              [
                -74.24074610799994,
                -7.354400350999981
              ],
              [
                -74.23809760799992,
                -7.357841850999876
              ],
              [
                -74.23372660899992,
                -7.360015600999873
              ],
              [
                -74.23061673400002,
                -7.360007725999935
              ],
              [
                -74.21751023399986,
                -7.361164224999868
              ],
              [
                -74.18847110900003,
                -7.358271349999882
              ],
              [
                -74.18085685899985,
                -7.358747224999945
              ],
              [
                -74.16943535799993,
                -7.364457975999926
              ],
              [
                -74.16182110799991,
                -7.371120474999884
              ],
              [
                -74.15206535899989,
                -7.375403475999974
              ],
              [
                -74.14824048399987,
                -7.375941100999967
              ],
              [
                -74.14163648299996,
                -7.377771725999878
              ],
              [
                -74.14116873399996,
                -7.37956635099988
              ],
              [
                -74.14163010899995,
                -7.388177224999936
              ],
              [
                -74.14071548399994,
                -7.392805099999975
              ],
              [
                -74.13838885899992,
                -7.396352350999905
              ],
              [
                -74.13293685899993,
                -7.40080235
              ],
              [
                -74.1297429839999,
                -7.402207600999873
              ],
              [
                -74.12096048299992,
                -7.403815475999977
              ],
              [
                -74.11538648399988,
                -7.406074100999945
              ],
              [
                -74.10149573399985,
                -7.414055475999817
              ],
              [
                -74.092087483,
                -7.422317350999947
              ],
              [
                -74.08017935899989,
                -7.428541974999916
              ],
              [
                -74.07196998299992,
                -7.434856974999889
              ],
              [
                -74.06662673299985,
                -7.438209349999909
              ],
              [
                -74.05959373299987,
                -7.440777350999952
              ],
              [
                -74.0545273589999,
                -7.444212975999903
              ],
              [
                -74.05004098299986,
                -7.446039100999826
              ],
              [
                -74.039965983,
                -7.448154724999881
              ],
              [
                -74.03910948299983,
                -7.448879475999888
              ],
              [
                -74.03779173399994,
                -7.454545725999878
              ],
              [
                -74.03759410899977,
                -7.459948474999976
              ],
              [
                -74.03673748399984,
                -7.463374600999941
              ],
              [
                -74.03518623299976,
                -7.46629672499995
              ],
              [
                -74.03591198399977,
                -7.470595850999928
              ],
              [
                -74.03557698299994,
                -7.472773350999887
              ],
              [
                -74.03730785899995,
                -7.477854100999934
              ],
              [
                -74.03647385799997,
                -7.481244474999926
              ],
              [
                -74.03379960899986,
                -7.48486459999998
              ],
              [
                -74.02777835899985,
                -7.487857850999944
              ],
              [
                -74.02602335900002,
                -7.489779225999939
              ],
              [
                -74.02325785799991,
                -7.489065099999891
              ],
              [
                -74.01837310799988,
                -7.491445350999925
              ],
              [
                -74.018804983,
                -7.494759474999967
              ],
              [
                -74.01806573300001,
                -7.498155725999936
              ],
              [
                -74.01401723299989,
                -7.50963859999996
              ],
              [
                -74.01339160799989,
                -7.512398975999929
              ],
              [
                -74.01046598399995,
                -7.515080850999937
              ],
              [
                -74.00482623399995,
                -7.518023599999879
              ],
              [
                -74.00163760899983,
                -7.517638975999944
              ],
              [
                -73.99788085799986,
                -7.519723099999908
              ],
              [
                -73.99098485799993,
                -7.528265850999958
              ],
              [
                -73.986785108,
                -7.531835975999911
              ],
              [
                -73.9830332329999,
                -7.534361350999973
              ]
            ]
          ]
        ],
        "type": "MultiPolygon"
      },
      "type": "Feature",
      "properties": {
        "PROVINCIA": "CORONEL PORTILLO",
        "name": "CORONEL PORTILLO",
        "ID": "250100",
        "DEPARTAMEN": "UCAYALI"
      }
    }
  ]
}
