{
  "type": "FeatureCollection",
  "features": [
    {
      "geometry": {
        "coordinates": [
          [
            [
              [
                -72.85496835699985,
                -5.138695348999931
              ],
              [
                -72.85875835799999,
                -5.139376223999932
              ],
              [
                -72.86049860799994,
                -5.140917847999958
              ],
              [
                -72.8614053579999,
                -5.144764222999868
              ],
              [
                -72.86247823199994,
                -5.145292597999969
              ],
              [
                -72.86603298199998,
                -5.143595223999966
              ],
              [
                -72.86870698199988,
                -5.144828223999923
              ],
              [
                -72.86638523199997,
                -5.149423848999959
              ],
              [
                -72.86662535799996,
                -5.15176159799995
              ],
              [
                -72.87216573199998,
                -5.151617473999977
              ],
              [
                -72.87623285699988,
                -5.153635097999938
              ],
              [
                -72.88010798199997,
                -5.158807097999954
              ],
              [
                -72.88571248199997,
                -5.161545222999962
              ],
              [
                -72.88724948299995,
                -5.163066472999958
              ],
              [
                -72.88788998299992,
                -5.165820598999915
              ],
              [
                -72.88692923199994,
                -5.170240097999965
              ],
              [
                -72.88420723199994,
                -5.175251972999945
              ],
              [
                -72.88257385799989,
                -5.175475973999824
              ],
              [
                -72.88041235699995,
                -5.173554598999942
              ],
              [
                -72.87802635699995,
                -5.173218347999978
              ],
              [
                -72.87716160799988,
                -5.175412098999971
              ],
              [
                -72.87873085799998,
                -5.182313473999955
              ],
              [
                -72.8804602329999,
                -5.185147722999886
              ],
              [
                -72.87849073199999,
                -5.18692509899995
              ],
              [
                -72.87495185699993,
                -5.184747347999973
              ],
              [
                -72.87359085699995,
                -5.183001973999978
              ],
              [
                -72.87596073299994,
                -5.1778139729999
              ],
              [
                -72.87459960799993,
                -5.176725097999963
              ],
              [
                -72.87242210699998,
                -5.178038097999888
              ],
              [
                -72.86967235799995,
                -5.178154597999935
              ],
              [
                -72.86912335699998,
                -5.179719472999921
              ],
              [
                -72.87165335699996,
                -5.183450347999951
              ],
              [
                -72.87149323299997,
                -5.186332598999968
              ],
              [
                -72.87317448199997,
                -5.187725722999971
              ],
              [
                -72.87586460699998,
                -5.187037223999937
              ],
              [
                -72.87672935799992,
                -5.188414222999882
              ],
              [
                -72.87584860699997,
                -5.193057847999967
              ],
              [
                -72.87421348199996,
                -5.193112973999916
              ],
              [
                -72.86934873199988,
                -5.196210097999938
              ],
              [
                -72.8690593579999,
                -5.199286723999933
              ],
              [
                -72.87090073199994,
                -5.202857473999813
              ],
              [
                -72.87440748299991,
                -5.202681347999885
              ],
              [
                -72.87495185699993,
                -5.20514747299984
              ],
              [
                -72.87122098299989,
                -5.207084848999898
              ],
              [
                -72.86681760699997,
                -5.206172222999896
              ],
              [
                -72.86489610799998,
                -5.207677222999962
              ],
              [
                -72.86459198299997,
                -5.211808473999952
              ],
              [
                -72.86812335699994,
                -5.21247259799992
              ],
              [
                -72.8673459819999,
                -5.21505909799987
              ],
              [
                -72.86920348299992,
                -5.218565723999916
              ],
              [
                -72.86620910699997,
                -5.220823598999971
              ],
              [
                -72.86619310799989,
                -5.224666598999875
              ],
              [
                -72.86761998199995,
                -5.226634723999837
              ],
              [
                -72.86428760699988,
                -5.232464597999922
              ],
              [
                -72.86403123299993,
                -5.234594222999931
              ],
              [
                -72.86710573199991,
                -5.237028222999925
              ],
              [
                -72.86758610699997,
                -5.242216222999957
              ],
              [
                -72.87253398199982,
                -5.247116098999925
              ],
              [
                -72.87327060699994,
                -5.248893473999885
              ],
              [
                -72.87120498199988,
                -5.250158472999942
              ],
              [
                -72.86832273199997,
                -5.247212097999977
              ],
              [
                -72.86430360799989,
                -5.245915097999955
              ],
              [
                -72.86223798199995,
                -5.247500348999893
              ],
              [
                -72.86729798199991,
                -5.248669222999979
              ],
              [
                -72.86822673199993,
                -5.250446598999872
              ],
              [
                -72.86856298199996,
                -5.255474597999978
              ],
              [
                -72.86787873299994,
                -5.26003059899989
              ],
              [
                -72.87083660699989,
                -5.262904347999893
              ],
              [
                -72.86705773199986,
                -5.263753098999871
              ],
              [
                -72.86556860699994,
                -5.267804222999871
              ],
              [
                -72.86122923299996,
                -5.269725723999954
              ],
              [
                -72.86143735699994,
                -5.27188734899994
              ],
              [
                -72.86592085799992,
                -5.273040222999953
              ],
              [
                -72.86789035699991,
                -5.274449347999905
              ],
              [
                -72.86757010699989,
                -5.276338972999952
              ],
              [
                -72.86476798299992,
                -5.278420472999926
              ],
              [
                -72.86824273199994,
                -5.282695848999936
              ],
              [
                -72.86843485799994,
                -5.28530584799995
              ],
              [
                -72.86718585699998,
                -5.290061597999909
              ],
              [
                -72.87013210699996,
                -5.29097422399991
              ],
              [
                -72.87458360699992,
                -5.288284348999923
              ],
              [
                -72.87533623199994,
                -5.291246472999887
              ],
              [
                -72.87104485699996,
                -5.292783723999889
              ],
              [
                -72.87083660799988,
                -5.294993473999966
              ],
              [
                -72.87599273299992,
                -5.297715597999911
              ],
              [
                -72.87620085799989,
                -5.300517723999974
              ],
              [
                -72.8800117319999,
                -5.303512097999942
              ],
              [
                -72.88054023299992,
                -5.306634598999892
              ],
              [
                -72.88265398299995,
                -5.307274972999949
              ],
              [
                -72.88600048199999,
                -5.304136598999889
              ],
              [
                -72.88864260699995,
                -5.30690672399993
              ],
              [
                -72.88918685799996,
                -5.310077223999883
              ],
              [
                -72.88468748199989,
                -5.308459973999959
              ],
              [
                -72.88326235699992,
                -5.311422223999898
              ],
              [
                -72.88630473299986,
                -5.3121588489999
              ],
              [
                -72.88676160699998,
                -5.313909223999872
              ],
              [
                -72.88507185799989,
                -5.318019348999883
              ],
              [
                -72.88665710699996,
                -5.319140223999966
              ],
              [
                -72.89027585699989,
                -5.31702659799987
              ],
              [
                -72.89189310699993,
                -5.318227598999954
              ],
              [
                -72.88836073199997,
                -5.321440348999943
              ],
              [
                -72.88814623199988,
                -5.323591723999868
              ],
              [
                -72.89077235699995,
                -5.32559334899986
              ],
              [
                -72.89568810699996,
                -5.324968848999958
              ],
              [
                -72.89865035699995,
                -5.326778222999906
              ],
              [
                -72.90170873299996,
                -5.329964722999875
              ],
              [
                -72.90416135699991,
                -5.333809098999893
              ],
              [
                -72.90475110699998,
                -5.33880359799997
              ],
              [
                -72.90249335799996,
                -5.339219972999956
              ],
              [
                -72.90036373199996,
                -5.335088722999899
              ],
              [
                -72.90005473199994,
                -5.332701098999962
              ],
              [
                -72.89669685699994,
                -5.331982223999944
              ],
              [
                -72.89594423299985,
                -5.33375972399989
              ],
              [
                -72.89749748199995,
                -5.336017472999913
              ],
              [
                -72.89744948199996,
                -5.341413598999907
              ],
              [
                -72.89559198199993,
                -5.343014848999871
              ],
              [
                -72.89443910799991,
                -5.347306222999975
              ],
              [
                -72.89093235699994,
                -5.349644098999931
              ],
              [
                -72.89190910799994,
                -5.351581598999928
              ],
              [
                -72.89538385799995,
                -5.350028348999956
              ],
              [
                -72.89749748199995,
                -5.349964347999958
              ],
              [
                -72.90233323299992,
                -5.351773723999941
              ],
              [
                -72.90705698199997,
                -5.356641472999911
              ],
              [
                -72.91062623199997,
                -5.361962097999935
              ],
              [
                -72.91024348199994,
                -5.363286723999977
              ],
              [
                -72.90689685699994,
                -5.363494848999949
              ],
              [
                -72.9052796069999,
                -5.365288223999926
              ],
              [
                -72.90691285799994,
                -5.370236098999953
              ],
              [
                -72.9110601079999,
                -5.370268098999929
              ],
              [
                -72.91224498199995,
                -5.373358598999914
              ],
              [
                -72.91863398299995,
                -5.374783722999894
              ],
              [
                -72.92020323199995,
                -5.378034222999929
              ],
              [
                -72.91663248299989,
                -5.380708348999917
              ],
              [
                -72.91679260699993,
                -5.384263098999952
              ],
              [
                -72.92080660799996,
                -5.386316347999923
              ],
              [
                -72.92130823199989,
                -5.39116447299989
              ],
              [
                -72.92058748299996,
                -5.394254848999879
              ],
              [
                -72.9216123569999,
                -5.396480598999915
              ],
              [
                -72.92689648299995,
                -5.397553473999949
              ],
              [
                -72.92726473299996,
                -5.402565348999929
              ],
              [
                -72.92437873299991,
                -5.405548472999953
              ],
              [
                -72.92465473299995,
                -5.408089723999979
              ],
              [
                -72.93097960699993,
                -5.411852598999928
              ],
              [
                -72.9329123579999,
                -5.41542409799996
              ],
              [
                -72.93756173299994,
                -5.416678347999891
              ],
              [
                -72.93880223199989,
                -5.419584598999904
              ],
              [
                -72.93788335699998,
                -5.421940348999954
              ],
              [
                -72.93529010799989,
                -5.424121097999944
              ],
              [
                -72.93724335699994,
                -5.426072973999965
              ],
              [
                -72.93912110799988,
                -5.429916848999937
              ],
              [
                -72.93707785799995,
                -5.434651722999945
              ],
              [
                -72.94163585799993,
                -5.440133097999876
              ],
              [
                -72.94637073199993,
                -5.43932759799992
              ],
              [
                -72.95230398299998,
                -5.444081972999925
              ],
              [
                -72.95179323299999,
                -5.445869847999973
              ],
              [
                -72.94878723199997,
                -5.445378723999852
              ],
              [
                -72.94601710799998,
                -5.446498598999938
              ],
              [
                -72.94534910799996,
                -5.448286347999897
              ],
              [
                -72.9471369819999,
                -5.450840472999914
              ],
              [
                -72.94623323199994,
                -5.454337598999928
              ],
              [
                -72.95517435799997,
                -5.461504472999877
              ],
              [
                -72.95790323299997,
                -5.464396598999883
              ],
              [
                -72.95442585699993,
                -5.466832848999957
              ],
              [
                -72.9566262329999,
                -5.469209973999966
              ],
              [
                -72.95791623299988,
                -5.472140223999872
              ],
              [
                -72.95861060699997,
                -5.480153223999935
              ],
              [
                -72.95650835799995,
                -5.48068359899986
              ],
              [
                -72.95359548199997,
                -5.477730973999883
              ],
              [
                -72.95019060699997,
                -5.478563472999952
              ],
              [
                -72.94955348199994,
                -5.481567723999888
              ],
              [
                -72.95436685699985,
                -5.484946972999978
              ],
              [
                -72.95696023199991,
                -5.487422348999928
              ],
              [
                -72.95659435699986,
                -5.491599473999941
              ],
              [
                -72.95980898199991,
                -5.4926680989999
              ],
              [
                -72.96163623199993,
                -5.496066848999931
              ],
              [
                -72.95915235699994,
                -5.497640598999908
              ],
              [
                -72.95859085799992,
                -5.49976047399997
              ],
              [
                -72.96214698199992,
                -5.505398973999945
              ],
              [
                -72.96198973199995,
                -5.506774348999897
              ],
              [
                -72.95788360699993,
                -5.511862723999911
              ],
              [
                -72.95876760699997,
                -5.518188973999941
              ],
              [
                -72.96066660799983,
                -5.521459973999981
              ],
              [
                -72.9588126079999,
                -5.523127598999906
              ],
              [
                -72.95458673299993,
                -5.52311959899987
              ],
              [
                -72.95349598199994,
                -5.531127973999901
              ],
              [
                -72.95130298299983,
                -5.53740009899991
              ],
              [
                -72.9531503579999,
                -5.542759723999893
              ],
              [
                -72.95285748299995,
                -5.544867473999943
              ],
              [
                -72.94926998299991,
                -5.544641598999931
              ],
              [
                -72.94871198299995,
                -5.540309973999967
              ],
              [
                -72.94756923199998,
                -5.539526098999943
              ],
              [
                -72.94298523199996,
                -5.540296723999973
              ],
              [
                -72.94022148199997,
                -5.540004348999901
              ],
              [
                -72.93877323299995,
                -5.542010723999908
              ],
              [
                -72.9420817329999,
                -5.545412223999904
              ],
              [
                -72.94760910699989,
                -5.546342348999929
              ],
              [
                -72.9496154819999,
                -5.547524848999899
              ],
              [
                -72.95543523199996,
                -5.554846098999917
              ],
              [
                -72.95730873199989,
                -5.558194473999947
              ],
              [
                -72.95493035699991,
                -5.559815473999947
              ],
              [
                -72.95248548299998,
                -5.557995098999868
              ],
              [
                -72.95198060699994,
                -5.56089172399993
              ],
              [
                -72.95386735699998,
                -5.565821223999933
              ],
              [
                -72.96086960799994,
                -5.572172473999899
              ],
              [
                -72.96028498299995,
                -5.574085848999971
              ],
              [
                -72.95635198199994,
                -5.574099097999976
              ],
              [
                -72.95384073299994,
                -5.574949473999936
              ],
              [
                -72.96065710799991,
                -5.578855848999922
              ],
              [
                -72.9603779819999,
                -5.580264348999947
              ],
              [
                -72.95714223299996,
                -5.581976597999926
              ],
              [
                -72.95300373299995,
                -5.580941973999927
              ],
              [
                -72.95208685799992,
                -5.583506347999958
              ],
              [
                -72.95635198299988,
                -5.584077723999883
              ],
              [
                -72.95684360799999,
                -5.587306473999945
              ],
              [
                -72.95873035699992,
                -5.590269473999967
              ],
              [
                -72.96235773199993,
                -5.58997734899998
              ],
              [
                -72.96393898199995,
                -5.592873847999897
              ],
              [
                -72.96271660699989,
                -5.595052847999966
              ],
              [
                -72.96343410799994,
                -5.596820098999899
              ],
              [
                -72.96670273299992,
                -5.598906098999919
              ],
              [
                -72.96876223199996,
                -5.603995098999917
              ],
              [
                -72.97114060699994,
                -5.606253848999927
              ],
              [
                -72.97172523299997,
                -5.61065197399995
              ],
              [
                -72.97373160799998,
                -5.613442223999812
              ],
              [
                -72.97086148199992,
                -5.617508223999948
              ],
              [
                -72.97199098199997,
                -5.619182223999928
              ],
              [
                -72.97440923199991,
                -5.619713723999951
              ],
              [
                -72.97407698299997,
                -5.623261348999904
              ],
              [
                -72.97127348299983,
                -5.623221598999919
              ],
              [
                -72.97002448199987,
                -5.619926348999911
              ],
              [
                -72.96743348299998,
                -5.620909598999958
              ],
              [
                -72.96675585799994,
                -5.622942473999899
              ],
              [
                -72.96710123199995,
                -5.626609723999934
              ],
              [
                -72.9652942329999,
                -5.62845659899989
              ],
              [
                -72.96703485699993,
                -5.63241622399994
              ],
              [
                -72.96690198199997,
                -5.635140098999898
              ],
              [
                -72.96462985699992,
                -5.636920597999961
              ],
              [
                -72.96419135699995,
                -5.640375223999968
              ],
              [
                -72.96696848199997,
                -5.643178723999938
              ],
              [
                -72.96641023299998,
                -5.645158598999899
              ],
              [
                -72.96365685799998,
                -5.645461098999874
              ],
              [
                -72.96043110799997,
                -5.652320348999979
              ],
              [
                -72.95898285799996,
                -5.65635959899987
              ],
              [
                -72.96191935799999,
                -5.658405973999891
              ],
              [
                -72.96392573199984,
                -5.662086348999935
              ],
              [
                -72.97048948199989,
                -5.656505598999956
              ],
              [
                -72.97468823299994,
                -5.660930473999883
              ],
              [
                -72.98081360699996,
                -5.661634598999967
              ],
              [
                -72.98491935799984,
                -5.661063098999932
              ],
              [
                -72.9860752329999,
                -5.666045848999886
              ],
              [
                -72.98942360799992,
                -5.667786473999968
              ],
              [
                -72.98935723299996,
                -5.674948223999934
              ],
              [
                -72.9857563569999,
                -5.674735597999927
              ],
              [
                -72.9836437319999,
                -5.677605723999875
              ],
              [
                -72.98110573299994,
                -5.677260223999895
              ],
              [
                -72.98065410699996,
                -5.679651848999981
              ],
              [
                -72.98355073199991,
                -5.680103598999892
              ],
              [
                -72.98555710799985,
                -5.682229598999925
              ],
              [
                -72.9858228569999,
                -5.685219223999923
              ],
              [
                -72.98328498299998,
                -5.689218598999901
              ],
              [
                -72.98421510699984,
                -5.693510348999951
              ],
              [
                -72.98848023299996,
                -5.693962098999918
              ],
              [
                -72.99226710799991,
                -5.695450223999956
              ],
              [
                -72.99233348299998,
                -5.698798598999872
              ],
              [
                -72.98859985799999,
                -5.700286723999966
              ],
              [
                -72.9906726079999,
                -5.70621284899994
              ],
              [
                -72.9928649819999,
                -5.704419098999949
              ],
              [
                -72.9921326079999,
                -5.701489348999928
              ],
              [
                -72.99321048299998,
                -5.699874848999912
              ],
              [
                -72.99841898199992,
                -5.700565723999887
              ],
              [
                -72.99936235699988,
                -5.705468723999957
              ],
              [
                -73.00398623299986,
                -5.708471598999949
              ],
              [
                -73.00302960699992,
                -5.710836723999932
              ],
              [
                -72.99973448299994,
                -5.708604473999969
              ],
              [
                -72.99788748299989,
                -5.709919848999903
              ],
              [
                -72.99845885799994,
                -5.713573848999886
              ],
              [
                -72.9952832329999,
                -5.715088598999898
              ],
              [
                -72.99540285799992,
                -5.718078223999896
              ],
              [
                -72.99667835799994,
                -5.719805473999941
              ],
              [
                -72.99903010799994,
                -5.720004848999963
              ],
              [
                -73.00207298299983,
                -5.718822223999894
              ],
              [
                -73.00407935699991,
                -5.723525848999884
              ],
              [
                -73.00070435799984,
                -5.726993848999939
              ],
              [
                -73.00197998199997,
                -5.728800848999981
              ],
              [
                -73.0079059819999,
                -5.724336473999927
              ],
              [
                -73.01056335799996,
                -5.726409223999894
              ],
              [
                -73.00971198199994,
                -5.72857009899991
              ],
              [
                -73.00585685699991,
                -5.728443598999945
              ],
              [
                -73.00439823299985,
                -5.731072973999972
              ],
              [
                -73.00706885799991,
                -5.732561098999895
              ],
              [
                -73.01150685699997,
                -5.731577848999905
              ],
              [
                -73.02111335799998,
                -5.731910098999947
              ],
              [
                -73.02753110699985,
                -5.733411473999979
              ],
              [
                -73.02257010699998,
                -5.737745598999879
              ],
              [
                -73.01982448299998,
                -5.738806098999873
              ],
              [
                -73.01958535699993,
                -5.740931973999977
              ],
              [
                -73.02440585699998,
                -5.743549598999948
              ],
              [
                -73.02669385699994,
                -5.747801473999971
              ],
              [
                -73.0306933569999,
                -5.746886723999921
              ],
              [
                -73.03171648199992,
                -5.748970723999946
              ],
              [
                -73.0353704819999,
                -5.751667848999944
              ],
              [
                -73.03998110699996,
                -5.752651223999919
              ],
              [
                -73.04138060799983,
                -5.755638473999909
              ],
              [
                -73.04613298199985,
                -5.758922723999945
              ],
              [
                -73.04471123299999,
                -5.763812348999977
              ],
              [
                -73.04550848299994,
                -5.765858598999898
              ],
              [
                -73.0482948579999,
                -5.76749972399989
              ],
              [
                -73.0474218579999,
                -5.771545473999879
              ],
              [
                -73.04367485699993,
                -5.773711348999939
              ],
              [
                -73.04287760799997,
                -5.775996723999924
              ],
              [
                -73.04635885699997,
                -5.775704348999909
              ],
              [
                -73.05070373299992,
                -5.776315598999929
              ],
              [
                -73.05284910699999,
                -5.774922348999951
              ],
              [
                -73.05491573299992,
                -5.777285473999882
              ],
              [
                -73.05357373199996,
                -5.779244223999967
              ],
              [
                -73.05078348299998,
                -5.779132473999937
              ],
              [
                -73.0491093579999,
                -5.78315847399989
              ],
              [
                -73.05121648199997,
                -5.784992473999978
              ],
              [
                -73.05172685799994,
                -5.787676098999953
              ],
              [
                -73.05478285799995,
                -5.78907122399994
              ],
              [
                -73.05251085799995,
                -5.793721723999965
              ],
              [
                -73.05499548199992,
                -5.796432223999943
              ],
              [
                -73.05734735799984,
                -5.796485348999909
              ],
              [
                -73.06142648199994,
                -5.793455973999926
              ],
              [
                -73.06147960699997,
                -5.797574973999929
              ],
              [
                -73.06547898299993,
                -5.798372223999877
              ],
              [
                -73.06648373299993,
                -5.801563723999891
              ],
              [
                -73.06923923299996,
                -5.800431723999964
              ],
              [
                -73.06927910699994,
                -5.796392348999859
              ],
              [
                -73.07086035699996,
                -5.796565098999963
              ],
              [
                -73.07274710799993,
                -5.79944847399986
              ],
              [
                -73.07140510799991,
                -5.803314973999932
              ],
              [
                -73.07470023199988,
                -5.805028973999981
              ],
              [
                -73.07545760699992,
                -5.801308598999924
              ],
              [
                -73.07978923199994,
                -5.801202348999936
              ],
              [
                -73.08143685799996,
                -5.8066765989999
              ],
              [
                -73.08420060799989,
                -5.809001848999912
              ],
              [
                -73.08394810799996,
                -5.812469723999868
              ],
              [
                -73.07928435799994,
                -5.812974723999901
              ],
              [
                -73.0767731069999,
                -5.810038223999868
              ],
              [
                -73.07507235799994,
                -5.810237598999947
              ],
              [
                -73.07625485699998,
                -5.815950973999975
              ],
              [
                -73.07879273299994,
                -5.817067098999928
              ],
              [
                -73.08590135799994,
                -5.814529223999955
              ],
              [
                -73.08717685799996,
                -5.814502723999965
              ],
              [
                -73.09214623299982,
                -5.817013973999906
              ],
              [
                -73.09539698299994,
                -5.821176223999942
              ],
              [
                -73.09342185799994,
                -5.82256797399998
              ],
              [
                -73.08872460699996,
                -5.819896223999933
              ],
              [
                -73.08784123199996,
                -5.821066598999948
              ],
              [
                -73.09122285699988,
                -5.823441223999964
              ],
              [
                -73.09109660799993,
                -5.825876473999926
              ],
              [
                -73.08871810799997,
                -5.829277973999979
              ],
              [
                -73.08998048299986,
                -5.830181473999971
              ],
              [
                -73.09440510699994,
                -5.826301598999919
              ],
              [
                -73.09914848299991,
                -5.826939473999914
              ],
              [
                -73.10083598299991,
                -5.825796723999872
              ],
              [
                -73.10395848199988,
                -5.828135223999936
              ],
              [
                -73.10891460699997,
                -5.828533848999939
              ],
              [
                -73.11421610799988,
                -5.833184348999964
              ],
              [
                -73.11449510699998,
                -5.834592848999932
              ],
              [
                -73.11252860699994,
                -5.838818223999908
              ],
              [
                -73.11534548299989,
                -5.842219598999975
              ],
              [
                -73.11379098299994,
                -5.85247722399987
              ],
              [
                -73.11189085699993,
                -5.856954973999905
              ],
              [
                -73.11251535699995,
                -5.85961247399996
              ],
              [
                -73.11749798199997,
                -5.864541973999962
              ],
              [
                -73.11939810799998,
                -5.863120223999942
              ],
              [
                -73.11737848199988,
                -5.860662098999967
              ],
              [
                -73.11811785799995,
                -5.85930172399992
              ],
              [
                -73.1234772329999,
                -5.858350098999949
              ],
              [
                -73.12497873299998,
                -5.861472598999967
              ],
              [
                -73.12843335799994,
                -5.862734848999935
              ],
              [
                -73.12632073299983,
                -5.865232848999938
              ],
              [
                -73.1271976079999,
                -5.869232348999844
              ],
              [
                -73.12896485799985,
                -5.870467848999908
              ],
              [
                -73.13410698299987,
                -5.864183223999873
              ],
              [
                -73.13746860799984,
                -5.863611848999938
              ],
              [
                -73.13799998299999,
                -5.864887598999871
              ],
              [
                -73.13469148299998,
                -5.868554598999879
              ],
              [
                -73.13485098199988,
                -5.869644223999899
              ],
              [
                -73.14029873299995,
                -5.869391723999968
              ],
              [
                -73.14177348299995,
                -5.867318973999886
              ],
              [
                -73.14478973299993,
                -5.867425223999874
              ],
              [
                -73.14463035699998,
                -5.871344973999953
              ],
              [
                -73.14659698299988,
                -5.871530973999938
              ],
              [
                -73.1484702329999,
                -5.868421723999916
              ],
              [
                -73.15206798299994,
                -5.86795959899996
              ],
              [
                -73.15539285799997,
                -5.873630348999939
              ],
              [
                -73.15860835699993,
                -5.880645848999961
              ],
              [
                -73.15669498299997,
                -5.880978098999947
              ],
              [
                -73.1536389829999,
                -5.886385973999893
              ],
              [
                -73.15399773199994,
                -5.88752859899995
              ],
              [
                -73.16705898199996,
                -5.896510723999938
              ],
              [
                -73.16424210799994,
                -5.89717509899998
              ],
              [
                -73.16393648199988,
                -5.89971297399984
              ],
              [
                -73.16744423299997,
                -5.902224223999951
              ],
              [
                -73.16588973299997,
                -5.905904723999924
              ],
              [
                -73.16270073299995,
                -5.906010973999912
              ],
              [
                -73.16252798199997,
                -5.908495723999977
              ],
              [
                -73.16643173199992,
                -5.907304723999971
              ],
              [
                -73.16765685799999,
                -5.90896072399994
              ],
              [
                -73.16565048299998,
                -5.911604848999957
              ],
              [
                -73.16630160699992,
                -5.91472747399996
              ],
              [
                -73.16921148299997,
                -5.915737223999884
              ],
              [
                -73.16971635799985,
                -5.918142099999955
              ],
              [
                -73.17200173199996,
                -5.921237973999951
              ],
              [
                -73.16967648299999,
                -5.923124848999919
              ],
              [
                -73.17170948299992,
                -5.929316599999936
              ],
              [
                -73.17457948299995,
                -5.931548848999967
              ],
              [
                -73.17609423299996,
                -5.930047348999892
              ],
              [
                -73.17496473299997,
                -5.927854973999956
              ],
              [
                -73.17592073299994,
                -5.925941098999942
              ],
              [
                -73.17896423299993,
                -5.926419973999884
              ],
              [
                -73.18057198299994,
                -5.929090723999877
              ],
              [
                -73.17986773299998,
                -5.932066973999952
              ],
              [
                -73.18073135799995,
                -5.93503009899996
              ],
              [
                -73.18010673299995,
                -5.940145598999948
              ],
              [
                -73.18378735799996,
                -5.93945459899993
              ],
              [
                -73.18455810699993,
                -5.943028848999916
              ],
              [
                -73.18692298199994,
                -5.945141473999911
              ],
              [
                -73.18434548299996,
                -5.947054848999869
              ],
              [
                -73.18546160799991,
                -5.950084348999894
              ],
              [
                -73.18438535699994,
                -5.951346599999965
              ],
              [
                -73.18106360799999,
                -5.951878098999885
              ],
              [
                -73.18063473299998,
                -5.953648848999933
              ],
              [
                -73.18418585699999,
                -5.956831473999955
              ],
              [
                -73.18482460799999,
                -5.958932098999924
              ],
              [
                -73.18295335799996,
                -5.961814223999909
              ],
              [
                -73.1787738569999,
                -5.961844473999918
              ],
              [
                -73.17820035799997,
                -5.963368473999822
              ],
              [
                -73.18206323299995,
                -5.96560159899991
              ],
              [
                -73.18123335699994,
                -5.967970598999841
              ],
              [
                -73.17861698299998,
                -5.966723973999876
              ],
              [
                -73.17734035699988,
                -5.97085272399994
              ],
              [
                -73.18027998299993,
                -5.972826098999974
              ],
              [
                -73.18259660799993,
                -5.975802599999952
              ],
              [
                -73.18232360799988,
                -5.978971723999962
              ],
              [
                -73.18667135699991,
                -5.98056709899987
              ],
              [
                -73.18552873299996,
                -5.983649973999945
              ],
              [
                -73.1865779819999,
                -5.988012098999945
              ],
              [
                -73.18905723299997,
                -5.989054098999929
              ],
              [
                -73.18869785699991,
                -5.985748348999948
              ],
              [
                -73.19076748299989,
                -5.985266973999899
              ],
              [
                -73.19417385699995,
                -5.990555973999903
              ],
              [
                -73.18954573199989,
                -5.990922473999944
              ],
              [
                -73.18866198299997,
                -5.993042473999935
              ],
              [
                -73.19069210799995,
                -5.994786098999896
              ],
              [
                -73.18813198199996,
                -5.997166473999926
              ],
              [
                -73.18821285799999,
                -5.999960223999892
              ],
              [
                -73.18665873199996,
                -6.004119223999851
              ],
              [
                -73.18776360699997,
                -6.006023598999946
              ],
              [
                -73.19027885799989,
                -6.005709223999929
              ],
              [
                -73.19194073199998,
                -6.00275384999992
              ],
              [
                -73.19327010799992,
                -6.005718223999963
              ],
              [
                -73.19313535699996,
                -6.008781348999946
              ],
              [
                -73.19433010799997,
                -6.009724599999913
              ],
              [
                -73.19735735699999,
                -6.006903973999954
              ],
              [
                -73.20047435699996,
                -6.006903973999954
              ],
              [
                -73.20098435699998,
                -6.009306348999928
              ],
              [
                -73.20441798199994,
                -6.010618099999931
              ],
              [
                -73.20854098299992,
                -6.00850284899991
              ],
              [
                -73.2096279829999,
                -6.010218598999927
              ],
              [
                -73.2088464819999,
                -6.012877598999921
              ],
              [
                -73.2141912319999,
                -6.015437599999927
              ],
              [
                -73.21738910699997,
                -6.017934848999971
              ],
              [
                -73.21775735699998,
                -6.020917223999902
              ],
              [
                -73.21325698199996,
                -6.020638724999969
              ],
              [
                -73.21053535699991,
                -6.019695473999889
              ],
              [
                -73.21011623199996,
                -6.022753473999956
              ],
              [
                -73.21278348299995,
                -6.023008598999922
              ],
              [
                -73.21545073199991,
                -6.024852598999928
              ],
              [
                -73.21843073299993,
                -6.023502598999926
              ],
              [
                -73.21939398299997,
                -6.021271599999977
              ],
              [
                -73.22234110799991,
                -6.022061974999929
              ],
              [
                -73.22307373299998,
                -6.025387723999927
              ],
              [
                -73.21892473299994,
                -6.026614348999942
              ],
              [
                -73.21888360799994,
                -6.028203099999928
              ],
              [
                -73.22217648299988,
                -6.029248598999914
              ],
              [
                -73.22779885799986,
                -6.029874223999911
              ],
              [
                -73.22643248299994,
                -6.032113473999914
              ],
              [
                -73.22788135699994,
                -6.036830473999942
              ],
              [
                -73.23156935799989,
                -6.037060974999974
              ],
              [
                -73.23314985799993,
                -6.0351922239999
              ],
              [
                -73.23624523299998,
                -6.036912598999891
              ],
              [
                -73.23363560799999,
                -6.038715598999943
              ],
              [
                -73.23764473299997,
                -6.042963473999976
              ],
              [
                -73.23765285799993,
                -6.046346849999964
              ],
              [
                -73.23391548299998,
                -6.044066599999951
              ],
              [
                -73.22853985699999,
                -6.042897598999843
              ],
              [
                -73.22763435799999,
                -6.044297098999891
              ],
              [
                -73.22991473299993,
                -6.046297473999971
              ],
              [
                -73.23016985799984,
                -6.049219849999872
              ],
              [
                -73.23407185699995,
                -6.047573473999933
              ],
              [
                -73.23517498199988,
                -6.050084223999932
              ],
              [
                -73.23426123199994,
                -6.053418349999902
              ],
              [
                -73.23057323299997,
                -6.05260334899998
              ],
              [
                -73.22881160799989,
                -6.055229348999944
              ],
              [
                -73.23158048299985,
                -6.059890474999918
              ],
              [
                -73.23446710699994,
                -6.063025223999944
              ],
              [
                -73.23391548299998,
                -6.06444122399995
              ],
              [
                -73.22962648299989,
                -6.067948098999977
              ],
              [
                -73.22741623199988,
                -6.076039223999942
              ],
              [
                -73.2290008569999,
                -6.07815909899989
              ],
              [
                -73.23369323299994,
                -6.077788474999977
              ],
              [
                -73.23785048199994,
                -6.076749223999968
              ],
              [
                -73.23956898299991,
                -6.077387348999821
              ],
              [
                -73.23904410799992,
                -6.080206849999968
              ],
              [
                -73.23698610799983,
                -6.083211598999981
              ],
              [
                -73.23396073299995,
                -6.086051598999916
              ],
              [
                -73.23113098299996,
                -6.090857223999933
              ],
              [
                -73.23154260799998,
                -6.091824473999907
              ],
              [
                -73.23644023299994,
                -6.090222724999933
              ],
              [
                -73.23843698299999,
                -6.096002473999931
              ],
              [
                -73.23580273299996,
                -6.098502849999875
              ],
              [
                -73.2405156079999,
                -6.099593599999878
              ],
              [
                -73.24002173299988,
                -6.103123099999948
              ],
              [
                -73.24378798299995,
                -6.103020224999966
              ],
              [
                -73.24337635799998,
                -6.108659223999894
              ],
              [
                -73.24697785799998,
                -6.107558098999846
              ],
              [
                -73.24465235799988,
                -6.112579973999971
              ],
              [
                -73.24800698299998,
                -6.113598599999932
              ],
              [
                -73.2484493579999,
                -6.115666848999922
              ],
              [
                -73.24589748299996,
                -6.117179599999929
              ],
              [
                -73.24613410799998,
                -6.119752098999811
              ],
              [
                -73.24885073299998,
                -6.122324598999853
              ],
              [
                -73.24808923199993,
                -6.127593223999952
              ],
              [
                -73.24994148299999,
                -6.133077973999889
              ],
              [
                -73.24743073299999,
                -6.132501723999894
              ],
              [
                -73.24605173299994,
                -6.13359247399984
              ],
              [
                -73.24666923199987,
                -6.13829509899989
              ],
              [
                -73.24483748299991,
                -6.141330723999886
              ],
              [
                -73.24554760799998,
                -6.144047348999948
              ],
              [
                -73.24512573299995,
                -6.147422473999882
              ],
              [
                -73.24675148299991,
                -6.149285099999929
              ],
              [
                -73.24477585699998,
                -6.150715348999938
              ],
              [
                -73.24402460699997,
                -6.154368473999966
              ],
              [
                -73.23999085799994,
                -6.154841723999937
              ],
              [
                -73.23861198299994,
                -6.156086848999962
              ],
              [
                -73.23918823199995,
                -6.159379724999894
              ],
              [
                -73.23674948299998,
                -6.159760473999938
              ],
              [
                -73.23553523299995,
                -6.163300349999929
              ],
              [
                -73.23157348299998,
                -6.163886849999869
              ],
              [
                -73.23115148299996,
                -6.167601474999913
              ],
              [
                -73.22429823199985,
                -6.173302473999911
              ],
              [
                -73.22092310799991,
                -6.176862848999974
              ],
              [
                -73.21610723299989,
                -6.183788098999912
              ],
              [
                -73.21459460799997,
                -6.188706848999914
              ],
              [
                -73.21596323299997,
                -6.192720098999928
              ],
              [
                -73.22325898299994,
                -6.193193349999888
              ],
              [
                -73.22116998299992,
                -6.195673349999936
              ],
              [
                -73.22094360799991,
                -6.200283473999889
              ],
              [
                -73.21772298299999,
                -6.197649099999978
              ],
              [
                -73.2160763569999,
                -6.197412349999922
              ],
              [
                -73.21215585799996,
                -6.200036349999948
              ],
              [
                -73.21120910799988,
                -6.201713724999934
              ],
              [
                -73.2153046069999,
                -6.205901848999872
              ],
              [
                -73.21618960799998,
                -6.210100223999973
              ],
              [
                -73.21840198299998,
                -6.211458598999911
              ],
              [
                -73.21932810699991,
                -6.213722348999909
              ],
              [
                -73.21720835699995,
                -6.216727098999911
              ],
              [
                -73.22028510699988,
                -6.219577473999948
              ],
              [
                -73.21425498199994,
                -6.225669348999872
              ],
              [
                -73.21177510799998,
                -6.224136099999953
              ],
              [
                -73.21422410699995,
                -6.222489598999971
              ],
              [
                -73.21205285799988,
                -6.219556974999932
              ],
              [
                -73.20859535799997,
                -6.219536474999927
              ],
              [
                -73.20739148299992,
                -6.223271723999915
              ],
              [
                -73.20739148299992,
                -6.229219474999979
              ],
              [
                -73.20583748199988,
                -6.231143723999935
              ],
              [
                -73.20386185799993,
                -6.230176474999951
              ],
              [
                -73.20241098299988,
                -6.231586223999955
              ],
              [
                -73.20234923299995,
                -6.234734973999878
              ],
              [
                -73.19814048299986,
                -6.240240224999923
              ],
              [
                -73.19441548299994,
                -6.241588349999915
              ],
              [
                -73.19317035699993,
                -6.242998099999966
              ],
              [
                -73.19285135799993,
                -6.246970099999885
              ],
              [
                -73.19338648299998,
                -6.249810098999944
              ],
              [
                -73.19135923299984,
                -6.254090973999951
              ],
              [
                -73.1885809829999,
                -6.252948723999964
              ],
              [
                -73.18704773299999,
                -6.254914099999951
              ],
              [
                -73.18904398299992,
                -6.256807474999903
              ],
              [
                -73.18633760799992,
                -6.262323099999946
              ],
              [
                -73.18444423299997,
                -6.261983473999976
              ],
              [
                -73.18170710799996,
                -6.257527849999917
              ],
              [
                -73.18042073299995,
                -6.257486724999978
              ],
              [
                -73.17937123199994,
                -6.261736598999903
              ],
              [
                -73.17426723199998,
                -6.261283724999885
              ],
              [
                -73.17571723299994,
                -6.264667598999949
              ],
              [
                -73.17149910799998,
                -6.265163223999934
              ],
              [
                -73.17163298299988,
                -6.270174474999919
              ],
              [
                -73.16650835699988,
                -6.273909848999949
              ],
              [
                -73.16070473199994,
                -6.276667724999925
              ],
              [
                -73.16073560799998,
                -6.279507723999927
              ],
              [
                -73.16236148299998,
                -6.2823889739999
              ],
              [
                -73.1605401079999,
                -6.285198223999942
              ],
              [
                -73.1575764829999,
                -6.287328348999949
              ],
              [
                -73.15751473199998,
                -6.290621224999938
              ],
              [
                -73.16016960799988,
                -6.289046724999935
              ],
              [
                -73.1633698579999,
                -6.289304098999935
              ],
              [
                -73.1622482329999,
                -6.292298474999939
              ],
              [
                -73.16008735799994,
                -6.293317224999953
              ],
              [
                -73.15689735699993,
                -6.298205099999905
              ],
              [
                -73.15708260799983,
                -6.30088034899984
              ],
              [
                -73.15957285799988,
                -6.303092973999924
              ],
              [
                -73.15936698299998,
                -6.305192098999896
              ],
              [
                -73.15694885799996,
                -6.308896599999969
              ],
              [
                -73.15714448299997,
                -6.313352223999971
              ],
              [
                -73.1561873579999,
                -6.315842474999954
              ],
              [
                -73.15799835799999,
                -6.321625598999901
              ],
              [
                -73.15659898299987,
                -6.326801599999953
              ],
              [
                -73.15253423299998,
                -6.329343349999874
              ],
              [
                -73.15192710799994,
                -6.325772599999937
              ],
              [
                -73.14854598299996,
                -6.322638724999877
              ],
              [
                -73.1474097329999,
                -6.324455473999933
              ],
              [
                -73.14907673199997,
                -6.327511598999934
              ],
              [
                -73.15005210799995,
                -6.331196223999882
              ],
              [
                -73.15072323199996,
                -6.337060974999929
              ],
              [
                -73.14917973199988,
                -6.338964598999951
              ],
              [
                -73.14700848299992,
                -6.337791599999889
              ],
              [
                -73.14808885799988,
                -6.335682098999939
              ],
              [
                -73.14354060799997,
                -6.334694224999851
              ],
              [
                -73.14282035799988,
                -6.335620349999829
              ],
              [
                -73.1443536079999,
                -6.339221849999944
              ],
              [
                -73.1425834829999,
                -6.341681224999945
              ],
              [
                -73.14551635799984,
                -6.343379099999879
              ],
              [
                -73.14372585699994,
                -6.345303348999948
              ],
              [
                -73.14325723299999,
                -6.351608849999934
              ],
              [
                -73.14049473299991,
                -6.3592363489999
              ],
              [
                -73.13827210799997,
                -6.356756474999884
              ],
              [
                -73.13676973299994,
                -6.356612349999978
              ],
              [
                -73.13534960699991,
                -6.359359848999929
              ],
              [
                -73.13283885699991,
                -6.361356099999966
              ],
              [
                -73.1320464829999,
                -6.363465598999881
              ],
              [
                -73.13538048299989,
                -6.363949223999953
              ],
              [
                -73.13741798299998,
                -6.369341349999956
              ],
              [
                -73.13370335799993,
                -6.369938223999952
              ],
              [
                -73.13277710699998,
                -6.373488348999899
              ],
              [
                -73.13549373299992,
                -6.374990724999975
              ],
              [
                -73.13557598199998,
                -6.380259224999975
              ],
              [
                -73.13356948299997,
                -6.379610973999945
              ],
              [
                -73.13247860699994,
                -6.37581384899994
              ],
              [
                -73.12986498199996,
                -6.375052474999904
              ],
              [
                -73.12841398199998,
                -6.377933723999831
              ],
              [
                -73.13049248299995,
                -6.382193848999975
              ],
              [
                -73.12977235699987,
                -6.38846059899987
              ],
              [
                -73.12746735799993,
                -6.393739474999961
              ],
              [
                -73.12584148299987,
                -6.392905973999973
              ],
              [
                -73.12445223199995,
                -6.389201474999879
              ],
              [
                -73.12063460799999,
                -6.388131224999881
              ],
              [
                -73.1178253569999,
                -6.389417474999902
              ],
              [
                -73.11549985699997,
                -6.394418598999891
              ],
              [
                -73.10576523299983,
                -6.404400099999975
              ],
              [
                -73.10379985799995,
                -6.411387223999952
              ],
              [
                -73.10542573199996,
                -6.418446224999968
              ],
              [
                -73.10901698299995,
                -6.422099223999965
              ],
              [
                -73.11545848299983,
                -6.421584724999946
              ],
              [
                -73.1167346069999,
                -6.426225723999949
              ],
              [
                -73.12104973199996,
                -6.431360598999902
              ],
              [
                -73.11784598299994,
                -6.434673974999896
              ],
              [
                -73.1158393579999,
                -6.435301599999946
              ],
              [
                -73.11556385799992,
                -6.437981849999915
              ],
              [
                -73.11374023299993,
                -6.439767599999925
              ],
              [
                -73.11169885799995,
                -6.446915723999894
              ],
              [
                -73.11325648199988,
                -6.449769723999964
              ],
              [
                -73.11101323299982,
                -6.452867099999935
              ],
              [
                -73.11257723299991,
                -6.45450322399995
              ],
              [
                -73.11556148299991,
                -6.454070974999979
              ],
              [
                -73.11542773199994,
                -6.457199224999954
              ],
              [
                -73.11796948199992,
                -6.465688599999908
              ],
              [
                -73.12040823299992,
                -6.468271474999938
              ],
              [
                -73.1214063569999,
                -6.466974973999868
              ],
              [
                -73.11848398299998,
                -6.463928848999899
              ],
              [
                -73.12140898199993,
                -6.462546474999897
              ],
              [
                -73.12284698199988,
                -6.465709224999955
              ],
              [
                -73.12504910799993,
                -6.463795224999956
              ],
              [
                -73.12883598299993,
                -6.463188098999979
              ],
              [
                -73.12981348199997,
                -6.464669974999936
              ],
              [
                -73.12826998299988,
                -6.469310848999953
              ],
              [
                -73.12884623299988,
                -6.471193974999892
              ],
              [
                -73.1315524829999,
                -6.474466224999844
              ],
              [
                -73.12879473299989,
                -6.47533059899996
              ],
              [
                -73.12790998299994,
                -6.476925599999959
              ],
              [
                -73.13093510699997,
                -6.480249349999951
              ],
              [
                -73.13525698299998,
                -6.483943474999933
              ],
              [
                -73.13910560799991,
                -6.484653474999959
              ],
              [
                -73.14021685799992,
                -6.490621849999968
              ],
              [
                -73.13744885799997,
                -6.48993234999989
              ],
              [
                -73.13696523199991,
                -6.492000723999979
              ],
              [
                -73.13886885799997,
                -6.495324473999915
              ],
              [
                -73.13743848299998,
                -6.495900724999899
              ],
              [
                -73.13485573299982,
                -6.494264724999823
              ],
              [
                -73.13195385799997,
                -6.496754848999956
              ],
              [
                -73.13545248199989,
                -6.498133724999946
              ],
              [
                -73.13600823299998,
                -6.49949184999997
              ],
              [
                -73.13366198199998,
                -6.503361099999893
              ],
              [
                -73.13365173299997,
                -6.50617034999982
              ],
              [
                -73.13522610799998,
                -6.510461349999957
              ],
              [
                -73.13721210699993,
                -6.51346609999996
              ],
              [
                -73.14149285799982,
                -6.514906724999946
              ],
              [
                -73.14191473199998,
                -6.512673849999942
              ],
              [
                -73.14018598199993,
                -6.508063723999953
              ],
              [
                -73.14187360799997,
                -6.50531634999993
              ],
              [
                -73.14516648299991,
                -6.508320974999947
              ],
              [
                -73.14886073299988,
                -6.513764599999945
              ],
              [
                -73.15078485799984,
                -6.518961099999956
              ],
              [
                -73.15087760699998,
                -6.525526224999965
              ],
              [
                -73.15199285799997,
                -6.527292349999868
              ],
              [
                -73.15838135799999,
                -6.525076599999977
              ],
              [
                -73.16282835799996,
                -6.526826473999961
              ],
              [
                -73.16372923299997,
                -6.528379474999952
              ],
              [
                -73.16305098299989,
                -6.531206099999963
              ],
              [
                -73.16661810799991,
                -6.530051723999918
              ],
              [
                -73.16651960799993,
                -6.528483099999903
              ],
              [
                -73.16295260799996,
                -6.524740099999917
              ],
              [
                -73.17104473299997,
                -6.518015223999953
              ],
              [
                -73.17289635799995,
                -6.521050349999882
              ],
              [
                -73.17112110799997,
                -6.52409484899988
              ],
              [
                -73.17303948199998,
                -6.527778974999933
              ],
              [
                -73.17826935699998,
                -6.524772224999822
              ],
              [
                -73.1876134829999,
                -6.522806474999868
              ],
              [
                -73.18774710799994,
                -6.528943349999963
              ],
              [
                -73.18367248299995,
                -6.530252348999909
              ],
              [
                -73.17932910699994,
                -6.52994547499992
              ],
              [
                -73.17565460699984,
                -6.535003848999963
              ],
              [
                -73.17930060699996,
                -6.537800348999951
              ],
              [
                -73.18024535799998,
                -6.540730348999944
              ],
              [
                -73.18457848199995,
                -6.540071849999947
              ],
              [
                -73.18725085699998,
                -6.541446224999902
              ],
              [
                -73.1850557329999,
                -6.543612724999946
              ],
              [
                -73.18234510699989,
                -6.544128224999952
              ],
              [
                -73.18182010699996,
                -6.545979724999938
              ],
              [
                -73.18805248299998,
                -6.544805723999957
              ],
              [
                -73.19041960699997,
                -6.548718849999887
              ],
              [
                -73.1930154829999,
                -6.546838599999944
              ],
              [
                -73.19266235799984,
                -6.543641348999927
              ],
              [
                -73.19505798199998,
                -6.543354974999943
              ],
              [
                -73.19546835699992,
                -6.548069848999944
              ],
              [
                -73.19868473199995,
                -6.548871599999927
              ],
              [
                -73.19386485799993,
                -6.552002098999878
              ],
              [
                -73.19334948299985,
                -6.554235349999828
              ],
              [
                -73.19481935799996,
                -6.555628849999948
              ],
              [
                -73.19823610699996,
                -6.555791098999919
              ],
              [
                -73.20081310799992,
                -6.552756098999907
              ],
              [
                -73.20317998299998,
                -6.553681974999961
              ],
              [
                -73.20292235699992,
                -6.559742348999919
              ],
              [
                -73.19656585799987,
                -6.562262099999941
              ],
              [
                -73.19663273299989,
                -6.565335224999956
              ],
              [
                -73.19893285699987,
                -6.566394724999952
              ],
              [
                -73.19939098299994,
                -6.569353349999972
              ],
              [
                -73.20246423199995,
                -6.570069224999941
              ],
              [
                -73.2025023569999,
                -6.572865599999943
              ],
              [
                -73.20532748299996,
                -6.573142349999955
              ],
              [
                -73.20548973299998,
                -6.576206099999922
              ],
              [
                -73.2066922329999,
                -6.577112849999935
              ],
              [
                -73.21155985699994,
                -6.576941099999942
              ],
              [
                -73.21393635799996,
                -6.574383098999931
              ],
              [
                -73.21709548299992,
                -6.568923849999976
              ],
              [
                -73.21763948299991,
                -6.564266349999968
              ],
              [
                -73.21911585799995,
                -6.563671349999936
              ],
              [
                -73.22207748299996,
                -6.56483897499993
              ],
              [
                -73.22309873299997,
                -6.567396848999977
              ],
              [
                -73.22716460799995,
                -6.570059598999933
              ],
              [
                -73.22990373299984,
                -6.572865598999954
              ],
              [
                -73.23091535799995,
                -6.578916599999957
              ],
              [
                -73.22915923299996,
                -6.582781974999932
              ],
              [
                -73.2260669819999,
                -6.584624099999928
              ],
              [
                -73.22663948299993,
                -6.588241349999919
              ],
              [
                -73.22871073199997,
                -6.588966598999889
              ],
              [
                -73.2315071079999,
                -6.585664348999956
              ],
              [
                -73.23362598299997,
                -6.585702599999934
              ],
              [
                -73.23972935799998,
                -6.584273224999947
              ],
              [
                -73.24232073199994,
                -6.584261349999963
              ],
              [
                -73.24233985799992,
                -6.587105599999916
              ],
              [
                -73.23715735699994,
                -6.589997474999905
              ],
              [
                -73.23693760799989,
                -6.592020848999937
              ],
              [
                -73.23935248199996,
                -6.592755724999961
              ],
              [
                -73.24229210699997,
                -6.589663349999967
              ],
              [
                -73.24484985699996,
                -6.584729098999844
              ],
              [
                -73.24955523299991,
                -6.581369474999974
              ],
              [
                -73.2532297329999,
                -6.584519099999966
              ],
              [
                -73.25464223299991,
                -6.581989849999957
              ],
              [
                -73.25710460799996,
                -6.584366348999936
              ],
              [
                -73.25931885799997,
                -6.584690849999959
              ],
              [
                -73.2607791079999,
                -6.58651384999996
              ],
              [
                -73.26272610799998,
                -6.585540349999974
              ],
              [
                -73.26767960799992,
                -6.587678224999934
              ],
              [
                -73.26943573299991,
                -6.587563724999882
              ],
              [
                -73.27569673299996,
                -6.585196724999889
              ],
              [
                -73.28064060799994,
                -6.584671724999964
              ],
              [
                -73.28306723299988,
                -6.585887474999936
              ],
              [
                -73.28582310799993,
                -6.585679849999906
              ],
              [
                -73.2888726079999,
                -6.588127974999963
              ],
              [
                -73.29280223299997,
                -6.588084974999958
              ],
              [
                -73.29675348299997,
                -6.59705409999998
              ],
              [
                -73.2975909829999,
                -6.596939599999928
              ],
              [
                -73.30274860799994,
                -6.592339974999959
              ],
              [
                -73.30488523299994,
                -6.592179474999966
              ],
              [
                -73.30850723299994,
                -6.593883099999971
              ],
              [
                -73.31033248299997,
                -6.592659099999878
              ],
              [
                -73.31245848299983,
                -6.593918974999951
              ],
              [
                -73.31509985799988,
                -6.591084224999975
              ],
              [
                -73.31716848299999,
                -6.594570224999927
              ],
              [
                -73.31898673299997,
                -6.595507974999975
              ],
              [
                -73.32447698299984,
                -6.594026349999922
              ],
              [
                -73.32934810799998,
                -6.597780724999893
              ],
              [
                -73.33132010799983,
                -6.597404849999975
              ],
              [
                -73.33185698299991,
                -6.59467047499993
              ],
              [
                -73.33718985699994,
                -6.592437224999969
              ],
              [
                -73.34065435799988,
                -6.592251099999942
              ],
              [
                -73.34220048299989,
                -6.593661224999948
              ],
              [
                -73.35240085799995,
                -6.593317599999978
              ],
              [
                -73.35298073299998,
                -6.597540973999969
              ],
              [
                -73.35478448299989,
                -6.597097099999928
              ],
              [
                -73.35693735799993,
                -6.598669598999891
              ],
              [
                -73.35775510799994,
                -6.601721224999949
              ],
              [
                -73.35992410799997,
                -6.602451348999978
              ],
              [
                -73.36203010799989,
                -6.60619684999989
              ],
              [
                -73.36504210699997,
                -6.606059099999868
              ],
              [
                -73.36728248299988,
                -6.608943973999942
              ],
              [
                -73.36598698299997,
                -6.610117724999952
              ],
              [
                -73.36821323299989,
                -6.613167098999952
              ],
              [
                -73.37003848299992,
                -6.612444099999891
              ],
              [
                -73.37041073199998,
                -6.607784224999875
              ],
              [
                -73.37268698299994,
                -6.607927349999898
              ],
              [
                -73.37703135799995,
                -6.617179349999901
              ],
              [
                -73.38193960799998,
                -6.621193224999956
              ],
              [
                -73.38257610799997,
                -6.624184599999978
              ],
              [
                -73.3819936079999,
                -6.629702974999873
              ],
              [
                -73.37978310799997,
                -6.633369849999951
              ],
              [
                -73.38263598299994,
                -6.634288473999959
              ],
              [
                -73.38658648299997,
                -6.63445272499996
              ],
              [
                -73.38732598299998,
                -6.637425099999973
              ],
              [
                -73.39227748199994,
                -6.638493099999948
              ],
              [
                -73.3920161079999,
                -6.641614849999939
              ],
              [
                -73.39490873199998,
                -6.641230223999912
              ],
              [
                -73.39887198199995,
                -6.642070349999869
              ],
              [
                -73.40224760799993,
                -6.639882223999962
              ],
              [
                -73.40302435799998,
                -6.641696974999888
              ],
              [
                -73.40601160799997,
                -6.642480974999955
              ],
              [
                -73.4089724829999,
                -6.64175809999989
              ],
              [
                -73.41571285799984,
                -6.643451973999902
              ],
              [
                -73.41682560799995,
                -6.646872474999952
              ],
              [
                -73.42329323299998,
                -6.648791849999952
              ],
              [
                -73.42278535799989,
                -6.652346723999926
              ],
              [
                -73.42527973199992,
                -6.654945724999948
              ],
              [
                -73.42664648299996,
                -6.652286974999924
              ],
              [
                -73.43190410799997,
                -6.651861223999958
              ],
              [
                -73.43278935799992,
                -6.650507849999883
              ],
              [
                -73.44029848299994,
                -6.651913599999943
              ],
              [
                -73.44350973299998,
                -6.655453473999842
              ],
              [
                -73.44693773299997,
                -6.658171974999959
              ],
              [
                -73.44887198299995,
                -6.660860599999921
              ],
              [
                -73.45126185799995,
                -6.662152599999899
              ],
              [
                -73.45517523299992,
                -6.662540849999971
              ],
              [
                -73.45914835799994,
                -6.665983724999876
              ],
              [
                -73.46165773299992,
                -6.665789598999936
              ],
              [
                -73.46380848299998,
                -6.668918849999841
              ],
              [
                -73.46579510799995,
                -6.667708974999925
              ],
              [
                -73.47748298299996,
                -6.666924724999944
              ],
              [
                -73.48138135799991,
                -6.667985224999939
              ],
              [
                -73.48394298299996,
                -6.670823224999936
              ],
              [
                -73.48328573299995,
                -6.673227974999975
              ],
              [
                -73.4856158579999,
                -6.674497599999938
              ],
              [
                -73.48737835799989,
                -6.673257849999914
              ],
              [
                -73.49117973299991,
                -6.673145849999969
              ],
              [
                -73.49722910799994,
                -6.674154099999953
              ],
              [
                -73.50092585799996,
                -6.672272098999883
              ],
              [
                -73.50764723299989,
                -6.672974099999976
              ],
              [
                -73.51337548299983,
                -6.675744849999944
              ],
              [
                -73.51352485799993,
                -6.678657349999924
              ],
              [
                -73.52082860799993,
                -6.676102974999878
              ],
              [
                -73.52166523299996,
                -6.67941922499989
              ],
              [
                -73.52407748299999,
                -6.679404224999928
              ],
              [
                -73.52554123299996,
                -6.681525223999927
              ],
              [
                -73.52923060799992,
                -6.684168974999977
              ],
              [
                -73.53168760799991,
                -6.684818723999911
              ],
              [
                -73.53585273299996,
                -6.683395474999941
              ],
              [
                -73.53976085799991,
                -6.685789599999964
              ],
              [
                -73.54089598299993,
                -6.689508974999967
              ],
              [
                -73.53982060799996,
                -6.693773224999973
              ],
              [
                -73.54754273299994,
                -6.699800099999948
              ],
              [
                -73.5513422329999,
                -6.70121572499994
              ],
              [
                -73.55432398299996,
                -6.704340849999937
              ],
              [
                -73.55480198299989,
                -6.709112974999925
              ],
              [
                -73.55706485799982,
                -6.711495474999936
              ],
              [
                -73.55764735799994,
                -6.713743348999969
              ],
              [
                -73.56173248299984,
                -6.716177974999937
              ],
              [
                -73.56167273299997,
                -6.721480474999908
              ],
              [
                -73.56554135799996,
                -6.722287224999889
              ],
              [
                -73.56815598299994,
                -6.721461849999969
              ],
              [
                -73.56996998299991,
                -6.722787474999961
              ],
              [
                -73.58403273299996,
                -6.724475224999935
              ],
              [
                -73.58664660799997,
                -6.723579099999938
              ],
              [
                -73.5923598579999,
                -6.727634348999914
              ],
              [
                -73.59576535799994,
                -6.731129474999932
              ],
              [
                -73.59907385799994,
                -6.730502099999967
              ],
              [
                -73.60329335799992,
                -6.7319808499999
              ],
              [
                -73.60409248299999,
                -6.73572997499997
              ],
              [
                -73.60659435799994,
                -6.735826974999895
              ],
              [
                -73.60999998299991,
                -6.739844974999926
              ],
              [
                -73.6131378579999,
                -6.741150224999899
              ],
              [
                -73.61625985799986,
                -6.74060997499987
              ],
              [
                -73.62246998299997,
                -6.74574997499991
              ],
              [
                -73.62322010799994,
                -6.74834997499994
              ],
              [
                -73.6217799829999,
                -6.750639974999956
              ],
              [
                -73.62822998299987,
                -6.752669974999947
              ],
              [
                -73.63022998299988,
                -6.751999974999933
              ],
              [
                -73.63376998299987,
                -6.752389974999971
              ],
              [
                -73.63492998299989,
                -6.754319974999873
              ],
              [
                -73.63713998299988,
                -6.754589974999931
              ],
              [
                -73.64155998299992,
                -6.760349974999826
              ],
              [
                -73.64374998299996,
                -6.764559974999884
              ],
              [
                -73.6438601079999,
                -6.770739974999913
              ],
              [
                -73.6458899829999,
                -6.772139974999959
              ],
              [
                -73.64381985799997,
                -6.773869974999968
              ],
              [
                -73.64663998299989,
                -6.776969974999872
              ],
              [
                -73.65008998299999,
                -6.777540099999896
              ],
              [
                -73.65264998299995,
                -6.780479974999878
              ],
              [
                -73.65366998299999,
                -6.786769974999913
              ],
              [
                -73.6558899829999,
                -6.789439974999937
              ],
              [
                -73.65974998299998,
                -6.791419974999826
              ],
              [
                -73.65950998399984,
                -6.793749974999969
              ],
              [
                -73.66464998299995,
                -6.797949974999938
              ],
              [
                -73.66597998299994,
                -6.80009997499991
              ],
              [
                -73.6661299829999,
                -6.804959974999974
              ],
              [
                -73.66709998299996,
                -6.806049974999894
              ],
              [
                -73.67202998299996,
                -6.807859974999928
              ],
              [
                -73.67589998299997,
                -6.810599974999946
              ],
              [
                -73.6764199829999,
                -6.812139974999923
              ],
              [
                -73.67923998299983,
                -6.81242997499993
              ],
              [
                -73.68369998299988,
                -6.816279974999929
              ],
              [
                -73.6851598579999,
                -6.821999974999869
              ],
              [
                -73.68660998299998,
                -6.821709974999919
              ],
              [
                -73.68842998299993,
                -6.828389974999936
              ],
              [
                -73.69046998299996,
                -6.83281997499995
              ],
              [
                -73.69603998299993,
                -6.837879974999908
              ],
              [
                -73.70260998399982,
                -6.839499849999982
              ],
              [
                -73.70760010799995,
                -6.839079974999891
              ],
              [
                -73.7104599839999,
                -6.840189974999873
              ],
              [
                -73.71142998299996,
                -6.846609974999978
              ],
              [
                -73.71276010799994,
                -6.848769974999868
              ],
              [
                -73.71377998299988,
                -6.854589974999953
              ],
              [
                -73.71637998299997,
                -6.857539974999952
              ],
              [
                -73.71352998299989,
                -6.860189974999855
              ],
              [
                -73.71433998299995,
                -6.863829974999931
              ],
              [
                -73.71612998299997,
                -6.865599974999839
              ],
              [
                -73.71949998399992,
                -6.866559974999973
              ],
              [
                -73.72055998299999,
                -6.86949997499994
              ],
              [
                -73.72070998299995,
                -6.873409974999959
              ],
              [
                -73.71950998299997,
                -6.877499974999978
              ],
              [
                -73.72261998299996,
                -6.87940997499993
              ],
              [
                -73.72395010799988,
                -6.887349974999893
              ],
              [
                -73.7267399829999,
                -6.88803997499997
              ],
              [
                -73.73195998299997,
                -6.894519974999923
              ],
              [
                -73.73651998299988,
                -6.899369974999956
              ],
              [
                -73.7388999829999,
                -6.899509974999887
              ],
              [
                -73.74015998399994,
                -6.901939974999948
              ],
              [
                -73.7447299829999,
                -6.905679974999941
              ],
              [
                -73.74734998399998,
                -6.909469974999922
              ],
              [
                -73.74654998399996,
                -6.912039974999971
              ],
              [
                -73.74794998399994,
                -6.913319974999979
              ],
              [
                -73.74748998299998,
                -6.917709974999866
              ],
              [
                -73.75006998399994,
                -6.92082997499989
              ],
              [
                -73.75232998299998,
                -6.926239974999874
              ],
              [
                -73.75478998399996,
                -6.929469974999961
              ],
              [
                -73.75829998299992,
                -6.931699974999901
              ],
              [
                -73.76078998299988,
                -6.935829974999876
              ],
              [
                -73.76130998299993,
                -6.940119974999902
              ],
              [
                -73.7571799829999,
                -6.947989974999871
              ],
              [
                -73.75394998299998,
                -6.949459974999968
              ],
              [
                -73.75371998299988,
                -6.951709974999972
              ],
              [
                -73.74914998299994,
                -6.954090100999906
              ],
              [
                -73.74814998299996,
                -6.959899975999974
              ],
              [
                -73.74495998299994,
                -6.961969974999818
              ],
              [
                -73.74470998299995,
                -6.965109975999894
              ],
              [
                -73.74592998299988,
                -6.96894997499993
              ],
              [
                -73.74863998399985,
                -6.969069975999901
              ],
              [
                -73.75278998299996,
                -6.974049974999957
              ],
              [
                -73.75456998299995,
                -6.974999974999946
              ],
              [
                -73.75950998299987,
                -6.974879974999965
              ],
              [
                -73.75946998299992,
                -6.97738997599987
              ],
              [
                -73.76123998299994,
                -6.978579974999946
              ],
              [
                -73.7596799829999,
                -6.983869974999948
              ],
              [
                -73.75747985799995,
                -6.98799997499998
              ],
              [
                -73.75873998299994,
                -6.992049974999873
              ],
              [
                -73.75772998399992,
                -6.996849975999908
              ],
              [
                -73.75856998299997,
                -6.99888997499994
              ],
              [
                -73.75805998399989,
                -7.001839974999882
              ],
              [
                -73.75982998299997,
                -7.00431997499993
              ],
              [
                -73.76153998399997,
                -7.004529974999969
              ],
              [
                -73.76307998299995,
                -7.00745997599995
              ],
              [
                -73.7621799829999,
                -7.008899974999963
              ],
              [
                -73.75829998299992,
                -7.009379974999888
              ],
              [
                -73.7578499839999,
                -7.012099974999956
              ],
              [
                -73.75615998299997,
                -7.013879974999895
              ],
              [
                -73.75631998299997,
                -7.016329974999849
              ],
              [
                -73.76137998299998,
                -7.022999974999891
              ],
              [
                -73.76058998299999,
                -7.025999974999877
              ],
              [
                -73.76093985899996,
                -7.028599974999963
              ],
              [
                -73.76288998299992,
                -7.033759974999953
              ],
              [
                -73.76238998399987,
                -7.039199974999917
              ],
              [
                -73.75998998299997,
                -7.043129974999943
              ],
              [
                -73.75699998299996,
                -7.045379974999946
              ],
              [
                -73.75741998299998,
                -7.047819975999971
              ],
              [
                -73.75956998299995,
                -7.05236997499992
              ],
              [
                -73.75971998299991,
                -7.056509975999973
              ],
              [
                -73.76191998299998,
                -7.062539974999936
              ],
              [
                -73.7662999829999,
                -7.066749974999937
              ],
              [
                -73.76796998399988,
                -7.069189974999915
              ],
              [
                -73.77100998299994,
                -7.071809974999894
              ],
              [
                -73.77536998299985,
                -7.07765997499996
              ],
              [
                -73.77704998299993,
                -7.080879974999959
              ],
              [
                -73.78303998399997,
                -7.088430099999812
              ],
              [
                -73.78676998299994,
                -7.089929974999905
              ],
              [
                -73.78772998299996,
                -7.093909974999974
              ],
              [
                -73.78468998399995,
                -7.100389849999942
              ],
              [
                -73.78397998399993,
                -7.103649974999939
              ],
              [
                -73.78621660899995,
                -7.104984225999942
              ],
              [
                -73.78832060899998,
                -7.107914724999944
              ],
              [
                -73.79841960799996,
                -7.113060974999939
              ],
              [
                -73.80116010799998,
                -7.108843724999872
              ],
              [
                -73.80347710799992,
                -7.107962099999952
              ],
              [
                -73.80478885799994,
                -7.104677349999918
              ],
              [
                -73.80888748299992,
                -7.101474475999964
              ],
              [
                -73.8112218579999,
                -7.096398724999915
              ],
              [
                -73.81494723299994,
                -7.091765600999906
              ],
              [
                -73.81736723299997,
                -7.090451224999981
              ],
              [
                -73.82333173399991,
                -7.088703349999946
              ],
              [
                -73.84321873299996,
                -7.083847599999899
              ],
              [
                -73.84777148299997,
                -7.081158224999967
              ],
              [
                -73.85336323399997,
                -7.075654349999922
              ],
              [
                -73.86185548299989,
                -7.061996099999874
              ],
              [
                -73.86614548399996,
                -7.052737475999947
              ],
              [
                -73.8669707329999,
                -7.048701349999874
              ],
              [
                -73.86761523299998,
                -7.036490224999909
              ],
              [
                -73.87002285899996,
                -7.024075474999961
              ],
              [
                -73.87117885799995,
                -7.01985384999989
              ],
              [
                -73.87994335899992,
                -7.005136724999886
              ],
              [
                -73.88038123299998,
                -7.002509724999868
              ],
              [
                -73.87864585799986,
                -6.993935349999902
              ],
              [
                -73.87586598299998,
                -6.98852622499993
              ],
              [
                -73.87395335799982,
                -6.983388849999926
              ],
              [
                -73.87253448299992,
                -6.977523099999871
              ],
              [
                -73.87139348399995,
                -6.967001724999932
              ],
              [
                -73.86759773299991,
                -6.962362474999964
              ],
              [
                -73.86655210799984,
                -6.959835974999976
              ],
              [
                -73.86084148299994,
                -6.952162349999924
              ],
              [
                -73.86021685899993,
                -6.946540849999963
              ],
              [
                -73.85744273299991,
                -6.942261974999951
              ],
              [
                -73.85167548299995,
                -6.93548547499995
              ],
              [
                -73.84885348299997,
                -6.931199224999887
              ],
              [
                -73.8426537329999,
                -6.92836772499993
              ],
              [
                -73.8331601079999,
                -6.926275349999969
              ],
              [
                -73.82453448399997,
                -6.915937099999894
              ],
              [
                -73.82241510799992,
                -6.907794849999959
              ],
              [
                -73.8211856079999,
                -6.894753849999915
              ],
              [
                -73.78937885799996,
                -6.856351599999869
              ],
              [
                -73.78841860799992,
                -6.839299849999975
              ],
              [
                -73.7877324829999,
                -6.820855474999917
              ],
              [
                -73.78558110899996,
                -6.791081849999898
              ],
              [
                -73.78262885799995,
                -6.780244099999891
              ],
              [
                -73.77136135799998,
                -6.765155224999944
              ],
              [
                -73.76086523299989,
                -6.755001974999971
              ],
              [
                -73.75714173299986,
                -6.752763099999925
              ],
              [
                -73.7538866079999,
                -6.752077724999879
              ],
              [
                -73.73532685799984,
                -6.750136099999906
              ],
              [
                -73.72416998299997,
                -6.748095724999928
              ],
              [
                -73.71219848299995,
                -6.74396859999996
              ],
              [
                -73.70290360899997,
                -6.738234224999871
              ],
              [
                -73.69615135799995,
                -6.732775599999968
              ],
              [
                -73.67734573299987,
                -6.711164099999962
              ],
              [
                -73.66377173399985,
                -6.70102409999987
              ],
              [
                -73.64412223299996,
                -6.690868224999974
              ],
              [
                -73.63174023299996,
                -6.6829668499999
              ],
              [
                -73.62533873299992,
                -6.67646797499998
              ],
              [
                -73.61621173299994,
                -6.662273099999936
              ],
              [
                -73.61009110799989,
                -6.645858598999894
              ],
              [
                -73.60741998299994,
                -6.639882849999935
              ],
              [
                -73.59976860799998,
                -6.633496474999959
              ],
              [
                -73.5848393579999,
                -6.622244974999887
              ],
              [
                -73.57132310799994,
                -6.610499724999954
              ],
              [
                -73.55717185799995,
                -6.595398473999978
              ],
              [
                -73.53920698299999,
                -6.566533224999944
              ],
              [
                -73.52562960799997,
                -6.54158109899987
              ],
              [
                -73.52197485799991,
                -6.531644473999904
              ],
              [
                -73.51880060799982,
                -6.522121099999936
              ],
              [
                -73.51814873299998,
                -6.513884224999913
              ],
              [
                -73.52000935799998,
                -6.486300599999879
              ],
              [
                -73.52168460799999,
                -6.482863099999975
              ],
              [
                -73.5251147329999,
                -6.47906009999997
              ],
              [
                -73.52590885799998,
                -6.476604974999873
              ],
              [
                -73.52578848299999,
                -6.472043724999935
              ],
              [
                -73.52783448299988,
                -6.470081974999971
              ],
              [
                -73.52991960799994,
                -6.46652097499998
              ],
              [
                -73.52929073299993,
                -6.4638118499999
              ],
              [
                -73.52531910799996,
                -6.461669599999937
              ],
              [
                -73.52134323299998,
                -6.460601974999975
              ],
              [
                -73.51519773299998,
                -6.455591974999948
              ],
              [
                -73.51475248299988,
                -6.450910348999912
              ],
              [
                -73.51042773299991,
                -6.440618724999979
              ],
              [
                -73.50588285799984,
                -6.422410099999922
              ],
              [
                -73.50226760799995,
                -6.42054909999996
              ],
              [
                -73.4933339829999,
                -6.419557724999891
              ],
              [
                -73.48817398299991,
                -6.417859473999897
              ],
              [
                -73.48488635799993,
                -6.414092849999975
              ],
              [
                -73.48281785799986,
                -6.410347973999933
              ],
              [
                -73.4823441079999,
                -6.407973849999962
              ],
              [
                -73.48181635799995,
                -6.398634349999952
              ],
              [
                -73.4800221079999,
                -6.395569724999916
              ],
              [
                -73.47797073299989,
                -6.386406348999969
              ],
              [
                -73.47699023299998,
                -6.38424222499998
              ],
              [
                -73.47155723299994,
                -6.377843224999879
              ],
              [
                -73.47038585799999,
                -6.37470634999994
              ],
              [
                -73.47079948299995,
                -6.368152724999959
              ],
              [
                -73.47430485799998,
                -6.363820099999941
              ],
              [
                -73.4786158579999,
                -6.360096974999976
              ],
              [
                -73.48175110799997,
                -6.353739348999909
              ],
              [
                -73.48214298299996,
                -6.347643099999914
              ],
              [
                -73.48334048299995,
                -6.342134598999962
              ],
              [
                -73.4849516079999,
                -6.339151849999894
              ],
              [
                -73.49069385799993,
                -6.334073473999979
              ],
              [
                -73.49657810799994,
                -6.327938973999949
              ],
              [
                -73.49790623299992,
                -6.325892223999972
              ],
              [
                -73.49836348299993,
                -6.322539349999943
              ],
              [
                -73.49699185799994,
                -6.318620348999957
              ],
              [
                -73.49444448299994,
                -6.315876973999877
              ],
              [
                -73.49178823299991,
                -6.314548849999937
              ],
              [
                -73.48537248299994,
                -6.314473599999928
              ],
              [
                -73.47757073299994,
                -6.311609473999908
              ],
              [
                -73.47680873299993,
                -6.310259599999881
              ],
              [
                -73.47336860799999,
                -6.308561223999959
              ],
              [
                -73.47069060799998,
                -6.304751224999904
              ],
              [
                -73.47106073299989,
                -6.303074724999931
              ],
              [
                -73.47365898299995,
                -6.301470598999913
              ],
              [
                -73.47304835799986,
                -6.297421973999974
              ],
              [
                -73.4695119829999,
                -6.292802098999971
              ],
              [
                -73.46547398299992,
                -6.292179849999911
              ],
              [
                -73.45940198299996,
                -6.292033973999935
              ],
              [
                -73.45743748299998,
                -6.290800848999936
              ],
              [
                -73.45481235799991,
                -6.285262474999911
              ],
              [
                -73.45576573299996,
                -6.281843474999903
              ],
              [
                -73.45302460799996,
                -6.27778872499988
              ],
              [
                -73.45374548299992,
                -6.270444098999974
              ],
              [
                -73.44891285799986,
                -6.269051473999923
              ],
              [
                -73.44671173299997,
                -6.26619997399996
              ],
              [
                -73.44457273299992,
                -6.250034848999974
              ],
              [
                -73.44520098299995,
                -6.24752209899998
              ],
              [
                -73.44942685799992,
                -6.243867348999856
              ],
              [
                -73.45411723299998,
                -6.245146474999899
              ],
              [
                -73.46084823299992,
                -6.249863473999937
              ],
              [
                -73.46416048299989,
                -6.250948598999912
              ],
              [
                -73.46658035799999,
                -6.250669098999879
              ],
              [
                -73.47179373299997,
                -6.248615849999908
              ],
              [
                -73.47490935799993,
                -6.248885099999882
              ],
              [
                -73.47889048299999,
                -6.251539348999927
              ],
              [
                -73.48274148299993,
                -6.25140397499996
              ],
              [
                -73.48225610799983,
                -6.248384973999976
              ],
              [
                -73.47985210799987,
                -6.245730974999958
              ],
              [
                -73.48042898299991,
                -6.243500099999949
              ],
              [
                -73.47840960799988,
                -6.240076723999834
              ],
              [
                -73.4806789829999,
                -6.237114848999965
              ],
              [
                -73.47696723299993,
                -6.235557098999891
              ],
              [
                -73.47485160799994,
                -6.231979848999913
              ],
              [
                -73.47235148299984,
                -6.231037473999947
              ],
              [
                -73.46646635799988,
                -6.231383723999897
              ],
              [
                -73.4633708579999,
                -6.227083098999969
              ],
              [
                -73.46342798299992,
                -6.224513348999949
              ],
              [
                -73.46559810799988,
                -6.218631224999911
              ],
              [
                -73.46616910799997,
                -6.215547473999948
              ],
              [
                -73.46542210799998,
                -6.210301098999878
              ],
              [
                -73.46350848299994,
                -6.208517974999893
              ],
              [
                -73.45999223299998,
                -6.202537849999885
              ],
              [
                -73.46013798299992,
                -6.197123223999881
              ],
              [
                -73.46413910799998,
                -6.190860474999965
              ],
              [
                -73.46357373299992,
                -6.184902098999885
              ],
              [
                -73.46176560799995,
                -6.180850473999953
              ],
              [
                -73.46061635799998,
                -6.171854724999946
              ],
              [
                -73.46268210799997,
                -6.16987584899988
              ],
              [
                -73.46698773299994,
                -6.169353973999876
              ],
              [
                -73.4690537329999,
                -6.166200848999949
              ],
              [
                -73.46572460799996,
                -6.163074224999946
              ],
              [
                -73.46435335799993,
                -6.159519848999935
              ],
              [
                -73.46179060799989,
                -6.157546098999887
              ],
              [
                -73.45887673299995,
                -6.151674849999949
              ],
              [
                -73.45654985799996,
                -6.150391849999892
              ],
              [
                -73.45613673299982,
                -6.148391223999852
              ],
              [
                -73.46032198299997,
                -6.138797223999973
              ],
              [
                -73.46294310799988,
                -6.136176223999939
              ],
              [
                -73.46300585799992,
                -6.132367224999882
              ],
              [
                -73.45964248299998,
                -6.126468599999953
              ],
              [
                -73.45872023299995,
                -6.123119348999978
              ],
              [
                -73.45886585799985,
                -6.119236348999948
              ],
              [
                -73.46226348299996,
                -6.114382473999967
              ],
              [
                -73.4630187329999,
                -6.11011109999987
              ],
              [
                -73.46163248299996,
                -6.107198848999872
              ],
              [
                -73.46154710799993,
                -6.104247723999947
              ],
              [
                -73.46512723299992,
                -6.099918098999979
              ],
              [
                -73.47172848299988,
                -6.09695722399988
              ],
              [
                -73.47561135799998,
                -6.091618098999902
              ],
              [
                -73.47876648299984,
                -6.089530848999971
              ],
              [
                -73.48241948299994,
                -6.088388974999873
              ],
              [
                -73.49206623299989,
                -6.087359724999885
              ],
              [
                -73.49838285799996,
                -6.087335974999974
              ],
              [
                -73.50436735799985,
                -6.088939473999972
              ],
              [
                -73.51530860799988,
                -6.096206098999915
              ],
              [
                -73.52361585799997,
                -6.096763098999816
              ],
              [
                -73.52769310799982,
                -6.095889598999918
              ],
              [
                -73.53045985799997,
                -6.09360809899988
              ],
              [
                -73.5330323579999,
                -6.09025897499987
              ],
              [
                -73.53798323299998,
                -6.080454224999926
              ],
              [
                -73.54296498299988,
                -6.07547834899998
              ],
              [
                -73.5489528579999,
                -6.073367473999838
              ],
              [
                -73.5547774829999,
                -6.073853099999951
              ],
              [
                -73.55963135799988,
                -6.073367473999838
              ],
              [
                -73.56397460799997,
                -6.071257848999892
              ],
              [
                -73.5706494829999,
                -6.06419397399992
              ],
              [
                -73.57669723299989,
                -6.053142473999912
              ],
              [
                -73.57909510799988,
                -6.049292723999883
              ],
              [
                -73.58487123299994,
                -6.043225348999954
              ],
              [
                -73.59244323299987,
                -6.03808034899987
              ],
              [
                -73.5975901079999,
                -6.036751723999885
              ],
              [
                -73.60457773299999,
                -6.038808348999964
              ],
              [
                -73.60732748299995,
                -6.037723723999932
              ],
              [
                -73.60935673299997,
                -6.034917349999887
              ],
              [
                -73.61063848299989,
                -6.029816598999957
              ],
              [
                -73.61248948299993,
                -6.026965098999881
              ],
              [
                -73.61506198299998,
                -6.02706209899992
              ],
              [
                -73.61953560799992,
                -6.030838723999977
              ],
              [
                -73.62316335799994,
                -6.034600848999901
              ],
              [
                -73.62496198299993,
                -6.035311848999868
              ],
              [
                -73.62736048299996,
                -6.033598723999944
              ],
              [
                -73.6301016079999,
                -6.028059348999932
              ],
              [
                -73.63018448299994,
                -6.026453598999922
              ],
              [
                -73.62734323299986,
                -6.01559997399994
              ],
              [
                -73.62638873299994,
                -6.01041609899994
              ],
              [
                -73.62261410799988,
                -6.008818473999895
              ],
              [
                -73.62207860799998,
                -6.006944598999951
              ],
              [
                -73.62288648299995,
                -6.001001348999978
              ],
              [
                -73.63094723299997,
                -5.9803300989999
              ],
              [
                -73.64725385799989,
                -5.935531223999931
              ],
              [
                -73.65161373299992,
                -5.928779348999967
              ],
              [
                -73.65631835799991,
                -5.924341848999973
              ],
              [
                -73.67143948299986,
                -5.91455072399998
              ],
              [
                -73.68989335799995,
                -5.90504422399988
              ],
              [
                -73.69965423299993,
                -5.899501973999975
              ],
              [
                -73.7075393579999,
                -5.891172598999901
              ],
              [
                -73.71347848299996,
                -5.882606473999942
              ],
              [
                -73.71732423299994,
                -5.874335973999962
              ],
              [
                -73.71873235799984,
                -5.865874098999882
              ],
              [
                -73.71764735799997,
                -5.859021348999818
              ],
              [
                -73.71616260899992,
                -5.855994598999928
              ],
              [
                -73.71159398299994,
                -5.850169723999898
              ],
              [
                -73.70856735799998,
                -5.84548684899994
              ],
              [
                -73.70765360799993,
                -5.842117598999891
              ],
              [
                -73.70854110799985,
                -5.839540973999931
              ],
              [
                -73.70798098299997,
                -5.837433473999909
              ],
              [
                -73.7106243579999,
                -5.835966723999888
              ],
              [
                -73.71270760799996,
                -5.833637223999972
              ],
              [
                -73.71567710799991,
                -5.819817223999962
              ],
              [
                -73.7188179829999,
                -5.807139473999939
              ],
              [
                -73.72250385899997,
                -5.796447223999962
              ],
              [
                -73.72958198299995,
                -5.783394473999977
              ],
              [
                -73.72249073299986,
                -5.758711973999937
              ],
              [
                -73.7210058579999,
                -5.751773598999876
              ],
              [
                -73.72064785799995,
                -5.744900473999905
              ],
              [
                -73.70305660799983,
                -5.717548848999968
              ],
              [
                -73.68880473299993,
                -5.702917973999945
              ],
              [
                -73.67590298299996,
                -5.692486598999949
              ],
              [
                -73.67331523299998,
                -5.688114348999932
              ],
              [
                -73.67260160799998,
                -5.68512509899989
              ],
              [
                -73.6775234829999,
                -5.667331973999922
              ],
              [
                -73.67652835799998,
                -5.657209223999928
              ],
              [
                -73.67372798299994,
                -5.645002098999953
              ],
              [
                -73.66823648299987,
                -5.625882223999952
              ],
              [
                -73.66766535799997,
                -5.62079972399988
              ],
              [
                -73.66800798299988,
                -5.616859348999924
              ],
              [
                -73.67057810799997,
                -5.609349598999927
              ],
              [
                -73.67142760799993,
                -5.603046598999981
              ],
              [
                -73.67097073399998,
                -5.576292972999966
              ],
              [
                -73.67048048299989,
                -5.571093598999823
              ],
              [
                -73.67076948299984,
                -5.558218723999914
              ],
              [
                -73.67199410799998,
                -5.550935598999956
              ],
              [
                -73.67369935799996,
                -5.533537972999909
              ],
              [
                -73.67343160799993,
                -5.513505848999955
              ],
              [
                -73.67498310899987,
                -5.487227973999893
              ],
              [
                -73.67409610799984,
                -5.481455973999971
              ],
              [
                -73.67302523299998,
                -5.478466723999929
              ],
              [
                -73.66851898299996,
                -5.472032097999886
              ],
              [
                -73.6660062329999,
                -5.465807472999927
              ],
              [
                -73.66275123299988,
                -5.462723723999943
              ],
              [
                -73.65681210799988,
                -5.462952098999949
              ],
              [
                -73.65049698299998,
                -5.45940909899997
              ],
              [
                -73.64742748299994,
                -5.455078598999933
              ],
              [
                -73.64338685799993,
                -5.454490222999937
              ],
              [
                -73.63801310799994,
                -5.456866598999909
              ],
              [
                -73.63103773299991,
                -5.454570472999933
              ],
              [
                -73.62725398299995,
                -5.450815598999839
              ],
              [
                -73.62782223299996,
                -5.446414722999862
              ],
              [
                -73.62038898299983,
                -5.440967348999891
              ],
              [
                -73.61429798299997,
                -5.442793348999885
              ],
              [
                -73.60755810799992,
                -5.44274959899991
              ],
              [
                -73.60380885799987,
                -5.44057584799998
              ],
              [
                -73.60271485799996,
                -5.437410348999947
              ],
              [
                -73.6029066079999,
                -5.432956848999936
              ],
              [
                -73.60119198299998,
                -5.429609973999959
              ],
              [
                -73.60153373299983,
                -5.424209348999966
              ],
              [
                -73.60306048299992,
                -5.422112973999958
              ],
              [
                -73.60291210799983,
                -5.418572223999831
              ],
              [
                -73.60182273299995,
                -5.416365223999833
              ],
              [
                -73.60360148299992,
                -5.414159598999959
              ],
              [
                -73.61495898299995,
                -5.414095723999878
              ],
              [
                -73.61805598299998,
                -5.41377247399987
              ],
              [
                -73.62149023299997,
                -5.411267597999938
              ],
              [
                -73.62435948299998,
                -5.407253848999915
              ],
              [
                -73.6277572329999,
                -5.40604059899988
              ],
              [
                -73.62885410799998,
                -5.411664348999977
              ],
              [
                -73.6311708579999,
                -5.414647723999906
              ],
              [
                -73.63299448299989,
                -5.41388909899996
              ],
              [
                -73.63663610799995,
                -5.40682822399998
              ],
              [
                -73.64151585799993,
                -5.405386848999967
              ],
              [
                -73.6467441079999,
                -5.401859973999933
              ],
              [
                -73.65079885799992,
                -5.397376972999837
              ],
              [
                -73.65544660799998,
                -5.382867223999938
              ],
              [
                -73.65790223299996,
                -5.378698473999975
              ],
              [
                -73.66222635799988,
                -5.37663522299988
              ],
              [
                -73.66422948299999,
                -5.379624723999939
              ],
              [
                -73.6691461079999,
                -5.378698972999928
              ],
              [
                -73.67233285799995,
                -5.37560334899996
              ],
              [
                -73.67491048299996,
                -5.374943598999891
              ],
              [
                -73.67742185799995,
                -5.373113223999951
              ],
              [
                -73.67905360799995,
                -5.365535223999927
              ],
              [
                -73.6800234829999,
                -5.363285098999938
              ],
              [
                -73.68450973299991,
                -5.357093723999924
              ],
              [
                -73.68566210799997,
                -5.35388084799996
              ],
              [
                -73.68512773299989,
                -5.340894598999967
              ],
              [
                -73.68632760799989,
                -5.338867473999926
              ],
              [
                -73.68903010799994,
                -5.338850097999909
              ],
              [
                -73.69219623299989,
                -5.340218598999968
              ],
              [
                -73.69367348299988,
                -5.336491598999885
              ],
              [
                -73.69924810799984,
                -5.333418973999869
              ],
              [
                -73.70521485799998,
                -5.331265598999948
              ],
              [
                -73.71358198299993,
                -5.328878848999921
              ],
              [
                -73.71890660799994,
                -5.326505722999855
              ],
              [
                -73.72309210799995,
                -5.323778223999966
              ],
              [
                -73.72460148299996,
                -5.319266723999874
              ],
              [
                -73.73142898299989,
                -5.310603847999971
              ],
              [
                -73.73307810799992,
                -5.304603473999975
              ],
              [
                -73.73342973299998,
                -5.300355473999957
              ],
              [
                -73.7346953579999,
                -5.297373097999923
              ],
              [
                -73.73516798299994,
                -5.289220723999961
              ],
              [
                -73.73680323299993,
                -5.2849937229999
              ],
              [
                -73.73731710899995,
                -5.28162459899994
              ],
              [
                -73.73611785799983,
                -5.277170097999942
              ],
              [
                -73.72869398299991,
                -5.266947973999891
              ],
              [
                -73.72680948299995,
                -5.262150973999837
              ],
              [
                -73.72646685799992,
                -5.258438972999897
              ],
              [
                -73.72295148299997,
                -5.249906848999899
              ],
              [
                -73.72112385799983,
                -5.247211723999897
              ],
              [
                -73.72330773299996,
                -5.243153848999896
              ],
              [
                -73.72247135899994,
                -5.2383833479999
              ],
              [
                -73.72361748399999,
                -5.236035597999887
              ],
              [
                -73.72130373299996,
                -5.235050722999915
              ],
              [
                -73.71992785799989,
                -5.232830723999939
              ],
              [
                -73.71670773299991,
                -5.235895347999929
              ],
              [
                -73.71288860799996,
                -5.23159297299992
              ],
              [
                -73.7091163579999,
                -5.236433597999962
              ],
              [
                -73.70466010799998,
                -5.237551098999973
              ],
              [
                -73.69952298299995,
                -5.241363222999894
              ],
              [
                -73.69453523299995,
                -5.243033722999826
              ],
              [
                -73.68815873399996,
                -5.241934348999962
              ],
              [
                -73.68090623299992,
                -5.241962847999957
              ],
              [
                -73.67275248299995,
                -5.230820473999927
              ],
              [
                -73.66906073299992,
                -5.227321973999949
              ],
              [
                -73.66478873299997,
                -5.224634848999926
              ],
              [
                -73.65801685799994,
                -5.222766097999909
              ],
              [
                -73.64996410799995,
                -5.222616973999948
              ],
              [
                -73.6463997329999,
                -5.221671848999961
              ],
              [
                -73.64384523299992,
                -5.220014348999882
              ],
              [
                -73.64197323299993,
                -5.220657847999917
              ],
              [
                -73.63811223299996,
                -5.218863847999899
              ],
              [
                -73.63505060799997,
                -5.216562848999956
              ],
              [
                -73.63040973299991,
                -5.218058098999961
              ],
              [
                -73.62681635799999,
                -5.21404934799989
              ],
              [
                -73.62756285799992,
                -5.210088848999931
              ],
              [
                -73.62561273299985,
                -5.208840848999898
              ],
              [
                -73.62567298299996,
                -5.204739973999949
              ],
              [
                -73.62397435799994,
                -5.204082472999914
              ],
              [
                -73.62274085799999,
                -5.200902972999927
              ],
              [
                -73.62304535799996,
                -5.196278222999979
              ],
              [
                -73.62448085799997,
                -5.191836597999895
              ],
              [
                -73.62170760799995,
                -5.187656347999905
              ],
              [
                -73.61866598299997,
                -5.181908222999937
              ],
              [
                -73.61424010799982,
                -5.169811722999953
              ],
              [
                -73.60807248299994,
                -5.155592097999886
              ],
              [
                -73.60373248299993,
                -5.148025348999965
              ],
              [
                -73.60031048299993,
                -5.145630847999939
              ],
              [
                -73.58912085799994,
                -5.142713723999975
              ],
              [
                -73.57591998299989,
                -5.141175597999961
              ],
              [
                -73.56206860799995,
                -5.140781472999947
              ],
              [
                -73.55644323299998,
                -5.139707722999844
              ],
              [
                -73.55099673299992,
                -5.136397847999888
              ],
              [
                -73.5435488579999,
                -5.129427722999878
              ],
              [
                -73.53243985799998,
                -5.114628348999929
              ],
              [
                -73.53022448299993,
                -5.11031259899994
              ],
              [
                -73.52986135799989,
                -5.106203097999924
              ],
              [
                -73.53331835799992,
                -5.097255848999907
              ],
              [
                -73.5376816079999,
                -5.09049022399995
              ],
              [
                -73.54147260799988,
                -5.085790972999973
              ],
              [
                -73.54171685799992,
                -5.083927722999931
              ],
              [
                -73.52533860799997,
                -5.091491847999976
              ],
              [
                -73.49986473299998,
                -5.097219222999911
              ],
              [
                -73.47974410799998,
                -5.097503847999917
              ],
              [
                -73.46207810799996,
                -5.095337848999861
              ],
              [
                -73.45224123299982,
                -5.093780848999927
              ],
              [
                -73.43401110799994,
                -5.088155222999944
              ],
              [
                -73.42068948299993,
                -5.081435598999974
              ],
              [
                -73.3904297329999,
                -5.070673847999899
              ],
              [
                -73.36797260799995,
                -5.056369098999937
              ],
              [
                -73.3124099829999,
                -5.025285972999882
              ],
              [
                -73.28975485799998,
                -5.008803847999957
              ],
              [
                -73.23624410799988,
                -4.970566347999977
              ],
              [
                -73.21356448299991,
                -4.979660097999897
              ],
              [
                -73.18446510699988,
                -4.993921972999829
              ],
              [
                -73.16991798299983,
                -4.998001972999873
              ],
              [
                -73.11431798299998,
                -4.997790222999981
              ],
              [
                -73.10506773299994,
                -4.998911972999963
              ],
              [
                -73.09810060699988,
                -5.000796473999912
              ],
              [
                -73.09226373299992,
                -5.004595597999923
              ],
              [
                -73.07113398299987,
                -5.020956847999912
              ],
              [
                -73.05971260699988,
                -5.031521722999912
              ],
              [
                -73.05732798199995,
                -5.034376972999894
              ],
              [
                -73.05386685799988,
                -5.037248723999937
              ],
              [
                -73.03731385799995,
                -5.043402222999873
              ],
              [
                -73.03460135699999,
                -5.045472347999976
              ],
              [
                -73.02904635799996,
                -5.046891847999859
              ],
              [
                -73.0232638579999,
                -5.049432347999925
              ],
              [
                -73.01488310699995,
                -5.054192473999933
              ],
              [
                -73.00328973199998,
                -5.057579972999918
              ],
              [
                -72.99546348299998,
                -5.059010972999943
              ],
              [
                -72.99318573199997,
                -5.058572847999926
              ],
              [
                -72.99213448199998,
                -5.056820722999873
              ],
              [
                -72.98788560799994,
                -5.05302259799987
              ],
              [
                -72.98485548199989,
                -5.052566222999928
              ],
              [
                -72.97773760799998,
                -5.063245223999957
              ],
              [
                -72.97470048199995,
                -5.065931847999934
              ],
              [
                -72.97169273199995,
                -5.067333597999948
              ],
              [
                -72.95740485799996,
                -5.077988723999965
              ],
              [
                -72.95232073299991,
                -5.088102723999953
              ],
              [
                -72.94635873299984,
                -5.095255848999898
              ],
              [
                -72.93636498299992,
                -5.104278722999936
              ],
              [
                -72.92711360699997,
                -5.110560473999954
              ],
              [
                -72.91981448199994,
                -5.113767597999981
              ],
              [
                -72.91278748199983,
                -5.119895972999927
              ],
              [
                -72.90758598299993,
                -5.122412097999927
              ],
              [
                -72.89983973199992,
                -5.123478348999924
              ],
              [
                -72.89386810699995,
                -5.122409472999948
              ],
              [
                -72.88542860699994,
                -5.121913098999926
              ],
              [
                -72.88180748299999,
                -5.123022723999895
              ],
              [
                -72.87690148199988,
                -5.128804847999959
              ],
              [
                -72.87345560699987,
                -5.130994973999975
              ],
              [
                -72.86720210699997,
                -5.133837223999933
              ],
              [
                -72.85496835699985,
                -5.138695348999931
              ]
            ]
          ]
        ],
        "type": "MultiPolygon"
      },
      "type": "Feature",
      "properties": {
        "PROVINCIA": "REQUENA",
        "DISTRITO": "YAQUERANA",
        "name": "YAQUERANA",
        "ID": "150411",
        "DEPARTAMEN": "LORETO"
      }
    }
  ]
}
