{
  "type": "FeatureCollection",
  "features": [
    {
      "geometry": {
        "coordinates": [
          [
            [
              [
                -69.51388885400002,
                -16.17996923399994
              ],
              [
                -69.52083060399991,
                -16.179997358999856
              ],
              [
                -69.528841854,
                -16.17859185799989
              ],
              [
                -69.53465822899994,
                -16.175564483999892
              ],
              [
                -69.53741797899977,
                -16.176263733999917
              ],
              [
                -69.53953122899992,
                -16.175695358999974
              ],
              [
                -69.54452147899997,
                -16.177019483999914
              ],
              [
                -69.54745897899983,
                -16.179076233999922
              ],
              [
                -69.54953322999995,
                -16.181869108999933
              ],
              [
                -69.55243435400001,
                -16.18390035899995
              ],
              [
                -69.55567835499994,
                -16.184305858999892
              ],
              [
                -69.56097522899995,
                -16.18260773399993
              ],
              [
                -69.56819910399992,
                -16.176130482999895
              ],
              [
                -69.57191610399991,
                -16.174275358999978
              ],
              [
                -69.57521872899986,
                -16.179365232999942
              ],
              [
                -69.57472847899999,
                -16.183248107999873
              ],
              [
                -69.5757031039999,
                -16.185544983999932
              ],
              [
                -69.575386729,
                -16.189181607999842
              ],
              [
                -69.57832622900003,
                -16.196681607999892
              ],
              [
                -69.58038285399994,
                -16.19918948399993
              ],
              [
                -69.58029885399992,
                -16.201818358999844
              ],
              [
                -69.57897260399994,
                -16.20718948299998
              ],
              [
                -69.58128710399995,
                -16.215802732999975
              ],
              [
                -69.58129885499989,
                -16.21860348399997
              ],
              [
                -69.58397260499993,
                -16.221599608999895
              ],
              [
                -69.58554272899983,
                -16.2262004829999
              ],
              [
                -69.58575435499984,
                -16.22891885899992
              ],
              [
                -69.58477297899992,
                -16.23458785899993
              ],
              [
                -69.58571072899997,
                -16.2365647339999
              ],
              [
                -69.58616697899987,
                -16.24102523399995
              ],
              [
                -69.584873979,
                -16.247288233999882
              ],
              [
                -69.58036322999999,
                -16.25103598399994
              ],
              [
                -69.5820613549999,
                -16.257574733999945
              ],
              [
                -69.58492510499997,
                -16.259627609
              ],
              [
                -69.58487435399985,
                -16.262846233999937
              ],
              [
                -69.58570897899989,
                -16.266210983999883
              ],
              [
                -69.58639735399993,
                -16.274736483999902
              ],
              [
                -69.59115960499986,
                -16.28220885899998
              ],
              [
                -69.59161585399988,
                -16.285427607999964
              ],
              [
                -69.59508797900003,
                -16.290876483999966
              ],
              [
                -69.59779960499992,
                -16.291357983999887
              ],
              [
                -69.60320010399994,
                -16.291078108999955
              ],
              [
                -69.6064673539999,
                -16.29300535899995
              ],
              [
                -69.60783585399997,
                -16.29574235899986
              ],
              [
                -69.6074303549999,
                -16.299594733999925
              ],
              [
                -69.60902697999995,
                -16.300735233999944
              ],
              [
                -69.61739047899988,
                -16.300709858999824
              ],
              [
                -69.61865772999982,
                -16.30291473299991
              ],
              [
                -69.621400354,
                -16.303878858999838
              ],
              [
                -69.62694923000004,
                -16.303664108999897
              ],
              [
                -69.62991410400002,
                -16.302978483999937
              ],
              [
                -69.63187310499984,
                -16.30085748399995
              ],
              [
                -69.63565247899999,
                -16.302492233999942
              ],
              [
                -69.63933597899995,
                -16.306093733999944
              ],
              [
                -69.63993160400003,
                -16.308896483999945
              ],
              [
                -69.6443944799999,
                -16.311050732999945
              ],
              [
                -69.64839647899998,
                -16.310189483999977
              ],
              [
                -69.65506247999997,
                -16.3151113589999
              ],
              [
                -69.6563516039999,
                -16.317519483999945
              ],
              [
                -69.65743947999982,
                -16.322609358999898
              ],
              [
                -69.65545310499988,
                -16.32578710899992
              ],
              [
                -69.65440622899996,
                -16.331484358999887
              ],
              [
                -69.65221285500002,
                -16.335329482999953
              ],
              [
                -69.65208597999992,
                -16.339156358999958
              ],
              [
                -69.65429110399992,
                -16.338953607999883
              ],
              [
                -69.65758572899995,
                -16.33735698399994
              ],
              [
                -69.66572260399988,
                -16.331902358999912
              ],
              [
                -69.668800729,
                -16.333275358999913
              ],
              [
                -69.67265235399992,
                -16.33743548399997
              ],
              [
                -69.67433010399992,
                -16.340765608999902
              ],
              [
                -69.67626372900003,
                -16.34699223399997
              ],
              [
                -69.67587110399995,
                -16.348826233999887
              ],
              [
                -69.67358985399994,
                -16.351400358999967
              ],
              [
                -69.67115622899985,
                -16.35606060899994
              ],
              [
                -69.66825197899982,
                -16.35863473399985
              ],
              [
                -69.66789647899998,
                -16.363441358999978
              ],
              [
                -69.66927735399992,
                -16.365986358999976
              ],
              [
                -69.67170323,
                -16.366439483999898
              ],
              [
                -69.68062698,
                -16.377134733999924
              ],
              [
                -69.6845351049999,
                -16.37568560899996
              ],
              [
                -69.68613285499993,
                -16.379720733999932
              ],
              [
                -69.68401947899986,
                -16.38255473399994
              ],
              [
                -69.68423647899988,
                -16.386929734000034
              ],
              [
                -69.683658229,
                -16.389220733999935
              ],
              [
                -69.6803926049999,
                -16.393427733999943
              ],
              [
                -69.6772753539999,
                -16.39503910899998
              ],
              [
                -69.67572847899999,
                -16.397496108999974
              ],
              [
                -69.67545222900003,
                -16.400032108999824
              ],
              [
                -69.67407810399993,
                -16.40105135899995
              ],
              [
                -69.66963747899979,
                -16.406867358999932
              ],
              [
                -69.66992085399994,
                -16.41502485899997
              ],
              [
                -69.66790522999997,
                -16.420113358999913
              ],
              [
                -69.66475785499989,
                -16.421033233999935
              ],
              [
                -69.66070122999997,
                -16.425925733999975
              ],
              [
                -69.65882235399994,
                -16.42510548399997
              ],
              [
                -69.65328622899983,
                -16.424912733999918
              ],
              [
                -69.64866597899999,
                -16.425568358999897
              ],
              [
                -69.64427735499999,
                -16.42817973399997
              ],
              [
                -69.63859960499985,
                -16.427632858999914
              ],
              [
                -69.6273222289999,
                -16.430566358999897
              ],
              [
                -69.62384460399983,
                -16.428660858999876
              ],
              [
                -69.61430272899992,
                -16.433730483999966
              ],
              [
                -69.61273247999986,
                -16.435060608999947
              ],
              [
                -69.60780210499985,
                -16.435745358999952
              ],
              [
                -69.60319047899992,
                -16.438257983999904
              ],
              [
                -69.59825297999987,
                -16.437976858999946
              ],
              [
                -69.59408260499987,
                -16.438828108999928
              ],
              [
                -69.58865585399991,
                -16.43876685899994
              ],
              [
                -69.5855389799998,
                -16.44213810899987
              ],
              [
                -69.58293097899991,
                -16.4429649839999
              ],
              [
                -69.57854197899985,
                -16.44153385899989
              ],
              [
                -69.57188772899985,
                -16.435739233999982
              ],
              [
                -69.56505097899986,
                -16.43154573399994
              ],
              [
                -69.56222710399982,
                -16.431646608999927
              ],
              [
                -69.55970485499984,
                -16.435786858999904
              ],
              [
                -69.55854885400004,
                -16.440367233999837
              ],
              [
                -69.55577147899999,
                -16.445369108999955
              ],
              [
                -69.55441997899999,
                -16.44637298399988
              ],
              [
                -69.55150585500002,
                -16.444771483999887
              ],
              [
                -69.54826385399991,
                -16.43915435899993
              ],
              [
                -69.54286135400002,
                -16.43284373399996
              ],
              [
                -69.54081060399989,
                -16.427414108999926
              ],
              [
                -69.54062122999994,
                -16.42158748399993
              ],
              [
                -69.53862985400002,
                -16.418727858999944
              ],
              [
                -69.53605985399992,
                -16.417985483999814
              ],
              [
                -69.5315486039998,
                -16.419184732999895
              ],
              [
                -69.52754035399988,
                -16.42645910899995
              ],
              [
                -69.52542347899987,
                -16.4281221089999
              ],
              [
                -69.52302410499993,
                -16.431697233999955
              ],
              [
                -69.52061035499997,
                -16.433817233999946
              ],
              [
                -69.51687722899993,
                -16.43506035899992
              ],
              [
                -69.51398922899989,
                -16.43515035899992
              ],
              [
                -69.50727072899991,
                -16.434338483999966
              ],
              [
                -69.50316010399996,
                -16.434244358999933
              ],
              [
                -69.50202672899997,
                -16.432098733999965
              ],
              [
                -69.5009922289999,
                -16.427160108999885
              ],
              [
                -69.4944362289998,
                -16.42688773399982
              ],
              [
                -69.48380010399984,
                -16.42874373399991
              ],
              [
                -69.4820392289999,
                -16.43038548399994
              ],
              [
                -69.48256635399991,
                -16.434601608999913
              ],
              [
                -69.48120697899986,
                -16.439609358999917
              ],
              [
                -69.47513885399997,
                -16.446803858999942
              ],
              [
                -69.47159347899998,
                -16.458701108999946
              ],
              [
                -69.47177073,
                -16.46456573399996
              ],
              [
                -69.47094335500003,
                -16.474619108999946
              ],
              [
                -69.472172979,
                -16.47702710899995
              ],
              [
                -69.47821910399983,
                -16.483696608999878
              ],
              [
                -69.48009885399995,
                -16.48728960899996
              ],
              [
                -69.47951985399999,
                -16.48941748399983
              ],
              [
                -69.47457847999988,
                -16.49573660899989
              ],
              [
                -69.47356960399998,
                -16.50112135899991
              ],
              [
                -69.47456635399993,
                -16.50922073399994
              ],
              [
                -69.4790398539999,
                -16.513301483999953
              ],
              [
                -69.48337035399999,
                -16.51618073399993
              ],
              [
                -69.48598772899993,
                -16.518988483999976
              ],
              [
                -69.4882824789999,
                -16.52635210899996
              ],
              [
                -69.48664847999999,
                -16.54322660899993
              ],
              [
                -69.48501560399995,
                -16.551322233999883
              ],
              [
                -69.48552410500002,
                -16.555831233999925
              ],
              [
                -69.49094035399992,
                -16.558576108999944
              ],
              [
                -69.49877760499999,
                -16.564185608999935
              ],
              [
                -69.49821697899989,
                -16.566736358999947
              ],
              [
                -69.4931827289999,
                -16.57228510899995
              ],
              [
                -69.49412072899997,
                -16.580704983999908
              ],
              [
                -69.49260972899992,
                -16.58236923399994
              ],
              [
                -69.49077735399993,
                -16.586458983999933
              ],
              [
                -69.48890897999996,
                -16.58880723499982
              ],
              [
                -69.49090347899988,
                -16.594636233999893
              ],
              [
                -69.49224810399994,
                -16.608126983999966
              ],
              [
                -69.49188710399983,
                -16.611646733999976
              ],
              [
                -69.48760272899989,
                -16.62260998399995
              ],
              [
                -69.48783785399996,
                -16.62494335899993
              ],
              [
                -69.49276760499993,
                -16.630572358999927
              ],
              [
                -69.49609185399999,
                -16.635511733999977
              ],
              [
                -69.4985058549999,
                -16.63729298499993
              ],
              [
                -69.49844923,
                -16.64005660899994
              ],
              [
                -69.50020697900004,
                -16.644790859999887
              ],
              [
                -69.49892772899989,
                -16.651074233999907
              ],
              [
                -69.49754885399983,
                -16.654525358999933
              ],
              [
                -69.49888097899992,
                -16.657642358999908
              ],
              [
                -69.50174647899996,
                -16.660593483999833
              ],
              [
                -69.50687885499991,
                -16.661149483999907
              ],
              [
                -69.5171054789999,
                -16.659179733999906
              ],
              [
                -69.52205122999999,
                -16.65555085999995
              ],
              [
                -69.52424922999995,
                -16.654779858999916
              ],
              [
                -69.52649023000004,
                -16.65572260899995
              ],
              [
                -69.52942610399992,
                -16.658295733999978
              ],
              [
                -69.53443372899994,
                -16.66081585899991
              ],
              [
                -69.53747372899983,
                -16.666545983999924
              ],
              [
                -69.54214972899985,
                -16.670604858999866
              ],
              [
                -69.54236522999992,
                -16.67626373400003
              ],
              [
                -69.5416856039999,
                -16.678953108999963
              ],
              [
                -69.53714847899994,
                -16.68361910899995
              ],
              [
                -69.53619198000001,
                -16.68734585999988
              ],
              [
                -69.53681997900003,
                -16.698459858999968
              ],
              [
                -69.53463285399988,
                -16.70318560899989
              ],
              [
                -69.52976760399986,
                -16.707701233999956
              ],
              [
                -69.52719335399985,
                -16.711265609999884
              ],
              [
                -69.52594722899994,
                -16.71524223399996
              ],
              [
                -69.52281447899992,
                -16.71611910899992
              ],
              [
                -69.51962885399996,
                -16.718330108999908
              ],
              [
                -69.51891285399995,
                -16.725092608999887
              ],
              [
                -69.51814272899992,
                -16.727993733999938
              ],
              [
                -69.51282785399997,
                -16.740067733999922
              ],
              [
                -69.51148635499993,
                -16.742397733999894
              ],
              [
                -69.5116269799999,
                -16.74686573500003
              ],
              [
                -69.51248510399995,
                -16.74986173499991
              ],
              [
                -69.51630335499988,
                -16.750833858999954
              ],
              [
                -69.51787497899988,
                -16.752833983999892
              ],
              [
                -69.51856248000001,
                -16.758867233999922
              ],
              [
                -69.52064322999985,
                -16.76157323399991
              ],
              [
                -69.52103585499992,
                -16.769131108999886
              ],
              [
                -69.5198783539999,
                -16.772303484999952
              ],
              [
                -69.52165547999994,
                -16.774597984999957
              ],
              [
                -69.52492422899985,
                -16.776154109999936
              ],
              [
                -69.52825547899988,
                -16.77903323399994
              ],
              [
                -69.53086997900004,
                -16.779172108999887
              ],
              [
                -69.53155960499998,
                -16.783251108999877
              ],
              [
                -69.53419672899986,
                -16.78671723399998
              ],
              [
                -69.53956060400003,
                -16.78683473399991
              ],
              [
                -69.54027160399988,
                -16.787956858999962
              ],
              [
                -69.54074022899977,
                -16.79414260899989
              ],
              [
                -69.54214260399988,
                -16.799066234999884
              ],
              [
                -69.54528122899995,
                -16.80265023399994
              ],
              [
                -69.54692360499996,
                -16.810449359999893
              ],
              [
                -69.549015354,
                -16.81178385899983
              ],
              [
                -69.55452597999988,
                -16.813061734999962
              ],
              [
                -69.55736522999996,
                -16.815246359999946
              ],
              [
                -69.56203672899994,
                -16.822111108999877
              ],
              [
                -69.56280610399983,
                -16.82562835899995
              ],
              [
                -69.5624826049999,
                -16.828414484999882
              ],
              [
                -69.56587110399994,
                -16.833443358999943
              ],
              [
                -69.56302785499997,
                -16.83546223499991
              ],
              [
                -69.56219822899999,
                -16.83777060899996
              ],
              [
                -69.55906035499981,
                -16.838996858999906
              ],
              [
                -69.55505572999994,
                -16.849273608999965
              ],
              [
                -69.55820297899993,
                -16.85809385899995
              ],
              [
                -69.56259372999978,
                -16.861629733999905
              ],
              [
                -69.56225647999992,
                -16.863914358999978
              ],
              [
                -69.56034072899979,
                -16.86714760899997
              ],
              [
                -69.56218322899991,
                -16.872047858999963
              ],
              [
                -69.56592185499989,
                -16.87628123399992
              ],
              [
                -69.56284285399994,
                -16.8817201089999
              ],
              [
                -69.56075435499997,
                -16.887435484999912
              ],
              [
                -69.55807985400003,
                -16.89124573399988
              ],
              [
                -69.55657147900001,
                -16.89518635999997
              ],
              [
                -69.55830897899989,
                -16.898464984999976
              ],
              [
                -69.56075935399997,
                -16.901206358999957
              ],
              [
                -69.56595685399986,
                -16.9023886089999
              ],
              [
                -69.5661473539999,
                -16.90454210999991
              ],
              [
                -69.56496485399992,
                -16.90763873399993
              ],
              [
                -69.56529497899999,
                -16.909954609999943
              ],
              [
                -69.56838285399994,
                -16.91584760899991
              ],
              [
                -69.56822785499992,
                -16.91781510899989
              ],
              [
                -69.56242210399995,
                -16.924445358999947
              ],
              [
                -69.55989085399995,
                -16.928429733999963
              ],
              [
                -69.55884372899999,
                -16.931253483999967
              ],
              [
                -69.55693635399984,
                -16.932263233999947
              ],
              [
                -69.55079272899991,
                -16.93847623499994
              ],
              [
                -69.54823122899995,
                -16.94304485999993
              ],
              [
                -69.54721260399981,
                -16.948700108999958
              ],
              [
                -69.54377347899998,
                -16.953141983999956
              ],
              [
                -69.53723985399995,
                -16.959314983999946
              ],
              [
                -69.53651647899994,
                -16.963248358999863
              ],
              [
                -69.53436435399988,
                -16.964777109999943
              ],
              [
                -69.53573485399994,
                -16.96768860899988
              ],
              [
                -69.54118397899987,
                -16.971354858999916
              ],
              [
                -69.54597660399986,
                -16.971861359999934
              ],
              [
                -69.54657672899987,
                -16.979442108999933
              ],
              [
                -69.54564185399994,
                -16.983331609999937
              ],
              [
                -69.54242760499983,
                -16.99039773499993
              ],
              [
                -69.54184472999992,
                -16.996964358999946
              ],
              [
                -69.54009622900003,
                -17.00073335999997
              ],
              [
                -69.53768722999985,
                -17.002909233999958
              ],
              [
                -69.53631372899997,
                -17.013784983999926
              ],
              [
                -69.53760547899992,
                -17.019263609999882
              ],
              [
                -69.53728510399986,
                -17.025048859999913
              ],
              [
                -69.53815347899979,
                -17.029136859999937
              ],
              [
                -69.54203910399985,
                -17.031740234999972
              ],
              [
                -69.54479785500001,
                -17.03686923399988
              ],
              [
                -69.54483660399984,
                -17.042192484
              ],
              [
                -69.54237710500001,
                -17.046221733999914
              ],
              [
                -69.53893085399989,
                -17.04794585999997
              ],
              [
                -69.53614097899987,
                -17.050833858999965
              ],
              [
                -69.53443172899995,
                -17.055568733999962
              ],
              [
                -69.53476710399997,
                -17.060860358999946
              ],
              [
                -69.53753598000003,
                -17.06358448499998
              ],
              [
                -69.543783104,
                -17.063437233999878
              ],
              [
                -69.548220979,
                -17.064499359999843
              ],
              [
                -69.54969722899978,
                -17.06576523399997
              ],
              [
                -69.54941460499992,
                -17.070417984999892
              ],
              [
                -69.55264910399984,
                -17.072604734999913
              ],
              [
                -69.56004110399994,
                -17.072702983999932
              ],
              [
                -69.56495748000003,
                -17.079437484999914
              ],
              [
                -69.56799722899984,
                -17.082540983999934
              ],
              [
                -69.57127585499995,
                -17.084641859999863
              ],
              [
                -69.57403922999987,
                -17.08409798499997
              ],
              [
                -69.58134222899992,
                -17.07836010999995
              ],
              [
                -69.58602772899991,
                -17.079034858999933
              ],
              [
                -69.58945260400003,
                -17.081835859999956
              ],
              [
                -69.59350160400004,
                -17.084089608999932
              ],
              [
                -69.59979660499988,
                -17.090431359999968
              ],
              [
                -69.602305854,
                -17.093896733999827
              ],
              [
                -69.60287060400003,
                -17.09745773499992
              ],
              [
                -69.5960751049999,
                -17.10349435899991
              ],
              [
                -69.59359435499988,
                -17.10529823399986
              ],
              [
                -69.58951560399993,
                -17.10952535999985
              ],
              [
                -69.58737572899997,
                -17.11287060999996
              ],
              [
                -69.58652372899991,
                -17.11648510999987
              ],
              [
                -69.58733097899983,
                -17.12627648499995
              ],
              [
                -69.58866060399987,
                -17.131254608999882
              ],
              [
                -69.59102472899991,
                -17.13545335999993
              ],
              [
                -69.58949260399987,
                -17.14095723499986
              ],
              [
                -69.58786622899987,
                -17.14328360899998
              ],
              [
                -69.58237472899998,
                -17.14657823499988
              ],
              [
                -69.58171935499985,
                -17.152191859999846
              ],
              [
                -69.58084922899997,
                -17.15361035999996
              ],
              [
                -69.57495710399996,
                -17.158132985
              ],
              [
                -69.57073873000002,
                -17.16454248499997
              ],
              [
                -69.56743960399996,
                -17.165677233999816
              ],
              [
                -69.56539847999983,
                -17.168113233999918
              ],
              [
                -69.56438472999997,
                -17.173550733999946
              ],
              [
                -69.56279847899992,
                -17.1749832349999
              ],
              [
                -69.57321635400001,
                -17.18519010899996
              ],
              [
                -69.57319335499989,
                -17.186948983999912
              ],
              [
                -69.56899672999992,
                -17.1939969849999
              ],
              [
                -69.57519722999996,
                -17.200117233999947
              ],
              [
                -69.5780391049999,
                -17.20413473499997
              ],
              [
                -69.57809760399994,
                -17.206478484999934
              ],
              [
                -69.57975972899999,
                -17.20813085999987
              ],
              [
                -69.58409372999984,
                -17.20951173399982
              ],
              [
                -69.59055860399997,
                -17.21054298499996
              ],
              [
                -69.59220897900002,
                -17.209794859999874
              ],
              [
                -69.59444722900002,
                -17.21302735899991
              ],
              [
                -69.59853310499994,
                -17.214740233999976
              ],
              [
                -69.60114848,
                -17.21650198499998
              ],
              [
                -69.60382222899989,
                -17.221621108999955
              ],
              [
                -69.6038984789999,
                -17.226242234999972
              ],
              [
                -69.6066444789999,
                -17.227865234999967
              ],
              [
                -69.60622997899998,
                -17.23012998399986
              ],
              [
                -69.61597947899992,
                -17.261279233999915
              ],
              [
                -69.62736060499986,
                -17.272996108999962
              ],
              [
                -69.63184960499984,
                -17.27345110999994
              ],
              [
                -69.6348847299999,
                -17.271066359999963
              ],
              [
                -69.63632222899992,
                -17.271165984999925
              ],
              [
                -69.63796285400002,
                -17.27571673499989
              ],
              [
                -69.6414239789998,
                -17.27924410999998
              ],
              [
                -69.64429097899995,
                -17.28097260899989
              ],
              [
                -69.64398047899982,
                -17.28256835999997
              ],
              [
                -69.64131997899989,
                -17.28744998499991
              ],
              [
                -69.64456060499987,
                -17.287515609999957
              ],
              [
                -69.64609372899997,
                -17.286154233999923
              ],
              [
                -69.64861910399986,
                -17.280450983999913
              ],
              [
                -69.65166997899996,
                -17.27813285999997
              ],
              [
                -69.65112310500001,
                -17.275906359999965
              ],
              [
                -69.653882855,
                -17.272972609999954
              ],
              [
                -69.65473822899997,
                -17.270779234999907
              ],
              [
                -69.65911322899984,
                -17.271249984999884
              ],
              [
                -69.66437310499987,
                -17.27479685999998
              ],
              [
                -69.6697441039999,
                -17.274289109999813
              ],
              [
                -69.67507622999983,
                -17.276396484999907
              ],
              [
                -69.67690035500004,
                -17.27616210899987
              ],
              [
                -69.6787676049999,
                -17.278177858999868
              ],
              [
                -69.68146685499994,
                -17.277581984999927
              ],
              [
                -69.68355072999998,
                -17.278650359999972
              ],
              [
                -69.68617385399978,
                -17.275820359999955
              ],
              [
                -69.68928122900002,
                -17.278497983999955
              ],
              [
                -69.69359760499992,
                -17.274642609999944
              ],
              [
                -69.69713472900003,
                -17.275544859999968
              ],
              [
                -69.69962310499977,
                -17.27780273399992
              ],
              [
                -69.70376560399995,
                -17.2779979849999
              ],
              [
                -69.7079589789999,
                -17.281519359999947
              ],
              [
                -69.7110762289999,
                -17.281943359999957
              ],
              [
                -69.7121992299999,
                -17.28425198399998
              ],
              [
                -69.71145310399999,
                -17.286310483999955
              ],
              [
                -69.71348435399983,
                -17.28975785999984
              ],
              [
                -69.71562885399999,
                -17.291630859999884
              ],
              [
                -69.72122660399987,
                -17.292681609999875
              ],
              [
                -69.72354497899994,
                -17.29206635999998
              ],
              [
                -69.7249119789999,
                -17.293982359999973
              ],
              [
                -69.72766210499981,
                -17.293693359999963
              ],
              [
                -69.73166997899978,
                -17.294966733999956
              ],
              [
                -69.73240035499998,
                -17.291915984999946
              ],
              [
                -69.7361777299999,
                -17.293121108999912
              ],
              [
                -69.7403138549999,
                -17.29215348499997
              ],
              [
                -69.74488085400003,
                -17.289814484999965
              ],
              [
                -69.74626360400003,
                -17.288156234999917
              ],
              [
                -69.74996285400005,
                -17.28574998499994
              ],
              [
                -69.75051560499986,
                -17.28387110999995
              ],
              [
                -69.75558560399986,
                -17.284222734999958
              ],
              [
                -69.758451229,
                -17.282937484999934
              ],
              [
                -69.76183785399991,
                -17.280435484999884
              ],
              [
                -69.76446297899986,
                -17.277025359999982
              ],
              [
                -69.76615235500003,
                -17.27177735999993
              ],
              [
                -69.76622847999982,
                -17.26801948499991
              ],
              [
                -69.76497460500002,
                -17.264015608999955
              ],
              [
                -69.76813285499992,
                -17.260060358999965
              ],
              [
                -69.76941997999984,
                -17.25719135999998
              ],
              [
                -69.77282072899993,
                -17.25429485899997
              ],
              [
                -69.77434597900003,
                -17.249943484999903
              ],
              [
                -69.77883197900002,
                -17.245883733999904
              ],
              [
                -69.7822676049999,
                -17.244302733999916
              ],
              [
                -69.78412885499989,
                -17.24185160999997
              ],
              [
                -69.78454497999985,
                -17.23935348499998
              ],
              [
                -69.78824610499993,
                -17.236443359999953
              ],
              [
                -69.79873248000001,
                -17.232007859999953
              ],
              [
                -69.80143160399996,
                -17.232478484999945
              ],
              [
                -69.80281635399979,
                -17.234128858999952
              ],
              [
                -69.81005272899989,
                -17.233917984999948
              ],
              [
                -69.81494135399998,
                -17.238402359999952
              ],
              [
                -69.8184804789999,
                -17.238894359999904
              ],
              [
                -69.81966597899992,
                -17.241355484999872
              ],
              [
                -69.826820355,
                -17.24067385999996
              ],
              [
                -69.83125385499983,
                -17.243568359999927
              ],
              [
                -69.83365622999992,
                -17.244007858999964
              ],
              [
                -69.83580272899997,
                -17.242837859999952
              ],
              [
                -69.84169722999991,
                -17.242548859999943
              ],
              [
                -69.84531635400003,
                -17.24412698499998
              ],
              [
                -69.85140035500001,
                -17.243736359999957
              ],
              [
                -69.85550385499988,
                -17.238611359999936
              ],
              [
                -69.858790979,
                -17.233275358999947
              ],
              [
                -69.861970729,
                -17.232283234999954
              ],
              [
                -69.86412885499988,
                -17.23299610899994
              ],
              [
                -69.86914447999999,
                -17.23161323499994
              ],
              [
                -69.8718516049999,
                -17.228372983999975
              ],
              [
                -69.87309747999996,
                -17.22383398399984
              ],
              [
                -69.87554497899987,
                -17.222320359999912
              ],
              [
                -69.88228897999983,
                -17.22313860999992
              ],
              [
                -69.88967185399997,
                -17.221318359999884
              ],
              [
                -69.89813472999987,
                -17.221074233999957
              ],
              [
                -69.90183985399983,
                -17.21866210999991
              ],
              [
                -69.90362698000001,
                -17.2158183599999
              ],
              [
                -69.91101172899994,
                -17.210378984999977
              ],
              [
                -69.91736722999991,
                -17.209937484999955
              ],
              [
                -69.9223808549998,
                -17.204617234999944
              ],
              [
                -69.927039105,
                -17.202462858999922
              ],
              [
                -69.9307109799999,
                -17.201953109999977
              ],
              [
                -69.93405472999996,
                -17.200753859999963
              ],
              [
                -69.93856635399987,
                -17.200150358999906
              ],
              [
                -69.93961722999995,
                -17.198892609999973
              ],
              [
                -69.94279685499987,
                -17.19783785999988
              ],
              [
                -69.94340435499987,
                -17.196197234999943
              ],
              [
                -69.9465586039999,
                -17.19259173499995
              ],
              [
                -69.951275355,
                -17.190818358999877
              ],
              [
                -69.9582891039999,
                -17.186283234999905
              ],
              [
                -69.95992572999978,
                -17.18250385999994
              ],
              [
                -69.96550197999983,
                -17.179462859999944
              ],
              [
                -69.967665979,
                -17.178824234999922
              ],
              [
                -69.9689453549999,
                -17.174290983999924
              ],
              [
                -69.97052348,
                -17.171765609999966
              ],
              [
                -69.9708926049999,
                -17.168439484999908
              ],
              [
                -69.97311910499991,
                -17.165638608999814
              ],
              [
                -69.97682222999981,
                -17.167029233999926
              ],
              [
                -69.97973848000004,
                -17.16905235999991
              ],
              [
                -69.98136397999997,
                -17.168622483999968
              ],
              [
                -69.98567185499991,
                -17.16151360999993
              ],
              [
                -69.98589648,
                -17.159005858999933
              ],
              [
                -69.98735748000001,
                -17.157706859999905
              ],
              [
                -69.98679498000001,
                -17.153308608999964
              ],
              [
                -69.9876308549999,
                -17.151423858999976
              ],
              [
                -69.99157622999985,
                -17.150978484999882
              ],
              [
                -69.99577535499992,
                -17.148201109999945
              ],
              [
                -69.99901560499995,
                -17.148700984999948
              ],
              [
                -70.00260847899995,
                -17.14705410999983
              ],
              [
                -70.01199447899984,
                -17.14138885999995
              ],
              [
                -70.01317485499999,
                -17.141639984999927
              ],
              [
                -70.01719022999987,
                -17.1365547339999
              ],
              [
                -70.01760435499978,
                -17.13327173399989
              ],
              [
                -70.02028798000003,
                -17.131790359999968
              ],
              [
                -70.02312560399997,
                -17.123814358999937
              ],
              [
                -70.02513185499981,
                -17.122181484999942
              ],
              [
                -70.02675010500002,
                -17.124229233999927
              ],
              [
                -70.0310531049999,
                -17.12321123499987
              ],
              [
                -70.03518535499995,
                -17.12720673499996
              ],
              [
                -70.03971872999995,
                -17.12796773399998
              ],
              [
                -70.04151372999996,
                -17.124787109999886
              ],
              [
                -70.04189260399988,
                -17.11940623499993
              ],
              [
                -70.04578722999997,
                -17.111560484999927
              ],
              [
                -70.04680472999996,
                -17.099433609999892
              ],
              [
                -70.04623822999991,
                -17.09341985899988
              ],
              [
                -70.04505072999996,
                -17.091902359999835
              ],
              [
                -70.04236322999992,
                -17.078765609999948
              ],
              [
                -70.04156622899995,
                -17.07740235899996
              ],
              [
                -70.04247260499983,
                -17.070859358999826
              ],
              [
                -70.04363872999977,
                -17.068347608999943
              ],
              [
                -70.04422847999996,
                -17.06287298399991
              ],
              [
                -70.04251760499989,
                -17.058456983999918
              ],
              [
                -70.04677347999996,
                -17.05638285999993
              ],
              [
                -70.05259185499989,
                -17.051476483999863
              ],
              [
                -70.05649222999983,
                -17.048808608999934
              ],
              [
                -70.05724022999982,
                -17.047566358999973
              ],
              [
                -70.06219710399989,
                -17.043558609999934
              ],
              [
                -70.0629238549999,
                -17.040462859999934
              ],
              [
                -70.06476372999998,
                -17.038451108999936
              ],
              [
                -70.06954685499988,
                -17.035476609999932
              ],
              [
                -70.07315247900004,
                -17.03491423399987
              ],
              [
                -70.07456122999997,
                -17.03204998399991
              ],
              [
                -70.08030860499991,
                -17.025294358999815
              ],
              [
                -70.08195485499988,
                -17.02226185899997
              ],
              [
                -70.08916210499996,
                -17.015871983999943
              ],
              [
                -70.09407910499976,
                -17.009967233999873
              ],
              [
                -70.0996379799999,
                -17.00600923399992
              ],
              [
                -70.09605073,
                -16.998521984999968
              ],
              [
                -70.09847897999992,
                -16.994594483999947
              ],
              [
                -70.09889660499982,
                -16.99211410999993
              ],
              [
                -70.09773348000004,
                -16.989689108999983
              ],
              [
                -70.0951511049999,
                -16.98793748399993
              ],
              [
                -70.09577022999997,
                -16.985226109999928
              ],
              [
                -70.1060089799999,
                -16.97711823399993
              ],
              [
                -70.11314072999994,
                -16.974855984999976
              ],
              [
                -70.1170922299998,
                -16.972609484999907
              ],
              [
                -70.11909810500003,
                -16.968637859999944
              ],
              [
                -70.11877710499994,
                -16.960113108999963
              ],
              [
                -70.11996060499996,
                -16.958769233999874
              ],
              [
                -70.12379885499985,
                -16.957754859999966
              ],
              [
                -70.12541635499991,
                -16.956522734999908
              ],
              [
                -70.12704110399989,
                -16.95096660899992
              ],
              [
                -70.13341972899991,
                -16.945269858999836
              ],
              [
                -70.13789260499988,
                -16.943324359999963
              ],
              [
                -70.14201710399982,
                -16.944147984999915
              ],
              [
                -70.14558760400001,
                -16.94268835899993
              ],
              [
                -70.14662497999996,
                -16.938730483999848
              ],
              [
                -70.1436563549999,
                -16.937456109999914
              ],
              [
                -70.1358639799999,
                -16.935255358999882
              ],
              [
                -70.13226735499995,
                -16.934767609999938
              ],
              [
                -70.12798198000002,
                -16.930517109999982
              ],
              [
                -70.11805635499996,
                -16.92375785899992
              ],
              [
                -70.11634972999991,
                -16.922163483999896
              ],
              [
                -70.1135651049999,
                -16.917829483999924
              ],
              [
                -70.10942560499996,
                -16.903129733999947
              ],
              [
                -70.10559747999986,
                -16.897263733999978
              ],
              [
                -70.0996198549999,
                -16.89366660899998
              ],
              [
                -70.09484022999993,
                -16.892012609999938
              ],
              [
                -70.09427885399992,
                -16.89092485899988
              ],
              [
                -70.0944339799999,
                -16.87991623399995
              ],
              [
                -70.09203547999994,
                -16.874947983999903
              ],
              [
                -70.09111222999985,
                -16.870924108999873
              ],
              [
                -70.092629729,
                -16.862679233999813
              ],
              [
                -70.09066472899985,
                -16.858924858999956
              ],
              [
                -70.09133147999995,
                -16.843591483999944
              ],
              [
                -70.09052447999989,
                -16.83436348499987
              ],
              [
                -70.09122622999996,
                -16.829626608999888
              ],
              [
                -70.09003323000002,
                -16.822994983999934
              ],
              [
                -70.09136647999992,
                -16.816959858999894
              ],
              [
                -70.09108598,
                -16.812117859999944
              ],
              [
                -70.08947173000001,
                -16.81025823399989
              ],
              [
                -70.08533147999992,
                -16.808819609999887
              ],
              [
                -70.08364722999983,
                -16.806609108999965
              ],
              [
                -70.08315597999979,
                -16.803416108999897
              ],
              [
                -70.08161210399993,
                -16.801731859999904
              ],
              [
                -70.07452235499989,
                -16.799203233999947
              ],
              [
                -70.06955960499994,
                -16.79844748399995
              ],
              [
                -70.06619010400004,
                -16.796391608999897
              ],
              [
                -70.0620351049999,
                -16.79267185899988
              ],
              [
                -70.0573281049999,
                -16.786525359999928
              ],
              [
                -70.0570156039999,
                -16.782363359999977
              ],
              [
                -70.05448935499987,
                -16.777275734999932
              ],
              [
                -70.05418810499998,
                -16.773736733999954
              ],
              [
                -70.05694547999997,
                -16.771837108999875
              ],
              [
                -70.05712497899981,
                -16.77016410899995
              ],
              [
                -70.05085685499995,
                -16.763656734999927
              ],
              [
                -70.04417385499988,
                -16.76282423399988
              ],
              [
                -70.04134497999996,
                -16.760283858999912
              ],
              [
                -70.03954248000002,
                -16.756090109999946
              ],
              [
                -70.03652660499989,
                -16.75557260899984
              ],
              [
                -70.03220860499994,
                -16.75292485899996
              ],
              [
                -70.03319110399985,
                -16.748714358999905
              ],
              [
                -70.03487535499988,
                -16.74755648499996
              ],
              [
                -70.03554197999995,
                -16.742889733999903
              ],
              [
                -70.03004697999995,
                -16.741559233999965
              ],
              [
                -70.02688972899978,
                -16.740296358999842
              ],
              [
                -70.02092522999999,
                -16.74058398399984
              ],
              [
                -70.01900897999991,
                -16.74129398399998
              ],
              [
                -70.01188122899998,
                -16.741848983999944
              ],
              [
                -70.00695672900002,
                -16.739208233999875
              ],
              [
                -69.99918610500004,
                -16.73107485999998
              ],
              [
                -69.99556310499986,
                -16.729775983999957
              ],
              [
                -69.99571735500001,
                -16.72559148399995
              ],
              [
                -69.99505210499984,
                -16.720790109999882
              ],
              [
                -69.99617347999998,
                -16.71260910899997
              ],
              [
                -69.99834897999995,
                -16.707837109000025
              ],
              [
                -70.00626572999988,
                -16.70147848399995
              ],
              [
                -70.00899035399988,
                -16.70122348399991
              ],
              [
                -70.01045310499978,
                -16.699896484999954
              ],
              [
                -70.01066997999988,
                -16.694378983999968
              ],
              [
                -70.01176672899993,
                -16.688483858999916
              ],
              [
                -70.01010335499996,
                -16.68538098399995
              ],
              [
                -70.00610335499994,
                -16.682573983999873
              ],
              [
                -69.99839060499994,
                -16.675148358999934
              ],
              [
                -69.99995235499983,
                -16.669176983999932
              ],
              [
                -70.00132372999997,
                -16.66055348499998
              ],
              [
                -70.00147172999988,
                -16.656573983999976
              ],
              [
                -70.00420860500003,
                -16.65380210899997
              ],
              [
                -70.00489297999997,
                -16.650269858999877
              ],
              [
                -70.00874410399985,
                -16.648253858999965
              ],
              [
                -70.01135197899998,
                -16.645457358999977
              ],
              [
                -70.01229897999991,
                -16.64217223399993
              ],
              [
                -70.01383822999998,
                -16.639919109999937
              ],
              [
                -70.01783135499988,
                -16.639071483999885
              ],
              [
                -70.02270222999994,
                -16.634727858999952
              ],
              [
                -70.02462410499987,
                -16.631183733999876
              ],
              [
                -70.02423685499991,
                -16.628285108999933
              ],
              [
                -70.02273247899996,
                -16.624126733999958
              ],
              [
                -70.02490060500003,
                -16.618029484999965
              ],
              [
                -70.0254064789998,
                -16.612683983999887
              ],
              [
                -70.02827347999994,
                -16.605400358999987
              ],
              [
                -70.02415035499996,
                -16.59680860899988
              ],
              [
                -70.02250497999995,
                -16.596330483999964
              ],
              [
                -70.01529522999977,
                -16.596235358999877
              ],
              [
                -70.010393604,
                -16.59478385899996
              ],
              [
                -70.00346935499988,
                -16.585623108999982
              ],
              [
                -70.00147060499995,
                -16.58431423399992
              ],
              [
                -69.99308447899983,
                -16.580647233999912
              ],
              [
                -69.99065447999988,
                -16.578796858999965
              ],
              [
                -69.98861722899989,
                -16.57336910899994
              ],
              [
                -69.98661910399994,
                -16.570947233999902
              ],
              [
                -69.97936735399998,
                -16.56549073399998
              ],
              [
                -69.97715247899987,
                -16.562423233999937
              ],
              [
                -69.97010422999995,
                -16.555172608999897
              ],
              [
                -69.96532697999993,
                -16.54849423399986
              ],
              [
                -69.96440072899992,
                -16.54654435899988
              ],
              [
                -69.96418947999996,
                -16.53915435899995
              ],
              [
                -69.96128097999991,
                -16.53737985899994
              ],
              [
                -69.95804535399998,
                -16.536701233999963
              ],
              [
                -69.95387060499996,
                -16.534950233999837
              ],
              [
                -69.94697810399998,
                -16.531246858999907
              ],
              [
                -69.94194585499997,
                -16.529516983999883
              ],
              [
                -69.93885722999988,
                -16.52358448399991
              ],
              [
                -69.93739485499992,
                -16.522463233999872
              ],
              [
                -69.93315385499994,
                -16.52114710899997
              ],
              [
                -69.92841585399987,
                -16.515192108999827
              ],
              [
                -69.92541147999998,
                -16.514048483999943
              ],
              [
                -69.92143447899991,
                -16.514419608999958
              ],
              [
                -69.91917397999993,
                -16.515918733999968
              ],
              [
                -69.91539060499997,
                -16.519642608999902
              ],
              [
                -69.91053510499978,
                -16.51870973399997
              ],
              [
                -69.90687910399987,
                -16.519489483999962
              ],
              [
                -69.90482910499998,
                -16.518649108999966
              ],
              [
                -69.90224810499979,
                -16.514468733999934
              ],
              [
                -69.89527722999986,
                -16.50900898399982
              ],
              [
                -69.89577697999994,
                -16.50382260899994
              ],
              [
                -69.89474935399988,
                -16.49946310899992
              ],
              [
                -69.89073810499991,
                -16.495252858999834
              ],
              [
                -69.88947822899985,
                -16.491937608999876
              ],
              [
                -69.88675522899996,
                -16.487542858999973
              ],
              [
                -69.886312229,
                -16.48437910899986
              ],
              [
                -69.88172372999986,
                -16.47664823399998
              ],
              [
                -69.87871922999989,
                -16.474155733999964
              ],
              [
                -69.87977722999983,
                -16.46831573399993
              ],
              [
                -69.88442460399995,
                -16.46487123399993
              ],
              [
                -69.88204198,
                -16.4621582339999
              ],
              [
                -69.87735597999989,
                -16.455686983999954
              ],
              [
                -69.87328622999985,
                -16.45204735899989
              ],
              [
                -69.87071722999991,
                -16.450737608999816
              ],
              [
                -69.86658335499993,
                -16.447552983999913
              ],
              [
                -69.8646872299999,
                -16.445322108999903
              ],
              [
                -69.86364622999992,
                -16.442422233999935
              ],
              [
                -69.8606886049999,
                -16.43101860899992
              ],
              [
                -69.85715685399998,
                -16.427649858999928
              ],
              [
                -69.85503110399986,
                -16.421822233999933
              ],
              [
                -69.85601372899998,
                -16.415009733999966
              ],
              [
                -69.85471485499988,
                -16.41143560899991
              ],
              [
                -69.85482810500002,
                -16.40606635899985
              ],
              [
                -69.85241197999994,
                -16.4015898589999
              ],
              [
                -69.85068947999997,
                -16.399716858999852
              ],
              [
                -69.84528322899996,
                -16.397542983999926
              ],
              [
                -69.83802147899996,
                -16.39219135899998
              ],
              [
                -69.83550785499983,
                -16.392078107999907
              ],
              [
                -69.83173247999991,
                -16.39316998399994
              ],
              [
                -69.82571472899991,
                -16.393615234000038
              ],
              [
                -69.8207637299999,
                -16.392894483999953
              ],
              [
                -69.815015604,
                -16.393855483999914
              ],
              [
                -69.81155273000002,
                -16.393246107999914
              ],
              [
                -69.80805660499993,
                -16.391281233999905
              ],
              [
                -69.80516997899991,
                -16.38848635799991
              ],
              [
                -69.80106835499993,
                -16.387087858999962
              ],
              [
                -69.79783010399984,
                -16.382058608999955
              ],
              [
                -69.79663860399978,
                -16.377990233999924
              ],
              [
                -69.79785347899991,
                -16.374449108999954
              ],
              [
                -69.79624023000002,
                -16.371001983999918
              ],
              [
                -69.79494135499993,
                -16.37105460899994
              ],
              [
                -69.79183197899988,
                -16.367824233999897
              ],
              [
                -69.79070685399995,
                -16.36440235899994
              ],
              [
                -69.78774410399996,
                -16.361623108999936
              ],
              [
                -69.78972847900002,
                -16.356456983999976
              ],
              [
                -69.78981835499991,
                -16.354673858999945
              ],
              [
                -69.79398247999984,
                -16.35212698399988
              ],
              [
                -69.79486723000002,
                -16.34857423299991
              ],
              [
                -69.80197260399996,
                -16.345341858999973
              ],
              [
                -69.80262310499995,
                -16.342835982999873
              ],
              [
                -69.80099023000002,
                -16.340453108999952
              ],
              [
                -69.80025973,
                -16.334189483999978
              ],
              [
                -69.80150785399996,
                -16.33012110899989
              ],
              [
                -69.80124547999992,
                -16.32739335899987
              ],
              [
                -69.7983479799999,
                -16.322810483999945
              ],
              [
                -69.79824810499997,
                -16.321421858999884
              ],
              [
                -69.80026710399989,
                -16.31640160899991
              ],
              [
                -69.80210160399997,
                -16.309730482999953
              ],
              [
                -69.80218135399991,
                -16.307062233999886
              ],
              [
                -69.80061535499982,
                -16.30156385899994
              ],
              [
                -69.80263372900004,
                -16.291506733999938
              ],
              [
                -69.80727360399999,
                -16.28266998299995
              ],
              [
                -69.80734385400001,
                -16.277864483999963
              ],
              [
                -69.80486323000002,
                -16.275267608999968
              ],
              [
                -69.79958610499983,
                -16.27339373399991
              ],
              [
                -69.78805497899992,
                -16.267517358999953
              ],
              [
                -69.78208597899987,
                -16.266003858999966
              ],
              [
                -69.7785663539999,
                -16.262080108999953
              ],
              [
                -69.77570122899988,
                -16.260042857999963
              ],
              [
                -69.7714492299998,
                -16.25251173399988
              ],
              [
                -69.7716738549999,
                -16.24967973299988
              ],
              [
                -69.76651172999982,
                -16.24497060799996
              ],
              [
                -69.76570697899984,
                -16.239789108999958
              ],
              [
                -69.7651601039999,
                -16.23278335899994
              ],
              [
                -69.76417772999997,
                -16.232220733999952
              ],
              [
                -69.76344135499988,
                -16.22857423399995
              ],
              [
                -69.7640371039999,
                -16.225501983999948
              ],
              [
                -69.76182422999983,
                -16.2207753589999
              ],
              [
                -69.76108010399992,
                -16.216662107999923
              ],
              [
                -69.75863685399992,
                -16.215664108999874
              ],
              [
                -69.75498435400004,
                -16.217654357999947
              ],
              [
                -69.75338472899983,
                -16.21337698299982
              ],
              [
                -69.75207222899996,
                -16.213101608999864
              ],
              [
                -69.75126560499984,
                -16.20954885799989
              ],
              [
                -69.74711722899997,
                -16.206414107999933
              ],
              [
                -69.74341997999994,
                -16.20444723399993
              ],
              [
                -69.74212310400003,
                -16.20546285799992
              ],
              [
                -69.7351227289999,
                -16.204828732999943
              ],
              [
                -69.73044910499982,
                -16.20521360899994
              ],
              [
                -69.72680010499988,
                -16.20824560899996
              ],
              [
                -69.72549647999995,
                -16.20841460899993
              ],
              [
                -69.72066697899993,
                -16.204390608999972
              ],
              [
                -69.71708573,
                -16.202450858999953
              ],
              [
                -69.71412985499978,
                -16.19793173299996
              ],
              [
                -69.71000973000002,
                -16.19846873399996
              ],
              [
                -69.70656497899984,
                -16.19448498399987
              ],
              [
                -69.70425060499991,
                -16.188130733999913
              ],
              [
                -69.70367985499979,
                -16.182710982999936
              ],
              [
                -69.70452472899996,
                -16.179393233999974
              ],
              [
                -69.70375947899987,
                -16.17483835899992
              ],
              [
                -69.70392685399997,
                -16.171571483999912
              ],
              [
                -69.703144855,
                -16.168943358999968
              ],
              [
                -69.69909585399984,
                -16.165932858999952
              ],
              [
                -69.69588022899995,
                -16.165719982999974
              ],
              [
                -69.69156435399992,
                -16.160343608999938
              ],
              [
                -69.69176447899986,
                -16.15688198399988
              ],
              [
                -69.69408360499989,
                -16.153058983999927
              ],
              [
                -69.69391760400003,
                -16.14928998399995
              ],
              [
                -69.69228685399992,
                -16.148562483999967
              ],
              [
                -69.68990922900002,
                -16.149743982999837
              ],
              [
                -69.68716747999991,
                -16.149081732999946
              ],
              [
                -69.68724485500002,
                -16.14529423399989
              ],
              [
                -69.69106548000002,
                -16.141175483999973
              ],
              [
                -69.69133047899993,
                -16.13891173299993
              ],
              [
                -69.68883497900003,
                -16.13201023299996
              ],
              [
                -69.68831597899998,
                -16.127847357999883
              ],
              [
                -69.68425560500003,
                -16.1291991089999
              ],
              [
                -69.6794931039999,
                -16.127159109
              ],
              [
                -69.67550722899989,
                -16.119582983999976
              ],
              [
                -69.67217872899982,
                -16.116697482999882
              ],
              [
                -69.6689594799999,
                -16.114747858999976
              ],
              [
                -69.67162110399994,
                -16.11342385899991
              ],
              [
                -69.67222460499988,
                -16.111181607999924
              ],
              [
                -69.67694147899988,
                -16.109808607999923
              ],
              [
                -69.67927535399991,
                -16.106427733999965
              ],
              [
                -69.68253910399994,
                -16.104232482999976
              ],
              [
                -69.68629685399992,
                -16.104205107999917
              ],
              [
                -69.69125785399979,
                -16.101412108999966
              ],
              [
                -69.69277735499992,
                -16.099476608999964
              ],
              [
                -69.69671672999982,
                -16.097466858999837
              ],
              [
                -69.69985935399995,
                -16.094468733999918
              ],
              [
                -69.70246097899991,
                -16.090019482999935
              ],
              [
                -69.702910729,
                -16.08748223399988
              ],
              [
                -69.70180197999991,
                -16.0858982339999
              ],
              [
                -69.69697072999986,
                -16.084076608000032
              ],
              [
                -69.68968447999998,
                -16.084591483999873
              ],
              [
                -69.68774410399976,
                -16.08399748399995
              ],
              [
                -69.68822260399992,
                -16.07908010899996
              ],
              [
                -69.68410747900003,
                -16.07255860799995
              ],
              [
                -69.68135547999998,
                -16.069005858999958
              ],
              [
                -69.67792185499991,
                -16.067648483999903
              ],
              [
                -69.67268360399993,
                -16.06894135899995
              ],
              [
                -69.66888285499988,
                -16.069324233999907
              ],
              [
                -69.6642284789998,
                -16.066830108999966
              ],
              [
                -69.66171872999996,
                -16.06442973299994
              ],
              [
                -69.656662105,
                -16.06132623299993
              ],
              [
                -69.65476760499985,
                -16.059066358999928
              ],
              [
                -69.65173822999992,
                -16.05323435899993
              ],
              [
                -69.65200547899991,
                -16.047684108999874
              ],
              [
                -69.65272210399996,
                -16.045258608999916
              ],
              [
                -69.65206047899994,
                -16.04051760799996
              ],
              [
                -69.65066860399997,
                -16.036961858999916
              ],
              [
                -69.650462855,
                -16.030220732999965
              ],
              [
                -69.65158597899983,
                -16.028083983999977
              ],
              [
                -69.65154885499987,
                -16.02475973399993
              ],
              [
                -69.65030860500002,
                -16.024164107999923
              ],
              [
                -69.65093360499986,
                -16.018283232999977
              ],
              [
                -69.65079885499989,
                -16.01510348399995
              ],
              [
                -69.64939447999996,
                -16.01343360899989
              ],
              [
                -69.64509572999992,
                -16.012558608999882
              ],
              [
                -69.64406060499988,
                -16.01379685799992
              ],
              [
                -69.64033785399988,
                -16.014824233999946
              ],
              [
                -69.63990035499984,
                -16.01613873399998
              ],
              [
                -69.63531247899994,
                -16.018214858999897
              ],
              [
                -69.63244922899992,
                -16.017435608999904
              ],
              [
                -69.62854885499996,
                -16.019042982999963
              ],
              [
                -69.62494922999991,
                -16.01588285799994
              ],
              [
                -69.62120310399985,
                -16.013671858999885
              ],
              [
                -69.61894135399984,
                -16.00978323299995
              ],
              [
                -69.61439260499998,
                -16.00737698399996
              ],
              [
                -69.61509760399997,
                -16.00379885799987
              ],
              [
                -69.61388472899989,
                -16.00104685899987
              ],
              [
                -69.60993560499998,
                -15.997892607999859
              ],
              [
                -69.60992385399999,
                -15.995126858999981
              ],
              [
                -69.61130072899988,
                -15.994046857999876
              ],
              [
                -69.60874997899992,
                -15.987552732999916
              ],
              [
                -69.60974410399984,
                -15.983390608999969
              ],
              [
                -69.60768447899989,
                -15.987327357999902
              ],
              [
                -69.60447635399993,
                -15.987255982999955
              ],
              [
                -69.602385105,
                -15.986198482999953
              ],
              [
                -69.59886797899986,
                -15.989477982999972
              ],
              [
                -69.59253472899996,
                -15.98564598299987
              ],
              [
                -69.58937410399994,
                -15.985812358999965
              ],
              [
                -69.58684322999989,
                -15.985004357999912
              ],
              [
                -69.58396772899988,
                -15.987297608999938
              ],
              [
                -69.57987085500002,
                -15.98742823299989
              ],
              [
                -69.579823229,
                -15.981855607999876
              ],
              [
                -69.57080472999996,
                -15.982520982999972
              ],
              [
                -69.56916735399983,
                -15.978956357999891
              ],
              [
                -69.56503235399992,
                -15.977411607999898
              ],
              [
                -69.56081422999989,
                -15.97754235899987
              ],
              [
                -69.55951910499994,
                -15.976401732999932
              ],
              [
                -69.55607560399994,
                -15.975890732999915
              ],
              [
                -69.5541388549999,
                -15.978314733999923
              ],
              [
                -69.5518693549999,
                -15.977173983999933
              ],
              [
                -69.5496354789999,
                -15.980061357999944
              ],
              [
                -69.5477106039998,
                -15.97839785899987
              ],
              [
                -69.54555785399992,
                -15.979044358999886
              ],
              [
                -69.54522935400001,
                -15.981747358999883
              ],
              [
                -69.54133922999983,
                -15.980976857999906
              ],
              [
                -69.53794672899988,
                -15.976836107999873
              ],
              [
                -69.53237897999992,
                -15.97846898299997
              ],
              [
                -69.53251285499988,
                -15.979834107999977
              ],
              [
                -69.5303982289999,
                -15.983180107999942
              ],
              [
                -69.52839060399987,
                -15.983019483999897
              ],
              [
                -69.52589047899988,
                -15.985254607999934
              ],
              [
                -69.52358835399991,
                -15.986218233999978
              ],
              [
                -69.51968035499993,
                -15.986619858999973
              ],
              [
                -69.51962672900004,
                -15.983782357999871
              ],
              [
                -69.51764597899984,
                -15.983354108999947
              ],
              [
                -69.516842854,
                -15.989296607999961
              ],
              [
                -69.51317572999989,
                -15.989724857999931
              ],
              [
                -69.51215847899994,
                -15.992267858999867
              ],
              [
                -69.51033835399988,
                -15.993177983999942
              ],
              [
                -69.50918722900002,
                -15.995372858999929
              ],
              [
                -69.50642485499998,
                -15.995774483999924
              ],
              [
                -69.50374797899985,
                -15.997915858999932
              ],
              [
                -69.50168685400001,
                -15.997728483999936
              ],
              [
                -69.49852822899987,
                -15.999709358999894
              ],
              [
                -69.49684185399997,
                -16.002600232999896
              ],
              [
                -69.49732372899996,
                -16.00495585899995
              ],
              [
                -69.49994697899984,
                -16.007364982999945
              ],
              [
                -69.49735047899986,
                -16.011594232999926
              ],
              [
                -69.49625297900002,
                -16.014779608999902
              ],
              [
                -69.49427222899999,
                -16.01582360799995
              ],
              [
                -69.48806197899995,
                -16.013093233999882
              ],
              [
                -69.48618822999993,
                -16.009586732999935
              ],
              [
                -69.48656297999992,
                -16.005678607999982
              ],
              [
                -69.48447510400001,
                -16.003938608999874
              ],
              [
                -69.47890735399994,
                -16.004099233999852
              ],
              [
                -69.47858622900003,
                -16.00616035899992
              ],
              [
                -69.48056697899995,
                -16.00819473399997
              ],
              [
                -69.4778099799999,
                -16.012531107999905
              ],
              [
                -69.47791697899987,
                -16.01601098399982
              ],
              [
                -69.47545435399996,
                -16.018634232999887
              ],
              [
                -69.4686284789999,
                -16.017643858999918
              ],
              [
                -69.46629972999995,
                -16.01617160799998
              ],
              [
                -69.46619260399996,
                -16.019410482999888
              ],
              [
                -69.46474722900001,
                -16.02024035799991
              ],
              [
                -69.46241835499995,
                -16.01799185899995
              ],
              [
                -69.46367647899996,
                -16.014565483999945
              ],
              [
                -69.47382147900004,
                -16.005303857999934
              ],
              [
                -69.47949097899982,
                -16.00124848299987
              ],
              [
                -69.48355972900004,
                -15.99894648299994
              ],
              [
                -69.48920772999998,
                -15.99742060899996
              ],
              [
                -69.4910279789998,
                -15.993619608999893
              ],
              [
                -69.49812147899996,
                -15.988640732999954
              ],
              [
                -69.50043947999984,
                -15.987770858999909
              ],
              [
                -69.50271485499997,
                -15.98546873399988
              ],
              [
                -69.50707797900003,
                -15.982658108999942
              ],
              [
                -69.51422497899983,
                -15.978857108999932
              ],
              [
                -69.51807960500003,
                -15.979097982999974
              ],
              [
                -69.52094372899984,
                -15.97834848399998
              ],
              [
                -69.52249622899996,
                -15.97601973299993
              ],
              [
                -69.52763035399994,
                -15.972981608999817
              ],
              [
                -69.53469710499996,
                -15.97006385799989
              ],
              [
                -69.54433360399997,
                -15.967146109
              ],
              [
                -69.54952647999994,
                -15.964844107999909
              ],
              [
                -69.55738560399988,
                -15.96250185799994
              ],
              [
                -69.56145435399992,
                -15.962314482999886
              ],
              [
                -69.56868160499988,
                -15.96076198299994
              ],
              [
                -69.57293772999986,
                -15.960253357999875
              ],
              [
                -69.58075960399992,
                -15.960282982999843
              ],
              [
                -69.58172522899997,
                -15.960802857999965
              ],
              [
                -69.59583672999997,
                -15.958871857999952
              ],
              [
                -69.60081297899978,
                -15.95909460799993
              ],
              [
                -69.60363522899979,
                -15.958574732999978
              ],
              [
                -69.60994410399996,
                -15.959020732999932
              ],
              [
                -69.61024410399983,
                -15.956759482999871
              ],
              [
                -69.60656497899998,
                -15.956399357999942
              ],
              [
                -69.59128360499983,
                -15.957132482999953
              ],
              [
                -69.57682747899992,
                -15.958145982999952
              ],
              [
                -69.57233835399984,
                -15.9590611079999
              ],
              [
                -69.562660854,
                -15.959456607999925
              ],
              [
                -69.55887335399996,
                -15.96073523299998
              ],
              [
                -69.549879229,
                -15.96284185899998
              ],
              [
                -69.545565104,
                -15.964622732999828
              ],
              [
                -69.53825247899988,
                -15.966650107999953
              ],
              [
                -69.5310613539998,
                -15.96932548399991
              ],
              [
                -69.50383535399988,
                -15.981549358999928
              ],
              [
                -69.49999997899988,
                -15.984466983999937
              ],
              [
                -69.49059810400001,
                -15.99055148399998
              ],
              [
                -69.48144085399986,
                -15.994225233999884
              ],
              [
                -69.46711135399994,
                -15.99428298399988
              ],
              [
                -69.46469822899996,
                -15.993995107999979
              ],
              [
                -69.45820560499982,
                -15.991375358999903
              ],
              [
                -69.4557407289999,
                -15.991537358999892
              ],
              [
                -69.45350248,
                -15.99366648399996
              ],
              [
                -69.45173547899981,
                -15.99361048299994
              ],
              [
                -69.44915472899987,
                -15.996284107999884
              ],
              [
                -69.44759372899978,
                -15.999863232999928
              ],
              [
                -69.44432760399997,
                -16.002757608999957
              ],
              [
                -69.44379097899997,
                -16.005554233999874
              ],
              [
                -69.44422535499996,
                -16.008517858999937
              ],
              [
                -69.4456018539999,
                -16.010460482999918
              ],
              [
                -69.44390835399992,
                -16.016209108999874
              ],
              [
                -69.44116610399988,
                -16.01952035899984
              ],
              [
                -69.43899610400001,
                -16.02362810799997
              ],
              [
                -69.43633760399996,
                -16.026363107999885
              ],
              [
                -69.43231035399998,
                -16.032683858999974
              ],
              [
                -69.4254939789999,
                -16.042504858999905
              ],
              [
                -69.42316122999989,
                -16.047037357999955
              ],
              [
                -69.42229035399987,
                -16.057230233999974
              ],
              [
                -69.42315097900001,
                -16.06374498299988
              ],
              [
                -69.42417847900003,
                -16.06555123299995
              ],
              [
                -69.42533672900004,
                -16.071371857999964
              ],
              [
                -69.42575647900003,
                -16.07815785899993
              ],
              [
                -69.42752497899988,
                -16.08247023299998
              ],
              [
                -69.42837910499986,
                -16.089529858999924
              ],
              [
                -69.4303094789999,
                -16.094443483999953
              ],
              [
                -69.43623447899995,
                -16.100249358999918
              ],
              [
                -69.44016697899997,
                -16.10351160799985
              ],
              [
                -69.44359372899993,
                -16.110495233999927
              ],
              [
                -69.44663060399984,
                -16.113305482999976
              ],
              [
                -69.45166760399985,
                -16.114479107999955
              ],
              [
                -69.45206135400002,
                -16.113244483999836
              ],
              [
                -69.44686498000004,
                -16.11128973299992
              ],
              [
                -69.44030710499993,
                -16.099742982999942
              ],
              [
                -69.43895222899994,
                -16.098262357999943
              ],
              [
                -69.43464585399994,
                -16.091156233999925
              ],
              [
                -69.43226235399993,
                -16.083592357999976
              ],
              [
                -69.43194960499989,
                -16.07926598299997
              ],
              [
                -69.4350603539998,
                -16.07879623399998
              ],
              [
                -69.43468297999982,
                -16.071857108999893
              ],
              [
                -69.43616622899998,
                -16.069052483999826
              ],
              [
                -69.433618104,
                -16.064496858999917
              ],
              [
                -69.4341922289999,
                -16.054163233999873
              ],
              [
                -69.43723110399998,
                -16.04937610899998
              ],
              [
                -69.43841272899988,
                -16.053387357999895
              ],
              [
                -69.44061397899992,
                -16.051524357999938
              ],
              [
                -69.44796035399992,
                -16.04890410799993
              ],
              [
                -69.45306572899983,
                -16.045960983999976
              ],
              [
                -69.45534085400004,
                -16.046851483999944
              ],
              [
                -69.45095347900002,
                -16.049784233999844
              ],
              [
                -69.44955597899985,
                -16.051566357999945
              ],
              [
                -69.44079310400002,
                -16.053369733999943
              ],
              [
                -69.43903322899996,
                -16.054385983999907
              ],
              [
                -69.44069160399988,
                -16.05657198399996
              ],
              [
                -69.44628110399987,
                -16.059597483999823
              ],
              [
                -69.44687135399994,
                -16.062656732999926
              ],
              [
                -69.45523860399993,
                -16.06406835799993
              ],
              [
                -69.455183605,
                -16.066594358999907
              ],
              [
                -69.45688772899996,
                -16.068516983999928
              ],
              [
                -69.45603960399984,
                -16.0710661089999
              ],
              [
                -69.4517497299999,
                -16.074103858
              ],
              [
                -69.45064285399991,
                -16.07757360799991
              ],
              [
                -69.45204160499998,
                -16.080141982999976
              ],
              [
                -69.45917110399995,
                -16.08645598299995
              ],
              [
                -69.45898760399996,
                -16.088908858999957
              ],
              [
                -69.45606385399998,
                -16.08852673399997
              ],
              [
                -69.4555924799999,
                -16.089920483999833
              ],
              [
                -69.4597457289999,
                -16.093613733999973
              ],
              [
                -69.46454935399981,
                -16.094786357999908
              ],
              [
                -69.46724572899996,
                -16.093549858999836
              ],
              [
                -69.46868297899988,
                -16.094306607999897
              ],
              [
                -69.46739597899989,
                -16.097702358999868
              ],
              [
                -69.4694443539999,
                -16.09803598399992
              ],
              [
                -69.47076135399988,
                -16.1000699839999
              ],
              [
                -69.46685872900002,
                -16.10465535799989
              ],
              [
                -69.46807835399977,
                -16.107122733999915
              ],
              [
                -69.47151897899988,
                -16.106463608999945
              ],
              [
                -69.47022735400003,
                -16.109666857999855
              ],
              [
                -69.47417560400004,
                -16.110717858999863
              ],
              [
                -69.476083604,
                -16.113470483999947
              ],
              [
                -69.47364572899988,
                -16.114173482999945
              ],
              [
                -69.47451960399991,
                -16.116205983999976
              ],
              [
                -69.47798635499993,
                -16.117537607999964
              ],
              [
                -69.48184010399996,
                -16.120446607999952
              ],
              [
                -69.48533285399992,
                -16.12186023299995
              ],
              [
                -69.48783797899989,
                -16.12438848399995
              ],
              [
                -69.491346105,
                -16.12419748399998
              ],
              [
                -69.49098635399997,
                -16.128061107999883
              ],
              [
                -69.49413647999995,
                -16.13158973399993
              ],
              [
                -69.49917885399998,
                -16.138858482999865
              ],
              [
                -69.50118122899983,
                -16.13913873399997
              ],
              [
                -69.50152297999995,
                -16.141735233999952
              ],
              [
                -69.505476854,
                -16.143738608999968
              ],
              [
                -69.50564147900002,
                -16.145413358999974
              ],
              [
                -69.50222322899998,
                -16.14788473399983
              ],
              [
                -69.5035103539999,
                -16.149803108999947
              ],
              [
                -69.50197635399991,
                -16.152217483999948
              ],
              [
                -69.49999997899988,
                -16.15255985799996
              ],
              [
                -69.49862747899982,
                -16.15531673299995
              ],
              [
                -69.49293135499988,
                -16.157816732999947
              ],
              [
                -69.49185535499993,
                -16.160083983999982
              ],
              [
                -69.4991574799999,
                -16.166879983999877
              ],
              [
                -69.501510479,
                -16.171562983999934
              ],
              [
                -69.50466935400004,
                -16.173331607999955
              ],
              [
                -69.50663560399994,
                -16.166255608999904
              ],
              [
                -69.51005272899988,
                -16.162699233999888
              ],
              [
                -69.50923210399992,
                -16.15988698399991
              ],
              [
                -69.510671479,
                -16.157933483999955
              ],
              [
                -69.51521772899991,
                -16.162179108999965
              ],
              [
                -69.51304572899988,
                -16.16814348399987
              ],
              [
                -69.51282647999994,
                -16.17103523399993
              ],
              [
                -69.51390185399993,
                -16.175420232999954
              ],
              [
                -69.51388885400002,
                -16.17996923399994
              ]
            ]
          ]
        ],
        "type": "MultiPolygon"
      },
      "type": "Feature",
      "properties": {
        "PROVINCIA": "EL COLLAO",
        "name": "EL COLLAO",
        "ID": "201200",
        "DEPARTAMEN": "PUNO"
      }
    }
  ]
}
