{
  "type": "FeatureCollection",
  "features": [
    {
      "geometry": {
        "coordinates": [
          [
            [
              [
                -72.46635435699989,
                -16.38315585899994
              ],
              [
                -72.47318273199988,
                -16.37399673399983
              ],
              [
                -72.47385410699991,
                -16.370735108999952
              ],
              [
                -72.47770685699993,
                -16.36950110899994
              ],
              [
                -72.48118585700001,
                -16.363256482999873
              ],
              [
                -72.48133848199996,
                -16.357694608999964
              ],
              [
                -72.48348223199986,
                -16.357334108999964
              ],
              [
                -72.48877710699992,
                -16.36310573299994
              ],
              [
                -72.49117273199988,
                -16.36727710899993
              ],
              [
                -72.49433898199993,
                -16.371086108999975
              ],
              [
                -72.49682623199993,
                -16.372659732999978
              ],
              [
                -72.49873348199992,
                -16.37567135899991
              ],
              [
                -72.5021209819999,
                -16.378244358999893
              ],
              [
                -72.50193785700003,
                -16.38118185899998
              ],
              [
                -72.50466923199997,
                -16.38381573399994
              ],
              [
                -72.505470232,
                -16.386751358999902
              ],
              [
                -72.50472260699996,
                -16.38912198299994
              ],
              [
                -72.50620273200002,
                -16.39142798399996
              ],
              [
                -72.50639348199991,
                -16.39401048399992
              ],
              [
                -72.51021573199989,
                -16.398647358999824
              ],
              [
                -72.51237485699983,
                -16.400152233999904
              ],
              [
                -72.51936335700003,
                -16.40293498399984
              ],
              [
                -72.521118107,
                -16.40459248399992
              ],
              [
                -72.52120223299994,
                -16.40822985899996
              ],
              [
                -72.52296448200002,
                -16.41009523399987
              ],
              [
                -72.52541348199986,
                -16.40958973399995
              ],
              [
                -72.53350835799995,
                -16.409828233999974
              ],
              [
                -72.54187010699991,
                -16.40301898399997
              ],
              [
                -72.54621885699993,
                -16.398775108999928
              ],
              [
                -72.55252073199989,
                -16.396886858999892
              ],
              [
                -72.5596923569999,
                -16.397451359
              ],
              [
                -72.56573485699988,
                -16.40317348399992
              ],
              [
                -72.56927485699987,
                -16.40896985899991
              ],
              [
                -72.5720748569999,
                -16.412261983999826
              ],
              [
                -72.57244110800002,
                -16.415748608999934
              ],
              [
                -72.57185360699998,
                -16.418033608999963
              ],
              [
                -72.57344810699993,
                -16.421029983999915
              ],
              [
                -72.57727048200002,
                -16.42197035899983
              ],
              [
                -72.58232885699994,
                -16.421955108999896
              ],
              [
                -72.58562460699989,
                -16.426288608999982
              ],
              [
                -72.58887485699995,
                -16.429296483999906
              ],
              [
                -72.59277348199993,
                -16.429292733999944
              ],
              [
                -72.59362798200004,
                -16.430480983999928
              ],
              [
                -72.59761048199994,
                -16.425592483999935
              ],
              [
                -72.59902948199976,
                -16.422351858999946
              ],
              [
                -72.59888460699995,
                -16.419139858999927
              ],
              [
                -72.60047910699996,
                -16.418359733999978
              ],
              [
                -72.603187607,
                -16.41522785899997
              ],
              [
                -72.60388935699996,
                -16.41203310899988
              ],
              [
                -72.60742960699997,
                -16.40609360899998
              ],
              [
                -72.60830673199996,
                -16.401782983999908
              ],
              [
                -72.60994723199991,
                -16.39724735899989
              ],
              [
                -72.61013035699995,
                -16.393537483999978
              ],
              [
                -72.60902410799991,
                -16.38709260899998
              ],
              [
                -72.61022185699989,
                -16.379436483999882
              ],
              [
                -72.61161023299991,
                -16.375667608999947
              ],
              [
                -72.61514285699991,
                -16.371309233999966
              ],
              [
                -72.61584473199991,
                -16.367662482999947
              ],
              [
                -72.61721810799986,
                -16.366481733999933
              ],
              [
                -72.61811060699989,
                -16.360805483999968
              ],
              [
                -72.6205978569999,
                -16.35402485899988
              ],
              [
                -72.62577823199996,
                -16.349046733999955
              ],
              [
                -72.62674710700003,
                -16.34627910899991
              ],
              [
                -72.62964635699984,
                -16.343707983999877
              ],
              [
                -72.63149260699993,
                -16.34044260899998
              ],
              [
                -72.632140983,
                -16.337820108999892
              ],
              [
                -72.63385023199993,
                -16.337055233999934
              ],
              [
                -72.63549035699992,
                -16.33275410899995
              ],
              [
                -72.63626860700003,
                -16.328664733999915
              ],
              [
                -72.64038848199993,
                -16.321765858999925
              ],
              [
                -72.64214323199991,
                -16.3160514839999
              ],
              [
                -72.64459223200004,
                -16.313280108999834
              ],
              [
                -72.647766107,
                -16.30846210899989
              ],
              [
                -72.64908598199997,
                -16.30502323399992
              ],
              [
                -72.65153498199999,
                -16.302389108999932
              ],
              [
                -72.65278623199987,
                -16.29770660899993
              ],
              [
                -72.65615848200002,
                -16.291768983999816
              ],
              [
                -72.65488435700001,
                -16.289001483999982
              ],
              [
                -72.65566248300001,
                -16.287580483999932
              ],
              [
                -72.65573123299993,
                -16.28375248399982
              ],
              [
                -72.65455623299988,
                -16.280389733999925
              ],
              [
                -72.65472410799998,
                -16.27795023399989
              ],
              [
                -72.65328985699989,
                -16.275628983999923
              ],
              [
                -72.65327448199986,
                -16.271936358999938
              ],
              [
                -72.65226748199996,
                -16.263256108999826
              ],
              [
                -72.65325923199993,
                -16.25927348399989
              ],
              [
                -72.6536483569999,
                -16.25461198399995
              ],
              [
                -72.65293885699998,
                -16.250947983999936
              ],
              [
                -72.65108485699989,
                -16.247810358999914
              ],
              [
                -72.66090398199998,
                -16.248014483999953
              ],
              [
                -72.66479498199988,
                -16.246913858999903
              ],
              [
                -72.66653448199992,
                -16.24462510799998
              ],
              [
                -72.66729735799981,
                -16.24102598299993
              ],
              [
                -72.66849523199988,
                -16.238956482999924
              ],
              [
                -72.67128748199991,
                -16.237073857999917
              ],
              [
                -72.6770324819999,
                -16.235662482999942
              ],
              [
                -72.67978673299996,
                -16.23065548399984
              ],
              [
                -72.68358610799999,
                -16.225805233999893
              ],
              [
                -72.6874086069999,
                -16.21850585899989
              ],
              [
                -72.6875533569999,
                -16.216165483999873
              ],
              [
                -72.68604273199986,
                -16.213949233999926
              ],
              [
                -72.68513485799997,
                -16.210138358999927
              ],
              [
                -72.68598173199996,
                -16.20114898399987
              ],
              [
                -72.6845016069999,
                -16.194971108999937
              ],
              [
                -72.68629448199982,
                -16.187330232999955
              ],
              [
                -72.68788910699988,
                -16.184978482999952
              ],
              [
                -72.68984985700001,
                -16.173921608999933
              ],
              [
                -72.69220735700003,
                -16.16699985799994
              ],
              [
                -72.69393923299987,
                -16.163988107999955
              ],
              [
                -72.69358060699989,
                -16.16165160899982
              ],
              [
                -72.6919403569998,
                -16.15936660899996
              ],
              [
                -72.69074248199996,
                -16.153224983999905
              ],
              [
                -72.69094848299989,
                -16.150394357999915
              ],
              [
                -72.69007110799993,
                -16.14581485799988
              ],
              [
                -72.68774410699996,
                -16.14109235899997
              ],
              [
                -72.68675235700005,
                -16.137613358999943
              ],
              [
                -72.6881866069998,
                -16.130977733999885
              ],
              [
                -72.68825535799988,
                -16.126254983999956
              ],
              [
                -72.68720248299991,
                -16.119810108999957
              ],
              [
                -72.69017023199996,
                -16.117736858999933
              ],
              [
                -72.69862360699994,
                -16.10982510899987
              ],
              [
                -72.70127110699991,
                -16.10570923399996
              ],
              [
                -72.70487210699986,
                -16.096551858999874
              ],
              [
                -72.70785310699995,
                -16.091760608999948
              ],
              [
                -72.71135710699997,
                -16.076318733999926
              ],
              [
                -72.71140173199984,
                -16.070249358999888
              ],
              [
                -72.71317923200002,
                -16.063283732999935
              ],
              [
                -72.71311523199995,
                -16.053790608999975
              ],
              [
                -72.71223535699988,
                -16.051395482999908
              ],
              [
                -72.70964498299998,
                -16.03761948399989
              ],
              [
                -72.70708985799985,
                -16.033521483999948
              ],
              [
                -72.70696823299983,
                -16.026716357999874
              ],
              [
                -72.70538360699999,
                -16.0200256089999
              ],
              [
                -72.70385760700003,
                -16.016439858999945
              ],
              [
                -72.70158610700003,
                -16.008401608999918
              ],
              [
                -72.70008560699995,
                -16.006182607999904
              ],
              [
                -72.6967842329999,
                -15.998560357999963
              ],
              [
                -72.69023898199987,
                -15.996759357999963
              ],
              [
                -72.68911748199997,
                -15.993695232999926
              ],
              [
                -72.68820185699991,
                -15.988182108999922
              ],
              [
                -72.68666835799985,
                -15.984095607999961
              ],
              [
                -72.6842193579999,
                -15.98241235799992
              ],
              [
                -72.678672732,
                -15.98115248399995
              ],
              [
                -72.67797085799998,
                -15.98702710799995
              ],
              [
                -72.67805485699984,
                -15.99077498299988
              ],
              [
                -72.67480473200004,
                -15.995490107999956
              ],
              [
                -72.6752701069999,
                -16.00236898299994
              ],
              [
                -72.6743392329999,
                -16.004533733999892
              ],
              [
                -72.67364498299992,
                -16.01025185799989
              ],
              [
                -72.66529848199997,
                -16.01763348299994
              ],
              [
                -72.66338348199997,
                -16.01763910899996
              ],
              [
                -72.66243748199986,
                -16.0149268589999
              ],
              [
                -72.65401460699991,
                -16.015622982999957
              ],
              [
                -72.65293123299989,
                -16.016666357999952
              ],
              [
                -72.64929960700005,
                -16.017284357999927
              ],
              [
                -72.64186098199991,
                -16.016044608999948
              ],
              [
                -72.6400146069999,
                -16.016769358999966
              ],
              [
                -72.63765710699988,
                -16.01604460799996
              ],
              [
                -72.6328277319999,
                -16.015886357999875
              ],
              [
                -72.62925723199987,
                -16.01333998299998
              ],
              [
                -72.62489323199992,
                -16.01209448399993
              ],
              [
                -72.61843873199996,
                -16.01294323299993
              ],
              [
                -72.61453248199996,
                -16.015886357999875
              ],
              [
                -72.61057273199987,
                -16.01724623299998
              ],
              [
                -72.60309598199979,
                -16.01724623399997
              ],
              [
                -72.60122685700003,
                -16.018859858999974
              ],
              [
                -72.59975435699988,
                -16.02174760899993
              ],
              [
                -72.59766385699993,
                -16.023614858999963
              ],
              [
                -72.59618373199993,
                -16.027183483999977
              ],
              [
                -72.584014857,
                -16.030465983999875
              ],
              [
                -72.58101648299998,
                -16.029506733999938
              ],
              [
                -72.57478335699983,
                -16.028570232999982
              ],
              [
                -72.57721710799984,
                -16.024890858999925
              ],
              [
                -72.57704923199992,
                -16.021776233999958
              ],
              [
                -72.57891848199995,
                -16.018152233999956
              ],
              [
                -72.5859374819999,
                -16.009517608999886
              ],
              [
                -72.5858612319999,
                -16.00808910899991
              ],
              [
                -72.58282473199995,
                -16.005496983999933
              ],
              [
                -72.58281710799992,
                -16.001281733999974
              ],
              [
                -72.58542623199997,
                -15.996324483999956
              ],
              [
                -72.59043123199984,
                -15.994365732999881
              ],
              [
                -72.59615498199986,
                -15.991059982999957
              ],
              [
                -72.60152523199991,
                -15.98735085899989
              ],
              [
                -72.60278985699995,
                -15.985498358999905
              ],
              [
                -72.60309185699998,
                -15.979676984000037
              ],
              [
                -72.60377548199995,
                -15.975839107999889
              ],
              [
                -72.60674373199987,
                -15.972979358999964
              ],
              [
                -72.60664560700002,
                -15.971573733999946
              ],
              [
                -72.60020448199998,
                -15.969651233999969
              ],
              [
                -72.59563448199987,
                -15.96633435799987
              ],
              [
                -72.59193423299996,
                -15.965200482999933
              ],
              [
                -72.5900497319999,
                -15.96251398399994
              ],
              [
                -72.58729560699993,
                -15.953782107999928
              ],
              [
                -72.587135482,
                -15.949994108999931
              ],
              [
                -72.58956910699993,
                -15.941423358999941
              ],
              [
                -72.59143823199986,
                -15.936275482999974
              ],
              [
                -72.58448023199986,
                -15.93791585799994
              ],
              [
                -72.57911685699992,
                -15.937534358999926
              ],
              [
                -72.57603448299989,
                -15.93561935899993
              ],
              [
                -72.56944273199991,
                -15.932867108999915
              ],
              [
                -72.56531523199999,
                -15.929802858999892
              ],
              [
                -72.55697635699988,
                -15.927675232999889
              ],
              [
                -72.55342860699989,
                -15.924083732999975
              ],
              [
                -72.55004123200001,
                -15.922438608999926
              ],
              [
                -72.54450223200001,
                -15.922637983999834
              ],
              [
                -72.54165635699991,
                -15.920493107999903
              ],
              [
                -72.53871923199989,
                -15.919345858999918
              ],
              [
                -72.53654485699985,
                -15.916928233999897
              ],
              [
                -72.52755735699998,
                -15.911733607999906
              ],
              [
                -72.52514648199997,
                -15.911465607999844
              ],
              [
                -72.51864623200004,
                -15.90881348299996
              ],
              [
                -72.51635748199976,
                -15.904476107999926
              ],
              [
                -72.51004023199994,
                -15.899415983999916
              ],
              [
                -72.50830835699998,
                -15.89660260799991
              ],
              [
                -72.50746160699993,
                -15.890864358999977
              ],
              [
                -72.51057435699988,
                -15.885035482999967
              ],
              [
                -72.51393885699991,
                -15.879950483999949
              ],
              [
                -72.52031710699998,
                -15.872272482999904
              ],
              [
                -72.52433010699986,
                -15.868490232999932
              ],
              [
                -72.52835848199999,
                -15.862565983999957
              ],
              [
                -72.52899935699992,
                -15.856761982999956
              ],
              [
                -72.53067010699993,
                -15.853035983999973
              ],
              [
                -72.53157810699986,
                -15.847195607999822
              ],
              [
                -72.53394323199996,
                -15.842632232999904
              ],
              [
                -72.53491210699991,
                -15.839548232999903
              ],
              [
                -72.53525548199991,
                -15.835534107999933
              ],
              [
                -72.53740698199994,
                -15.832027357999948
              ],
              [
                -72.53947448199995,
                -15.826069858999972
              ],
              [
                -72.54171748199991,
                -15.823069608999901
              ],
              [
                -72.54146573199978,
                -15.818295482999929
              ],
              [
                -72.54256435699989,
                -15.813309607999884
              ],
              [
                -72.54551698199987,
                -15.808289482999896
              ],
              [
                -72.55307010699988,
                -15.801070232999962
              ],
              [
                -72.55909723199994,
                -15.799905733999822
              ],
              [
                -72.56343073200003,
                -15.79826073299995
              ],
              [
                -72.571067857,
                -15.789233107999962
              ],
              [
                -72.57473760699997,
                -15.785375607999924
              ],
              [
                -72.57616423199988,
                -15.782949482999982
              ],
              [
                -72.5782242319998,
                -15.775483107999946
              ],
              [
                -72.57977298199978,
                -15.772559108999985
              ],
              [
                -72.58309935800003,
                -15.769566482999892
              ],
              [
                -72.58409123299992,
                -15.767476107999926
              ],
              [
                -72.58638760699978,
                -15.765484857999922
              ],
              [
                -72.58931735699997,
                -15.760308232999932
              ],
              [
                -72.59091185699992,
                -15.749009108999928
              ],
              [
                -72.5917587319999,
                -15.746968232999961
              ],
              [
                -72.59689335699977,
                -15.74141785799992
              ],
              [
                -72.599586482,
                -15.736583732999975
              ],
              [
                -72.60290523299989,
                -15.732265483999925
              ],
              [
                -72.60299685699982,
                -15.727650607999976
              ],
              [
                -72.60547635699999,
                -15.726195358999917
              ],
              [
                -72.61493685699992,
                -15.723105482999813
              ],
              [
                -72.61817935699997,
                -15.719695107999883
              ],
              [
                -72.61911773199989,
                -15.715224108999962
              ],
              [
                -72.62194823199997,
                -15.708800357999962
              ],
              [
                -72.62319185699994,
                -15.704617483999982
              ],
              [
                -72.62547298199985,
                -15.702306733999933
              ],
              [
                -72.63067623200004,
                -15.704496357999915
              ],
              [
                -72.63405610699982,
                -15.707754108000017
              ],
              [
                -72.63784785699994,
                -15.704185483999936
              ],
              [
                -72.63916773299991,
                -15.700707482999974
              ],
              [
                -72.64064785699998,
                -15.701853607999908
              ],
              [
                -72.64141848199989,
                -15.706039483999973
              ],
              [
                -72.64344785699984,
                -15.705640732999939
              ],
              [
                -72.6455536069999,
                -15.707836107999924
              ],
              [
                -72.64611048199987,
                -15.709897982999905
              ],
              [
                -72.64854435699982,
                -15.710497857999883
              ],
              [
                -72.65071873199997,
                -15.707689233999872
              ],
              [
                -72.6591873569999,
                -15.711235107999983
              ],
              [
                -72.6633224819999,
                -15.710601857999961
              ],
              [
                -72.66457360799996,
                -15.708423607999976
              ],
              [
                -72.67031860799977,
                -15.703468357999952
              ],
              [
                -72.67444610799987,
                -15.696556982999823
              ],
              [
                -72.67501835699994,
                -15.691767733999939
              ],
              [
                -72.68024448299991,
                -15.684818233999977
              ],
              [
                -72.6801682329999,
                -15.679455732999884
              ],
              [
                -72.68376923199986,
                -15.669880857999942
              ],
              [
                -72.68886560700003,
                -15.665558857999883
              ],
              [
                -72.69290148199991,
                -15.660599732999913
              ],
              [
                -72.69570923199996,
                -15.658239357999946
              ],
              [
                -72.70169835699988,
                -15.657462107999947
              ],
              [
                -72.70379635699993,
                -15.655363982999972
              ],
              [
                -72.70449060699991,
                -15.648683607999942
              ],
              [
                -72.70365148199994,
                -15.641230607999944
              ],
              [
                -72.70214848199993,
                -15.635889108999947
              ],
              [
                -72.70281985699995,
                -15.63269698299996
              ],
              [
                -72.70928960699996,
                -15.628365482999982
              ],
              [
                -72.71012110700002,
                -15.62622448299993
              ],
              [
                -72.71107485699997,
                -15.619470607999858
              ],
              [
                -72.71449285799991,
                -15.615247607999947
              ],
              [
                -72.71981048199996,
                -15.607480108999937
              ],
              [
                -72.72077935699986,
                -15.605094857999916
              ],
              [
                -72.72351835699999,
                -15.603018733999932
              ],
              [
                -72.72130585699989,
                -15.599132607999934
              ],
              [
                -72.71874235699988,
                -15.588363608
              ],
              [
                -72.71646123199986,
                -15.584670107999898
              ],
              [
                -72.70928960699996,
                -15.577362982999887
              ],
              [
                -72.70232385699995,
                -15.568808607999927
              ],
              [
                -72.70047760699987,
                -15.5672444839999
              ],
              [
                -72.69340510699982,
                -15.56299785799996
              ],
              [
                -72.69037623199995,
                -15.558357232999981
              ],
              [
                -72.68790435699998,
                -15.557975732999921
              ],
              [
                -72.68542485699999,
                -15.559072482999909
              ],
              [
                -72.68241885799995,
                -15.558091107999871
              ],
              [
                -72.67848973299994,
                -15.554798107999943
              ],
              [
                -72.676063483,
                -15.551505982999913
              ],
              [
                -72.67456060699982,
                -15.550755482999932
              ],
              [
                -72.66803735699983,
                -15.550581982999972
              ],
              [
                -72.66370385699992,
                -15.549599607999937
              ],
              [
                -72.66069798199999,
                -15.545888857999955
              ],
              [
                -72.65603635699995,
                -15.548520107999877
              ],
              [
                -72.65255735700003,
                -15.547801857999957
              ],
              [
                -72.64420323299998,
                -15.550414982999882
              ],
              [
                -72.64026635699986,
                -15.550017357999934
              ],
              [
                -72.63642123200003,
                -15.55227185799987
              ],
              [
                -72.63417035699996,
                -15.556912482999962
              ],
              [
                -72.630279482,
                -15.558370607999905
              ],
              [
                -72.62875360699985,
                -15.559711483999934
              ],
              [
                -72.61863710699993,
                -15.556053108999947
              ],
              [
                -72.61688998199998,
                -15.555932983999924
              ],
              [
                -72.60881810699982,
                -15.559671357999889
              ],
              [
                -72.60690310699982,
                -15.559353857999838
              ],
              [
                -72.60551448199988,
                -15.554461482999955
              ],
              [
                -72.60272985699987,
                -15.550763107999956
              ],
              [
                -72.60089873299995,
                -15.550286232999895
              ],
              [
                -72.59278873199986,
                -15.551320107999913
              ],
              [
                -72.58638760699978,
                -15.550763107999956
              ],
              [
                -72.5837173569999,
                -15.549848607999934
              ],
              [
                -72.58343498199997,
                -15.548373233999882
              ],
              [
                -72.57839198199991,
                -15.545394857999952
              ],
              [
                -72.57067873200003,
                -15.538650607999955
              ],
              [
                -72.56739810700003,
                -15.538548482999943
              ],
              [
                -72.56291960700003,
                -15.53758148299994
              ],
              [
                -72.56006623299993,
                -15.540864982999949
              ],
              [
                -72.55761723199998,
                -15.542203858
              ],
              [
                -72.55040735699993,
                -15.540067733999877
              ],
              [
                -72.54721073199994,
                -15.537792232999891
              ],
              [
                -72.54360960699995,
                -15.534378982999954
              ],
              [
                -72.54145048199985,
                -15.529411357999948
              ],
              [
                -72.53784948199996,
                -15.526146857999947
              ],
              [
                -72.53503423199999,
                -15.521587357999977
              ],
              [
                -72.53373710699987,
                -15.516745483999955
              ],
              [
                -72.52962998199996,
                -15.511597982999831
              ],
              [
                -72.5265176069999,
                -15.505386732999966
              ],
              [
                -72.5160598569999,
                -15.496622107999883
              ],
              [
                -72.51589198199997,
                -15.494430482999917
              ],
              [
                -72.5115891069999,
                -15.489260732999924
              ],
              [
                -72.50762173199985,
                -15.478260982999927
              ],
              [
                -72.50759123199998,
                -15.475064232999841
              ],
              [
                -72.51069635699986,
                -15.469043732999978
              ],
              [
                -72.51362610699988,
                -15.466308607999963
              ],
              [
                -72.5147704819999,
                -15.464021732999925
              ],
              [
                -72.51563273199991,
                -15.45916748299993
              ],
              [
                -72.51483148199998,
                -15.455957357999978
              ],
              [
                -72.51558685699985,
                -15.45085810799992
              ],
              [
                -72.52081298199988,
                -15.443878232999907
              ],
              [
                -72.52342985699988,
                -15.438920982999832
              ],
              [
                -72.52234648199993,
                -15.42946260799988
              ],
              [
                -72.52405548199994,
                -15.426271482999937
              ],
              [
                -72.523948732,
                -15.424390732999939
              ],
              [
                -72.52155298199983,
                -15.423137732999976
              ],
              [
                -72.52115635699988,
                -15.42057323299997
              ],
              [
                -72.5226593569999,
                -15.417413732999933
              ],
              [
                -72.51958460699996,
                -15.406562857999916
              ],
              [
                -72.51167298199994,
                -15.398737857999947
              ],
              [
                -72.50736998199989,
                -15.398737857999947
              ],
              [
                -72.50201410700004,
                -15.397200607999935
              ],
              [
                -72.48924260699988,
                -15.395747232999952
              ],
              [
                -72.48589323199997,
                -15.392801232999943
              ],
              [
                -72.48119348199992,
                -15.391926732999934
              ],
              [
                -72.47573085699986,
                -15.391653982999856
              ],
              [
                -72.47376248199998,
                -15.39077948299996
              ],
              [
                -72.46767423199992,
                -15.389874482999971
              ],
              [
                -72.46543885699998,
                -15.388894982999943
              ],
              [
                -72.46054073199997,
                -15.388020482999934
              ],
              [
                -72.45757298199993,
                -15.388892232999979
              ],
              [
                -72.45126348199994,
                -15.389124857999946
              ],
              [
                -72.4488372319999,
                -15.39169498299998
              ],
              [
                -72.44690698199992,
                -15.391955357999905
              ],
              [
                -72.44242860700001,
                -15.395531607999885
              ],
              [
                -72.44075773199995,
                -15.397831857999961
              ],
              [
                -72.43907923199981,
                -15.394128732999889
              ],
              [
                -72.43852235700001,
                -15.389464357999941
              ],
              [
                -72.43527223199993,
                -15.387915607999958
              ],
              [
                -72.4359436069999,
                -15.384521483000015
              ],
              [
                -72.43479923199988,
                -15.38207048299995
              ],
              [
                -72.43535610699996,
                -15.379588107999837
              ],
              [
                -72.43455510699994,
                -15.37567998299994
              ],
              [
                -72.43319698199991,
                -15.374464982999939
              ],
              [
                -72.43265535700004,
                -15.370784732999937
              ],
              [
                -72.42799373199989,
                -15.370357482999907
              ],
              [
                -72.42713910699996,
                -15.368140232999963
              ],
              [
                -72.43048098199989,
                -15.362906483000017
              ],
              [
                -72.43038935699997,
                -15.359259607999945
              ],
              [
                -72.431686357,
                -15.357039482999937
              ],
              [
                -72.42941285699999,
                -15.353161857999908
              ],
              [
                -72.43113710699993,
                -15.350917857999946
              ],
              [
                -72.430633607,
                -15.347107857999958
              ],
              [
                -72.43201448199994,
                -15.34096735799983
              ],
              [
                -72.43244173199986,
                -15.335492107999926
              ],
              [
                -72.43663023200003,
                -15.330349982999905
              ],
              [
                -72.436675982,
                -15.326988232999952
              ],
              [
                -72.435104357,
                -15.325411857999882
              ],
              [
                -72.439239482,
                -15.32157798299994
              ],
              [
                -72.43769073200002,
                -15.319037482999875
              ],
              [
                -72.43833160699984,
                -15.314593357999968
              ],
              [
                -72.43965910700001,
                -15.31049635799991
              ],
              [
                -72.43841548200004,
                -15.301561357999958
              ],
              [
                -72.43739323199992,
                -15.298883482999884
              ],
              [
                -72.4331207319999,
                -15.292517607999969
              ],
              [
                -72.42794798199992,
                -15.281279607999977
              ],
              [
                -72.41959385699988,
                -15.270532607999883
              ],
              [
                -72.41329198199992,
                -15.267419857999926
              ],
              [
                -72.4114456069999,
                -15.26565360799998
              ],
              [
                -72.40592960699996,
                -15.264711357999886
              ],
              [
                -72.40278610699983,
                -15.259077982999827
              ],
              [
                -72.395301857,
                -15.256608982999978
              ],
              [
                -72.38729860699993,
                -15.253293982999878
              ],
              [
                -72.3833618569999,
                -15.250736231999895
              ],
              [
                -72.38132473199994,
                -15.250121107999917
              ],
              [
                -72.37570948199993,
                -15.250442482999972
              ],
              [
                -72.37431335699995,
                -15.248997732999953
              ],
              [
                -72.36827085699997,
                -15.246343607999904
              ],
              [
                -72.36466985699991,
                -15.241896607999934
              ],
              [
                -72.36470798100004,
                -15.2394389829999
              ],
              [
                -72.3668518569998,
                -15.23373798199998
              ],
              [
                -72.37136073199991,
                -15.231991732999916
              ],
              [
                -72.37282560699998,
                -15.227687857999967
              ],
              [
                -72.37205510699982,
                -15.225353232999908
              ],
              [
                -72.37380985699997,
                -15.215494107999973
              ],
              [
                -72.37432098199997,
                -15.209224732999928
              ],
              [
                -72.37555698199992,
                -15.207855232999918
              ],
              [
                -72.37587735699987,
                -15.204429607999828
              ],
              [
                -72.37415310699993,
                -15.202832232999981
              ],
              [
                -72.37643435699994,
                -15.200939232999872
              ],
              [
                -72.37693023199995,
                -15.197789231999934
              ],
              [
                -72.3753967319999,
                -15.194818357999964
              ],
              [
                -72.375694232,
                -15.192157732999817
              ],
              [
                -72.37466435699986,
                -15.188015982999957
              ],
              [
                -72.37193298199992,
                -15.18319898299984
              ],
              [
                -72.37016298199984,
                -15.181816107999907
              ],
              [
                -72.36443323199995,
                -15.172708482999951
              ],
              [
                -72.3658752319999,
                -15.170087856999942
              ],
              [
                -72.36359410699998,
                -15.166230232999965
              ],
              [
                -72.36254123200001,
                -15.163164106999943
              ],
              [
                -72.35993198200003,
                -15.16182423299989
              ],
              [
                -72.357643107,
                -15.156021232999933
              ],
              [
                -72.35754398199987,
                -15.153240232999963
              ],
              [
                -72.35971073199994,
                -15.148951482999905
              ],
              [
                -72.35961148199988,
                -15.14386935799996
              ],
              [
                -72.35845935699984,
                -15.140861607999966
              ],
              [
                -72.35968785699998,
                -15.13883035799995
              ],
              [
                -72.36270910699994,
                -15.137507483000036
              ],
              [
                -72.36489873200003,
                -15.137656357999902
              ],
              [
                -72.36969760699981,
                -15.135550357999819
              ],
              [
                -72.37098698199998,
                -15.130412107999916
              ],
              [
                -72.3706359819999,
                -15.123296732999961
              ],
              [
                -72.36981960699995,
                -15.118579857999976
              ],
              [
                -72.36795048099992,
                -15.116738357999907
              ],
              [
                -72.366821232,
                -15.11217598299993
              ],
              [
                -72.362121607,
                -15.109414107999896
              ],
              [
                -72.3603973569999,
                -15.110232356999859
              ],
              [
                -72.35782623199998,
                -15.10364435799994
              ],
              [
                -72.35781860699996,
                -15.101951606999933
              ],
              [
                -72.35557560699982,
                -15.097837482999978
              ],
              [
                -72.352882357,
                -15.096097982999936
              ],
              [
                -72.35027310699985,
                -15.096111357999973
              ],
              [
                -72.34690098199991,
                -15.095060482999884
              ],
              [
                -72.33761598199993,
                -15.09582998299993
              ],
              [
                -72.33527373199985,
                -15.096445106999965
              ],
              [
                -72.33103185699997,
                -15.095855856999947
              ],
              [
                -72.32748410599987,
                -15.096795106999878
              ],
              [
                -72.31983948200002,
                -15.095574357999965
              ],
              [
                -72.31700135599976,
                -15.094398481999974
              ],
              [
                -72.31129460699992,
                -15.088259731999926
              ],
              [
                -72.30908960699998,
                -15.084917982999912
              ],
              [
                -72.30878448199996,
                -15.081300732999864
              ],
              [
                -72.30506135699983,
                -15.079343732999916
              ],
              [
                -72.29934698199997,
                -15.072984731999952
              ],
              [
                -72.29869098199981,
                -15.070288606999895
              ],
              [
                -72.29667660699977,
                -15.067248357999972
              ],
              [
                -72.29223635699998,
                -15.067570732999968
              ],
              [
                -72.28635410699991,
                -15.06461523299987
              ],
              [
                -72.2867661059999,
                -15.061862982999969
              ],
              [
                -72.28486635699983,
                -15.060822357999939
              ],
              [
                -72.28511048199988,
                -15.058304732999886
              ],
              [
                -72.27840423200001,
                -15.052526482999895
              ],
              [
                -72.27260585599987,
                -15.048935857999936
              ],
              [
                -72.27154535699987,
                -15.04639435699994
              ],
              [
                -72.26814273199989,
                -15.043818481999892
              ],
              [
                -72.26547235700002,
                -15.043250106999949
              ],
              [
                -72.265296982,
                -15.037131357999954
              ],
              [
                -72.2625351069999,
                -15.032463107999945
              ],
              [
                -72.26036835699995,
                -15.026501607999933
              ],
              [
                -72.26016998199998,
                -15.02355860799986
              ],
              [
                -72.25888823099996,
                -15.020777731999885
              ],
              [
                -72.25901035699985,
                -15.01624198299993
              ],
              [
                -72.25631698199993,
                -15.011619482999947
              ],
              [
                -72.25633235699996,
                -15.007040981999978
              ],
              [
                -72.25553898199996,
                -15.001775732999931
              ],
              [
                -72.25428010699989,
                -14.999999981999963
              ],
              [
                -72.25444035699991,
                -14.997821857999952
              ],
              [
                -72.25661473199989,
                -14.994232232999877
              ],
              [
                -72.25730910699997,
                -14.988540607999937
              ],
              [
                -72.258644107,
                -14.986722981999947
              ],
              [
                -72.2574921069999,
                -14.983888606999813
              ],
              [
                -72.2563476059999,
                -14.977909982999961
              ],
              [
                -72.25682073199988,
                -14.97280310799988
              ],
              [
                -72.25817110699995,
                -14.97041798299989
              ],
              [
                -72.260269107,
                -14.969855357999961
              ],
              [
                -72.26094060699995,
                -14.965784982999821
              ],
              [
                -72.2573547319999,
                -14.962015107999832
              ],
              [
                -72.25575260699986,
                -14.961390482999946
              ],
              [
                -72.25394435699991,
                -14.955963107999935
              ],
              [
                -72.2550048569999,
                -14.949134857999923
              ],
              [
                -72.2533569819999,
                -14.946263232999911
              ],
              [
                -72.24949648200004,
                -14.945586356999968
              ],
              [
                -72.2442551069999,
                -14.943793357999937
              ],
              [
                -72.24203485699985,
                -14.938383107999925
              ],
              [
                -72.23866273199991,
                -14.93510723199995
              ],
              [
                -72.23590848199984,
                -14.934564607999903
              ],
              [
                -72.23135373199983,
                -14.931819856999823
              ],
              [
                -72.22727960599997,
                -14.93076323299988
              ],
              [
                -72.22599798199991,
                -14.929262107999932
              ],
              [
                -72.22673798099993,
                -14.92615798299994
              ],
              [
                -72.22149673199988,
                -14.920341482999902
              ],
              [
                -72.219688357,
                -14.920337856999879
              ],
              [
                -72.21587373200003,
                -14.916609732999973
              ],
              [
                -72.21604923099989,
                -14.915023857999927
              ],
              [
                -72.20984648099989,
                -14.908980232999909
              ],
              [
                -72.20920560599995,
                -14.910441356999854
              ],
              [
                -72.20184310699989,
                -14.909951231999969
              ],
              [
                -72.19947048099988,
                -14.909302731999958
              ],
              [
                -72.19319910699994,
                -14.905135106999921
              ],
              [
                -72.18593598099983,
                -14.904138607999982
              ],
              [
                -72.18346410699996,
                -14.900648106999938
              ],
              [
                -72.18126673200004,
                -14.901838356999974
              ],
              [
                -72.17931360699998,
                -14.900869357999852
              ],
              [
                -72.177253732,
                -14.897945357999959
              ],
              [
                -72.171333356,
                -14.89654923199987
              ],
              [
                -72.16562648199994,
                -14.89604660699996
              ],
              [
                -72.16579435699998,
                -14.892300607999971
              ],
              [
                -72.16680148199998,
                -14.890507733
              ],
              [
                -72.161476107,
                -14.885730732999946
              ],
              [
                -72.1588439809999,
                -14.884454732999814
              ],
              [
                -72.15216060599982,
                -14.883484856999928
              ],
              [
                -72.15003198199992,
                -14.88131998199998
              ],
              [
                -72.14771273199995,
                -14.881403856999952
              ],
              [
                -72.14650723099993,
                -14.883181606999813
              ],
              [
                -72.14370735699993,
                -14.88483235799987
              ],
              [
                -72.14032748199986,
                -14.883785232999912
              ],
              [
                -72.13739010599983,
                -14.883828106999943
              ],
              [
                -72.13406373100003,
                -14.885349232999943
              ],
              [
                -72.13159185699988,
                -14.88528160699991
              ],
              [
                -72.11949923199995,
                -14.889018982999971
              ],
              [
                -72.11473860599995,
                -14.889335606999964
              ],
              [
                -72.110015857,
                -14.887708608000025
              ],
              [
                -72.10691835700004,
                -14.889335606999964
              ],
              [
                -72.10149385599993,
                -14.890109982999945
              ],
              [
                -72.09929660699993,
                -14.891181981999978
              ],
              [
                -72.09957123200002,
                -14.892857606999883
              ],
              [
                -72.10665898199989,
                -14.89998248300003
              ],
              [
                -72.10829160599997,
                -14.903262106999932
              ],
              [
                -72.1088638569999,
                -14.906150856999943
              ],
              [
                -72.10851285699988,
                -14.913737357999878
              ],
              [
                -72.10946660699994,
                -14.918893857999933
              ],
              [
                -72.10764310699989,
                -14.92218498199992
              ],
              [
                -72.10292810700003,
                -14.935868231999962
              ],
              [
                -72.10260773199997,
                -14.940628106999952
              ],
              [
                -72.10221098199992,
                -14.954933107999977
              ],
              [
                -72.09851835699993,
                -14.953423481999948
              ],
              [
                -72.09221648199986,
                -14.94929310799995
              ],
              [
                -72.08792873200002,
                -14.94487473199996
              ],
              [
                -72.07971948099998,
                -14.939646732999847
              ],
              [
                -72.07192248099983,
                -14.93738560700001
              ],
              [
                -72.06851960699993,
                -14.937221482999973
              ],
              [
                -72.06150060699986,
                -14.93850998299996
              ],
              [
                -72.05532073200004,
                -14.942287481999927
              ],
              [
                -72.050094607,
                -14.942496357999971
              ],
              [
                -72.04573060599995,
                -14.941477732999886
              ],
              [
                -72.04431135699986,
                -14.939898356999947
              ],
              [
                -72.04166410699986,
                -14.934247981999818
              ],
              [
                -72.04109185599992,
                -14.930206482999893
              ],
              [
                -72.04206848199982,
                -14.924901981999938
              ],
              [
                -72.04359423200003,
                -14.921116856999959
              ],
              [
                -72.043632607,
                -14.918747856999971
              ],
              [
                -72.04510510699998,
                -14.913843106999934
              ],
              [
                -72.043342607,
                -14.910533856999962
              ],
              [
                -72.04591373199992,
                -14.908816356999978
              ],
              [
                -72.04645535599997,
                -14.906781231999958
              ],
              [
                -72.043075482,
                -14.903048481999917
              ],
              [
                -72.0359497309999,
                -14.900097856999878
              ],
              [
                -72.033958482,
                -14.89865873299982
              ],
              [
                -72.03381348199997,
                -14.896386107999888
              ],
              [
                -72.03503423199993,
                -14.89113048199988
              ],
              [
                -72.0345229809999,
                -14.887921357999915
              ],
              [
                -72.03239435699982,
                -14.884596857999952
              ],
              [
                -72.03086098200004,
                -14.880108857999858
              ],
              [
                -72.02683260599997,
                -14.876018482999882
              ],
              [
                -72.02005773099995,
                -14.877503357999899
              ],
              [
                -72.00949860599997,
                -14.882513981999978
              ],
              [
                -72.00493623199986,
                -14.886319981999975
              ],
              [
                -72.00334935699993,
                -14.88622098299993
              ],
              [
                -71.99938198200005,
                -14.884205856999927
              ],
              [
                -71.99111935600001,
                -14.876519232999954
              ],
              [
                -71.9856948559999,
                -14.874248482999974
              ],
              [
                -71.982284607,
                -14.871513357999902
              ],
              [
                -71.97734085699994,
                -14.87052148299989
              ],
              [
                -71.97589873099992,
                -14.869466732999967
              ],
              [
                -71.97423548199987,
                -14.865497606999895
              ],
              [
                -71.97239685699981,
                -14.859103231999939
              ],
              [
                -71.97109223099994,
                -14.858258232999901
              ],
              [
                -71.96683498199985,
                -14.8532476069999
              ],
              [
                -71.9641571059999,
                -14.846071232999975
              ],
              [
                -71.95821385700003,
                -14.84041410799989
              ],
              [
                -71.95185085699995,
                -14.83732610699991
              ],
              [
                -71.95156860699996,
                -14.840131731999975
              ],
              [
                -71.95398710699988,
                -14.850919731999966
              ],
              [
                -71.95240023199995,
                -14.855894981999938
              ],
              [
                -71.95362085600004,
                -14.863882106999881
              ],
              [
                -71.95216373099993,
                -14.868150732999936
              ],
              [
                -71.94525910599998,
                -14.874145482999893
              ],
              [
                -71.94317623099988,
                -14.87742048199982
              ],
              [
                -71.942344607,
                -14.884159982999847
              ],
              [
                -71.9401321069999,
                -14.890504856999826
              ],
              [
                -71.94032510600005,
                -14.900016856999912
              ],
              [
                -71.93847935600002,
                -14.903751606999947
              ],
              [
                -71.93816385699984,
                -14.906196232999946
              ],
              [
                -71.93895723199984,
                -14.909532607999893
              ],
              [
                -71.94139723199993,
                -14.913589607999938
              ],
              [
                -71.941556982,
                -14.916556106999963
              ],
              [
                -71.93957523199998,
                -14.919787356999962
              ],
              [
                -71.93641660599997,
                -14.921297981999828
              ],
              [
                -71.931363481,
                -14.922253981999972
              ],
              [
                -71.93019673200001,
                -14.923618982999926
              ],
              [
                -71.92897798099989,
                -14.929476732999944
              ],
              [
                -71.92717748199988,
                -14.931415607999952
              ],
              [
                -71.92049410699997,
                -14.935025232999976
              ],
              [
                -71.91781598199998,
                -14.940773982999929
              ],
              [
                -71.91601560599986,
                -14.950600732999874
              ],
              [
                -71.91447448199989,
                -14.952806481999971
              ],
              [
                -71.91380310599993,
                -14.957285982999963
              ],
              [
                -71.91580960699986,
                -14.960360481999885
              ],
              [
                -71.9198074809999,
                -14.964181856999971
              ],
              [
                -71.92133335599993,
                -14.968337107999957
              ],
              [
                -71.92405698099986,
                -14.968304606999936
              ],
              [
                -71.92944335699985,
                -14.966097857999955
              ],
              [
                -71.93282323199992,
                -14.965934731999937
              ],
              [
                -71.93515773199988,
                -14.967493107999928
              ],
              [
                -71.93753048199983,
                -14.971258107999972
              ],
              [
                -71.93885798199989,
                -14.97742560699993
              ],
              [
                -71.9439849819999,
                -14.977101232999814
              ],
              [
                -71.94639110699995,
                -14.978349356999956
              ],
              [
                -71.94807173099991,
                -14.982940857999893
              ],
              [
                -71.95191898199982,
                -14.988465982999912
              ],
              [
                -71.95312798099985,
                -14.992056356999967
              ],
              [
                -71.95373823199998,
                -14.996761731999925
              ],
              [
                -71.95294373099989,
                -15.005218857999978
              ],
              [
                -71.95509973199984,
                -15.016579106999927
              ],
              [
                -71.95513923199991,
                -15.028174356999955
              ],
              [
                -71.95692448099993,
                -15.033841107999933
              ],
              [
                -71.959129356,
                -15.037567107999962
              ],
              [
                -71.9597626069999,
                -15.040557857999943
              ],
              [
                -71.96369185699996,
                -15.045018231999961
              ],
              [
                -71.97550960699988,
                -15.054466231999925
              ],
              [
                -71.9805832319999,
                -15.060436231999972
              ],
              [
                -71.98238373200002,
                -15.063702607999971
              ],
              [
                -71.98148348099988,
                -15.069726982999953
              ],
              [
                -71.97682948099992,
                -15.077339232999975
              ],
              [
                -71.97271723099993,
                -15.080800107999892
              ],
              [
                -71.961044356,
                -15.081261607999977
              ],
              [
                -71.95892335699983,
                -15.082783732999928
              ],
              [
                -71.95758823200003,
                -15.086059606999981
              ],
              [
                -71.95614623099982,
                -15.09297848299991
              ],
              [
                -71.95337673099982,
                -15.097081231999937
              ],
              [
                -71.94808198099997,
                -15.107349357999965
              ],
              [
                -71.94702910699988,
                -15.110272356999872
              ],
              [
                -71.949951231,
                -15.114012732999981
              ],
              [
                -71.95345310599993,
                -15.119624107999869
              ],
              [
                -71.95836635599994,
                -15.124416357999962
              ],
              [
                -71.96083073199992,
                -15.127407982999955
              ],
              [
                -71.96746060600003,
                -15.132826856999884
              ],
              [
                -71.96975710599997,
                -15.135966356999973
              ],
              [
                -71.96829223099991,
                -15.140650732999916
              ],
              [
                -71.96415710699989,
                -15.143559482999933
              ],
              [
                -71.96076960699992,
                -15.147367481999936
              ],
              [
                -71.95291123099986,
                -15.151295607999884
              ],
              [
                -71.94744110699986,
                -15.152947481999945
              ],
              [
                -71.94307710700002,
                -15.152902607999977
              ],
              [
                -71.93863673199996,
                -15.155666356999973
              ],
              [
                -71.931274357,
                -15.15939898299996
              ],
              [
                -71.9282608559999,
                -15.161816607999981
              ],
              [
                -71.91966248099988,
                -15.165308982999932
              ],
              [
                -71.9158249809999,
                -15.167590107999956
              ],
              [
                -71.91261285599995,
                -15.167693107999924
              ],
              [
                -71.90640260600003,
                -15.166503857999942
              ],
              [
                -71.9018326069999,
                -15.168246231999944
              ],
              [
                -71.90141298099991,
                -15.17079835699991
              ],
              [
                -71.90401460699997,
                -15.17907910799994
              ],
              [
                -71.90508273099988,
                -15.181163731999902
              ],
              [
                -71.91059873199993,
                -15.185663232999957
              ],
              [
                -71.91315460599992,
                -15.19013973299991
              ],
              [
                -71.91784673199993,
                -15.194094607999943
              ],
              [
                -71.91893010599995,
                -15.196093606999966
              ],
              [
                -71.92080685699989,
                -15.205146732999935
              ],
              [
                -71.92256160600004,
                -15.210950857999933
              ],
              [
                -71.92129510699988,
                -15.217399607999937
              ],
              [
                -71.92292785699988,
                -15.22023960699994
              ],
              [
                -71.92652135600002,
                -15.221465106999972
              ],
              [
                -71.93585210699996,
                -15.223481232999916
              ],
              [
                -71.94332885599988,
                -15.22561648299984
              ],
              [
                -71.94597623199991,
                -15.226960232999886
              ],
              [
                -71.94400023199984,
                -15.236171732999935
              ],
              [
                -71.94315335700003,
                -15.245599732999892
              ],
              [
                -71.9441909819999,
                -15.248089732999972
              ],
              [
                -71.9515838559999,
                -15.251022357999943
              ],
              [
                -71.95408635599983,
                -15.25387673299997
              ],
              [
                -71.95573435699987,
                -15.260956732999944
              ],
              [
                -71.958206232,
                -15.265210107999962
              ],
              [
                -71.95968623099998,
                -15.26951698299996
              ],
              [
                -71.95871735699984,
                -15.27263923199996
              ],
              [
                -71.95887748099994,
                -15.27697848299988
              ],
              [
                -71.96108248199988,
                -15.280706357999975
              ],
              [
                -71.96271510699995,
                -15.286212982999928
              ],
              [
                -71.96511073199991,
                -15.29161835799988
              ],
              [
                -71.96483610699994,
                -15.295162232999928
              ],
              [
                -71.96330260699989,
                -15.300989107999953
              ],
              [
                -71.96360773200001,
                -15.304495857999939
              ],
              [
                -71.96262360699984,
                -15.307695357999876
              ],
              [
                -71.96293635599989,
                -15.311800982999955
              ],
              [
                -71.96676635599988,
                -15.312103232999903
              ],
              [
                -71.96903223199985,
                -15.313981982999906
              ],
              [
                -71.973899857,
                -15.31551360799989
              ],
              [
                -71.97563173199984,
                -15.318210607999958
              ],
              [
                -71.97653198199998,
                -15.322093982999831
              ],
              [
                -71.97812648199994,
                -15.324019482999972
              ],
              [
                -71.97798923199986,
                -15.330264107999938
              ],
              [
                -71.97879023199988,
                -15.333246232999954
              ],
              [
                -71.98124698100003,
                -15.336444857999822
              ],
              [
                -71.98410035699993,
                -15.337868732999937
              ],
              [
                -71.98525235599988,
                -15.34148023199998
              ],
              [
                -71.98439785600004,
                -15.345351232999974
              ],
              [
                -71.98489385599987,
                -15.347678232999954
              ],
              [
                -71.98504635599988,
                -15.354572357999928
              ],
              [
                -71.98384860699991,
                -15.357373232999919
              ],
              [
                -71.98545073199978,
                -15.360299107999822
              ],
              [
                -71.98304748199996,
                -15.364820482999903
              ],
              [
                -71.98159785699983,
                -15.365750357999843
              ],
              [
                -71.9802169809999,
                -15.369125357999849
              ],
              [
                -71.98062135599986,
                -15.372439357999951
              ],
              [
                -71.98194885700002,
                -15.375214607999965
              ],
              [
                -71.98489385699997,
                -15.375863107999976
              ],
              [
                -71.98493198199992,
                -15.382348107999917
              ],
              [
                -71.98632048099995,
                -15.384739857999932
              ],
              [
                -71.98564910599993,
                -15.389203107999947
              ],
              [
                -71.98800660699993,
                -15.394902232999925
              ],
              [
                -71.99365998199983,
                -15.398342107999895
              ],
              [
                -71.99414823199987,
                -15.401503607999928
              ],
              [
                -71.99307248199989,
                -15.403079982999941
              ],
              [
                -71.99203485699991,
                -15.408040982999921
              ],
              [
                -71.99297335699993,
                -15.416675607999878
              ],
              [
                -71.99269098099984,
                -15.418132732999936
              ],
              [
                -71.99353023200001,
                -15.423660232999964
              ],
              [
                -71.99531560699984,
                -15.425234732999854
              ],
              [
                -71.99575810699986,
                -15.42741773299997
              ],
              [
                -71.99481960599985,
                -15.42960935799988
              ],
              [
                -71.99514773099997,
                -15.43352323299996
              ],
              [
                -71.99362948099986,
                -15.437394107999978
              ],
              [
                -71.99397273199992,
                -15.440576607999958
              ],
              [
                -71.99613948099989,
                -15.44249823299998
              ],
              [
                -71.99647523099986,
                -15.444371232999856
              ],
              [
                -71.99871823199999,
                -15.447761482999965
              ],
              [
                -71.99758910700001,
                -15.449830107999958
              ],
              [
                -71.99725335700003,
                -15.453324357999975
              ],
              [
                -72.0001297309999,
                -15.456863357999964
              ],
              [
                -72.00102235699995,
                -15.46190835799996
              ],
              [
                -71.99871048099999,
                -15.464961107999954
              ],
              [
                -71.99993898199983,
                -15.470359857999881
              ],
              [
                -71.99925998099997,
                -15.473539357999982
              ],
              [
                -71.99715423099991,
                -15.474099107999905
              ],
              [
                -71.99797060599997,
                -15.477638232999936
              ],
              [
                -71.99774935599987,
                -15.48015610799996
              ],
              [
                -71.99930585699985,
                -15.48192598299994
              ],
              [
                -71.99928285699991,
                -15.48705860799987
              ],
              [
                -71.99999998099992,
                -15.48994535799983
              ],
              [
                -71.99908448199994,
                -15.493831607999937
              ],
              [
                -71.99533085699994,
                -15.494831982999926
              ],
              [
                -71.99538423199982,
                -15.500519732999976
              ],
              [
                -71.99684910699989,
                -15.503212982999969
              ],
              [
                -71.99625398199987,
                -15.508194982999896
              ],
              [
                -71.99729160699991,
                -15.51578710799987
              ],
              [
                -72.00296023199996,
                -15.521866857999953
              ],
              [
                -72.00015260600003,
                -15.524513232999936
              ],
              [
                -72.00041198199989,
                -15.526115357999913
              ],
              [
                -72.00423435599998,
                -15.528871482999875
              ],
              [
                -72.00201398199977,
                -15.530383107999967
              ],
              [
                -71.99964135699992,
                -15.533592232999922
              ],
              [
                -71.999137857,
                -15.538758232999896
              ],
              [
                -71.99975585699997,
                -15.541623107999953
              ],
              [
                -71.99848935599988,
                -15.544800733999978
              ],
              [
                -71.99441523199994,
                -15.54762648299993
              ],
              [
                -71.99054723099994,
                -15.549060857999962
              ],
              [
                -71.99161535699983,
                -15.55331035799992
              ],
              [
                -71.99564360599982,
                -15.557332107999969
              ],
              [
                -71.99512485699995,
                -15.560695482999904
              ],
              [
                -71.99311823099993,
                -15.562859482999897
              ],
              [
                -71.99490360699986,
                -15.568296482999813
              ],
              [
                -71.99717710700003,
                -15.571511232999967
              ],
              [
                -71.99999998099992,
                -15.572873108999943
              ],
              [
                -72.00193023100002,
                -15.57550998299996
              ],
              [
                -72.00339510599991,
                -15.581884357999911
              ],
              [
                -72.00986485599998,
                -15.582429857999841
              ],
              [
                -72.01914210599978,
                -15.578555107999875
              ],
              [
                -72.02566523099983,
                -15.578603732999966
              ],
              [
                -72.0289917309999,
                -15.580195482999954
              ],
              [
                -72.03318785699992,
                -15.580439607999836
              ],
              [
                -72.03511798199992,
                -15.58490648299994
              ],
              [
                -72.03775023100002,
                -15.588863358999959
              ],
              [
                -72.0388717319999,
                -15.593047107999894
              ],
              [
                -72.0400543569998,
                -15.594284982999909
              ],
              [
                -72.04706573200002,
                -15.593539233999934
              ],
              [
                -72.05015560699997,
                -15.595742232999953
              ],
              [
                -72.0561294819999,
                -15.595162357999925
              ],
              [
                -72.06106573199986,
                -15.59685135799998
              ],
              [
                -72.06410985599985,
                -15.596386857999903
              ],
              [
                -72.06681060699992,
                -15.599349982999968
              ],
              [
                -72.07081598099978,
                -15.601247732999923
              ],
              [
                -72.0733108569998,
                -15.604825982999898
              ],
              [
                -72.07677460699995,
                -15.60561948399993
              ],
              [
                -72.07878873199996,
                -15.606870607999952
              ],
              [
                -72.08346560699994,
                -15.60797023299989
              ],
              [
                -72.08855435699991,
                -15.604620982999961
              ],
              [
                -72.09125523199992,
                -15.603937107999968
              ],
              [
                -72.098083481,
                -15.603314358999967
              ],
              [
                -72.10131073199994,
                -15.603425982999966
              ],
              [
                -72.10694110699995,
                -15.60556035799982
              ],
              [
                -72.10849760699989,
                -15.607084232999966
              ],
              [
                -72.11290735699987,
                -15.608793233999961
              ],
              [
                -72.11497498199998,
                -15.61031060899984
              ],
              [
                -72.11518098099998,
                -15.612043357999937
              ],
              [
                -72.12126160699984,
                -15.61463835799998
              ],
              [
                -72.12361160700004,
                -15.617800732999967
              ],
              [
                -72.126563982,
                -15.620316482999954
              ],
              [
                -72.12966160699995,
                -15.621011733999978
              ],
              [
                -72.13355260599985,
                -15.625089607999882
              ],
              [
                -72.13808435699991,
                -15.629072233999977
              ],
              [
                -72.1395034819999,
                -15.63440423399993
              ],
              [
                -72.14317323199987,
                -15.639825857999881
              ],
              [
                -72.14780423199988,
                -15.64336485799987
              ],
              [
                -72.15036010699987,
                -15.647191107999902
              ],
              [
                -72.15475460699986,
                -15.65111535799997
              ],
              [
                -72.15628810699991,
                -15.654009858999927
              ],
              [
                -72.16011048199988,
                -15.656070733999911
              ],
              [
                -72.16315460599986,
                -15.659712732999878
              ],
              [
                -72.17129510699982,
                -15.663162232999923
              ],
              [
                -72.17474373199997,
                -15.662974358999918
              ],
              [
                -72.1777267309999,
                -15.66608623399992
              ],
              [
                -72.18142698199989,
                -15.667437607999943
              ],
              [
                -72.18569948099997,
                -15.667983982999942
              ],
              [
                -72.19017023199996,
                -15.671420107999836
              ],
              [
                -72.19516748199999,
                -15.673527732999958
              ],
              [
                -72.19723510699993,
                -15.675626732999888
              ],
              [
                -72.20108798199993,
                -15.677728607999825
              ],
              [
                -72.20491785699994,
                -15.680669732999888
              ],
              [
                -72.20906835699998,
                -15.681509982999955
              ],
              [
                -72.21518710699996,
                -15.688081732999876
              ],
              [
                -72.21743773199978,
                -15.69262310799985
              ],
              [
                -72.220313982,
                -15.694203357999925
              ],
              [
                -72.22148898199987,
                -15.696224232999896
              ],
              [
                -72.2252883569999,
                -15.699189232999913
              ],
              [
                -72.22783660599998,
                -15.705119107999849
              ],
              [
                -72.23069010699999,
                -15.706937732999961
              ],
              [
                -72.23268885699991,
                -15.7100858579999
              ],
              [
                -72.2335968569999,
                -15.71305848299994
              ],
              [
                -72.23625185699984,
                -15.716204607999941
              ],
              [
                -72.23638135699997,
                -15.721443232999945
              ],
              [
                -72.23722835699988,
                -15.723341982999841
              ],
              [
                -72.24119573099989,
                -15.727125107999939
              ],
              [
                -72.2446899819999,
                -15.729503607999845
              ],
              [
                -72.24528498099983,
                -15.735808357999872
              ],
              [
                -72.2437743569999,
                -15.73863310799993
              ],
              [
                -72.24807735699994,
                -15.743107733999864
              ],
              [
                -72.25087735599982,
                -15.747539482999912
              ],
              [
                -72.25485235699989,
                -15.750255608999908
              ],
              [
                -72.25347898199988,
                -15.754267732999892
              ],
              [
                -72.25419610700004,
                -15.756239857999901
              ],
              [
                -72.25757598199993,
                -15.757154482999908
              ],
              [
                -72.25743085699992,
                -15.759314482999912
              ],
              [
                -72.26071935699986,
                -15.761822732999974
              ],
              [
                -72.26106260699993,
                -15.763503983999897
              ],
              [
                -72.26398473200004,
                -15.765839607999965
              ],
              [
                -72.26623535699991,
                -15.769404357999974
              ],
              [
                -72.27103423199986,
                -15.772853858999838
              ],
              [
                -72.27114873199992,
                -15.77590448299992
              ],
              [
                -72.27619173199992,
                -15.7833928579999
              ],
              [
                -72.27466585599996,
                -15.786896732999935
              ],
              [
                -72.27593223199995,
                -15.78964235799998
              ],
              [
                -72.27439123199997,
                -15.793677357999968
              ],
              [
                -72.27513885599984,
                -15.795103107999978
              ],
              [
                -72.27570348199993,
                -15.802430108999943
              ],
              [
                -72.27779385699995,
                -15.803070108999975
              ],
              [
                -72.28211973199996,
                -15.801677732999963
              ],
              [
                -72.28442385699998,
                -15.801933233999875
              ],
              [
                -72.28547673199989,
                -15.799179983999977
              ],
              [
                -72.29317473200001,
                -15.794044483999869
              ],
              [
                -72.29475410699985,
                -15.797394733999965
              ],
              [
                -72.29765323200002,
                -15.797378483999978
              ],
              [
                -72.30021673199991,
                -15.799761733999901
              ],
              [
                -72.30380248199987,
                -15.801548982999975
              ],
              [
                -72.30437473199987,
                -15.805695482999965
              ],
              [
                -72.30571748199986,
                -15.808535607999943
              ],
              [
                -72.30855560699985,
                -15.809499732999939
              ],
              [
                -72.312431356,
                -15.812313857999982
              ],
              [
                -72.31127935699999,
                -15.815382983999939
              ],
              [
                -72.30461885699992,
                -15.817603232999943
              ],
              [
                -72.30136110699993,
                -15.819810857999983
              ],
              [
                -72.29822535599999,
                -15.82442948299996
              ],
              [
                -72.29618835699978,
                -15.830810608000036
              ],
              [
                -72.297439607,
                -15.833641107999824
              ],
              [
                -72.29763035699989,
                -15.839696857999854
              ],
              [
                -72.29644773199982,
                -15.84087660799986
              ],
              [
                -72.29962923199997,
                -15.85053160799987
              ],
              [
                -72.29893498199982,
                -15.852056483999945
              ],
              [
                -72.29902648199993,
                -15.856130607999944
              ],
              [
                -72.29789723200003,
                -15.86520673299998
              ],
              [
                -72.29709623199983,
                -15.867478357999971
              ],
              [
                -72.29783635699988,
                -15.872616733999962
              ],
              [
                -72.29600523199997,
                -15.874202732999834
              ],
              [
                -72.29059598199996,
                -15.874843482999893
              ],
              [
                -72.28864285700001,
                -15.876328482999952
              ],
              [
                -72.28573610699993,
                -15.880727733999947
              ],
              [
                -72.28219610599996,
                -15.882137357999966
              ],
              [
                -72.28240960699986,
                -15.883845358999906
              ],
              [
                -72.28607948199976,
                -15.885809857999902
              ],
              [
                -72.28756710699992,
                -15.887906107999981
              ],
              [
                -72.28881073099996,
                -15.89616585799996
              ],
              [
                -72.28996273199988,
                -15.899826107999843
              ],
              [
                -72.29167173199988,
                -15.902487732999873
              ],
              [
                -72.292327732,
                -15.907425858999886
              ],
              [
                -72.29067235699989,
                -15.909555483999895
              ],
              [
                -72.29090123200001,
                -15.911379857999918
              ],
              [
                -72.29339598199982,
                -15.91479873399993
              ],
              [
                -72.29417423199993,
                -15.917941108999969
              ],
              [
                -72.29653173199995,
                -15.921036733999927
              ],
              [
                -72.29621885699999,
                -15.923507607999909
              ],
              [
                -72.29259485699981,
                -15.92692660899985
              ],
              [
                -72.2807922319999,
                -15.931586232999905
              ],
              [
                -72.27684023199993,
                -15.935355232999939
              ],
              [
                -72.27435298099982,
                -15.936841982999908
              ],
              [
                -72.26968398199989,
                -15.941414858999906
              ],
              [
                -72.263587982,
                -15.94344710799993
              ],
              [
                -72.25875085699988,
                -15.942748982999888
              ],
              [
                -72.25380723199993,
                -15.945431732999907
              ],
              [
                -72.24941248200003,
                -15.946021108999844
              ],
              [
                -72.24127198199989,
                -15.949439108999854
              ],
              [
                -72.23970798199997,
                -15.950827608999873
              ],
              [
                -72.23878473199989,
                -15.953941357999952
              ],
              [
                -72.23394010699997,
                -15.957055107999906
              ],
              [
                -72.23165898199994,
                -15.959897983999952
              ],
              [
                -72.22840885699998,
                -15.961173983999913
              ],
              [
                -72.22535698199988,
                -15.961474357999919
              ],
              [
                -72.22645573199986,
                -15.967936482999903
              ],
              [
                -72.22838598199996,
                -15.972147982999957
              ],
              [
                -72.23452760599997,
                -15.977144232999876
              ],
              [
                -72.23913573199997,
                -15.979493107999815
              ],
              [
                -72.24016573099993,
                -15.983887858999879
              ],
              [
                -72.239654482,
                -15.986990982999885
              ],
              [
                -72.24016573199992,
                -15.98931698399997
              ],
              [
                -72.24318698199988,
                -15.992979982999884
              ],
              [
                -72.24404910699991,
                -15.99707323299998
              ],
              [
                -72.24866485699988,
                -15.998511358999963
              ],
              [
                -72.25068660699992,
                -16.003333983999937
              ],
              [
                -72.25164798099996,
                -16.007593108999913
              ],
              [
                -72.25032810699992,
                -16.010917607999943
              ],
              [
                -72.24766535699996,
                -16.014005607999877
              ],
              [
                -72.24182123099985,
                -16.015937857999972
              ],
              [
                -72.2367248569999,
                -16.019355732999884
              ],
              [
                -72.23451235699997,
                -16.022186232999957
              ],
              [
                -72.23401635699997,
                -16.02529710899995
              ],
              [
                -72.2316818569999,
                -16.027112982999938
              ],
              [
                -72.23125460699998,
                -16.029588857999954
              ],
              [
                -72.22917923200004,
                -16.03153998299996
              ],
              [
                -72.23231510699998,
                -16.036071733999904
              ],
              [
                -72.23334498199983,
                -16.042369858999905
              ],
              [
                -72.23857098199989,
                -16.046119732999955
              ],
              [
                -72.24314123199991,
                -16.053119608999964
              ],
              [
                -72.2453156069999,
                -16.054113357999938
              ],
              [
                -72.24896235699998,
                -16.054481483999893
              ],
              [
                -72.25485235699989,
                -16.058753983999907
              ],
              [
                -72.25592035699998,
                -16.06225398399988
              ],
              [
                -72.25843048199982,
                -16.065126357999873
              ],
              [
                -72.25695798199985,
                -16.067668858999923
              ],
              [
                -72.25810235700004,
                -16.077941857999917
              ],
              [
                -72.25709535699986,
                -16.084157983999887
              ],
              [
                -72.25285348199998,
                -16.094285983999896
              ],
              [
                -72.25409698199985,
                -16.100732858999947
              ],
              [
                -72.25547785699996,
                -16.10340310899994
              ],
              [
                -72.25981135599994,
                -16.107870108999975
              ],
              [
                -72.25990298199991,
                -16.11003298399993
              ],
              [
                -72.262527482,
                -16.116479857999934
              ],
              [
                -72.26155848199983,
                -16.120670483999902
              ],
              [
                -72.26427460699995,
                -16.12260435899998
              ],
              [
                -72.26404573199983,
                -16.126316107999855
              ],
              [
                -72.26510623199982,
                -16.129562358999863
              ],
              [
                -72.26822660699992,
                -16.132583608999823
              ],
              [
                -72.2698439809999,
                -16.136356358999876
              ],
              [
                -72.27404023199989,
                -16.1386776089999
              ],
              [
                -72.27934260699993,
                -16.138597483999945
              ],
              [
                -72.28218060699993,
                -16.139411858999893
              ],
              [
                -72.291824357,
                -16.1388664829999
              ],
              [
                -72.29627223199986,
                -16.137401608999937
              ],
              [
                -72.30692285699985,
                -16.135839483999916
              ],
              [
                -72.31340785699996,
                -16.135726983999916
              ],
              [
                -72.31747423199988,
                -16.136741608999955
              ],
              [
                -72.324729982,
                -16.139255358999947
              ],
              [
                -72.33024610599989,
                -16.144061982999972
              ],
              [
                -72.3326721069999,
                -16.145275108999897
              ],
              [
                -72.33757785699981,
                -16.149276733999898
              ],
              [
                -72.34211735699989,
                -16.15071310899998
              ],
              [
                -72.34520735699994,
                -16.153184857999975
              ],
              [
                -72.35475160699986,
                -16.158090607999952
              ],
              [
                -72.35883335699998,
                -16.159320858999877
              ],
              [
                -72.3672408569999,
                -16.16117473399987
              ],
              [
                -72.36611935699983,
                -16.164827358999958
              ],
              [
                -72.36435698199995,
                -16.167671233999954
              ],
              [
                -72.36090085699982,
                -16.16969473399996
              ],
              [
                -72.357643107,
                -16.1703433589999
              ],
              [
                -72.35610198200004,
                -16.17557523299996
              ],
              [
                -72.35908510699994,
                -16.179529233999915
              ],
              [
                -72.35842898199991,
                -16.181581483999935
              ],
              [
                -72.35779573099984,
                -16.19011110899993
              ],
              [
                -72.35770398199998,
                -16.196239482999943
              ],
              [
                -72.35861973199991,
                -16.201606607999906
              ],
              [
                -72.36443323199995,
                -16.20627023399993
              ],
              [
                -72.36705785699996,
                -16.209882608999976
              ],
              [
                -72.36925510699996,
                -16.211502108999923
              ],
              [
                -72.3672408569999,
                -16.21965985899982
              ],
              [
                -72.36811060699995,
                -16.223154108999893
              ],
              [
                -72.3684387319999,
                -16.231752357999824
              ],
              [
                -72.36813360699989,
                -16.236282358999915
              ],
              [
                -72.37005610699998,
                -16.239837608999892
              ],
              [
                -72.36798098199995,
                -16.24423223399998
              ],
              [
                -72.36903385699986,
                -16.256113108999898
              ],
              [
                -72.37309260699993,
                -16.27014535899997
              ],
              [
                -72.37337498199986,
                -16.275367733999815
              ],
              [
                -72.37502285699986,
                -16.28212360799995
              ],
              [
                -72.37428285700003,
                -16.28416635899987
              ],
              [
                -72.36769873199995,
                -16.291603107999947
              ],
              [
                -72.37122348100002,
                -16.2925968589999
              ],
              [
                -72.37337498199986,
                -16.29105560799985
              ],
              [
                -72.37964635699996,
                -16.28894048399991
              ],
              [
                -72.38097385699984,
                -16.289085359000012
              ],
              [
                -72.38649748199992,
                -16.29177273299996
              ],
              [
                -72.38878635699984,
                -16.29603773399998
              ],
              [
                -72.39405823199985,
                -16.297687483999937
              ],
              [
                -72.39446260599993,
                -16.301061608999873
              ],
              [
                -72.39334873199994,
                -16.303781483999956
              ],
              [
                -72.39651485699983,
                -16.309167858999842
              ],
              [
                -72.4012603569999,
                -16.312356983999905
              ],
              [
                -72.40729523199997,
                -16.31332973399992
              ],
              [
                -72.41197973199996,
                -16.312627732999943
              ],
              [
                -72.41628260699991,
                -16.31396098299996
              ],
              [
                -72.42199710699987,
                -16.31289673399982
              ],
              [
                -72.42559810699993,
                -16.313022607999926
              ],
              [
                -72.43057248199983,
                -16.314788858999975
              ],
              [
                -72.43470760699995,
                -16.318548233999877
              ],
              [
                -72.4372329819999,
                -16.31955148299994
              ],
              [
                -72.4424971069999,
                -16.33141523399985
              ],
              [
                -72.44245910699993,
                -16.34257123399982
              ],
              [
                -72.44379423199985,
                -16.36547848399988
              ],
              [
                -72.46635435699989,
                -16.38315585899994
              ]
            ]
          ]
        ],
        "type": "MultiPolygon"
      },
      "type": "Feature",
      "properties": {
        "PROVINCIA": "CASTILLA",
        "name": "CASTILLA",
        "ID": "040500",
        "DEPARTAMEN": "AREQUIPA"
      }
    }
  ]
}
