{
  "type": "FeatureCollection",
  "features": [
    {
      "geometry": {
        "coordinates": [
          [
            [
              [
                -71.59218273099992,
                -12.702444979999882
              ],
              [
                -71.58967073099984,
                -12.702368354999862
              ],
              [
                -71.58651648099988,
                -12.702595604999942
              ],
              [
                -71.58236773099998,
                -12.703163979999943
              ],
              [
                -71.58046385599994,
                -12.703249230999916
              ],
              [
                -71.57855998099996,
                -12.703362980999827
              ],
              [
                -71.56972248099999,
                -12.705067855999914
              ],
              [
                -71.56662510599995,
                -12.70529523099998
              ],
              [
                -71.56318673099986,
                -12.706943354999964
              ],
              [
                -71.56202160599992,
                -12.709870230999911
              ],
              [
                -71.55937885599991,
                -12.710978479999937
              ],
              [
                -71.55852635699989,
                -12.710580605999894
              ],
              [
                -71.55682135599994,
                -12.708108355999968
              ],
              [
                -71.55343985599995,
                -12.708335730999977
              ],
              [
                -71.55060598099993,
                -12.711531354999863
              ],
              [
                -71.54890535599992,
                -12.71345873099989
              ],
              [
                -71.54966048199987,
                -12.717684729999974
              ],
              [
                -71.55054135599994,
                -12.720782104999842
              ],
              [
                -71.55267260599987,
                -12.724021604999905
              ],
              [
                -71.5519053559999,
                -12.726578980999932
              ],
              [
                -71.54960360599989,
                -12.728369354999927
              ],
              [
                -71.54664835599988,
                -12.731608729999891
              ],
              [
                -71.5474439809999,
                -12.733711480999887
              ],
              [
                -71.54659135599985,
                -12.735416479999913
              ],
              [
                -71.54281210599999,
                -12.737519354999904
              ],
              [
                -71.53462023099996,
                -12.738028479999969
              ],
              [
                -71.53251485599992,
                -12.739842480999926
              ],
              [
                -71.53157523099998,
                -12.741413480999881
              ],
              [
                -71.53034410599992,
                -12.743443229999968
              ],
              [
                -71.52592273099992,
                -12.74614285499996
              ],
              [
                -71.52352573099984,
                -12.747195605999934
              ],
              [
                -71.52035123099989,
                -12.746061855999926
              ],
              [
                -71.51651273099992,
                -12.743405604999964
              ],
              [
                -71.51416660599995,
                -12.74349360499997
              ],
              [
                -71.51227435699997,
                -12.745191854999973
              ],
              [
                -71.51116960599995,
                -12.746858480999947
              ],
              [
                -71.50733073100002,
                -12.752831979999826
              ],
              [
                -71.50412873100004,
                -12.754105354999922
              ],
              [
                -71.50240598099987,
                -12.757082730999969
              ],
              [
                -71.50212385599997,
                -12.761762354999917
              ],
              [
                -71.50086573099998,
                -12.765653854999869
              ],
              [
                -71.49881760599999,
                -12.769077104999951
              ],
              [
                -71.4982617309999,
                -12.770891229999961
              ],
              [
                -71.4986319809999,
                -12.774502605999885
              ],
              [
                -71.49837285599995,
                -12.777709479999942
              ],
              [
                -71.49627210699987,
                -12.781131855999945
              ],
              [
                -71.49516023099989,
                -12.782448479999914
              ],
              [
                -71.49042048099983,
                -12.783799230999932
              ],
              [
                -71.48606360599985,
                -12.78752435499996
              ],
              [
                -71.48465460599982,
                -12.791427729999896
              ],
              [
                -71.48234485599983,
                -12.793859480999913
              ],
              [
                -71.4791154809999,
                -12.79826260599998
              ],
              [
                -71.47315523099985,
                -12.80318622999988
              ],
              [
                -71.46983498100002,
                -12.805729229999884
              ],
              [
                -71.46847435599989,
                -12.807429729999967
              ],
              [
                -71.46484648099982,
                -12.809697229999927
              ],
              [
                -71.46374510599992,
                -12.811219605999952
              ],
              [
                -71.462967731,
                -12.812612479999927
              ],
              [
                -71.46294610599989,
                -12.814750354999944
              ],
              [
                -71.46312173099994,
                -12.815832979999925
              ],
              [
                -71.46271210599997,
                -12.81638885599989
              ],
              [
                -71.45984473099998,
                -12.819256229999837
              ],
              [
                -71.46028360599996,
                -12.820953230999976
              ],
              [
                -71.45999835599997,
                -12.824416604999954
              ],
              [
                -71.45883948099993,
                -12.825611229999936
              ],
              [
                -71.45664623099992,
                -12.825771730999975
              ],
              [
                -71.45486323099982,
                -12.82525460599993
              ],
              [
                -71.45352585599983,
                -12.825094105999938
              ],
              [
                -71.45104748099993,
                -12.82496935499995
              ],
              [
                -71.44757048099984,
                -12.826092605999975
              ],
              [
                -71.4460727309999,
                -12.828339355999958
              ],
              [
                -71.44650073099996,
                -12.82996185599984
              ],
              [
                -71.44962110599988,
                -12.83392023099998
              ],
              [
                -71.45199248099988,
                -12.834758230999967
              ],
              [
                -71.45452448099985,
                -12.837218855999879
              ],
              [
                -71.45452448099985,
                -12.838484854999933
              ],
              [
                -71.45596873099998,
                -12.840053980999869
              ],
              [
                -71.453668606,
                -12.842371854999897
              ],
              [
                -71.45206385599982,
                -12.842478730999972
              ],
              [
                -71.45049473099994,
                -12.842247104999899
              ],
              [
                -71.44724960599984,
                -12.839768604999904
              ],
              [
                -71.44507423099998,
                -12.840731605999906
              ],
              [
                -71.444699856,
                -12.842639354999847
              ],
              [
                -71.444699856,
                -12.846027105999838
              ],
              [
                -71.4437013559999,
                -12.848006355999928
              ],
              [
                -71.44279198099997,
                -12.852410480999879
              ],
              [
                -71.44247098099987,
                -12.85408648099991
              ],
              [
                -71.44284548099995,
                -12.854781980999974
              ],
              [
                -71.4466254809999,
                -12.855869605999942
              ],
              [
                -71.44949635599994,
                -12.857937855999978
              ],
              [
                -71.44971023099987,
                -12.858918604999872
              ],
              [
                -71.44899698099994,
                -12.86275210599996
              ],
              [
                -71.44865823099997,
                -12.863714980999873
              ],
              [
                -71.44683948099993,
                -12.865658480999912
              ],
              [
                -71.44477110599996,
                -12.867209730999946
              ],
              [
                -71.44261373099988,
                -12.867263104999893
              ],
              [
                -71.44100898099998,
                -12.86801210599998
              ],
              [
                -71.44061660599994,
                -12.868689730999904
              ],
              [
                -71.44033135599994,
                -12.869420730999934
              ],
              [
                -71.43886923099984,
                -12.870775855999966
              ],
              [
                -71.4383878559999,
                -12.87115035599993
              ],
              [
                -71.43781723099994,
                -12.871809979999966
              ],
              [
                -71.43790648099986,
                -12.873254354999858
              ],
              [
                -71.43876223099988,
                -12.874092354999902
              ],
              [
                -71.43836985599984,
                -12.875465230999907
              ],
              [
                -71.43738935599981,
                -12.876267604999953
              ],
              [
                -71.43491085599999,
                -12.875857605999954
              ],
              [
                -71.43380535599982,
                -12.874805605999939
              ],
              [
                -71.43293173099994,
                -12.874466729999881
              ],
              [
                -71.43230760599988,
                -12.874502480999922
              ],
              [
                -71.42990048099978,
                -12.876089355999966
              ],
              [
                -71.4283849809998,
                -12.876178480999954
              ],
              [
                -71.42720810599985,
                -12.875839729999882
              ],
              [
                -71.42640573099987,
                -12.875001729999838
              ],
              [
                -71.42522898099986,
                -12.87273722999987
              ],
              [
                -71.42458710599988,
                -12.872844230999931
              ],
              [
                -71.42426610599995,
                -12.87300473099998
              ],
              [
                -71.42369548099998,
                -12.873771354999974
              ],
              [
                -71.4260313559999,
                -12.878104229999963
              ],
              [
                -71.42711898099992,
                -12.879833729999973
              ],
              [
                -71.42742210599988,
                -12.880671979999931
              ],
              [
                -71.42719035599998,
                -12.881973480999875
              ],
              [
                -71.42651273099995,
                -12.883078855999884
              ],
              [
                -71.42351723099989,
                -12.884255729999893
              ],
              [
                -71.4220551059999,
                -12.883774355999947
              ],
              [
                -71.41980860599983,
                -12.882240730999968
              ],
              [
                -71.41766885599998,
                -12.883881230999918
              ],
              [
                -71.41888123099983,
                -12.888338855999962
              ],
              [
                -71.41900610599987,
                -12.88997935599997
              ],
              [
                -71.41731223100004,
                -12.892992605999893
              ],
              [
                -71.41583223099997,
                -12.894222979999938
              ],
              [
                -71.41126773099995,
                -12.892653855999924
              ],
              [
                -71.41034048099988,
                -12.89199410599997
              ],
              [
                -71.40775510600002,
                -12.889551355999913
              ],
              [
                -71.40593635599998,
                -12.888998605999916
              ],
              [
                -71.40226323099984,
                -12.88684110499986
              ],
              [
                -71.4014072309999,
                -12.885147230999962
              ],
              [
                -71.39883985599982,
                -12.882615355999974
              ],
              [
                -71.39776998099978,
                -12.882490479999944
              ],
              [
                -71.39621873099986,
                -12.882864979999965
              ],
              [
                -71.3911548559999,
                -12.88666285599993
              ],
              [
                -71.38921135600003,
                -12.888160604999882
              ],
              [
                -71.38737485599995,
                -12.8895158549999
              ],
              [
                -71.38564510599991,
                -12.891494855999952
              ],
              [
                -71.38185623099986,
                -12.898005229999967
              ],
              [
                -71.38036298099996,
                -12.899231104999956
              ],
              [
                -71.375615606,
                -12.900612855999896
              ],
              [
                -71.37352048100001,
                -12.89981060599996
              ],
              [
                -71.37169285599998,
                -12.897871480999981
              ],
              [
                -71.36941948099991,
                -12.897046855999974
              ],
              [
                -71.36636598099994,
                -12.895553605999964
              ],
              [
                -71.36478360599983,
                -12.894127104999882
              ],
              [
                -71.36335710600002,
                -12.89325798099992
              ],
              [
                -71.36021448099996,
                -12.890115230999868
              ],
              [
                -71.35923385599983,
                -12.88692810599997
              ],
              [
                -71.35976885599996,
                -12.881400605999943
              ],
              [
                -71.35927835599989,
                -12.880687354999964
              ],
              [
                -71.35883798099985,
                -12.880950730999928
              ],
              [
                -71.35807223099982,
                -12.882388355999922
              ],
              [
                -71.35729448099994,
                -12.883354354999938
              ],
              [
                -71.35684685599995,
                -12.883436855999832
              ],
              [
                -71.35593960599994,
                -12.883448605999831
              ],
              [
                -71.35279360599998,
                -12.886959729999887
              ],
              [
                -71.35053148100002,
                -12.888974479999888
              ],
              [
                -71.34950635599984,
                -12.890482605999978
              ],
              [
                -71.34909398100001,
                -12.891118854999945
              ],
              [
                -71.34690260599996,
                -12.89346348099997
              ],
              [
                -71.34527648099998,
                -12.89418235599993
              ],
              [
                -71.34324998099999,
                -12.894547605999946
              ],
              [
                -71.34127048099998,
                -12.895537355999977
              ],
              [
                -71.33963273099994,
                -12.898800980999908
              ],
              [
                -71.33858410599987,
                -12.89947260599996
              ],
              [
                -71.33812460599995,
                -12.89966110599994
              ],
              [
                -71.33712298099977,
                -12.900344480999877
              ],
              [
                -71.33306998099988,
                -12.90531673099997
              ],
              [
                -71.33067798099984,
                -12.910111980999886
              ],
              [
                -71.33026573099994,
                -12.91107822999993
              ],
              [
                -71.32871048100003,
                -12.914648355999816
              ],
              [
                -71.32481048099993,
                -12.919290604999958
              ],
              [
                -71.32114610599996,
                -12.920256729999949
              ],
              [
                -71.3200622309999,
                -12.921069729999886
              ],
              [
                -71.3196028559999,
                -12.922000480999884
              ],
              [
                -71.32005273099992,
                -12.92416210599987
              ],
              [
                -71.31690235599984,
                -12.92401935499987
              ],
              [
                -71.3160097309999,
                -12.924271480999948
              ],
              [
                -71.31541410599982,
                -12.93072848099996
              ],
              [
                -71.3127519809999,
                -12.931853479999972
              ],
              [
                -71.31114260599998,
                -12.930386730999942
              ],
              [
                -71.31045510599984,
                -12.929976730999954
              ],
              [
                -71.309882856,
                -12.929990230999977
              ],
              [
                -71.30918948099992,
                -12.930576229999815
              ],
              [
                -71.30891410599997,
                -12.931960980999975
              ],
              [
                -71.3065722309999,
                -12.934728479999933
              ],
              [
                -71.30473260600002,
                -12.934400355999855
              ],
              [
                -71.30352735599985,
                -12.934095729999967
              ],
              [
                -71.30128510599997,
                -12.936011729999962
              ],
              [
                -71.30102185600003,
                -12.940294105999897
              ],
              [
                -71.30088873099993,
                -12.9413281059999
              ],
              [
                -71.29944598099985,
                -12.942400230999965
              ],
              [
                -71.29817973099989,
                -12.942464855999901
              ],
              [
                -71.29637110599998,
                -12.946140604999925
              ],
              [
                -71.29514260599979,
                -12.94643160599992
              ],
              [
                -71.29455660599996,
                -12.945089855999925
              ],
              [
                -71.2935019809999,
                -12.944294980999928
              ],
              [
                -71.29255660599995,
                -12.94435748099994
              ],
              [
                -71.29155660599997,
                -12.946298854999952
              ],
              [
                -71.28796485599997,
                -12.948906230999967
              ],
              [
                -71.2861777309999,
                -12.949265605999926
              ],
              [
                -71.28263085599997,
                -12.950101605999919
              ],
              [
                -71.28010548100002,
                -12.951117230999955
              ],
              [
                -71.27876373100003,
                -12.951246104999939
              ],
              [
                -71.27867185599996,
                -12.952078230999973
              ],
              [
                -71.27904498100003,
                -12.952716854999949
              ],
              [
                -71.27906835599993,
                -12.953501980999818
              ],
              [
                -71.27536723100002,
                -12.954539104999924
              ],
              [
                -71.27518560599992,
                -12.955191355999887
              ],
              [
                -71.27449023100002,
                -12.95544135599988
              ],
              [
                -71.27268947999988,
                -12.954091855999934
              ],
              [
                -71.2716288559999,
                -12.955374979999874
              ],
              [
                -71.27167573099985,
                -12.956341854999948
              ],
              [
                -71.27226948099985,
                -12.957882855999912
              ],
              [
                -71.27172073100002,
                -12.961843730999817
              ],
              [
                -71.27101173099987,
                -12.962492230999828
              ],
              [
                -71.26851560599994,
                -12.961798855999916
              ],
              [
                -71.26781448099985,
                -12.962601605999907
              ],
              [
                -71.26763085599993,
                -12.962548855999955
              ],
              [
                -71.26736523099999,
                -12.961683604999962
              ],
              [
                -71.26727348099985,
                -12.961521480999977
              ],
              [
                -71.26665435499996,
                -12.961464855999907
              ],
              [
                -71.26533598099985,
                -12.96271285599994
              ],
              [
                -71.26155860599994,
                -12.962429730999872
              ],
              [
                -71.26055873099983,
                -12.962365230999978
              ],
              [
                -71.25788873099998,
                -12.964820355999962
              ],
              [
                -71.25431835599989,
                -12.964443355999947
              ],
              [
                -71.25211323099995,
                -12.96397660599996
              ],
              [
                -71.24821485599989,
                -12.966494105999914
              ],
              [
                -71.24813873099998,
                -12.967081980999978
              ],
              [
                -71.2440801059999,
                -12.968337855999948
              ],
              [
                -71.24355273099997,
                -12.96909185599992
              ],
              [
                -71.24221873099998,
                -12.970703105999917
              ],
              [
                -71.23912885599987,
                -12.971904354999936
              ],
              [
                -71.2384863559999,
                -12.971865230999981
              ],
              [
                -71.23738860600002,
                -12.970816355999943
              ],
              [
                -71.23508398099995,
                -12.970240230999877
              ],
              [
                -71.23339060599989,
                -12.969740230999832
              ],
              [
                -71.23361135599987,
                -12.97061523099984
              ],
              [
                -71.23262697999996,
                -12.971083980999879
              ],
              [
                -71.23114848099976,
                -12.972296855999957
              ],
              [
                -71.23085748099993,
                -12.972482479999883
              ],
              [
                -71.22991998099997,
                -12.972328105999964
              ],
              [
                -71.22972073099993,
                -12.971958979999897
              ],
              [
                -71.22991998099997,
                -12.970826230999876
              ],
              [
                -71.23059760599983,
                -12.968480480999972
              ],
              [
                -71.22915623099993,
                -12.967081980999978
              ],
              [
                -71.22822660600002,
                -12.96758785599991
              ],
              [
                -71.226410106,
                -12.96600385599993
              ],
              [
                -71.22725585599983,
                -12.964966854999943
              ],
              [
                -71.22627935600002,
                -12.96095310599992
              ],
              [
                -71.22556248099994,
                -12.960019479999971
              ],
              [
                -71.22275585599982,
                -12.961056604999953
              ],
              [
                -71.22093160599985,
                -12.95766398099994
              ],
              [
                -71.2189257309999,
                -12.959597605999932
              ],
              [
                -71.21815435600001,
                -12.959740229999852
              ],
              [
                -71.216316356,
                -12.959177730999954
              ],
              [
                -71.21072460599999,
                -12.958943354999974
              ],
              [
                -71.20557210599998,
                -12.96157310599989
              ],
              [
                -71.20225273099987,
                -12.959968730999947
              ],
              [
                -71.20086960599991,
                -12.95941560599988
              ],
              [
                -71.19506060599997,
                -12.959968730999947
              ],
              [
                -71.19041348099995,
                -12.966220479999947
              ],
              [
                -71.1864557309998,
                -12.968750729999954
              ],
              [
                -71.18426723099998,
                -12.968672480999942
              ],
              [
                -71.18121873099983,
                -12.968750729999954
              ],
              [
                -71.17961623099984,
                -12.968203480999932
              ],
              [
                -71.17832648099989,
                -12.96847710499992
              ],
              [
                -71.17641010599993,
                -12.970943354999974
              ],
              [
                -71.17359748099983,
                -12.967656355999964
              ],
              [
                -71.17277673099989,
                -12.966132104999872
              ],
              [
                -71.16992373099998,
                -12.96480335599989
              ],
              [
                -71.16468898099993,
                -12.965669229999946
              ],
              [
                -71.16273485599999,
                -12.966279979999968
              ],
              [
                -71.16114710599987,
                -12.972875230999875
              ],
              [
                -71.16059748099997,
                -12.974829354999883
              ],
              [
                -71.159000606,
                -12.977627730999814
              ],
              [
                -71.159000606,
                -12.97867885599993
              ],
              [
                -71.15963873099997,
                -12.978904230999888
              ],
              [
                -71.16144085599984,
                -12.979016854999884
              ],
              [
                -71.16369360599992,
                -12.979167105999977
              ],
              [
                -71.165308106,
                -12.979317230999982
              ],
              [
                -71.16774860599986,
                -12.981645105999917
              ],
              [
                -71.16906273099988,
                -12.981795230999921
              ],
              [
                -71.17086485599987,
                -12.981457355999964
              ],
              [
                -71.1719162309999,
                -12.98198298099993
              ],
              [
                -71.17304248099992,
                -12.983334605999914
              ],
              [
                -71.17368085599998,
                -12.985812729999964
              ],
              [
                -71.17390610599989,
                -12.989304480999976
              ],
              [
                -71.17473210599985,
                -12.991106730999945
              ],
              [
                -71.17634335599985,
                -12.992597730999933
              ],
              [
                -71.17867698099991,
                -12.995290480999927
              ],
              [
                -71.1792156059999,
                -13.000197230999902
              ],
              [
                -71.17825810499983,
                -13.00372773099997
              ],
              [
                -71.17532610599994,
                -13.00564260599998
              ],
              [
                -71.17418910600003,
                -13.007557480999878
              ],
              [
                -71.17233410599977,
                -13.008514855999977
              ],
              [
                -71.16862410499994,
                -13.010130480999976
              ],
              [
                -71.16766673099994,
                -13.011925730999906
              ],
              [
                -71.16790597999983,
                -13.013900354999976
              ],
              [
                -71.16682898099998,
                -13.016892355999971
              ],
              [
                -71.16641023099999,
                -13.020901480999953
              ],
              [
                -71.16682898099998,
                -13.02413285599988
              ],
              [
                -71.16826510599981,
                -13.02580835599997
              ],
              [
                -71.16934210599999,
                -13.030655230999969
              ],
              [
                -71.17062873099997,
                -13.034671980999974
              ],
              [
                -71.17130185499997,
                -13.035644355999978
              ],
              [
                -71.171999981,
                -13.039763730999937
              ],
              [
                -71.17100273099999,
                -13.04349823099983
              ],
              [
                -71.17175073099997,
                -13.04776173099998
              ],
              [
                -71.17347110599997,
                -13.051726105999819
              ],
              [
                -71.17369548100004,
                -13.054119604999869
              ],
              [
                -71.17257348099986,
                -13.057186354999942
              ],
              [
                -71.16958148099991,
                -13.058981480999876
              ],
              [
                -71.16554235599995,
                -13.062197855999841
              ],
              [
                -71.16157810599992,
                -13.06646135599982
              ],
              [
                -71.160818856,
                -13.071859481
              ],
              [
                -71.16137460499988,
                -13.075749604999942
              ],
              [
                -71.16568148099998,
                -13.084641230999978
              ],
              [
                -71.167626606,
                -13.089920605999907
              ],
              [
                -71.16818223099995,
                -13.094088605999957
              ],
              [
                -71.16651510599985,
                -13.103396980999946
              ],
              [
                -71.16464048,
                -13.105491980999886
              ],
              [
                -71.16525910599978,
                -13.109269730999927
              ],
              [
                -71.16478985599986,
                -13.112345730999948
              ],
              [
                -71.16249598099984,
                -13.115473730999952
              ],
              [
                -71.16166185600002,
                -13.119592230999956
              ],
              [
                -71.15926373099984,
                -13.12245960599995
              ],
              [
                -71.15665698099991,
                -13.1233458559999
              ],
              [
                -71.152590606,
                -13.12339797999988
              ],
              [
                -71.15032935599993,
                -13.125178730999949
              ],
              [
                -71.14837422999989,
                -13.127948354999944
              ],
              [
                -71.14617485499991,
                -13.130717855999876
              ],
              [
                -71.14542185600004,
                -13.13438673099995
              ],
              [
                -71.14373110599985,
                -13.138212105999912
              ],
              [
                -71.14462723099984,
                -13.14106322999993
              ],
              [
                -71.14609348099992,
                -13.145136105999939
              ],
              [
                -71.14650073099995,
                -13.1474984809999
              ],
              [
                -71.14576823099992,
                -13.150980980999918
              ],
              [
                -71.14310148099992,
                -13.155798105999963
              ],
              [
                -71.14232723099997,
                -13.160443355999917
              ],
              [
                -71.14254785599985,
                -13.163122105999946
              ],
              [
                -71.14082773099989,
                -13.165973854999947
              ],
              [
                -71.1403297309999,
                -13.168101480999951
              ],
              [
                -71.14105398099986,
                -13.174529480999922
              ],
              [
                -71.14214047999997,
                -13.178739355999937
              ],
              [
                -71.14064648099998,
                -13.180911980999838
              ],
              [
                -71.13996760599986,
                -13.188743230999933
              ],
              [
                -71.1397412299998,
                -13.191951479999943
              ],
              [
                -71.13934510599995,
                -13.195799230999967
              ],
              [
                -71.13832673099989,
                -13.197270355999933
              ],
              [
                -71.13634623099989,
                -13.200269355999978
              ],
              [
                -71.13464873099997,
                -13.204795980999961
              ],
              [
                -71.1345921059999,
                -13.207115980999902
              ],
              [
                -71.13515797999992,
                -13.209266105999916
              ],
              [
                -71.13419623099992,
                -13.21266123099997
              ],
              [
                -71.13255510599993,
                -13.216056230999982
              ],
              [
                -71.13153660599994,
                -13.220017105999943
              ],
              [
                -71.13012198099995,
                -13.22278973099992
              ],
              [
                -71.12763235599994,
                -13.22686373099998
              ],
              [
                -71.12201173099993,
                -13.233529230999977
              ],
              [
                -71.11828185599995,
                -13.23546323099987
              ],
              [
                -71.114137605,
                -13.236568355999907
              ],
              [
                -71.11054585499983,
                -13.236844730999962
              ],
              [
                -71.10750660499997,
                -13.238226105999956
              ],
              [
                -71.09920773099998,
                -13.238059480999937
              ],
              [
                -71.09642085599995,
                -13.238422980999815
              ],
              [
                -71.09056835599995,
                -13.240949230999945
              ],
              [
                -71.08946285599995,
                -13.24271098099996
              ],
              [
                -71.08606060599993,
                -13.245458980999956
              ],
              [
                -71.08366410599996,
                -13.244539105999934
              ],
              [
                -71.08332810599995,
                -13.244542980999938
              ],
              [
                -71.08161135499995,
                -13.245703105999894
              ],
              [
                -71.08120697999988,
                -13.245978480999952
              ],
              [
                -71.07857548100003,
                -13.247070230999952
              ],
              [
                -71.06700547999998,
                -13.254853730999855
              ],
              [
                -71.06417873099997,
                -13.256700980999938
              ],
              [
                -71.06680835600002,
                -13.262179356
              ],
              [
                -71.06976660599992,
                -13.266452355999945
              ],
              [
                -71.07815298099996,
                -13.277374480999981
              ],
              [
                -71.08157673099993,
                -13.281140480999966
              ],
              [
                -71.085171731,
                -13.282424355999922
              ],
              [
                -71.0897934799998,
                -13.283280355999977
              ],
              [
                -71.09090623099985,
                -13.286361605999844
              ],
              [
                -71.09344785499991,
                -13.288383605999968
              ],
              [
                -71.09460198099993,
                -13.292261605999954
              ],
              [
                -71.09171660599992,
                -13.295475980999981
              ],
              [
                -71.09229360499995,
                -13.298188230999983
              ],
              [
                -71.09685260599997,
                -13.303266605999966
              ],
              [
                -71.10146923099978,
                -13.30442073099988
              ],
              [
                -71.10406623099988,
                -13.30372823099998
              ],
              [
                -71.1074132309999,
                -13.300900480999928
              ],
              [
                -71.11058710500004,
                -13.301708480999821
              ],
              [
                -71.11514060599984,
                -13.30155223099996
              ],
              [
                -71.11833785499988,
                -13.305206981000026
              ],
              [
                -71.11674648099995,
                -13.308510730999956
              ],
              [
                -71.11503360599988,
                -13.309474355999953
              ],
              [
                -71.1120359809999,
                -13.317235980999897
              ],
              [
                -71.11348122999988,
                -13.318948855999963
              ],
              [
                -71.11910173099994,
                -13.320501106
              ],
              [
                -71.12231335599984,
                -13.326014480999959
              ],
              [
                -71.12140335599986,
                -13.328958605999958
              ],
              [
                -71.12188510600004,
                -13.33093910599996
              ],
              [
                -71.12638285600002,
                -13.332558605999907
              ],
              [
                -71.13102498099988,
                -13.336084480999887
              ],
              [
                -71.13269773000002,
                -13.34137035599997
              ],
              [
                -71.13497273099995,
                -13.346455480999907
              ],
              [
                -71.13443748099996,
                -13.349160105999886
              ],
              [
                -71.13771598099999,
                -13.352811980999945
              ],
              [
                -71.13965635600005,
                -13.353815605999955
              ],
              [
                -71.14347023100004,
                -13.357897105999882
              ],
              [
                -71.14773323099996,
                -13.366053105999981
              ],
              [
                -71.14664710599999,
                -13.37165235599997
              ],
              [
                -71.15268160600004,
                -13.373979980999934
              ],
              [
                -71.15297660600004,
                -13.375373105999927
              ],
              [
                -71.15031097999992,
                -13.377471480999873
              ],
              [
                -71.14837123099983,
                -13.380100980999941
              ],
              [
                -71.14906098099988,
                -13.384626730999969
              ],
              [
                -71.15026785599991,
                -13.38699748099998
              ],
              [
                -71.15008460599984,
                -13.391408980999984
              ],
              [
                -71.15284597999988,
                -13.39363148099983
              ],
              [
                -71.15729110499996,
                -13.393564105999928
              ],
              [
                -71.15877285599998,
                -13.394708980999894
              ],
              [
                -71.15985035499989,
                -13.401309480999885
              ],
              [
                -71.16173623099996,
                -13.40339735599997
              ],
              [
                -71.16146685599989,
                -13.409526230999916
              ],
              [
                -71.15816673099994,
                -13.41222035699991
              ],
              [
                -71.15823398099991,
                -13.415924480999877
              ],
              [
                -71.15675235599997,
                -13.419224730999929
              ],
              [
                -71.15439510599981,
                -13.42030223099988
              ],
              [
                -71.15082548099986,
                -13.424343355999952
              ],
              [
                -71.14985373000002,
                -13.429699980999942
              ],
              [
                -71.14754848099989,
                -13.438246480999908
              ],
              [
                -71.1452431059999,
                -13.441732480999974
              ],
              [
                -71.14586160499994,
                -13.445162231999973
              ],
              [
                -71.14895410600002,
                -13.45067248099997
              ],
              [
                -71.14822310599993,
                -13.455564105999883
              ],
              [
                -71.14912285499986,
                -13.458319230999962
              ],
              [
                -71.1485042299999,
                -13.463154730999918
              ],
              [
                -71.14648010599984,
                -13.464897605999965
              ],
              [
                -71.14518685499996,
                -13.46962098199998
              ],
              [
                -71.14603023099994,
                -13.472207355999956
              ],
              [
                -71.1432751059998,
                -13.476536730999953
              ],
              [
                -71.14715485499983,
                -13.480697480999936
              ],
              [
                -71.150584606,
                -13.487444605999883
              ],
              [
                -71.15356460599992,
                -13.488569105999943
              ],
              [
                -71.15578123,
                -13.487986355999965
              ],
              [
                -71.16031448099983,
                -13.49758198099994
              ],
              [
                -71.16185085599977,
                -13.497656855999935
              ],
              [
                -71.16504235599996,
                -13.495649230999902
              ],
              [
                -71.17049885599988,
                -13.493590230999928
              ],
              [
                -71.17317573000003,
                -13.494207980999931
              ],
              [
                -71.17529685599993,
                -13.497392605999949
              ],
              [
                -71.18023173099988,
                -13.500550105999878
              ],
              [
                -71.18224235599996,
                -13.50571085599995
              ],
              [
                -71.18405198100004,
                -13.508592730999908
              ],
              [
                -71.18435048099985,
                -13.514053855999919
              ],
              [
                -71.18588585599997,
                -13.51525360599993
              ],
              [
                -71.18909073100002,
                -13.519942230999959
              ],
              [
                -71.18992160599993,
                -13.523087730999919
              ],
              [
                -71.18956560599997,
                -13.52569910699998
              ],
              [
                -71.19300785599978,
                -13.526648731999956
              ],
              [
                -71.20003410599998,
                -13.52305898099985
              ],
              [
                -71.20167998099993,
                -13.520075480999822
              ],
              [
                -71.2066659809999,
                -13.519040980999932
              ],
              [
                -71.20878685599996,
                -13.519788605999963
              ],
              [
                -71.21733560599995,
                -13.518552105999959
              ],
              [
                -71.21894460600004,
                -13.515727980999884
              ],
              [
                -71.22037210600001,
                -13.511053605999962
              ],
              [
                -71.22209898099999,
                -13.509580105999873
              ],
              [
                -71.223015606,
                -13.506287605999944
              ],
              [
                -71.2251926059999,
                -13.504439230999878
              ],
              [
                -71.2298481059999,
                -13.501825855999982
              ],
              [
                -71.2347806059999,
                -13.50024248099993
              ],
              [
                -71.23821098099995,
                -13.493183605999945
              ],
              [
                -71.24154010599989,
                -13.491656105999937
              ],
              [
                -71.24750785599991,
                -13.485383855999942
              ],
              [
                -71.25274498099998,
                -13.48154748099995
              ],
              [
                -71.26047873099986,
                -13.481851855999878
              ],
              [
                -71.2630972309999,
                -13.482399980999958
              ],
              [
                -71.26632460599984,
                -13.479720730999873
              ],
              [
                -71.26669010599988,
                -13.471377855999947
              ],
              [
                -71.26547210599983,
                -13.469246480999914
              ],
              [
                -71.26577660599997,
                -13.465653605999819
              ],
              [
                -71.26772535600003,
                -13.4652273559999
              ],
              [
                -71.27156173100002,
                -13.467906730999971
              ],
              [
                -71.27673785599984,
                -13.466810730999896
              ],
              [
                -71.28106148099988,
                -13.466749730999936
              ],
              [
                -71.28410635599994,
                -13.465592730999845
              ],
              [
                -71.2919009809998,
                -13.460538355999972
              ],
              [
                -71.29409323099998,
                -13.45530135699994
              ],
              [
                -71.30115710599978,
                -13.45420523099989
              ],
              [
                -71.3060288559999,
                -13.45517948099996
              ],
              [
                -71.3095608559999,
                -13.456458355999814
              ],
              [
                -71.31199648099982,
                -13.454692480999881
              ],
              [
                -71.3149804809999,
                -13.454022480999981
              ],
              [
                -71.32046110600004,
                -13.454874980999875
              ],
              [
                -71.32636798099992,
                -13.458589730999961
              ],
              [
                -71.32843848099992,
                -13.460660106000034
              ],
              [
                -71.33233585599999,
                -13.459320480999907
              ],
              [
                -71.33605048099992,
                -13.45938135599988
              ],
              [
                -71.33952160599989,
                -13.460538355999972
              ],
              [
                -71.34341873099993,
                -13.459685855999965
              ],
              [
                -71.34849160599998,
                -13.45205560599993
              ],
              [
                -71.35073248099985,
                -13.450447980999968
              ],
              [
                -71.35618873100003,
                -13.453322230999959
              ],
              [
                -71.35803998099982,
                -13.452737480999872
              ],
              [
                -71.35985710599988,
                -13.450491730999943
              ],
              [
                -71.36297498099992,
                -13.448620980999976
              ],
              [
                -71.3706527309999,
                -13.44632160599997
              ],
              [
                -71.37279635599998,
                -13.446204731999899
              ],
              [
                -71.37486185599988,
                -13.44827023099998
              ],
              [
                -71.37544648100004,
                -13.453492730999926
              ],
              [
                -71.37688848099981,
                -13.45649360699997
              ],
              [
                -71.38109760599991,
                -13.458247480999944
              ],
              [
                -71.38265648099991,
                -13.462846355999886
              ],
              [
                -71.38265648099991,
                -13.467172355999878
              ],
              [
                -71.38343610599986,
                -13.469354855999882
              ],
              [
                -71.38752823099986,
                -13.473641980999957
              ],
              [
                -71.38752823099986,
                -13.47574648199992
              ],
              [
                -71.39111385599989,
                -13.478708480999956
              ],
              [
                -71.39555673099989,
                -13.483735980999825
              ],
              [
                -71.39925923099997,
                -13.484983230999887
              ],
              [
                -71.40136385599993,
                -13.488997480999956
              ],
              [
                -71.4061186059999,
                -13.496441355999934
              ],
              [
                -71.40627448099991,
                -13.50053360599992
              ],
              [
                -71.40385810599992,
                -13.504352980999954
              ],
              [
                -71.40541710599985,
                -13.506145730999947
              ],
              [
                -71.41024973100002,
                -13.509575355999914
              ],
              [
                -71.41274398099989,
                -13.513433730999964
              ],
              [
                -71.41625160599995,
                -13.516941355999847
              ],
              [
                -71.41991510600002,
                -13.518266480999955
              ],
              [
                -71.4256052309999,
                -13.517759856
              ],
              [
                -71.42954160599999,
                -13.52033198099997
              ],
              [
                -71.43222848099992,
                -13.520121105999863
              ],
              [
                -71.43488073099991,
                -13.51491473099992
              ],
              [
                -71.43932385599999,
                -13.508678980999946
              ],
              [
                -71.44868160600004,
                -13.50722260599997
              ],
              [
                -71.45871673099998,
                -13.50040098099987
              ],
              [
                -71.46305248099998,
                -13.497913355999913
              ],
              [
                -71.46468710599987,
                -13.496065355999974
              ],
              [
                -71.46878123199997,
                -13.49424410599994
              ],
              [
                -71.47074810599992,
                -13.491017605999957
              ],
              [
                -71.47286135599995,
                -13.489152480999905
              ],
              [
                -71.47642573099984,
                -13.483615230999874
              ],
              [
                -71.47753135599999,
                -13.47827348199985
              ],
              [
                -71.48028523100004,
                -13.472529480999924
              ],
              [
                -71.48329098099987,
                -13.469390605999934
              ],
              [
                -71.49053123099986,
                -13.468812480999873
              ],
              [
                -71.49398823099989,
                -13.466357355999946
              ],
              [
                -71.49888673099991,
                -13.458005855999943
              ],
              [
                -71.50204885599999,
                -13.45689448099995
              ],
              [
                -71.505142606,
                -13.461462855999912
              ],
              [
                -71.51145123099991,
                -13.46358598099988
              ],
              [
                -71.51438673099995,
                -13.466294980999862
              ],
              [
                -71.52031635599985,
                -13.469456980999894
              ],
              [
                -71.52602273099984,
                -13.469176980999919
              ],
              [
                -71.52661785599997,
                -13.469842105999874
              ],
              [
                -71.52637285599997,
                -13.47645860599988
              ],
              [
                -71.52465748099996,
                -13.48261998199996
              ],
              [
                -71.52094660599988,
                -13.48570060599991
              ],
              [
                -71.5200364809998,
                -13.487556106
              ],
              [
                -71.51772598099984,
                -13.489166355999885
              ],
              [
                -71.51604560599998,
                -13.49480260699994
              ],
              [
                -71.51597560599998,
                -13.499143605999961
              ],
              [
                -71.51355998099984,
                -13.501769231999958
              ],
              [
                -71.51317498099996,
                -13.507125355999904
              ],
              [
                -71.51426023099998,
                -13.509120855999981
              ],
              [
                -71.51762098099994,
                -13.51073110599998
              ],
              [
                -71.51720085599993,
                -13.521338480999873
              ],
              [
                -71.51653573099986,
                -13.52553935599991
              ],
              [
                -71.51482035599986,
                -13.531525730999874
              ],
              [
                -71.51205473199991,
                -13.535656606999908
              ],
              [
                -71.51289485599989,
                -13.539017355999874
              ],
              [
                -71.51220723099993,
                -13.54132373099992
              ],
              [
                -71.5127167309999,
                -13.54374373099995
              ],
              [
                -71.51497998199983,
                -13.547309231999918
              ],
              [
                -71.51501235599994,
                -13.552043230999914
              ],
              [
                -71.51043185599985,
                -13.556389605999925
              ],
              [
                -71.50802473099998,
                -13.562273855999877
              ],
              [
                -71.50792435599993,
                -13.56407923099988
              ],
              [
                -71.509896981,
                -13.568459105999978
              ],
              [
                -71.51196985599984,
                -13.571367731999942
              ],
              [
                -71.511969857,
                -13.575613855999904
              ],
              [
                -71.517686981,
                -13.579224605999968
              ],
              [
                -71.51939210599994,
                -13.582935730999907
              ],
              [
                -71.52333723199996,
                -13.588385355999947
              ],
              [
                -71.52631285599995,
                -13.590926355999954
              ],
              [
                -71.53156185599994,
                -13.590859480999939
              ],
              [
                -71.53333373099991,
                -13.593467230999977
              ],
              [
                -71.53756823099997,
                -13.597060606999946
              ],
              [
                -71.54452398099988,
                -13.599293981999892
              ],
              [
                -71.54706260599994,
                -13.599078855999949
              ],
              [
                -71.549859481,
                -13.597357730999931
              ],
              [
                -71.55265635599994,
                -13.594560855999873
              ],
              [
                -71.55523798099995,
                -13.589698730999942
              ],
              [
                -71.55575435599997,
                -13.58302935699993
              ],
              [
                -71.55824998099985,
                -13.582039730999952
              ],
              [
                -71.55915360599982,
                -13.580447605999893
              ],
              [
                -71.55872323099993,
                -13.57154073099997
              ],
              [
                -71.56636335599995,
                -13.56554523099993
              ],
              [
                -71.56905660599995,
                -13.562181605999967
              ],
              [
                -71.57355773099988,
                -13.569514605999927
              ],
              [
                -71.57713748099985,
                -13.568574355999942
              ],
              [
                -71.58162273099998,
                -13.565140982
              ],
              [
                -71.59001748100002,
                -13.564267855999958
              ],
              [
                -71.59353023100005,
                -13.562759480999944
              ],
              [
                -71.59677935599984,
                -13.562810606999903
              ],
              [
                -71.59896848099987,
                -13.564042855999958
              ],
              [
                -71.60459648100004,
                -13.564980855999977
              ],
              [
                -71.60797148199987,
                -13.567579480999939
              ],
              [
                -71.61120973100003,
                -13.564149106999878
              ],
              [
                -71.6136247309999,
                -13.563984480999864
              ],
              [
                -71.61656110599995,
                -13.565548730999978
              ],
              [
                -71.62012660699992,
                -13.564584980999882
              ],
              [
                -71.62362235599988,
                -13.564817980999976
              ],
              [
                -71.62660935600002,
                -13.566173855999978
              ],
              [
                -71.62673010599997,
                -13.568370855999945
              ],
              [
                -71.62470985699997,
                -13.575972356000023
              ],
              [
                -71.62516323199992,
                -13.5809122309999
              ],
              [
                -71.6247574809999,
                -13.582988480999916
              ],
              [
                -71.62003235600002,
                -13.589097730999924
              ],
              [
                -71.61941185599983,
                -13.59661485700002
              ],
              [
                -71.61986498099992,
                -13.599877980999963
              ],
              [
                -71.621547856,
                -13.601313356999981
              ],
              [
                -71.62263673199993,
                -13.604283105999968
              ],
              [
                -71.62936810600002,
                -13.609331731
              ],
              [
                -71.63184298099998,
                -13.612944981999874
              ],
              [
                -71.63816460599998,
                -13.617476481999915
              ],
              [
                -71.6436723559998,
                -13.623536982000019
              ],
              [
                -71.6459987319999,
                -13.624675355999955
              ],
              [
                -71.64891898099984,
                -13.628585480999902
              ],
              [
                -71.65070073200002,
                -13.63284210699993
              ],
              [
                -71.65208435699992,
                -13.634225730999958
              ],
              [
                -71.65574610599992,
                -13.640009730999964
              ],
              [
                -71.65766348099993,
                -13.638174105999951
              ],
              [
                -71.65998948200001,
                -13.637601605999919
              ],
              [
                -71.66587623099991,
                -13.637601605999919
              ],
              [
                -71.67072510600002,
                -13.636313105999875
              ],
              [
                -71.67516248099992,
                -13.634345106999945
              ],
              [
                -71.6807808559999,
                -13.62947823099995
              ],
              [
                -71.68138873099991,
                -13.626203105999878
              ],
              [
                -71.68351373099989,
                -13.622132855999894
              ],
              [
                -71.68114648100004,
                -13.619501980999928
              ],
              [
                -71.68099810599995,
                -13.61779685599987
              ],
              [
                -71.68403123099989,
                -13.616355480999971
              ],
              [
                -71.68675973199987,
                -13.611040980999917
              ],
              [
                -71.68814848200003,
                -13.60978910599988
              ],
              [
                -71.69632623199988,
                -13.605263730999923
              ],
              [
                -71.69858010599984,
                -13.602718731999914
              ],
              [
                -71.70069335599999,
                -13.597773480999933
              ],
              [
                -71.70280073099991,
                -13.594706980999888
              ],
              [
                -71.70310348099991,
                -13.589544980999904
              ],
              [
                -71.70392185599997,
                -13.58694335599995
              ],
              [
                -71.70601948200004,
                -13.585322231999896
              ],
              [
                -71.70853523099993,
                -13.584933605999936
              ],
              [
                -71.710191356,
                -13.58113873100001
              ],
              [
                -71.713060606,
                -13.580123105999974
              ],
              [
                -71.71451560699995,
                -13.578031230999898
              ],
              [
                -71.71728323099995,
                -13.576193480999905
              ],
              [
                -71.72172073099995,
                -13.575097605999929
              ],
              [
                -71.72428510600002,
                -13.57236910599994
              ],
              [
                -71.72513473099997,
                -13.566685605999965
              ],
              [
                -71.72445123199992,
                -13.563468730999887
              ],
              [
                -71.71920885599985,
                -13.562911855999914
              ],
              [
                -71.71730760600002,
                -13.56216685599992
              ],
              [
                -71.71619135599985,
                -13.559765605999928
              ],
              [
                -71.71737310600003,
                -13.55566010699988
              ],
              [
                -71.71952348099995,
                -13.552474605999919
              ],
              [
                -71.72092035599991,
                -13.540105480999955
              ],
              [
                -71.72073723099993,
                -13.531459605999942
              ],
              [
                -71.72448198099988,
                -13.519299730999933
              ],
              [
                -71.72515510599999,
                -13.513913980999916
              ],
              [
                -71.72515510599999,
                -13.509075356999972
              ],
              [
                -71.72633323199977,
                -13.504194605999885
              ],
              [
                -71.7259967309999,
                -13.501880480999887
              ],
              [
                -71.72658573099994,
                -13.497756980999952
              ],
              [
                -71.72626598099998,
                -13.494470856999953
              ],
              [
                -71.72852123199988,
                -13.48959010699997
              ],
              [
                -71.73323373099987,
                -13.48521423099993
              ],
              [
                -71.73484935599987,
                -13.481881855999973
              ],
              [
                -71.73639773100001,
                -13.480400730999975
              ],
              [
                -71.73791248099985,
                -13.476361480999913
              ],
              [
                -71.73461373200001,
                -13.474914105999972
              ],
              [
                -71.73151698100003,
                -13.475789355999837
              ],
              [
                -71.72966560599997,
                -13.474880480999957
              ],
              [
                -71.72801635699983,
                -13.471884730999875
              ],
              [
                -71.72872323099989,
                -13.469057230999965
              ],
              [
                -71.73229123099998,
                -13.465421980999906
              ],
              [
                -71.73616210699987,
                -13.462661730999969
              ],
              [
                -71.73269510599982,
                -13.460978730999898
              ],
              [
                -71.72600335599992,
                -13.456612980999978
              ],
              [
                -71.72786385599983,
                -13.453962355999977
              ],
              [
                -71.73291573099993,
                -13.448547355999949
              ],
              [
                -71.73743923099994,
                -13.445971856999904
              ],
              [
                -71.73961848199997,
                -13.447094480999965
              ],
              [
                -71.74126935600003,
                -13.443132230999879
              ],
              [
                -71.74239198099986,
                -13.438674730999935
              ],
              [
                -71.74622210699977,
                -13.432665355999973
              ],
              [
                -71.74978823099985,
                -13.43177385599995
              ],
              [
                -71.7521654809999,
                -13.433259730999964
              ],
              [
                -71.75479573099994,
                -13.431307355999877
              ],
              [
                -71.7530078559999,
                -13.429490730999873
              ],
              [
                -71.74649510599988,
                -13.420927855999878
              ],
              [
                -71.74372123099988,
                -13.41954085599997
              ],
              [
                -71.7380528569999,
                -13.421048355999972
              ],
              [
                -71.7321432309999,
                -13.420264480999947
              ],
              [
                -71.72508798099983,
                -13.420807230999912
              ],
              [
                -71.7246152319999,
                -13.419566355999848
              ],
              [
                -71.72611310599984,
                -13.415802105999944
              ],
              [
                -71.72918848199993,
                -13.412183980999828
              ],
              [
                -71.72792210599994,
                -13.40790260599988
              ],
              [
                -71.72822360600003,
                -13.405309605999832
              ],
              [
                -71.7314799809999,
                -13.401691480999943
              ],
              [
                -71.7355202309999,
                -13.39288735599996
              ],
              [
                -71.73847498099985,
                -13.390595855999834
              ],
              [
                -71.73968110599998,
                -13.385590730999866
              ],
              [
                -71.74577160599995,
                -13.380284230999905
              ],
              [
                -71.74908823099986,
                -13.378535480999915
              ],
              [
                -71.74981185699994,
                -13.375098230999981
              ],
              [
                -71.75479273199994,
                -13.36563685599998
              ],
              [
                -71.75894148199984,
                -13.362742355999956
              ],
              [
                -71.76251148199992,
                -13.357821730999945
              ],
              [
                -71.76796273099984,
                -13.354444855999873
              ],
              [
                -71.77621198199984,
                -13.347739105999892
              ],
              [
                -71.77944423199983,
                -13.346243730999902
              ],
              [
                -71.78325535699986,
                -13.342818480999824
              ],
              [
                -71.78666335699984,
                -13.337842105999925
              ],
              [
                -71.78907098199983,
                -13.332054480999943
              ],
              [
                -71.78893223199998,
                -13.330294980999952
              ],
              [
                -71.79055273099988,
                -13.327146480999943
              ],
              [
                -71.79166398099989,
                -13.323164605999978
              ],
              [
                -71.79453473199999,
                -13.317376855999953
              ],
              [
                -71.79911848199993,
                -13.314598730999933
              ],
              [
                -71.80379498099995,
                -13.314089481
              ],
              [
                -71.81199035699984,
                -13.31570998099994
              ],
              [
                -71.82129698099999,
                -13.31959935599997
              ],
              [
                -71.8248263559999,
                -13.317335605999972
              ],
              [
                -71.82550985699987,
                -13.312182855999879
              ],
              [
                -71.82987398199992,
                -13.30684598099998
              ],
              [
                -71.83202973100003,
                -13.306004730999916
              ],
              [
                -71.83571023199983,
                -13.302271605999977
              ],
              [
                -71.83802373100002,
                -13.300773105999951
              ],
              [
                -71.83351410599994,
                -13.291642855999896
              ],
              [
                -71.83153285699996,
                -13.28996260599996
              ],
              [
                -71.83110648099984,
                -13.285874605999936
              ],
              [
                -71.82987760599997,
                -13.280658105999976
              ],
              [
                -71.83075535599994,
                -13.27797460599993
              ],
              [
                -71.83609723099988,
                -13.276043480999931
              ],
              [
                -71.83740135699986,
                -13.274413230999926
              ],
              [
                -71.83741548099988,
                -13.271035480999899
              ],
              [
                -71.83993710699997,
                -13.267143355999906
              ],
              [
                -71.84306498099988,
                -13.265959105999968
              ],
              [
                -71.845669606,
                -13.261744355999951
              ],
              [
                -71.84560798099994,
                -13.259597605999943
              ],
              [
                -71.84701635599987,
                -13.257009230999927
              ],
              [
                -71.85021373199993,
                -13.253545355999961
              ],
              [
                -71.84754910599997,
                -13.2507666059999
              ],
              [
                -71.84933823199987,
                -13.24848273099991
              ],
              [
                -71.85230723099994,
                -13.242582730999914
              ],
              [
                -71.85527635599993,
                -13.24048923099997
              ],
              [
                -71.85824535599983,
                -13.239651855999966
              ],
              [
                -71.85866410699992,
                -13.235997605999955
              ],
              [
                -71.85816923200002,
                -13.233180855999933
              ],
              [
                -71.86003435599997,
                -13.230516355999953
              ],
              [
                -71.86384098199983,
                -13.22777560599991
              ],
              [
                -71.86418348199999,
                -13.226405355999873
              ],
              [
                -71.86170923199984,
                -13.22347435599994
              ],
              [
                -71.85797885599999,
                -13.215709105999906
              ],
              [
                -71.85801698099993,
                -13.213767856
              ],
              [
                -71.85481960699991,
                -13.208629230999975
              ],
              [
                -71.85512410699988,
                -13.20596473099988
              ],
              [
                -71.85756023099998,
                -13.202691105999975
              ],
              [
                -71.85744598199994,
                -13.199569855999925
              ],
              [
                -71.86110023099997,
                -13.195078229999979
              ],
              [
                -71.86677185699983,
                -13.193403355999976
              ],
              [
                -71.86758010699992,
                -13.189458730999831
              ],
              [
                -71.871272482,
                -13.1877486059999
              ],
              [
                -71.87184823099994,
                -13.183833606
              ],
              [
                -71.87342223199988,
                -13.181809855999973
              ],
              [
                -71.87157035599978,
                -13.174501730999964
              ],
              [
                -71.87448860699982,
                -13.171913105999977
              ],
              [
                -71.87453560699998,
                -13.166801355999894
              ],
              [
                -71.87637298100003,
                -13.161760230999903
              ],
              [
                -71.87825760599992,
                -13.159498855999914
              ],
              [
                -71.87844735599998,
                -13.155664980999973
              ],
              [
                -71.88006498099998,
                -13.153076730999942
              ],
              [
                -71.87845798199999,
                -13.15047335599985
              ],
              [
                -71.87435573200003,
                -13.148800605999895
              ],
              [
                -71.87384160599993,
                -13.145010355999943
              ],
              [
                -71.86903710599995,
                -13.141259480999906
              ],
              [
                -71.86632048099989,
                -13.140746855999964
              ],
              [
                -71.86319610599992,
                -13.137909105999881
              ],
              [
                -71.86179173199992,
                -13.134732480999958
              ],
              [
                -71.86296198100001,
                -13.13296023099997
              ],
              [
                -71.8624938559999,
                -13.130853730999945
              ],
              [
                -71.86372723199992,
                -13.128710855999884
              ],
              [
                -71.8636218559999,
                -13.124742730999856
              ],
              [
                -71.86579910599983,
                -13.124426605999872
              ],
              [
                -71.87099635599998,
                -13.120001980999973
              ],
              [
                -71.87268198099991,
                -13.120001980999973
              ],
              [
                -71.87510510599992,
                -13.117543855999827
              ],
              [
                -71.88093448199982,
                -13.1153313559999
              ],
              [
                -71.88135585600003,
                -13.112486980999904
              ],
              [
                -71.88409510600002,
                -13.111398355999938
              ],
              [
                -71.88588610599987,
                -13.109572230999902
              ],
              [
                -71.88314635599977,
                -13.104808730999935
              ],
              [
                -71.8793029819999,
                -13.102135106
              ],
              [
                -71.878477482,
                -13.098420480999948
              ],
              [
                -71.88064435599995,
                -13.096975979999968
              ],
              [
                -71.88429023099991,
                -13.09580660499995
              ],
              [
                -71.88690410599992,
                -13.094052480999835
              ],
              [
                -71.88745448199995,
                -13.091988730999958
              ],
              [
                -71.88685948199986,
                -13.088782355999967
              ],
              [
                -71.88871898199989,
                -13.087347980999937
              ],
              [
                -71.88946285699996,
                -13.084425980999924
              ],
              [
                -71.88577748099993,
                -13.082515980999915
              ],
              [
                -71.88773135599996,
                -13.079972980999912
              ],
              [
                -71.888037731,
                -13.066748104999931
              ],
              [
                -71.88741985599995,
                -13.064639355999873
              ],
              [
                -71.888686231,
                -13.062024980999922
              ],
              [
                -71.88791010699993,
                -13.05712310499996
              ],
              [
                -71.88889048199985,
                -13.053487605999976
              ],
              [
                -71.89500398099995,
                -13.050425855999947
              ],
              [
                -71.89612973099986,
                -13.047498980999933
              ],
              [
                -71.90310910599993,
                -13.04427173099998
              ],
              [
                -71.90305060699995,
                -13.039779605999968
              ],
              [
                -71.90497185699985,
                -13.037233980999929
              ],
              [
                -71.90391523099993,
                -13.03401585499995
              ],
              [
                -71.90497185600003,
                -13.032911105999858
              ],
              [
                -71.90852610699994,
                -13.032911105999858
              ],
              [
                -71.91059148100004,
                -13.0314702309999
              ],
              [
                -71.90752498099988,
                -13.02724285599993
              ],
              [
                -71.90640798200002,
                -13.02364410499996
              ],
              [
                -71.90636773199981,
                -13.020791230999976
              ],
              [
                -71.90390110599998,
                -13.020618104999869
              ],
              [
                -71.89754235700002,
                -13.016767230999903
              ],
              [
                -71.89390210599993,
                -13.009529355999973
              ],
              [
                -71.88968148199984,
                -13.005756480999878
              ],
              [
                -71.88758535699986,
                -13.001427354999976
              ],
              [
                -71.88375748099998,
                -12.998920981000026
              ],
              [
                -71.88207135699997,
                -12.994455229999971
              ],
              [
                -71.88056773199992,
                -12.992814730999953
              ],
              [
                -71.87801573099989,
                -12.992495730999963
              ],
              [
                -71.87090685600003,
                -12.995093229999952
              ],
              [
                -71.86890173099994,
                -12.995093229999952
              ],
              [
                -71.86388910599999,
                -12.993042605999904
              ],
              [
                -71.85634748099983,
                -12.988244105999968
              ],
              [
                -71.85123448199982,
                -12.986995479999962
              ],
              [
                -71.8493752309999,
                -12.984115480999947
              ],
              [
                -71.84897423099994,
                -12.979777230999957
              ],
              [
                -71.84914410599987,
                -12.9738998549999
              ],
              [
                -71.84776373099999,
                -12.968410105999908
              ],
              [
                -71.84518385599995,
                -12.962574980999932
              ],
              [
                -71.84317373199991,
                -12.961430604999919
              ],
              [
                -71.83909123199999,
                -12.961492481
              ],
              [
                -71.83544173099989,
                -12.962605854999879
              ],
              [
                -71.83152035699999,
                -12.959725355999865
              ],
              [
                -71.82850348099987,
                -12.954227979999928
              ],
              [
                -71.82903973099991,
                -12.949736230999974
              ],
              [
                -71.82811785599984,
                -12.936730480999927
              ],
              [
                -71.82518660600005,
                -12.934344605999968
              ],
              [
                -71.82392560699998,
                -12.930220480999935
              ],
              [
                -71.82760648199991,
                -12.925210480999851
              ],
              [
                -71.82841035699988,
                -12.921726355999965
              ],
              [
                -71.83007335699989,
                -12.92022973099995
              ],
              [
                -71.83339948099984,
                -12.919231855999897
              ],
              [
                -71.83594948099983,
                -12.920562230999906
              ],
              [
                -71.83994073099984,
                -12.920063354999968
              ],
              [
                -71.84121573199991,
                -12.919176355999923
              ],
              [
                -71.84226898199984,
                -12.914741605999893
              ],
              [
                -71.84481910599987,
                -12.909475355999973
              ],
              [
                -71.84409835699984,
                -12.905206980999878
              ],
              [
                -71.84820048199987,
                -12.90138185499984
              ],
              [
                -71.85093348099997,
                -12.895611105999933
              ],
              [
                -71.852840356,
                -12.893393730999946
              ],
              [
                -71.85687873099982,
                -12.890902229999881
              ],
              [
                -71.86360535699987,
                -12.889681855999982
              ],
              [
                -71.86519198199994,
                -12.887907104999954
              ],
              [
                -71.86570598099985,
                -12.884366480999915
              ],
              [
                -71.86404985699994,
                -12.88213922999995
              ],
              [
                -71.86342173099985,
                -12.87916973099982
              ],
              [
                -71.86644135599994,
                -12.87159572999991
              ],
              [
                -71.87275048099997,
                -12.86945710599997
              ],
              [
                -71.87588785699995,
                -12.86609572999987
              ],
              [
                -71.87700835600003,
                -12.863910730999919
              ],
              [
                -71.87706435699994,
                -12.859652980999954
              ],
              [
                -71.87637498199985,
                -12.854330104999917
              ],
              [
                -71.87521548099983,
                -12.851025355999923
              ],
              [
                -71.87577573099992,
                -12.848616354999933
              ],
              [
                -71.87482335699997,
                -12.84620722999989
              ],
              [
                -71.8763358569999,
                -12.841277230999935
              ],
              [
                -71.88401123199992,
                -12.837579605999963
              ],
              [
                -71.88714860699997,
                -12.834554355999956
              ],
              [
                -71.89140648099976,
                -12.833209854999893
              ],
              [
                -71.89359135699988,
                -12.830968855999913
              ],
              [
                -71.89415148099994,
                -12.828671855999971
              ],
              [
                -71.89324360699987,
                -12.825352604999921
              ],
              [
                -71.8958941059999,
                -12.819931104999966
              ],
              [
                -71.89595435599989,
                -12.816316730999972
              ],
              [
                -71.89480973099995,
                -12.811075854999956
              ],
              [
                -71.89240023100001,
                -12.80818435599997
              ],
              [
                -71.884689482,
                -12.80469048099991
              ],
              [
                -71.88318360699992,
                -12.802220604999945
              ],
              [
                -71.87866573099984,
                -12.798967729999902
              ],
              [
                -71.87752735599997,
                -12.795785104999936
              ],
              [
                -71.881617356,
                -12.794389479999893
              ],
              [
                -71.88541235600002,
                -12.790353480000022
              ],
              [
                -71.88860510699988,
                -12.78969085599988
              ],
              [
                -71.89221948199997,
                -12.787883606000037
              ],
              [
                -71.89432785599996,
                -12.782281355999942
              ],
              [
                -71.893544732,
                -12.778847730999871
              ],
              [
                -71.894448356,
                -12.776799604999951
              ],
              [
                -71.8990867309999,
                -12.774149105999868
              ],
              [
                -71.90239648099993,
                -12.773111355999959
              ],
              [
                -71.90445460599994,
                -12.770587979999902
              ],
              [
                -71.9054179819999,
                -12.767369105999933
              ],
              [
                -71.90517760599982,
                -12.765105855999934
              ],
              [
                -71.90668360699982,
                -12.761250230999849
              ],
              [
                -71.91041873199987,
                -12.760105604999978
              ],
              [
                -71.91399260599991,
                -12.757772229999944
              ],
              [
                -71.91775573200005,
                -12.756384229999924
              ],
              [
                -71.92117948099991,
                -12.752775479999968
              ],
              [
                -71.92090185599977,
                -12.751973479999947
              ],
              [
                -71.91393098199978,
                -12.751942604999954
              ],
              [
                -71.91158673099989,
                -12.749876104999942
              ],
              [
                -71.9115558559999,
                -12.746051355999953
              ],
              [
                -71.91041460599996,
                -12.744077230999949
              ],
              [
                -71.90635748199992,
                -12.743962854999893
              ],
              [
                -71.9026119809999,
                -12.741608479999968
              ],
              [
                -71.89971960699995,
                -12.736991729999886
              ],
              [
                -71.90035160699995,
                -12.733355479999943
              ],
              [
                -71.89897910599996,
                -12.733313854999949
              ],
              [
                -71.89596485599998,
                -12.733072230999937
              ],
              [
                -71.89362310599984,
                -12.732665980999968
              ],
              [
                -71.89291735599988,
                -12.732729104999976
              ],
              [
                -71.89129685699993,
                -12.732890605999842
              ],
              [
                -71.89063273199986,
                -12.732724604999873
              ],
              [
                -71.88832685599994,
                -12.73161972999992
              ],
              [
                -71.88763473199987,
                -12.731195355999887
              ],
              [
                -71.8816152309999,
                -12.730439480999962
              ],
              [
                -71.87739648099989,
                -12.731830105999848
              ],
              [
                -71.87181835699994,
                -12.735062480999943
              ],
              [
                -71.87032223099988,
                -12.735484355999972
              ],
              [
                -71.86663085599992,
                -12.735705104999909
              ],
              [
                -71.86275385599993,
                -12.734880855999847
              ],
              [
                -71.85800973099987,
                -12.734787105999885
              ],
              [
                -71.85463785599995,
                -12.735559854999963
              ],
              [
                -71.85393648099983,
                -12.73576398099982
              ],
              [
                -71.85073048099986,
                -12.737466855999912
              ],
              [
                -71.84930473199995,
                -12.739027354999905
              ],
              [
                -71.84847260699985,
                -12.738900480999973
              ],
              [
                -71.84281248099984,
                -12.739693355999862
              ],
              [
                -71.84072848199992,
                -12.739298855999891
              ],
              [
                -71.83715035699987,
                -12.739292980999949
              ],
              [
                -71.8339453559999,
                -12.74131448099996
              ],
              [
                -71.83184760699999,
                -12.74247460599986
              ],
              [
                -71.83016998099998,
                -12.74273635599991
              ],
              [
                -71.82850585599988,
                -12.74220310499993
              ],
              [
                -71.82517185599988,
                -12.74251173099998
              ],
              [
                -71.82423435600003,
                -12.741255855999896
              ],
              [
                -71.82111323099991,
                -12.740548854999929
              ],
              [
                -71.81726760699985,
                -12.742369105999899
              ],
              [
                -71.81224023099992,
                -12.743857479999974
              ],
              [
                -71.81059185599986,
                -12.744978479999816
              ],
              [
                -71.80921873099993,
                -12.747115229999963
              ],
              [
                -71.80830473099991,
                -12.749447229999816
              ],
              [
                -71.80734185699998,
                -12.751308605999895
              ],
              [
                -71.80413085599986,
                -12.754458979999981
              ],
              [
                -71.803931606,
                -12.755220730999952
              ],
              [
                -71.80393960699985,
                -12.75546485599989
              ],
              [
                -71.80303135600002,
                -12.756927730999962
              ],
              [
                -71.80245898099992,
                -12.758578105999902
              ],
              [
                -71.80194923199991,
                -12.759695354999963
              ],
              [
                -71.80074998099991,
                -12.760980479999887
              ],
              [
                -71.79975973200004,
                -12.765273480999952
              ],
              [
                -71.79878910699995,
                -12.765833979999854
              ],
              [
                -71.7951347309999,
                -12.765910105999922
              ],
              [
                -71.79244910599994,
                -12.766117230999953
              ],
              [
                -71.78995510599998,
                -12.766460979999863
              ],
              [
                -71.78528510699994,
                -12.76487498099982
              ],
              [
                -71.78274610599982,
                -12.765318354999977
              ],
              [
                -71.77682423100003,
                -12.766220729999873
              ],
              [
                -71.77572660599998,
                -12.76692772999985
              ],
              [
                -71.77511523199985,
                -12.767484354999965
              ],
              [
                -71.77361323199983,
                -12.767537105999907
              ],
              [
                -71.77144535599996,
                -12.767017604999978
              ],
              [
                -71.76843723199977,
                -12.765861355999903
              ],
              [
                -71.76740235599993,
                -12.76614848099996
              ],
              [
                -71.76541998199986,
                -12.76710747999988
              ],
              [
                -71.76466410599994,
                -12.767458979999901
              ],
              [
                -71.76390035599991,
                -12.768632854999964
              ],
              [
                -71.76365623199985,
                -12.769654354999943
              ],
              [
                -71.76360348099985,
                -12.773277355999937
              ],
              [
                -71.76153510599994,
                -12.776705105999952
              ],
              [
                -71.76061323099998,
                -12.780943355999966
              ],
              [
                -71.76004885599991,
                -12.782665979999877
              ],
              [
                -71.76041410699992,
                -12.786654355999929
              ],
              [
                -71.76020898199982,
                -12.78792185499998
              ],
              [
                -71.75916998100001,
                -12.789304729999913
              ],
              [
                -71.75697260699991,
                -12.791658230999872
              ],
              [
                -71.75550098099984,
                -12.792420605999894
              ],
              [
                -71.7541503569999,
                -12.794234355999947
              ],
              [
                -71.75373823099983,
                -12.79461910599997
              ],
              [
                -71.75276173199995,
                -12.794710979999934
              ],
              [
                -71.74831448199996,
                -12.795443354999975
              ],
              [
                -71.74755860599993,
                -12.796164105999935
              ],
              [
                -71.74291210699988,
                -12.79412698099992
              ],
              [
                -71.74185160699989,
                -12.793052729999943
              ],
              [
                -71.7362891059999,
                -12.791964854999947
              ],
              [
                -71.73286523099978,
                -12.789507855999943
              ],
              [
                -71.73100198199995,
                -12.78787310499996
              ],
              [
                -71.72931635699985,
                -12.786968729999899
              ],
              [
                -71.72739448199991,
                -12.786519479999924
              ],
              [
                -71.72584573199993,
                -12.786328104999939
              ],
              [
                -71.72351760600003,
                -12.78666798099988
              ],
              [
                -71.72154298099997,
                -12.783662105999952
              ],
              [
                -71.71951373099995,
                -12.78289647999992
              ],
              [
                -71.71662110599988,
                -12.78111910499996
              ],
              [
                -71.71586523099995,
                -12.77901373099985
              ],
              [
                -71.71380660699998,
                -12.778529355999979
              ],
              [
                -71.71014448099993,
                -12.774320355999919
              ],
              [
                -71.70889385700002,
                -12.77348797999997
              ],
              [
                -71.70593360599986,
                -12.766667980999955
              ],
              [
                -71.70063873099991,
                -12.764373104999947
              ],
              [
                -71.69800573200001,
                -12.760912104999932
              ],
              [
                -71.69848648099992,
                -12.75953510599993
              ],
              [
                -71.69767773099989,
                -12.758566355999903
              ],
              [
                -71.696548856,
                -12.75769335599989
              ],
              [
                -71.69648048199986,
                -12.755542980999962
              ],
              [
                -71.69474810599985,
                -12.753736355999933
              ],
              [
                -71.69393948099992,
                -12.74973435599992
              ],
              [
                -71.69270310599995,
                -12.746775355999887
              ],
              [
                -71.6942363559998,
                -12.742630854999902
              ],
              [
                -71.69536523099993,
                -12.740585980999981
              ],
              [
                -71.69542773099988,
                -12.739818354999898
              ],
              [
                -71.69525973199984,
                -12.739060479999978
              ],
              [
                -71.69355860599984,
                -12.73825585499992
              ],
              [
                -71.6879569809999,
                -12.73614448099994
              ],
              [
                -71.68481448099988,
                -12.733783229999972
              ],
              [
                -71.68383010699995,
                -12.733152355999891
              ],
              [
                -71.68190823099991,
                -12.732636729999967
              ],
              [
                -71.6774297309999,
                -12.73220510599998
              ],
              [
                -71.67498048100003,
                -12.731904354999926
              ],
              [
                -71.67077998099984,
                -12.729929979999838
              ],
              [
                -71.6656439809999,
                -12.729813104999948
              ],
              [
                -71.66335298099995,
                -12.72968035499997
              ],
              [
                -71.66214060599992,
                -12.729376979999927
              ],
              [
                -71.6605449819998,
                -12.72892385599988
              ],
              [
                -71.65889060599994,
                -12.726980604999937
              ],
              [
                -71.65687498099999,
                -12.725988229999928
              ],
              [
                -71.65342773099997,
                -12.721152354999901
              ],
              [
                -71.65277935699987,
                -12.72107810499989
              ],
              [
                -71.65185548199997,
                -12.720863104999978
              ],
              [
                -71.65116798099984,
                -12.72031835599995
              ],
              [
                -71.64705660599992,
                -12.717548854999905
              ],
              [
                -71.6466836059999,
                -12.715927730999908
              ],
              [
                -71.64553123099995,
                -12.71487310599997
              ],
              [
                -71.64434760599988,
                -12.715507854999885
              ],
              [
                -71.64301373099983,
                -12.715593729999966
              ],
              [
                -71.6419746059999,
                -12.712757855999826
              ],
              [
                -71.6400606059999,
                -12.711097604999964
              ],
              [
                -71.639693481,
                -12.71016010499983
              ],
              [
                -71.63896098099997,
                -12.709435604999896
              ],
              [
                -71.63847260599988,
                -12.709378854999954
              ],
              [
                -71.63663473199995,
                -12.710154355999975
              ],
              [
                -71.63379360599998,
                -12.709903604999909
              ],
              [
                -71.63361898099993,
                -12.708984104999956
              ],
              [
                -71.63381685599995,
                -12.708052854999892
              ],
              [
                -71.63309523099986,
                -12.707377854999947
              ],
              [
                -71.63179160599998,
                -12.70721485599995
              ],
              [
                -71.6294752309999,
                -12.70762222999997
              ],
              [
                -71.62236373099984,
                -12.705480604999877
              ],
              [
                -71.618592606,
                -12.705224604999955
              ],
              [
                -71.61629948199987,
                -12.704526229999885
              ],
              [
                -71.611755856,
                -12.70189960599987
              ],
              [
                -71.6100736059999,
                -12.701740229999928
              ],
              [
                -71.6087778569999,
                -12.701535729999875
              ],
              [
                -71.60484510699985,
                -12.701558480999893
              ],
              [
                -71.59938910599988,
                -12.700171729999909
              ],
              [
                -71.59844873099996,
                -12.700359480999907
              ],
              [
                -71.59674548099997,
                -12.70058710599983
              ],
              [
                -71.59621485599996,
                -12.70127910499997
              ],
              [
                -71.59218273099992,
                -12.702444979999882
              ]
            ]
          ]
        ],
        "type": "MultiPolygon"
      },
      "type": "Feature",
      "properties": {
        "PROVINCIA": "PAUCARTAMBO",
        "name": "PAUCARTAMBO",
        "ID": "071100",
        "DEPARTAMEN": "CUSCO"
      }
    }
  ]
}
