{
  "type": "FeatureCollection",
  "features": [
    {
      "geometry": {
        "coordinates": [
          [
            [
              [
                -76.59771673499995,
                -7.689289100999929
              ],
              [
                -76.59805523599988,
                -7.689631225999904
              ],
              [
                -76.60307348599997,
                -7.694704725999941
              ],
              [
                -76.60999236099991,
                -7.702898100999903
              ],
              [
                -76.61496685999992,
                -7.711816349999935
              ],
              [
                -76.6162558609999,
                -7.715775350999934
              ],
              [
                -76.61714848599985,
                -7.724853475999907
              ],
              [
                -76.61774411099987,
                -7.728874975999929
              ],
              [
                -76.6190801109999,
                -7.732259725999882
              ],
              [
                -76.62403761099984,
                -7.739969599999881
              ],
              [
                -76.62661723599984,
                -7.74338085099987
              ],
              [
                -76.63014186099997,
                -7.748413600999925
              ],
              [
                -76.6304511109999,
                -7.752897974999883
              ],
              [
                -76.62945098599994,
                -7.755099475999941
              ],
              [
                -76.62899686100002,
                -7.755884350999963
              ],
              [
                -76.62592386100005,
                -7.761949849999951
              ],
              [
                -76.62178773599993,
                -7.766953850999869
              ],
              [
                -76.61917023599989,
                -7.773140350999881
              ],
              [
                -76.61607698599994,
                -7.776709600999823
              ],
              [
                -76.61654486099991,
                -7.779667725999957
              ],
              [
                -76.62050273599993,
                -7.783609975999923
              ],
              [
                -76.6241509859999,
                -7.789797600999862
              ],
              [
                -76.62383398599985,
                -7.792021475999945
              ],
              [
                -76.62446511099995,
                -7.794609100999878
              ],
              [
                -76.62566611099993,
                -7.799858850999954
              ],
              [
                -76.62609436100001,
                -7.804689225999937
              ],
              [
                -76.627355486,
                -7.807949100999963
              ],
              [
                -76.62797411099984,
                -7.809852600999932
              ],
              [
                -76.62868798499994,
                -7.810828225999899
              ],
              [
                -76.6279276109999,
                -7.8130396009999
              ],
              [
                -76.62779161099985,
                -7.817825600999981
              ],
              [
                -76.630439486,
                -7.823490225999876
              ],
              [
                -76.63427773599989,
                -7.827295725999875
              ],
              [
                -76.6359226109999,
                -7.828839225999957
              ],
              [
                -76.63637461099984,
                -7.829981350999958
              ],
              [
                -76.63575598599988,
                -7.831670725999913
              ],
              [
                -76.6330822359999,
                -7.835277725999958
              ],
              [
                -76.6326932359998,
                -7.836402100999976
              ],
              [
                -76.63159198599988,
                -7.841569225999933
              ],
              [
                -76.63165648599988,
                -7.84260947599995
              ],
              [
                -76.63569536099993,
                -7.849929475999886
              ],
              [
                -76.63675536099987,
                -7.85413297599996
              ],
              [
                -76.63618486099995,
                -7.85548610099994
              ],
              [
                -76.63290436099993,
                -7.856315975999905
              ],
              [
                -76.62920573599996,
                -7.856349225999907
              ],
              [
                -76.62581098600003,
                -7.854510975999972
              ],
              [
                -76.6233126109999,
                -7.850894100999938
              ],
              [
                -76.61931548599983,
                -7.850172850999968
              ],
              [
                -76.61479023599998,
                -7.852043101
              ],
              [
                -76.61315261099992,
                -7.854051475999881
              ],
              [
                -76.61508011099988,
                -7.859024475999945
              ],
              [
                -76.61467561099988,
                -7.860666350999963
              ],
              [
                -76.61117573499996,
                -7.863624975999926
              ],
              [
                -76.60915523599982,
                -7.865234850999968
              ],
              [
                -76.60594298599989,
                -7.870826600999976
              ],
              [
                -76.60589536099985,
                -7.872420850999902
              ],
              [
                -76.60577773599988,
                -7.876561475999949
              ],
              [
                -76.60572736099982,
                -7.881425975999889
              ],
              [
                -76.6075663609999,
                -7.885593725999968
              ],
              [
                -76.60982423599978,
                -7.88834372599996
              ],
              [
                -76.61023211099985,
                -7.891371975999959
              ],
              [
                -76.61291161099996,
                -7.895167725999954
              ],
              [
                -76.61590973599988,
                -7.897523350999904
              ],
              [
                -76.62035936099988,
                -7.899997975999952
              ],
              [
                -76.62162048600004,
                -7.902044350999972
              ],
              [
                -76.62207798599997,
                -7.903267351000011
              ],
              [
                -76.62447586099995,
                -7.905875225999921
              ],
              [
                -76.62395298599995,
                -7.908702975999972
              ],
              [
                -76.6231194859999,
                -7.914227101
              ],
              [
                -76.6231194859999,
                -7.918319850999922
              ],
              [
                -76.62502311100002,
                -7.920151975999943
              ],
              [
                -76.62802148599997,
                -7.926724600999933
              ],
              [
                -76.62828298599993,
                -7.928242225999895
              ],
              [
                -76.62613673599981,
                -7.931187350999949
              ],
              [
                -76.62470298599999,
                -7.933320225999921
              ],
              [
                -76.62533998500004,
                -7.936151725999935
              ],
              [
                -76.62713986099993,
                -7.939564600999972
              ],
              [
                -76.62798123599998,
                -7.943813600999874
              ],
              [
                -76.62714873600004,
                -7.945254725999916
              ],
              [
                -76.623817111,
                -7.94605035099994
              ],
              [
                -76.62126711099984,
                -7.947215225999969
              ],
              [
                -76.61938511099993,
                -7.949065100999974
              ],
              [
                -76.61841573599992,
                -7.951832475999879
              ],
              [
                -76.6157544859999,
                -7.95388822599989
              ],
              [
                -76.61434686099994,
                -7.958946975999936
              ],
              [
                -76.61446586099987,
                -7.961730975999899
              ],
              [
                -76.61371136099996,
                -7.964625100999911
              ],
              [
                -76.61342598599987,
                -7.970978225999943
              ],
              [
                -76.61437773499995,
                -7.973048350999932
              ],
              [
                -76.61504398599999,
                -7.974666475999925
              ],
              [
                -76.61548086099998,
                -7.978707600999826
              ],
              [
                -76.6150202359999,
                -7.984445975999961
              ],
              [
                -76.61433010999991,
                -7.985707100999946
              ],
              [
                -76.611772111,
                -7.98520797599997
              ],
              [
                -76.61080811099998,
                -7.984662850999882
              ],
              [
                -76.61004198599994,
                -7.984555850999925
              ],
              [
                -76.60788386099989,
                -7.984371850999878
              ],
              [
                -76.60662998599997,
                -7.985192725999923
              ],
              [
                -76.60593973599998,
                -7.986322350999956
              ],
              [
                -76.60401473599995,
                -7.98990510099992
              ],
              [
                -76.60292023599982,
                -7.994045350999954
              ],
              [
                -76.60137348599989,
                -7.995925101999944
              ],
              [
                -76.59737598599992,
                -7.999637100999962
              ],
              [
                -76.59432986099984,
                -8.001870100999952
              ],
              [
                -76.5930692359999,
                -8.00239722699996
              ],
              [
                -76.58704923599998,
                -8.002159350999932
              ],
              [
                -76.57743611099994,
                -8.002159350999932
              ],
              [
                -76.57069548599992,
                -7.998574101000031
              ],
              [
                -76.56733148599994,
                -7.994869975999961
              ],
              [
                -76.56488348499988,
                -7.992471975999933
              ],
              [
                -76.56328486099994,
                -7.99212210099995
              ],
              [
                -76.55542136099984,
                -7.995465850999949
              ],
              [
                -76.55009136099989,
                -7.999199225999973
              ],
              [
                -76.54730736099992,
                -8.00279222599994
              ],
              [
                -76.54476648599984,
                -8.004110975999936
              ],
              [
                -76.54388860999995,
                -8.004408350999938
              ],
              [
                -76.54180298599988,
                -8.005114850999917
              ],
              [
                -76.53824298599983,
                -8.006812975999935
              ],
              [
                -76.53666511099993,
                -8.008164475999934
              ],
              [
                -76.53531111099983,
                -8.013083350999977
              ],
              [
                -76.53464248599983,
                -8.016337850999946
              ],
              [
                -76.53115898599998,
                -8.020144100999914
              ],
              [
                -76.52596736099997,
                -8.02365847599998
              ],
              [
                -76.52349748599988,
                -8.026277350999976
              ],
              [
                -76.52237861099985,
                -8.028115350999883
              ],
              [
                -76.52151223600004,
                -8.0295386009999
              ],
              [
                -76.52104623599985,
                -8.030304476999959
              ],
              [
                -76.52004686099991,
                -8.03136322599994
              ],
              [
                -76.51577998599993,
                -8.031404725999948
              ],
              [
                -76.50972011099992,
                -8.03278197599991
              ],
              [
                -76.49986986099998,
                -8.03502072599997
              ],
              [
                -76.49867386099987,
                -8.035292475999825
              ],
              [
                -76.49536498600003,
                -8.037151600999891
              ],
              [
                -76.49287398599995,
                -8.039456600999927
              ],
              [
                -76.49078448599982,
                -8.042504350999934
              ],
              [
                -76.48628736099988,
                -8.04193347599994
              ],
              [
                -76.48440760999995,
                -8.044316475999949
              ],
              [
                -76.48365348599992,
                -8.04554685099987
              ],
              [
                -76.48059410999991,
                -8.046864225999968
              ],
              [
                -76.47662036099996,
                -8.046578725999893
              ],
              [
                -76.47388398499999,
                -8.04807772599986
              ],
              [
                -76.46750698599993,
                -8.050219225999967
              ],
              [
                -76.46500860999998,
                -8.051599350999936
              ],
              [
                -76.46279573599986,
                -8.05374085099993
              ],
              [
                -76.45692385999996,
                -8.054822225999942
              ],
              [
                -76.45545885999996,
                -8.056753850999883
              ],
              [
                -76.4562146109999,
                -8.060004600999946
              ],
              [
                -76.45484385999998,
                -8.064317475999928
              ],
              [
                -76.45441248599991,
                -8.064975725999943
              ],
              [
                -76.45197911100001,
                -8.068689602
              ],
              [
                -76.44880848500003,
                -8.073528850999935
              ],
              [
                -76.44641710999997,
                -8.075241975999973
              ],
              [
                -76.4434041109999,
                -8.076535100999934
              ],
              [
                -76.43955298499992,
                -8.07665010099987
              ],
              [
                -76.43685173599988,
                -8.075991600999942
              ],
              [
                -76.43569848600004,
                -8.075957475999928
              ],
              [
                -76.43253898599983,
                -8.076755975999959
              ],
              [
                -76.43133061099985,
                -8.077569350999909
              ],
              [
                -76.42720898599998,
                -8.08127697599997
              ],
              [
                -76.42403736099993,
                -8.085274975999937
              ],
              [
                -76.41908198599998,
                -8.090143350999881
              ],
              [
                -76.41607323599999,
                -8.09482072599991
              ],
              [
                -76.41207573600002,
                -8.097276350999948
              ],
              [
                -76.406650485,
                -8.09973197699992
              ],
              [
                -76.4028814859999,
                -8.104072100999929
              ],
              [
                -76.39808448600002,
                -8.110924975999922
              ],
              [
                -76.39524985999986,
                -8.115848976999928
              ],
              [
                -76.39273548599976,
                -8.120216726999843
              ],
              [
                -76.39193136099993,
                -8.120880850999981
              ],
              [
                -76.38852373599997,
                -8.122857850999878
              ],
              [
                -76.38297060999986,
                -8.126149225999882
              ],
              [
                -76.37638861099998,
                -8.129722600999969
              ],
              [
                -76.3784627359999,
                -8.13434297599997
              ],
              [
                -76.37880485999989,
                -8.139056725999922
              ],
              [
                -76.37732273599983,
                -8.143821100999958
              ],
              [
                -76.37448573599983,
                -8.146305975999951
              ],
              [
                -76.37102661099988,
                -8.147445600999902
              ],
              [
                -76.36547073600002,
                -8.147167975999935
              ],
              [
                -76.358888235,
                -8.14336960099996
              ],
              [
                -76.35548086099988,
                -8.138762975999953
              ],
              [
                -76.35240948599989,
                -8.13719297599988
              ],
              [
                -76.34996336099988,
                -8.137866100999815
              ],
              [
                -76.347303485,
                -8.139826851999942
              ],
              [
                -76.34552611100003,
                -8.142537975999915
              ],
              [
                -76.34298736099993,
                -8.144503475999898
              ],
              [
                -76.33877536099993,
                -8.145935601999952
              ],
              [
                -76.33501410999986,
                -8.148692225999923
              ],
              [
                -76.33081273599987,
                -8.153002225999955
              ],
              [
                -76.32827736099989,
                -8.15809185199987
              ],
              [
                -76.32935886099983,
                -8.162460101000022
              ],
              [
                -76.33525548499995,
                -8.173143600999936
              ],
              [
                -76.33622073599997,
                -8.175486476999936
              ],
              [
                -76.3358378609999,
                -8.182308600999932
              ],
              [
                -76.33631598499994,
                -8.191743475999942
              ],
              [
                -76.33542948599995,
                -8.197699476999901
              ],
              [
                -76.33458361099986,
                -8.201335351999944
              ],
              [
                -76.33320698599982,
                -8.203689475999909
              ],
              [
                -76.32591623600001,
                -8.202781100999914
              ],
              [
                -76.32076248599992,
                -8.20455610099998
              ],
              [
                -76.31803910999992,
                -8.204371100999936
              ],
              [
                -76.312522361,
                -8.206784600999981
              ],
              [
                -76.30968373599984,
                -8.207240100999968
              ],
              [
                -76.30374461099996,
                -8.206840350999869
              ],
              [
                -76.30294511099999,
                -8.207525601999976
              ],
              [
                -76.30139848499982,
                -8.214773475999891
              ],
              [
                -76.29965211099983,
                -8.217456100999811
              ],
              [
                -76.2975232359999,
                -8.21813497599993
              ],
              [
                -76.29267935999997,
                -8.217517851999958
              ],
              [
                -76.28734173499993,
                -8.214093226999921
              ],
              [
                -76.28358398599988,
                -8.211548850999975
              ],
              [
                -76.27210035999997,
                -8.21208772599988
              ],
              [
                -76.2645623599999,
                -8.209079975999884
              ],
              [
                -76.26244948599992,
                -8.208450101999915
              ],
              [
                -76.25995110999997,
                -8.208271476999869
              ],
              [
                -76.25809635999991,
                -8.212237475999927
              ],
              [
                -76.25500298600002,
                -8.214402725999946
              ],
              [
                -76.248727486,
                -8.214832725999884
              ],
              [
                -76.24370061099984,
                -8.214402725999946
              ],
              [
                -76.23672873600003,
                -8.211309476999872
              ],
              [
                -76.23163673599998,
                -8.21398635099996
              ],
              [
                -76.22944360999998,
                -8.218081100999939
              ],
              [
                -76.22566023599984,
                -8.225504850999812
              ],
              [
                -76.22615985999988,
                -8.23257197599986
              ],
              [
                -76.22742098499987,
                -8.237782975999892
              ],
              [
                -76.2269467349999,
                -8.239380351999898
              ],
              [
                -76.22237648499993,
                -8.24192322599987
              ],
              [
                -76.21506448599996,
                -8.244966851999948
              ],
              [
                -76.21382560999996,
                -8.246144726999944
              ],
              [
                -76.21164511099994,
                -8.251298350999946
              ],
              [
                -76.20691011100001,
                -8.257246975999976
              ],
              [
                -76.20617248499991,
                -8.25855572599994
              ],
              [
                -76.20262698499982,
                -8.264623350999955
              ],
              [
                -76.20209386100004,
                -8.270552975999976
              ],
              [
                -76.19972411099991,
                -8.274854976999904
              ],
              [
                -76.19769060999988,
                -8.281209350999973
              ],
              [
                -76.1984994849999,
                -8.285539976999928
              ],
              [
                -76.19766661099993,
                -8.288419226999906
              ],
              [
                -76.19669111099995,
                -8.295700350999937
              ],
              [
                -76.19468336099999,
                -8.298000975999855
              ],
              [
                -76.18481760999987,
                -8.303409726999973
              ],
              [
                -76.18203935999992,
                -8.303973101999873
              ],
              [
                -76.17725198499994,
                -8.304659226999888
              ],
              [
                -76.17220760999993,
                -8.307133851999936
              ],
              [
                -76.16680611000004,
                -8.310322351999957
              ],
              [
                -76.16511673599996,
                -8.313130226999931
              ],
              [
                -76.16416698599988,
                -8.320347976999926
              ],
              [
                -76.1641903599999,
                -8.324127351999891
              ],
              [
                -76.16246398499993,
                -8.329726350999977
              ],
              [
                -76.16056773499997,
                -8.335486226999876
              ],
              [
                -76.15229248599991,
                -8.350652475999937
              ],
              [
                -76.15229248599991,
                -8.354595100999973
              ],
              [
                -76.15142848599999,
                -8.357569851999926
              ],
              [
                -76.14767335999989,
                -8.363950100999887
              ],
              [
                -76.14578123499984,
                -8.367545100999962
              ],
              [
                -76.14300748599993,
                -8.369899100999874
              ],
              [
                -76.13869161099996,
                -8.37349172599994
              ],
              [
                -76.13403048500004,
                -8.376596850999931
              ],
              [
                -76.13214548599984,
                -8.37726885099994
              ],
              [
                -76.13180948499985,
                -8.376951476999977
              ],
              [
                -76.13121223499991,
                -8.37530910099997
              ],
              [
                -76.13016323499988,
                -8.3717179759999
              ],
              [
                -76.13173485999982,
                -8.366966601999877
              ],
              [
                -76.12994323499998,
                -8.361591600999873
              ],
              [
                -76.12909636099994,
                -8.36071097699994
              ],
              [
                -76.1277222359999,
                -8.360751726999922
              ],
              [
                -76.12733036099996,
                -8.361180976999947
              ],
              [
                -76.12656986099984,
                -8.36312260099993
              ],
              [
                -76.12308186099983,
                -8.366801850999934
              ],
              [
                -76.11979636099977,
                -8.37250222699987
              ],
              [
                -76.11744473499988,
                -8.373027601999922
              ],
              [
                -76.11361348499986,
                -8.374211725999942
              ],
              [
                -76.11222036099997,
                -8.376552350999873
              ],
              [
                -76.11040286099995,
                -8.378455101999918
              ],
              [
                -76.10916598499983,
                -8.379613225999947
              ],
              [
                -76.11108986099987,
                -8.381456975999981
              ],
              [
                -76.1128281099999,
                -8.383486350999931
              ],
              [
                -76.11323435999992,
                -8.385224600999948
              ],
              [
                -76.11219135999988,
                -8.387831975999973
              ],
              [
                -76.11074223499998,
                -8.389917975999879
              ],
              [
                -76.10998823599994,
                -8.391539100999978
              ],
              [
                -76.10946673499996,
                -8.394146476999822
              ],
              [
                -76.10865623499978,
                -8.396117225999888
              ],
              [
                -76.10778710999989,
                -8.39901372699984
              ],
              [
                -76.10998823599994,
                -8.40289647599991
              ],
              [
                -76.11010548499996,
                -8.406488226999954
              ],
              [
                -76.10981448499984,
                -8.407763726999974
              ],
              [
                -76.10859761099988,
                -8.41396285199994
              ],
              [
                -76.10871486099984,
                -8.415990226999895
              ],
              [
                -76.10941010999989,
                -8.41778710099993
              ],
              [
                -76.11505073599994,
                -8.423701225999935
              ],
              [
                -76.11811723599999,
                -8.428521475999958
              ],
              [
                -76.11875973599996,
                -8.432755850999968
              ],
              [
                -76.11824610999992,
                -8.435382726999876
              ],
              [
                -76.11778911099998,
                -8.438238226999886
              ],
              [
                -76.1170468599999,
                -8.440921851999974
              ],
              [
                -76.11740623499998,
                -8.44317385099987
              ],
              [
                -76.11775973599993,
                -8.443746100999874
              ],
              [
                -76.12111723599998,
                -8.446609350999893
              ],
              [
                -76.12458798599982,
                -8.449874976999922
              ],
              [
                -76.12601173599984,
                -8.452857476999952
              ],
              [
                -76.12806835999993,
                -8.45531247599996
              ],
              [
                -76.12864648599998,
                -8.457101601999852
              ],
              [
                -76.1277187359999,
                -8.464951226999972
              ],
              [
                -76.12986323599984,
                -8.466689475999942
              ],
              [
                -76.13044123599997,
                -8.467211101999908
              ],
              [
                -76.13062110999994,
                -8.468619101999877
              ],
              [
                -76.13006835999994,
                -8.475665976999949
              ],
              [
                -76.13011723499983,
                -8.47851372699995
              ],
              [
                -76.13021098500002,
                -8.480365225999833
              ],
              [
                -76.12947073599992,
                -8.483595725999976
              ],
              [
                -76.1294023609999,
                -8.486632850999968
              ],
              [
                -76.1282656109999,
                -8.494226601999912
              ],
              [
                -76.12736523499984,
                -8.49547847699995
              ],
              [
                -76.12669335999993,
                -8.495886601999928
              ],
              [
                -76.12620511099988,
                -8.496917975999907
              ],
              [
                -76.12630473599995,
                -8.497958975999893
              ],
              [
                -76.12654098599978,
                -8.498482475999879
              ],
              [
                -76.12590035999989,
                -8.499777351999967
              ],
              [
                -76.127085985,
                -8.50510935099993
              ],
              [
                -76.12631248499997,
                -8.508033225999895
              ],
              [
                -76.12609760999993,
                -8.50947260099997
              ],
              [
                -76.12658598599984,
                -8.51294722699987
              ],
              [
                -76.12654298599983,
                -8.514015600999926
              ],
              [
                -76.1260859859998,
                -8.516937476999885
              ],
              [
                -76.12638473599998,
                -8.517646476999914
              ],
              [
                -76.12726361100005,
                -8.51866210199995
              ],
              [
                -76.1277246109999,
                -8.524130850999825
              ],
              [
                -76.12827923599997,
                -8.525216851999971
              ],
              [
                -76.13018748499985,
                -8.526636726999925
              ],
              [
                -76.13082035999992,
                -8.527158226999916
              ],
              [
                -76.13117573599999,
                -8.528456976999905
              ],
              [
                -76.13107811099991,
                -8.529523475999952
              ],
              [
                -76.13083998499997,
                -8.530400350999969
              ],
              [
                -76.12858198499998,
                -8.532277351999937
              ],
              [
                -76.12815235999994,
                -8.532929726999896
              ],
              [
                -76.12722260999993,
                -8.537105475999965
              ],
              [
                -76.12742973599995,
                -8.541220726999939
              ],
              [
                -76.12646486100004,
                -8.544642601999954
              ],
              [
                -76.12698435999994,
                -8.54621097599994
              ],
              [
                -76.12799798499998,
                -8.54886135199996
              ],
              [
                -76.12834373499982,
                -8.549714851999966
              ],
              [
                -76.129466735,
                -8.552544976999968
              ],
              [
                -76.13022460999991,
                -8.553179726999929
              ],
              [
                -76.1318496099999,
                -8.552591851999978
              ],
              [
                -76.13198823599998,
                -8.553199226999936
              ],
              [
                -76.13125198499995,
                -8.554226601999972
              ],
              [
                -76.13034573599998,
                -8.555216851999887
              ],
              [
                -76.13094535999994,
                -8.55790435199998
              ],
              [
                -76.13144723599999,
                -8.559173850999912
              ],
              [
                -76.13198048499999,
                -8.561601601999882
              ],
              [
                -76.13414448599997,
                -8.56464647599995
              ],
              [
                -76.13483598599998,
                -8.56607222599996
              ],
              [
                -76.13493360999996,
                -8.567906225999934
              ],
              [
                -76.13404098500001,
                -8.569513726999958
              ],
              [
                -76.13468160999992,
                -8.571908226999938
              ],
              [
                -76.13444910999993,
                -8.573484351999923
              ],
              [
                -76.13093948599999,
                -8.57856447699993
              ],
              [
                -76.1296738609999,
                -8.580062476999956
              ],
              [
                -76.12743160999992,
                -8.58132222699993
              ],
              [
                -76.12718948599979,
                -8.581830101999913
              ],
              [
                -76.12689260999991,
                -8.584091851999915
              ],
              [
                -76.12390423599993,
                -8.588376975999893
              ],
              [
                -76.12305473499998,
                -8.589333975999978
              ],
              [
                -76.12207223499985,
                -8.589480475999892
              ],
              [
                -76.12095323599982,
                -8.589216851999936
              ],
              [
                -76.12034373499984,
                -8.589290976999962
              ],
              [
                -76.12018360999991,
                -8.58992572699998
              ],
              [
                -76.12188873499986,
                -8.592095726999958
              ],
              [
                -76.12308010999993,
                -8.595880850999947
              ],
              [
                -76.1229433609999,
                -8.598570351999967
              ],
              [
                -76.12452923499984,
                -8.603572226999972
              ],
              [
                -76.12435548499985,
                -8.605103476999886
              ],
              [
                -76.12388285999992,
                -8.606634726999971
              ],
              [
                -76.1240468609999,
                -8.607933601999946
              ],
              [
                -76.1237753609999,
                -8.608654351999974
              ],
              [
                -76.12215036099985,
                -8.60839060099994
              ],
              [
                -76.12090623499984,
                -8.609124976999851
              ],
              [
                -76.12098036100002,
                -8.61070510199994
              ],
              [
                -76.12165235999993,
                -8.61283210099998
              ],
              [
                -76.12202923499984,
                -8.613427726999873
              ],
              [
                -76.12283786099988,
                -8.613955100999817
              ],
              [
                -76.1232343609999,
                -8.61557222699986
              ],
              [
                -76.12224998599999,
                -8.617220725999914
              ],
              [
                -76.1220878609999,
                -8.617480601999944
              ],
              [
                -76.12051761099991,
                -8.618205100999944
              ],
              [
                -76.120292985,
                -8.619062476999886
              ],
              [
                -76.121958985,
                -8.622789101999956
              ],
              [
                -76.12174998599994,
                -8.623652351999965
              ],
              [
                -76.12287111099988,
                -8.62403910099988
              ],
              [
                -76.12329885999992,
                -8.62372072699992
              ],
              [
                -76.12402736099989,
                -8.623841851999941
              ],
              [
                -76.12420310999994,
                -8.62410160199994
              ],
              [
                -76.12417573599998,
                -8.624638725999944
              ],
              [
                -76.12323235999992,
                -8.626474601999973
              ],
              [
                -76.12246673499999,
                -8.627148476999935
              ],
              [
                -76.12135548599997,
                -8.627703101999941
              ],
              [
                -76.12052348499986,
                -8.628324226999894
              ],
              [
                -76.12015623499997,
                -8.629517601999964
              ],
              [
                -76.12016210999991,
                -8.629749976999904
              ],
              [
                -76.12042973499985,
                -8.630361476999951
              ],
              [
                -76.12122461099989,
                -8.63316597699992
              ],
              [
                -76.12032036100004,
                -8.634988226999894
              ],
              [
                -76.11958198499997,
                -8.635484351999935
              ],
              [
                -76.1178593599999,
                -8.636248101999968
              ],
              [
                -76.11754486099989,
                -8.63711722699992
              ],
              [
                -76.11688473599997,
                -8.637261725999963
              ],
              [
                -76.11641023599998,
                -8.63699810199995
              ],
              [
                -76.11576173499998,
                -8.635298850999902
              ],
              [
                -76.11510161099989,
                -8.634960976999935
              ],
              [
                -76.11440823599997,
                -8.635156226999925
              ],
              [
                -76.11368948599977,
                -8.63567572699992
              ],
              [
                -76.11163473599993,
                -8.639449101999958
              ],
              [
                -76.1111933599999,
                -8.639117226999929
              ],
              [
                -76.10998635999988,
                -8.638459101999842
              ],
              [
                -76.10960548499997,
                -8.638724601999968
              ],
              [
                -76.10747073499982,
                -8.64068947699991
              ],
              [
                -76.1069999849999,
                -8.642451226999924
              ],
              [
                -76.10746486099987,
                -8.645785101999877
              ],
              [
                -76.10712886099986,
                -8.648800726999923
              ],
              [
                -76.10750786099987,
                -8.649859351999964
              ],
              [
                -76.10848236099986,
                -8.650841851999871
              ],
              [
                -76.10937698599997,
                -8.652271476999942
              ],
              [
                -76.10940035999988,
                -8.65253122699994
              ],
              [
                -76.10913860999989,
                -8.653808600999923
              ],
              [
                -76.10919335999989,
                -8.65395697599996
              ],
              [
                -76.10974023499983,
                -8.65405860199985
              ],
              [
                -76.11266410999991,
                -8.653017601999977
              ],
              [
                -76.1136601099999,
                -8.653302726999925
              ],
              [
                -76.11406248499998,
                -8.653929726999934
              ],
              [
                -76.11386723599998,
                -8.65486735099995
              ],
              [
                -76.11332610999989,
                -8.656902350999928
              ],
              [
                -76.1144941099999,
                -8.656187476999946
              ],
              [
                -76.11477923499979,
                -8.656304726999963
              ],
              [
                -76.11497260999988,
                -8.657138850999957
              ],
              [
                -76.11506048599995,
                -8.657388726999955
              ],
              [
                -76.11566798499996,
                -8.657669976999955
              ],
              [
                -76.11592573499979,
                -8.657574225999952
              ],
              [
                -76.11806048599976,
                -8.656119101999877
              ],
              [
                -76.11827736099985,
                -8.653734351999844
              ],
              [
                -76.11896873499984,
                -8.652410225999972
              ],
              [
                -76.11941798499993,
                -8.65234372599997
              ],
              [
                -76.11983598499984,
                -8.653109351999888
              ],
              [
                -76.11992385999991,
                -8.653878851999877
              ],
              [
                -76.1206503599999,
                -8.654031225999972
              ],
              [
                -76.12225585999994,
                -8.653898476999927
              ],
              [
                -76.123460985,
                -8.652871101999892
              ],
              [
                -76.12417185999993,
                -8.65338672699994
              ],
              [
                -76.12451561099988,
                -8.654429725999933
              ],
              [
                -76.12539848599982,
                -8.655943351999895
              ],
              [
                -76.12566798599983,
                -8.656187476999946
              ],
              [
                -76.1262891099999,
                -8.656501975999959
              ],
              [
                -76.12813285999994,
                -8.656480476999945
              ],
              [
                -76.12888673499987,
                -8.655695476999938
              ],
              [
                -76.13093360999994,
                -8.656306601999972
              ],
              [
                -76.13145310999994,
                -8.657249976999935
              ],
              [
                -76.131533235,
                -8.657828101999883
              ],
              [
                -76.13122073599999,
                -8.659201225999936
              ],
              [
                -76.13068748500001,
                -8.659927726999967
              ],
              [
                -76.13029486100004,
                -8.660331976999942
              ],
              [
                -76.13005860999994,
                -8.66119535199988
              ],
              [
                -76.1301386099999,
                -8.662777351999864
              ],
              [
                -76.13101948499985,
                -8.663632976999963
              ],
              [
                -76.13203123599999,
                -8.6646093519999
              ],
              [
                -76.1323261099999,
                -8.663853476999975
              ],
              [
                -76.13193361099991,
                -8.662671976999945
              ],
              [
                -76.13198636099992,
                -8.662253851999878
              ],
              [
                -76.13223435999993,
                -8.662146475999975
              ],
              [
                -76.13404685999996,
                -8.663990226999942
              ],
              [
                -76.13627348499989,
                -8.665806601999861
              ],
              [
                -76.13640623599997,
                -8.665826226999968
              ],
              [
                -76.13720898599985,
                -8.665251976999969
              ],
              [
                -76.13755660999993,
                -8.665206976999968
              ],
              [
                -76.13830073599985,
                -8.665415976999952
              ],
              [
                -76.13948823499987,
                -8.666640601999916
              ],
              [
                -76.13969723599996,
                -8.669802726999933
              ],
              [
                -76.13866411099991,
                -8.67154497699994
              ],
              [
                -76.13782611099992,
                -8.672749976999967
              ],
              [
                -76.13704886099993,
                -8.67306822699993
              ],
              [
                -76.136497985,
                -8.673642601999916
              ],
              [
                -76.13651760999994,
                -8.673837851999906
              ],
              [
                -76.13681835999995,
                -8.674318350999954
              ],
              [
                -76.13748823499986,
                -8.67600972699995
              ],
              [
                -76.13820110999995,
                -8.677039101999924
              ],
              [
                -76.1391426109999,
                -8.677624976999937
              ],
              [
                -76.14037498599998,
                -8.680464850999954
              ],
              [
                -76.14064836099988,
                -8.681728476999979
              ],
              [
                -76.14126948599983,
                -8.68227535199992
              ],
              [
                -76.14248823499986,
                -8.681738226999926
              ],
              [
                -76.14309761099992,
                -8.68256060199991
              ],
              [
                -76.14349998499989,
                -8.683601601999953
              ],
              [
                -76.14397260999988,
                -8.685662100999934
              ],
              [
                -76.14441598599984,
                -8.685998101999928
              ],
              [
                -76.14542973499988,
                -8.686751975999869
              ],
              [
                -76.1446894849999,
                -8.689378851999948
              ],
              [
                -76.14436910999996,
                -8.690365226999972
              ],
              [
                -76.14445898500003,
                -8.691326225999887
              ],
              [
                -76.14636135999996,
                -8.694763726999895
              ],
              [
                -76.14758010999998,
                -8.698353476999955
              ],
              [
                -76.14720510999996,
                -8.70088285199995
              ],
              [
                -76.14734960999982,
                -8.702470726999877
              ],
              [
                -76.14698248499991,
                -8.703724600999976
              ],
              [
                -76.14649023499987,
                -8.70547260199993
              ],
              [
                -76.14720698599984,
                -8.70663472699988
              ],
              [
                -76.14881836099994,
                -8.707056600999977
              ],
              [
                -76.15009373500004,
                -8.7075722269999
              ],
              [
                -76.15076561099994,
                -8.708374975999902
              ],
              [
                -76.15065623599986,
                -8.70943747699988
              ],
              [
                -76.14924610999998,
                -8.710132976999887
              ],
              [
                -76.14615623500003,
                -8.710246100999939
              ],
              [
                -76.14569723499989,
                -8.710447226999975
              ],
              [
                -76.14524798599984,
                -8.711193351999952
              ],
              [
                -76.14558985999997,
                -8.712191351999934
              ],
              [
                -76.14714848499989,
                -8.714972600999943
              ],
              [
                -76.1479999849999,
                -8.717644351999922
              ],
              [
                -76.15036723600002,
                -8.717976600999975
              ],
              [
                -76.15154686099993,
                -8.72011722699989
              ],
              [
                -76.1519394849999,
                -8.721831976999908
              ],
              [
                -76.15243948499989,
                -8.722322226999893
              ],
              [
                -76.15303511099995,
                -8.722794976999921
              ],
              [
                -76.15324023499988,
                -8.723177726999893
              ],
              [
                -76.15343360999998,
                -8.724306601999956
              ],
              [
                -76.15310735999998,
                -8.72592785199987
              ],
              [
                -76.15315610999994,
                -8.726662101999977
              ],
              [
                -76.15338086099996,
                -8.727382851999948
              ],
              [
                -76.15437110999994,
                -8.729724601999976
              ],
              [
                -76.15659760999995,
                -8.733175726999889
              ],
              [
                -76.15709760999994,
                -8.733271476999903
              ],
              [
                -76.15794335999982,
                -8.73281447699992
              ],
              [
                -76.15880073599999,
                -8.732328100999894
              ],
              [
                -76.16137110999983,
                -8.731064476999904
              ],
              [
                -76.16285723599987,
                -8.73147847699994
              ],
              [
                -76.1639492349999,
                -8.738857476999954
              ],
              [
                -76.16535160999985,
                -8.740763726999944
              ],
              [
                -76.16502135999997,
                -8.74247660199984
              ],
              [
                -76.16330660999995,
                -8.74353122599996
              ],
              [
                -76.16323035999994,
                -8.743927726999914
              ],
              [
                -76.16347248499989,
                -8.745208976999947
              ],
              [
                -76.16376548499989,
                -8.746595726999942
              ],
              [
                -76.16432423499992,
                -8.747419976999936
              ],
              [
                -76.16460161099997,
                -8.749367226999937
              ],
              [
                -76.16453511099996,
                -8.751400351999962
              ],
              [
                -76.16476948499991,
                -8.752496101999895
              ],
              [
                -76.16552736099993,
                -8.753691351999976
              ],
              [
                -76.16617185999996,
                -8.756040976999941
              ],
              [
                -76.1672617349999,
                -8.756841851999866
              ],
              [
                -76.1700547349999,
                -8.757341850999921
              ],
              [
                -76.17199023599989,
                -8.75823810199995
              ],
              [
                -76.1732207359999,
                -8.759257851999905
              ],
              [
                -76.17404685999998,
                -8.759619101999874
              ],
              [
                -76.17852098499998,
                -8.7581681019999
              ],
              [
                -76.1801186109999,
                -8.757840226999974
              ],
              [
                -76.18201873599992,
                -8.758051476999924
              ],
              [
                -76.18625535999996,
                -8.76073972599994
              ],
              [
                -76.1877614849999,
                -8.761176101999922
              ],
              [
                -76.19009786100003,
                -8.760711601999958
              ],
              [
                -76.19287073500004,
                -8.758909976999917
              ],
              [
                -76.19551686100004,
                -8.757052101999932
              ],
              [
                -76.19733785999989,
                -8.757314476999966
              ],
              [
                -76.19885936099985,
                -8.760054601999968
              ],
              [
                -76.19888673499997,
                -8.765355476999957
              ],
              [
                -76.1995937349999,
                -8.769665976999931
              ],
              [
                -76.20017773599994,
                -8.770882851999886
              ],
              [
                -76.20225786100002,
                -8.773521476999974
              ],
              [
                -76.20442636099995,
                -8.774716351999814
              ],
              [
                -76.20921198499985,
                -8.77477272699997
              ],
              [
                -76.21267448599991,
                -8.773154101999978
              ],
              [
                -76.2137723599999,
                -8.773519976999921
              ],
              [
                -76.21389860999994,
                -8.780697226999962
              ],
              [
                -76.21465823599982,
                -8.784603476999962
              ],
              [
                -76.21732223499998,
                -8.788357476999977
              ],
              [
                -76.21869135999992,
                -8.788789101999953
              ],
              [
                -76.22277536099989,
                -8.790589850999936
              ],
              [
                -76.22356048499984,
                -8.791425726999876
              ],
              [
                -76.2264766099999,
                -8.793480476999889
              ],
              [
                -76.22784573599984,
                -8.794595726999887
              ],
              [
                -76.23015423599998,
                -8.796294976999889
              ],
              [
                -76.23350198599996,
                -8.79548435199996
              ],
              [
                -76.23550586099992,
                -8.793150351999941
              ],
              [
                -76.23548048599986,
                -8.789244101999941
              ],
              [
                -76.23459173499998,
                -8.787191351999923
              ],
              [
                -76.23266410999992,
                -8.783132851999937
              ],
              [
                -76.23165036099988,
                -8.780927726999948
              ],
              [
                -76.23205660999992,
                -8.778441475999898
              ],
              [
                -76.23263861099991,
                -8.77719922599988
              ],
              [
                -76.23534648499992,
                -8.773918101999925
              ],
              [
                -76.24038048499995,
                -8.770256975999871
              ],
              [
                -76.2407824849999,
                -8.769159601999945
              ],
              [
                -76.24076548599999,
                -8.767212226999845
              ],
              [
                -76.24035923499986,
                -8.766348475999962
              ],
              [
                -76.239740235,
                -8.765226601999927
              ],
              [
                -76.23715423599998,
                -8.763757851999912
              ],
              [
                -76.23456635999992,
                -8.763580102
              ],
              [
                -76.23170573499982,
                -8.761844101999941
              ],
              [
                -76.23152810999989,
                -8.75982722699996
              ],
              [
                -76.23243385999984,
                -8.758203226999967
              ],
              [
                -76.23468611099997,
                -8.757051726999975
              ],
              [
                -76.24010511099988,
                -8.756204976999925
              ],
              [
                -76.24357036099991,
                -8.753865226999949
              ],
              [
                -76.24387498599987,
                -8.750593851999895
              ],
              [
                -76.24285936099994,
                -8.749427725999965
              ],
              [
                -76.24014648599984,
                -8.749503850999872
              ],
              [
                -76.23740823599985,
                -8.750693351999871
              ],
              [
                -76.23550586099992,
                -8.750796851999894
              ],
              [
                -76.23142185999995,
                -8.74968160199984
              ],
              [
                -76.2286836109999,
                -8.748083975999975
              ],
              [
                -76.22891211099989,
                -8.745193351999887
              ],
              [
                -76.23017973599997,
                -8.742808601999968
              ],
              [
                -76.23109186099992,
                -8.741820351999877
              ],
              [
                -76.2334003599999,
                -8.739486350999982
              ],
              [
                -76.23636723599998,
                -8.736697351999965
              ],
              [
                -76.24062886099989,
                -8.731371101999969
              ],
              [
                -76.24154098599985,
                -8.728480476999891
              ],
              [
                -76.24138861099993,
                -8.723939475999941
              ],
              [
                -76.24227736099994,
                -8.721048851999967
              ],
              [
                -76.24572673499989,
                -8.716585976999909
              ],
              [
                -76.24737298599985,
                -8.71486322699991
              ],
              [
                -76.25021486099996,
                -8.71278122699988
              ],
              [
                -76.25191410999997,
                -8.712044976999891
              ],
              [
                -76.25523236099991,
                -8.711033226999916
              ],
              [
                -76.25639073499991,
                -8.710292976999881
              ],
              [
                -76.257126986,
                -8.709371101999977
              ],
              [
                -76.25776173500003,
                -8.707058601999961
              ],
              [
                -76.25723635999998,
                -8.704767601999947
              ],
              [
                -76.25544136099995,
                -8.702353475999871
              ],
              [
                -76.25445123500003,
                -8.700435600999981
              ],
              [
                -76.25426561099994,
                -8.696968726999955
              ],
              [
                -76.25435735999997,
                -8.691275351999934
              ],
              [
                -76.25667973500003,
                -8.68876947599989
              ],
              [
                -76.25875198599988,
                -8.68892385199996
              ],
              [
                -76.26150585999983,
                -8.69068747599988
              ],
              [
                -76.26608198600002,
                -8.690353476999974
              ],
              [
                -76.26754098499993,
                -8.688955100999976
              ],
              [
                -76.26794335999983,
                -8.685736351999935
              ],
              [
                -76.26648823599987,
                -8.683632851999903
              ],
              [
                -76.2629922349999,
                -8.68220897599997
              ],
              [
                -76.25946485999998,
                -8.68258022699996
              ],
              [
                -76.2570507349999,
                -8.684158100999923
              ],
              [
                -76.25281448599986,
                -8.68689847699983
              ],
              [
                -76.25027348499987,
                -8.687748101999944
              ],
              [
                -76.2470859849999,
                -8.685861351999904
              ],
              [
                -76.24779685999982,
                -8.680847601999915
              ],
              [
                -76.24884960999998,
                -8.676236351999933
              ],
              [
                -76.25185160999979,
                -8.667849600999944
              ],
              [
                -76.25398635999983,
                -8.6635176019999
              ],
              [
                -76.2567782349999,
                -8.660519975999932
              ],
              [
                -76.26668298599992,
                -8.655046726999956
              ],
              [
                -76.26836611099992,
                -8.652732351999873
              ],
              [
                -76.2683457359999,
                -8.648169976999952
              ],
              [
                -76.26723048600002,
                -8.64538672599997
              ],
              [
                -76.26280660999998,
                -8.639906226999926
              ],
              [
                -76.2625167349999,
                -8.637345851999896
              ],
              [
                -76.26329485999997,
                -8.635577602000012
              ],
              [
                -76.2642761109999,
                -8.63480660199997
              ],
              [
                -76.26596161099991,
                -8.634307851999893
              ],
              [
                -76.26749448499999,
                -8.633856976999823
              ],
              [
                -76.26875686,
                -8.632804975999932
              ],
              [
                -76.26983011099998,
                -8.628953101999969
              ],
              [
                -76.26893360999998,
                -8.625828101999957
              ],
              [
                -76.26735548600004,
                -8.623011726999891
              ],
              [
                -76.26475573499988,
                -8.620783225999958
              ],
              [
                -76.26153510999995,
                -8.617378850999955
              ],
              [
                -76.26329885999996,
                -8.613480476999882
              ],
              [
                -76.26744760999986,
                -8.610084976999985
              ],
              [
                -76.27266410999982,
                -8.606716100999847
              ],
              [
                -76.2734456099999,
                -8.604552100999854
              ],
              [
                -76.27295698599988,
                -8.603240226999844
              ],
              [
                -76.2718729849999,
                -8.601472601999944
              ],
              [
                -76.2705742359999,
                -8.599214851999932
              ],
              [
                -76.27147073599991,
                -8.596863225999869
              ],
              [
                -76.2736054859999,
                -8.594418101999963
              ],
              [
                -76.27617386099996,
                -8.592499976999875
              ],
              [
                -76.28344723499993,
                -8.5887246019999
              ],
              [
                -76.28527148599989,
                -8.586589851999918
              ],
              [
                -76.2850859859999,
                -8.584175726999945
              ],
              [
                -76.28325973499994,
                -8.582503852
              ],
              [
                -76.28146673599991,
                -8.581265601999917
              ],
              [
                -76.27861911099984,
                -8.578140601999905
              ],
              [
                -76.27895898499992,
                -8.575138726999967
              ],
              [
                -76.2803586099999,
                -8.573563976999878
              ],
              [
                -76.28609936099997,
                -8.569115600999964
              ],
              [
                -76.2892069859999,
                -8.568937476999963
              ],
              [
                -76.29147461000002,
                -8.569634725999947
              ],
              [
                -76.29577748599996,
                -8.57296285199999
              ],
              [
                -76.30027348599992,
                -8.574423850999949
              ],
              [
                -76.30225386099983,
                -8.572080100999926
              ],
              [
                -76.30172848599994,
                -8.56969722699995
              ],
              [
                -76.299789111,
                -8.564972601999898
              ],
              [
                -76.30015235999991,
                -8.560609351999972
              ],
              [
                -76.30217186099986,
                -8.556892601999891
              ],
              [
                -76.30504098499983,
                -8.552611351999872
              ],
              [
                -76.30827148599997,
                -8.550066351999874
              ],
              [
                -76.31049223599996,
                -8.548734351999883
              ],
              [
                -76.31302511099983,
                -8.543716100999916
              ],
              [
                -76.3140058599999,
                -8.536818350999965
              ],
              [
                -76.31445110999988,
                -8.534515600999839
              ],
              [
                -76.31489648499996,
                -8.532333975999961
              ],
              [
                -76.31699611099998,
                -8.529468725999948
              ],
              [
                -76.32329685999991,
                -8.526394476999883
              ],
              [
                -76.32418548599998,
                -8.524134600999957
              ],
              [
                -76.32321673499985,
                -8.521751975999905
              ],
              [
                -76.32274910999996,
                -8.519399351999937
              ],
              [
                -76.32112898599996,
                -8.515792101999978
              ],
              [
                -76.31943198599987,
                -8.511021100999926
              ],
              [
                -76.31615461099994,
                -8.508535851000033
              ],
              [
                -76.31196123500001,
                -8.505875976999846
              ],
              [
                -76.31143685999996,
                -8.505005350999909
              ],
              [
                -76.31179748499994,
                -8.502931600999943
              ],
              [
                -76.31353336099988,
                -8.498717601999886
              ],
              [
                -76.31585511099985,
                -8.497100600999943
              ],
              [
                -76.32108498499986,
                -8.494936725999935
              ],
              [
                -76.32270798499985,
                -8.492364725999948
              ],
              [
                -76.32742685999995,
                -8.479908350999949
              ],
              [
                -76.32772736000004,
                -8.478375600999868
              ],
              [
                -76.32702148599998,
                -8.475921726999957
              ],
              [
                -76.32321898599986,
                -8.473867226999971
              ],
              [
                -76.32180623499994,
                -8.47140247699997
              ],
              [
                -76.32190398599994,
                -8.468952351999917
              ],
              [
                -76.32342573599982,
                -8.466142475999959
              ],
              [
                -76.32531448499986,
                -8.464441350999891
              ],
              [
                -76.32753511099992,
                -8.462882851999893
              ],
              [
                -76.32819360999997,
                -8.458566351
              ],
              [
                -76.32784761100004,
                -8.453338601999974
              ],
              [
                -76.32950123599989,
                -8.449556601999973
              ],
              [
                -76.33115386099985,
                -8.447657975999903
              ],
              [
                -76.33220573499983,
                -8.446275351999873
              ],
              [
                -76.3327753609999,
                -8.442665975999944
              ],
              [
                -76.33164448599996,
                -8.43643160199997
              ],
              [
                -76.33223510999989,
                -8.433189726999956
              ],
              [
                -76.33346810999984,
                -8.429473850999898
              ],
              [
                -76.33679248599992,
                -8.426217350999934
              ],
              [
                -76.33945935999986,
                -8.424804850999976
              ],
              [
                -76.34281873499992,
                -8.424540350999905
              ],
              [
                -76.34490010999991,
                -8.424769101999914
              ],
              [
                -76.34885698499983,
                -8.425489600999924
              ],
              [
                -76.35033223499994,
                -8.425569601999882
              ],
              [
                -76.35346186099991,
                -8.42546060099994
              ],
              [
                -76.35609961099976,
                -8.425074226999925
              ],
              [
                -76.35748836099998,
                -8.423654350999868
              ],
              [
                -76.35753423499989,
                -8.423576976
              ],
              [
                -76.35979448499984,
                -8.419608850999907
              ],
              [
                -76.35993060999982,
                -8.419197475999965
              ],
              [
                -76.36121998499993,
                -8.416424100999905
              ],
              [
                -76.36390935999987,
                -8.413502225999935
              ],
              [
                -76.36670998499994,
                -8.411540726999931
              ],
              [
                -76.36889386099983,
                -8.411116100999948
              ],
              [
                -76.37126973599993,
                -8.410923975999935
              ],
              [
                -76.37185623599987,
                -8.411318351999967
              ],
              [
                -76.37179298599989,
                -8.412652850999905
              ],
              [
                -76.37202511099991,
                -8.413313351999932
              ],
              [
                -76.37247998599997,
                -8.414379975999907
              ],
              [
                -76.37456148599989,
                -8.41683060199989
              ],
              [
                -76.37566548599983,
                -8.422053851999976
              ],
              [
                -76.379096985,
                -8.423952976999885
              ],
              [
                -76.38073836,
                -8.424353476000022
              ],
              [
                -76.38324148499999,
                -8.424780226999872
              ],
              [
                -76.386950361,
                -8.425471851999873
              ],
              [
                -76.38962498599994,
                -8.426331976999904
              ],
              [
                -76.39328473599988,
                -8.428717976999963
              ],
              [
                -76.396832486,
                -8.433823975999928
              ],
              [
                -76.40042836099997,
                -8.437467726999898
              ],
              [
                -76.40284686099989,
                -8.438484601999903
              ],
              [
                -76.40676173599996,
                -8.440804725999953
              ],
              [
                -76.40912698599993,
                -8.440853476999905
              ],
              [
                -76.41076011099995,
                -8.442142225999874
              ],
              [
                -76.41215986099996,
                -8.44267260099997
              ],
              [
                -76.41267785999992,
                -8.44278935099993
              ],
              [
                -76.41749623499987,
                -8.443748225999968
              ],
              [
                -76.41892311099991,
                -8.446914601999936
              ],
              [
                -76.41984548599993,
                -8.448782351999853
              ],
              [
                -76.42273398599991,
                -8.452271225999937
              ],
              [
                -76.42356335999989,
                -8.452873600999965
              ],
              [
                -76.42429223599987,
                -8.453331225999818
              ],
              [
                -76.425191111,
                -8.45422397699997
              ],
              [
                -76.42626986099998,
                -8.459641601999977
              ],
              [
                -76.4296347359998,
                -8.465078101999893
              ],
              [
                -76.43368561099993,
                -8.467648476999955
              ],
              [
                -76.43605861099991,
                -8.469880850999914
              ],
              [
                -76.43617973599999,
                -8.470624976999943
              ],
              [
                -76.43549411099991,
                -8.473130852
              ],
              [
                -76.43637111099991,
                -8.476373101000036
              ],
              [
                -76.4383439859999,
                -8.478590851999911
              ],
              [
                -76.43890298599996,
                -8.481719600999895
              ],
              [
                -76.44048511100004,
                -8.485411226999872
              ],
              [
                -76.44194736099996,
                -8.486921475999964
              ],
              [
                -76.44395361099998,
                -8.488791850999917
              ],
              [
                -76.4443446109999,
                -8.489558350999914
              ],
              [
                -76.44446898599989,
                -8.493630725999878
              ],
              [
                -76.4442523599999,
                -8.495817850999856
              ],
              [
                -76.4443446109999,
                -8.498212101999968
              ],
              [
                -76.44631023599999,
                -8.502838726999869
              ],
              [
                -76.44687123599988,
                -8.50582485199999
              ],
              [
                -76.44911911099996,
                -8.510275350999962
              ],
              [
                -76.44943511099984,
                -8.511911975999908
              ],
              [
                -76.44949436099984,
                -8.514945100999967
              ],
              [
                -76.44959436100004,
                -8.517533350999884
              ],
              [
                -76.45239911099992,
                -8.520889351999926
              ],
              [
                -76.45529798599989,
                -8.52424422599995
              ],
              [
                -76.45732836099984,
                -8.528015600999879
              ],
              [
                -76.45665886099988,
                -8.529461726999898
              ],
              [
                -76.45600635999989,
                -8.530779225999936
              ],
              [
                -76.45520386099992,
                -8.53381022699989
              ],
              [
                -76.45629848599998,
                -8.5373956009999
              ],
              [
                -76.45669011099989,
                -8.538316851999923
              ],
              [
                -76.45884748599985,
                -8.545076976999894
              ],
              [
                -76.46106448599988,
                -8.547982475999959
              ],
              [
                -76.46196786099995,
                -8.54913285099991
              ],
              [
                -76.46551811099988,
                -8.55555997599987
              ],
              [
                -76.4678608609999,
                -8.558429226999976
              ],
              [
                -76.46794711099994,
                -8.559808850999957
              ],
              [
                -76.46800611099985,
                -8.56101435099987
              ],
              [
                -76.46788523599997,
                -8.564808100999812
              ],
              [
                -76.46558986099978,
                -8.567720600999905
              ],
              [
                -76.46573010999992,
                -8.568649850999975
              ],
              [
                -76.46771236099988,
                -8.570520851999959
              ],
              [
                -76.46980261099998,
                -8.571325976999958
              ],
              [
                -76.47778523599993,
                -8.572308851999935
              ],
              [
                -76.48198248599994,
                -8.572680600999945
              ],
              [
                -76.48744586099991,
                -8.574274601999946
              ],
              [
                -76.49084985999991,
                -8.57542510199994
              ],
              [
                -76.49250385999989,
                -8.575760850999927
              ],
              [
                -76.49530860999988,
                -8.575760850999927
              ],
              [
                -76.49562023599998,
                -8.575329351999926
              ],
              [
                -76.49510185999992,
                -8.572278350999909
              ],
              [
                -76.49550036099993,
                -8.56988772699998
              ],
              [
                -76.49787360999983,
                -8.566220101999932
              ],
              [
                -76.49909023599986,
                -8.563941101999944
              ],
              [
                -76.49753786099996,
                -8.560370976999934
              ],
              [
                -76.49590786099998,
                -8.556055975999868
              ],
              [
                -76.49444548599996,
                -8.55459372699994
              ],
              [
                -76.49351361099986,
                -8.551837850999902
              ],
              [
                -76.49440823599991,
                -8.550408226999934
              ],
              [
                -76.496193361,
                -8.548767601999884
              ],
              [
                -76.49740823599996,
                -8.548017601999959
              ],
              [
                -76.49965623599996,
                -8.544339850999904
              ],
              [
                -76.50083398599992,
                -8.542341851999879
              ],
              [
                -76.50376948599995,
                -8.53724610199987
              ],
              [
                -76.50512498499995,
                -8.53555072699993
              ],
              [
                -76.5063418609999,
                -8.53555072699993
              ],
              [
                -76.50862298599992,
                -8.53607222699992
              ],
              [
                -76.51065035999989,
                -8.535646476999943
              ],
              [
                -76.51182811099989,
                -8.535222601999976
              ],
              [
                -76.51363473599997,
                -8.53460160099985
              ],
              [
                -76.5152558609999,
                -8.53363672699993
              ],
              [
                -76.51580473599995,
                -8.53322847599992
              ],
              [
                -76.51698236000004,
                -8.531210976999944
              ],
              [
                -76.51826561099989,
                -8.530265600999883
              ],
              [
                -76.51940836099993,
                -8.529624975999923
              ],
              [
                -76.51995698599978,
                -8.528562476999923
              ],
              [
                -76.52036323599998,
                -8.527492226999925
              ],
              [
                -76.52071886099992,
                -8.527181476999885
              ],
              [
                -76.52240036099988,
                -8.52664060199993
              ],
              [
                -76.52422461099991,
                -8.52460547699991
              ],
              [
                -76.52538473599998,
                -8.52355072599994
              ],
              [
                -76.52595123599997,
                -8.523064600999874
              ],
              [
                -76.52721673599984,
                -8.522249976999888
              ],
              [
                -76.52782798599998,
                -8.521992225999952
              ],
              [
                -76.52877536100004,
                -8.521132850999948
              ],
              [
                -76.52953723500002,
                -8.519328101999974
              ],
              [
                -76.5322558609999,
                -8.517751975999943
              ],
              [
                -76.53278711099989,
                -8.517423851999979
              ],
              [
                -76.53364648599984,
                -8.516564475999928
              ],
              [
                -76.53403511099992,
                -8.516007851999973
              ],
              [
                -76.53649798599997,
                -8.514333976999978
              ],
              [
                -76.53794136099992,
                -8.513271476999876
              ],
              [
                -76.53874610999998,
                -8.513271476999876
              ],
              [
                -76.53957423599985,
                -8.513400350999973
              ],
              [
                -76.54007423500002,
                -8.512921851999977
              ],
              [
                -76.54038473599985,
                -8.511880851999933
              ],
              [
                -76.5411816109999,
                -8.510904476999883
              ],
              [
                -76.54208398599985,
                -8.510189475999937
              ],
              [
                -76.54268748599986,
                -8.509710976999884
              ],
              [
                -76.54268748599986,
                -8.50919135099997
              ],
              [
                -76.5425624849999,
                -8.508320351999942
              ],
              [
                -76.5426308609999,
                -8.507699101999947
              ],
              [
                -76.54349411099992,
                -8.505574225999908
              ],
              [
                -76.54374798599986,
                -8.505337850999979
              ],
              [
                -76.54458011099996,
                -8.504558601999918
              ],
              [
                -76.5450643609999,
                -8.504105476999882
              ],
              [
                -76.54563473600001,
                -8.50204297599987
              ],
              [
                -76.54431648599984,
                -8.499642601999938
              ],
              [
                -76.54613086099994,
                -8.498417975999871
              ],
              [
                -76.54780661099994,
                -8.497640601999933
              ],
              [
                -76.54825586099992,
                -8.498105350999936
              ],
              [
                -76.54990223599998,
                -8.49888672599991
              ],
              [
                -76.55040623499991,
                -8.49885360199994
              ],
              [
                -76.55108786099993,
                -8.498790975999896
              ],
              [
                -76.55143748599988,
                -8.49894722599987
              ],
              [
                -76.55162298599987,
                -8.499107476999882
              ],
              [
                -76.55204086099991,
                -8.499662101999945
              ],
              [
                -76.55248436099993,
                -8.50029097599986
              ],
              [
                -76.55762698599989,
                -8.503142601999969
              ],
              [
                -76.55826561099997,
                -8.503630850999969
              ],
              [
                -76.56077148600002,
                -8.504830101999971
              ],
              [
                -76.56243561099996,
                -8.504949226999884
              ],
              [
                -76.56317573599989,
                -8.505507851999937
              ],
              [
                -76.5651894859999,
                -8.507333975999927
              ],
              [
                -76.5662929859999,
                -8.508146476999968
              ],
              [
                -76.56756648599992,
                -8.508199226999977
              ],
              [
                -76.56855073600002,
                -8.508367225999905
              ],
              [
                -76.57191986099997,
                -8.50757035099997
              ],
              [
                -76.5735312359999,
                -8.507216976999928
              ],
              [
                -76.57584373499992,
                -8.507015601999967
              ],
              [
                -76.57868348499994,
                -8.507576226999902
              ],
              [
                -76.5799569859999,
                -8.50904497699986
              ],
              [
                -76.58444923499997,
                -8.510025351999957
              ],
              [
                -76.58651173599992,
                -8.509273476999908
              ],
              [
                -76.58823823599994,
                -8.508654351999951
              ],
              [
                -76.58952736099985,
                -8.508589851999943
              ],
              [
                -76.59057423599995,
                -8.508392726999887
              ],
              [
                -76.59167010999994,
                -8.508744101999923
              ],
              [
                -76.59304098599995,
                -8.508289100999946
              ],
              [
                -76.59398236099986,
                -8.508689475999915
              ],
              [
                -76.59563473599991,
                -8.509808600999975
              ],
              [
                -76.59845111099986,
                -8.511064475999888
              ],
              [
                -76.59973823599995,
                -8.511113226999896
              ],
              [
                -76.60235348599997,
                -8.512197225999898
              ],
              [
                -76.60496098599998,
                -8.512185600999942
              ],
              [
                -76.6064413599999,
                -8.512535100999969
              ],
              [
                -76.6084121109999,
                -8.51250960199991
              ],
              [
                -76.61234573599995,
                -8.510540976999891
              ],
              [
                -76.61368948599983,
                -8.510244101999945
              ],
              [
                -76.6143106109999,
                -8.510794976999875
              ],
              [
                -76.6143516109999,
                -8.512699226999871
              ],
              [
                -76.6148143609999,
                -8.513419976000023
              ],
              [
                -76.61632811100003,
                -8.513312475999896
              ],
              [
                -76.61933398599984,
                -8.512535100999969
              ],
              [
                -76.62036911099989,
                -8.51157810199993
              ],
              [
                -76.62101361099991,
                -8.511855475999937
              ],
              [
                -76.62191011100003,
                -8.512744101999942
              ],
              [
                -76.62558786099993,
                -8.512595725999915
              ],
              [
                -76.62717573499987,
                -8.513828101999934
              ],
              [
                -76.62783986099993,
                -8.513966851999953
              ],
              [
                -76.62896673599982,
                -8.513855476999879
              ],
              [
                -76.63002736099992,
                -8.514093725999885
              ],
              [
                -76.63043561099994,
                -8.514708976999884
              ],
              [
                -76.63070311099989,
                -8.514929726999867
              ],
              [
                -76.6345916109999,
                -8.515626976000021
              ],
              [
                -76.63628510999996,
                -8.514708976999884
              ],
              [
                -76.63727348599986,
                -8.516206976999854
              ],
              [
                -76.63788473599982,
                -8.518097600999965
              ],
              [
                -76.63920511099991,
                -8.5192207259999
              ],
              [
                -76.64001361099992,
                -8.520126976999904
              ],
              [
                -76.64069136099994,
                -8.521394476999888
              ],
              [
                -76.64154498599987,
                -8.522697225999934
              ],
              [
                -76.64205073599999,
                -8.523148476999893
              ],
              [
                -76.64518948599988,
                -8.523718726999903
              ],
              [
                -76.64620111099993,
                -8.52356247699987
              ],
              [
                -76.64753511099991,
                -8.523083975999953
              ],
              [
                -76.65300786099982,
                -8.520945351999956
              ],
              [
                -76.65501361099996,
                -8.5214277259999
              ],
              [
                -76.65558398600001,
                -8.522417976999918
              ],
              [
                -76.656060486,
                -8.523333975999947
              ],
              [
                -76.65689448599989,
                -8.52346097599991
              ],
              [
                -76.65834173600001,
                -8.522871101999954
              ],
              [
                -76.66065623600002,
                -8.523761726999908
              ],
              [
                -76.66298636099998,
                -8.525197226999921
              ],
              [
                -76.66696873599989,
                -8.525867226999878
              ],
              [
                -76.66831048599988,
                -8.524396476999925
              ],
              [
                -76.66864848599988,
                -8.523343726999883
              ],
              [
                -76.66866411099983,
                -8.523001976999922
              ],
              [
                -76.66909186099997,
                -8.522384725999927
              ],
              [
                -76.67058198599989,
                -8.522027351999952
              ],
              [
                -76.67338473599989,
                -8.521343726999987
              ],
              [
                -76.67887111099986,
                -8.521527351999964
              ],
              [
                -76.67972073599992,
                -8.523589850999826
              ],
              [
                -76.67996286099981,
                -8.527576225999951
              ],
              [
                -76.68496873599992,
                -8.529206976999888
              ],
              [
                -76.68560348599993,
                -8.529333975999918
              ],
              [
                -76.6871464859999,
                -8.530624975999956
              ],
              [
                -76.68795886099997,
                -8.530960976999893
              ],
              [
                -76.68831248599992,
                -8.531011726999907
              ],
              [
                -76.69007036099987,
                -8.530443351999963
              ],
              [
                -76.69012298599995,
                -8.530417975999967
              ],
              [
                -76.69330661099985,
                -8.531902351999975
              ],
              [
                -76.69530273599992,
                -8.531933601999981
              ],
              [
                -76.69730848599994,
                -8.53240010099995
              ],
              [
                -76.69959048600003,
                -8.5320389769999
              ],
              [
                -76.70431448599999,
                -8.531070350999869
              ],
              [
                -76.7081558609998,
                -8.529680475999896
              ],
              [
                -76.71201061099987,
                -8.52777710099997
              ],
              [
                -76.71610373599987,
                -8.522991601999877
              ],
              [
                -76.7201314859999,
                -8.518748601999903
              ],
              [
                -76.72278548600002,
                -8.51824585199995
              ],
              [
                -76.72725236099996,
                -8.515468101999886
              ],
              [
                -76.72990436099991,
                -8.514818351999963
              ],
              [
                -76.73183886099991,
                -8.516092976999914
              ],
              [
                -76.73193161099994,
                -8.51649997599992
              ],
              [
                -76.7333641109999,
                -8.518207350999887
              ],
              [
                -76.73500848599997,
                -8.519418976999873
              ],
              [
                -76.73775386099993,
                -8.520865225999898
              ],
              [
                -76.74098936099995,
                -8.524646851999876
              ],
              [
                -76.74195261099999,
                -8.524285850999945
              ],
              [
                -76.74388723599992,
                -8.522847226999943
              ],
              [
                -76.74843211099989,
                -8.52092560199992
              ],
              [
                -76.74926336099992,
                -8.520696601999873
              ],
              [
                -76.7500486109999,
                -8.520479850999891
              ],
              [
                -76.75459373599989,
                -8.519644600999868
              ],
              [
                -76.75579248599996,
                -8.520443476999901
              ],
              [
                -76.75895561100003,
                -8.521566101999952
              ],
              [
                -76.7598107359999,
                -8.521713350999903
              ],
              [
                -76.76139586099987,
                -8.52293872699994
              ],
              [
                -76.76342073599989,
                -8.525082350999924
              ],
              [
                -76.76588473599992,
                -8.52527035199995
              ],
              [
                -76.76737236099984,
                -8.526463101
              ],
              [
                -76.76842411099989,
                -8.52680935199993
              ],
              [
                -76.77145086099995,
                -8.526129476999813
              ],
              [
                -76.77225873599991,
                -8.52478297599987
              ],
              [
                -76.77520861099993,
                -8.522538600999951
              ],
              [
                -76.77768386100001,
                -8.521550976999947
              ],
              [
                -76.78228798599991,
                -8.523615850999931
              ],
              [
                -76.78595598599992,
                -8.524487975999875
              ],
              [
                -76.78824948599987,
                -8.524211226999967
              ],
              [
                -76.79014986099992,
                -8.523641351999913
              ],
              [
                -76.79254811099992,
                -8.51984535199989
              ],
              [
                -76.79435648599997,
                -8.514702475999968
              ],
              [
                -76.79675473599991,
                -8.510854850999863
              ],
              [
                -76.79906323599994,
                -8.51072660099993
              ],
              [
                -76.80421473599995,
                -8.51057535099983
              ],
              [
                -76.80444986099997,
                -8.510572726999953
              ],
              [
                -76.80669936099991,
                -8.5111891009999
              ],
              [
                -76.80981148599994,
                -8.513419226999929
              ],
              [
                -76.81431936099989,
                -8.515518726999915
              ],
              [
                -76.81871761100001,
                -8.517658226999913
              ],
              [
                -76.82221811099998,
                -8.518236601999831
              ],
              [
                -76.82303561099985,
                -8.518558101999872
              ],
              [
                -76.82639636099992,
                -8.517035975999875
              ],
              [
                -76.82813336099986,
                -8.516203100999974
              ],
              [
                -76.83158361099987,
                -8.516655226000012
              ],
              [
                -76.83460548599999,
                -8.518796725999891
              ],
              [
                -76.83696111099994,
                -8.522127976999911
              ],
              [
                -76.83817473599987,
                -8.52317497699994
              ],
              [
                -76.84005448599999,
                -8.523341475999871
              ],
              [
                -76.84318123599996,
                -8.52612122599993
              ],
              [
                -76.8430526109999,
                -8.529789851999965
              ],
              [
                -76.84283848599978,
                -8.532454851999944
              ],
              [
                -76.84395211099996,
                -8.534029351999948
              ],
              [
                -76.84534561099991,
                -8.53523422699999
              ],
              [
                -76.8459616109999,
                -8.53642935199997
              ],
              [
                -76.84597936099993,
                -8.538308351999945
              ],
              [
                -76.84678711099997,
                -8.542601600999888
              ],
              [
                -76.84684236099986,
                -8.545789726999885
              ],
              [
                -76.84726673599988,
                -8.546481850999953
              ],
              [
                -76.84899211099992,
                -8.548048226999981
              ],
              [
                -76.8521897359999,
                -8.550681476999898
              ],
              [
                -76.85434573600003,
                -8.550790975999973
              ],
              [
                -76.86170761100004,
                -8.552013975999841
              ],
              [
                -76.86313523599995,
                -8.553822351999884
              ],
              [
                -76.86337311099999,
                -8.55544060099993
              ],
              [
                -76.8629448609999,
                -8.563911350999945
              ],
              [
                -76.86374348599998,
                -8.565146600999924
              ],
              [
                -76.86437148599998,
                -8.56614735099987
              ],
              [
                -76.86645423599992,
                -8.566233350999937
              ],
              [
                -76.87089561099987,
                -8.564043725999966
              ],
              [
                -76.87488973599994,
                -8.558200600999953
              ],
              [
                -76.87669811099983,
                -8.557439225999929
              ],
              [
                -76.87874448599996,
                -8.5584147269999
              ],
              [
                -76.88262298599994,
                -8.55867647599996
              ],
              [
                -76.88569248599993,
                -8.55639222699989
              ],
              [
                -76.88657286199992,
                -8.555273850999981
              ],
              [
                -76.8879529859999,
                -8.554869351999912
              ],
              [
                -76.88968811099994,
                -8.555613100999892
              ],
              [
                -76.89136523599996,
                -8.557382850999886
              ],
              [
                -76.89180773599998,
                -8.558319601999926
              ],
              [
                -76.89251236099994,
                -8.559811351999826
              ],
              [
                -76.89363398599983,
                -8.560898350999878
              ],
              [
                -76.89574573599987,
                -8.561671726999919
              ],
              [
                -76.89623311099984,
                -8.56246035099997
              ],
              [
                -76.89623111099979,
                -8.56527035199997
              ],
              [
                -76.89583498599995,
                -8.567679850999923
              ],
              [
                -76.89708423599984,
                -8.568750601999966
              ],
              [
                -76.89869036099986,
                -8.568631601999869
              ],
              [
                -76.90196211099993,
                -8.566192600999955
              ],
              [
                -76.90383586099989,
                -8.565805850999936
              ],
              [
                -76.90646336099996,
                -8.567184851999912
              ],
              [
                -76.9134218609999,
                -8.568996100999925
              ],
              [
                -76.9162983609998,
                -8.570159726999918
              ],
              [
                -76.91917598699985,
                -8.570114975999957
              ],
              [
                -76.92682736099994,
                -8.568977351999877
              ],
              [
                -76.93016986099991,
                -8.567552726999963
              ],
              [
                -76.93597198599991,
                -8.566966851999894
              ],
              [
                -76.93666798599986,
                -8.566581976999942
              ],
              [
                -76.93697698699992,
                -8.565365976999942
              ],
              [
                -76.93697736099989,
                -8.562396600999932
              ],
              [
                -76.94079186099992,
                -8.559228976999975
              ],
              [
                -76.94237823599991,
                -8.556843851999872
              ],
              [
                -76.94247198599993,
                -8.55584422599992
              ],
              [
                -76.94003348599989,
                -8.55258135199989
              ],
              [
                -76.94012273599998,
                -8.55195672699989
              ],
              [
                -76.94654611099998,
                -8.549069851999946
              ],
              [
                -76.94822023599983,
                -8.546022975999904
              ],
              [
                -76.94888948599998,
                -8.54566610199987
              ],
              [
                -76.95219098599983,
                -8.545702350999932
              ],
              [
                -76.95536986099995,
                -8.545590726999933
              ],
              [
                -76.95704286099982,
                -8.547096476999911
              ],
              [
                -76.95845036099985,
                -8.5509563519999
              ],
              [
                -76.95863223599997,
                -8.551502225999968
              ],
              [
                -76.96055636099993,
                -8.553481976999876
              ],
              [
                -76.96134436099993,
                -8.5536529769999
              ],
              [
                -76.96429986099997,
                -8.554294225999968
              ],
              [
                -76.96519936099986,
                -8.555553476999933
              ],
              [
                -76.96701848600003,
                -8.559592225999893
              ],
              [
                -76.96914473599992,
                -8.560428725999941
              ],
              [
                -76.97259536099995,
                -8.560415601999978
              ],
              [
                -76.97434686099984,
                -8.560964600999966
              ],
              [
                -76.97805898599984,
                -8.560363350999921
              ],
              [
                -76.98204423699997,
                -8.558623975999978
              ],
              [
                -76.98571836099995,
                -8.557696975999932
              ],
              [
                -76.98804498599998,
                -8.5567819769999
              ],
              [
                -76.99291436099992,
                -8.556295101999922
              ],
              [
                -76.99484186099988,
                -8.555631725999945
              ],
              [
                -76.99769123699991,
                -8.552102601999877
              ],
              [
                -77.00223973599998,
                -8.546795851999946
              ],
              [
                -77.00522648599997,
                -8.545256850999863
              ],
              [
                -77.00850073599992,
                -8.541394350999951
              ],
              [
                -77.01127836099988,
                -8.539228226999853
              ],
              [
                -77.0115976109999,
                -8.537687476999906
              ],
              [
                -77.014932736,
                -8.539446851999912
              ],
              [
                -77.01758748599991,
                -8.539821725999843
              ],
              [
                -77.01933648700003,
                -8.540227726999944
              ],
              [
                -77.02343411099986,
                -8.54289785200001
              ],
              [
                -77.026093361,
                -8.542492350999908
              ],
              [
                -77.03070536199994,
                -8.540821101999938
              ],
              [
                -77.0324857359999,
                -8.541539476999958
              ],
              [
                -77.03497761099993,
                -8.544747976999929
              ],
              [
                -77.03659523599993,
                -8.548937476999924
              ],
              [
                -77.03670786099991,
                -8.549816476999922
              ],
              [
                -77.03707148699988,
                -8.552652851999937
              ],
              [
                -77.03737111099997,
                -8.553339850999919
              ],
              [
                -77.04008823599992,
                -8.553309476999914
              ],
              [
                -77.04277011199986,
                -8.553399601000024
              ],
              [
                -77.04714211099986,
                -8.553602476999913
              ],
              [
                -77.04980136099988,
                -8.553715226999827
              ],
              [
                -77.0521676109999,
                -8.551889726999946
              ],
              [
                -77.05611136099998,
                -8.549703725999905
              ],
              [
                -77.05656836199995,
                -8.548077975999945
              ],
              [
                -77.05656161199983,
                -8.547766726999953
              ],
              [
                -77.05656211099989,
                -8.545216101999927
              ],
              [
                -77.05941411099985,
                -8.544074226999953
              ],
              [
                -77.06062111099999,
                -8.542761350999967
              ],
              [
                -77.0606468609999,
                -8.538546226999927
              ],
              [
                -77.06844498599986,
                -8.53575535099992
              ],
              [
                -77.06963861099996,
                -8.536533351999879
              ],
              [
                -77.07310361199984,
                -8.535911725999881
              ],
              [
                -77.07566211099987,
                -8.534204601999932
              ],
              [
                -77.07531211099996,
                -8.529781851999928
              ],
              [
                -77.07587986199997,
                -8.526650726999947
              ],
              [
                -77.08433223699996,
                -8.525617975999921
              ],
              [
                -77.08827036099984,
                -8.521556226999962
              ],
              [
                -77.089509862,
                -8.518942101999926
              ],
              [
                -77.09165073599985,
                -8.51698135199996
              ],
              [
                -77.09153811100003,
                -8.514592601999937
              ],
              [
                -77.0896717359999,
                -8.51229722699992
              ],
              [
                -77.08683011099987,
                -8.511210975999916
              ],
              [
                -77.08502923599991,
                -8.508003851999945
              ],
              [
                -77.08520911100004,
                -8.502648475999877
              ],
              [
                -77.08356036199996,
                -8.500484976999928
              ],
              [
                -77.0805507369999,
                -8.49832810099997
              ],
              [
                -77.07961648699995,
                -8.493904475999898
              ],
              [
                -77.08083348699984,
                -8.488180476999958
              ],
              [
                -77.08495761099994,
                -8.486084476999906
              ],
              [
                -77.08887886199983,
                -8.482822226999929
              ],
              [
                -77.09132623699992,
                -8.482740226999965
              ],
              [
                -77.09486723599997,
                -8.48595310099995
              ],
              [
                -77.09729298699995,
                -8.486058600999968
              ],
              [
                -77.10090186199994,
                -8.48823385199995
              ],
              [
                -77.10265961099998,
                -8.486256351999941
              ],
              [
                -77.10329686100005,
                -8.483331976999978
              ],
              [
                -77.10524561099999,
                -8.48265622599996
              ],
              [
                -77.10872748699995,
                -8.479833600999882
              ],
              [
                -77.11229373599997,
                -8.480813851999926
              ],
              [
                -77.11771298699983,
                -8.478976726999974
              ],
              [
                -77.11986573699988,
                -8.480120850999924
              ],
              [
                -77.1202276119999,
                -8.4827139759999
              ],
              [
                -77.12515623699983,
                -8.483788601999947
              ],
              [
                -77.12925923599994,
                -8.48262022699987
              ],
              [
                -77.13405223599995,
                -8.482065226999964
              ],
              [
                -77.13730448699994,
                -8.48068085199992
              ],
              [
                -77.139927736,
                -8.480455100999961
              ],
              [
                -77.14256536099992,
                -8.47582560199993
              ],
              [
                -77.13893148599982,
                -8.470480351999981
              ],
              [
                -77.13901811199986,
                -8.46839560199993
              ],
              [
                -77.137051111,
                -8.464775975999942
              ],
              [
                -77.13350161100004,
                -8.462388475999944
              ],
              [
                -77.13335373699988,
                -8.460529476999966
              ],
              [
                -77.13105086199994,
                -8.454275601999882
              ],
              [
                -77.13192898700004,
                -8.451888850999921
              ],
              [
                -77.13100861099991,
                -8.448507726999935
              ],
              [
                -77.13102723599985,
                -8.44487710199985
              ],
              [
                -77.13384373600002,
                -8.44002147599997
              ],
              [
                -77.12078286099984,
                -8.447413601999926
              ],
              [
                -77.11678698599997,
                -8.447948225999937
              ],
              [
                -77.10979811099992,
                -8.446308100999943
              ],
              [
                -77.10823823599998,
                -8.445195350999882
              ],
              [
                -77.10391523699991,
                -8.444038225999975
              ],
              [
                -77.10328936099995,
                -8.438035101999958
              ],
              [
                -77.10170111100001,
                -8.436807850999912
              ],
              [
                -77.09919498700003,
                -8.436769101999914
              ],
              [
                -77.0931959859999,
                -8.434469601999979
              ],
              [
                -77.09398773600003,
                -8.427748850999933
              ],
              [
                -77.09250198599977,
                -8.42334197599996
              ],
              [
                -77.08871486199985,
                -8.416570350999962
              ],
              [
                -77.08815823599997,
                -8.410124975999906
              ],
              [
                -77.08548048599994,
                -8.406222601999957
              ],
              [
                -77.08258011100003,
                -8.405374975999905
              ],
              [
                -77.07536323599993,
                -8.40587310199993
              ],
              [
                -77.07321098599994,
                -8.404621101999965
              ],
              [
                -77.072326111,
                -8.400937476999957
              ],
              [
                -77.06987698700004,
                -8.397496100999945
              ],
              [
                -77.06524611099996,
                -8.39660160099993
              ],
              [
                -77.05798436199996,
                -8.400611351999942
              ],
              [
                -77.05492386199995,
                -8.401777350999964
              ],
              [
                -77.04372461099996,
                -8.404543100999945
              ],
              [
                -77.03540036099992,
                -8.404988225999887
              ],
              [
                -77.03250198699999,
                -8.40396685099995
              ],
              [
                -77.02657998699982,
                -8.399505850999958
              ],
              [
                -77.01828711099989,
                -8.394367225999872
              ],
              [
                -77.01004886099992,
                -8.388132851999899
              ],
              [
                -77.00247386099994,
                -8.38305410199996
              ],
              [
                -76.99966473599989,
                -8.38260222599996
              ],
              [
                -76.99678248599986,
                -8.38421785099996
              ],
              [
                -76.9958327359999,
                -8.387238600999979
              ],
              [
                -76.99206436199984,
                -8.390837726999962
              ],
              [
                -76.99268436099999,
                -8.395376601999885
              ],
              [
                -76.99059786099991,
                -8.396229725999945
              ],
              [
                -76.98884636099979,
                -8.395029600999976
              ],
              [
                -76.983924236,
                -8.393371975999969
              ],
              [
                -76.98185273599995,
                -8.39324072599993
              ],
              [
                -76.97648148599995,
                -8.395943725999928
              ],
              [
                -76.97528348599997,
                -8.394017476999977
              ],
              [
                -76.97241573600002,
                -8.392105601999958
              ],
              [
                -76.971901361,
                -8.390587226999912
              ],
              [
                -76.97351998599993,
                -8.38541747599993
              ],
              [
                -76.97308086099997,
                -8.383234225999956
              ],
              [
                -76.97454898599995,
                -8.378930225999966
              ],
              [
                -76.97212723599978,
                -8.375241101999904
              ],
              [
                -76.97063398599994,
                -8.374488226999972
              ],
              [
                -76.96837261199988,
                -8.371241476999955
              ],
              [
                -76.96555211099991,
                -8.369669725999927
              ],
              [
                -76.95999348599997,
                -8.371790475999887
              ],
              [
                -76.95612861099994,
                -8.371627351999962
              ],
              [
                -76.95308986099997,
                -8.374937476999946
              ],
              [
                -76.9500553609999,
                -8.37501522599996
              ],
              [
                -76.94549211099996,
                -8.368609600999946
              ],
              [
                -76.94420386099989,
                -8.361766726999974
              ],
              [
                -76.94022198599993,
                -8.359123350999937
              ],
              [
                -76.93519548599988,
                -8.360039350999955
              ],
              [
                -76.9329467369999,
                -8.361087975999965
              ],
              [
                -76.93021711099982,
                -8.360996976999957
              ],
              [
                -76.92700473599996,
                -8.359257101999901
              ],
              [
                -76.92618486099997,
                -8.350490350999905
              ],
              [
                -76.92842348599993,
                -8.349367725999912
              ],
              [
                -76.93056511099985,
                -8.347011975999976
              ],
              [
                -76.93184998599992,
                -8.343478476999906
              ],
              [
                -76.92969261099995,
                -8.340530725999884
              ],
              [
                -76.92749998599982,
                -8.339878100999897
              ],
              [
                -76.92150036099997,
                -8.334560350999936
              ],
              [
                -76.91963248599995,
                -8.330838476999816
              ],
              [
                -76.91756873600002,
                -8.330201100999943
              ],
              [
                -76.91374523599984,
                -8.326089851999939
              ],
              [
                -76.91378086199995,
                -8.323305850999873
              ],
              [
                -76.91216636099989,
                -8.321134850999954
              ],
              [
                -76.91161561099977,
                -8.318662975999871
              ],
              [
                -76.91268636099988,
                -8.316806976999942
              ],
              [
                -76.91247223599993,
                -8.312714350999897
              ],
              [
                -76.90886361099996,
                -8.308533600999908
              ],
              [
                -76.906999487,
                -8.304433850999828
              ],
              [
                -76.90800198599999,
                -8.299414101999957
              ],
              [
                -76.91111936099992,
                -8.297490475999894
              ],
              [
                -76.90930161099988,
                -8.291789975999961
              ],
              [
                -76.90546998600001,
                -8.286020976999907
              ],
              [
                -76.90124323599997,
                -8.283466350999959
              ],
              [
                -76.90441186099986,
                -8.270481850999943
              ],
              [
                -76.90329936099982,
                -8.26808760199998
              ],
              [
                -76.90620798699996,
                -8.265519100999938
              ],
              [
                -76.90767936099985,
                -8.262543475999905
              ],
              [
                -76.90765386099997,
                -8.255809475999968
              ],
              [
                -76.90819336100003,
                -8.253441351999982
              ],
              [
                -76.91105648599995,
                -8.252114726999878
              ],
              [
                -76.91275398599998,
                -8.249307475999956
              ],
              [
                -76.91187698599998,
                -8.244433475999926
              ],
              [
                -76.91307898599996,
                -8.236987850999924
              ],
              [
                -76.91503011099985,
                -8.232395600999894
              ],
              [
                -76.91919423599995,
                -8.227065600999879
              ],
              [
                -76.92319173600004,
                -8.221259725999914
              ],
              [
                -76.92559673599999,
                -8.218497351999872
              ],
              [
                -76.92363061100002,
                -8.206452850999938
              ],
              [
                -76.92237823699986,
                -8.203552100999957
              ],
              [
                -76.91818736100004,
                -8.196322225999893
              ],
              [
                -76.916291236,
                -8.19546635099988
              ],
              [
                -76.91226648599996,
                -8.189783975999944
              ],
              [
                -76.91185848699996,
                -8.180953100999943
              ],
              [
                -76.91008973599997,
                -8.176571226999954
              ],
              [
                -76.90699798599996,
                -8.170735600999933
              ],
              [
                -76.90864423599993,
                -8.165288101999977
              ],
              [
                -76.91134498600002,
                -8.161222976999966
              ],
              [
                -76.91176936099987,
                -8.158901225999955
              ],
              [
                -76.91477136100002,
                -8.155964351999955
              ],
              [
                -76.91798348599986,
                -8.154798475999883
              ],
              [
                -76.91947098599985,
                -8.15332110099996
              ],
              [
                -76.92118111099984,
                -8.14772272700003
              ],
              [
                -76.92309511099995,
                -8.145546600999978
              ],
              [
                -76.92678461099985,
                -8.142936850999888
              ],
              [
                -76.93021073599982,
                -8.13845697599993
              ],
              [
                -76.93403036099994,
                -8.136610850999944
              ],
              [
                -76.93807811099992,
                -8.13674560100003
              ],
              [
                -76.94450173599984,
                -8.139871351999886
              ],
              [
                -76.94703361099988,
                -8.139919475999875
              ],
              [
                -76.95044348600004,
                -8.138224976999936
              ],
              [
                -76.95313586099996,
                -8.135516102
              ],
              [
                -76.95532836199999,
                -8.134542350999936
              ],
              [
                -76.95998986099994,
                -8.12929935099993
              ],
              [
                -76.96196286099996,
                -8.12615947699993
              ],
              [
                -76.966205736,
                -8.122156600999915
              ],
              [
                -76.96921173600003,
                -8.120680475999905
              ],
              [
                -76.978007112,
                -8.118751975999885
              ],
              [
                -76.984914861,
                -8.113853475999917
              ],
              [
                -76.98672336099997,
                -8.111225225999931
              ],
              [
                -76.98625236099991,
                -8.103882350999982
              ],
              [
                -76.98877323600004,
                -8.100645725999925
              ],
              [
                -76.9915841109999,
                -8.095365600999969
              ],
              [
                -76.99388086100004,
                -8.086917975999881
              ],
              [
                -76.99731686099994,
                -8.08230472699995
              ],
              [
                -76.99959511099996,
                -8.081378350999955
              ],
              [
                -77.00358861099994,
                -8.081354725999859
              ],
              [
                -77.00840823599998,
                -8.074679725999943
              ],
              [
                -77.01045898599983,
                -8.069027350999932
              ],
              [
                -77.0158301109999,
                -8.05788872599993
              ],
              [
                -77.01956248599993,
                -8.05268747699995
              ],
              [
                -77.02445898599984,
                -8.04915035199997
              ],
              [
                -77.031372986,
                -8.046123101999967
              ],
              [
                -77.039978486,
                -8.045792975999973
              ],
              [
                -77.04702736199994,
                -8.045005850999871
              ],
              [
                -77.06110161199996,
                -8.041308725999954
              ],
              [
                -77.068703111,
                -8.039511725999944
              ],
              [
                -77.07052498699983,
                -8.023109725999973
              ],
              [
                -77.07191911099989,
                -8.006518600999925
              ],
              [
                -77.07436311099991,
                -7.992300725999826
              ],
              [
                -77.07657486099993,
                -7.986865225999964
              ],
              [
                -77.08031873699997,
                -7.979581975999963
              ],
              [
                -77.08733886099986,
                -7.968905725999889
              ],
              [
                -77.09204798599984,
                -7.964693725999894
              ],
              [
                -77.09687436099995,
                -7.961417725999922
              ],
              [
                -77.09997473599992,
                -7.957878475999905
              ],
              [
                -77.10251948599978,
                -7.952671975999976
              ],
              [
                -77.10278548600002,
                -7.946388350999939
              ],
              [
                -77.101038861,
                -7.939676725999902
              ],
              [
                -77.09728398599992,
                -7.932755975999953
              ],
              [
                -77.09455986099994,
                -7.929222975999949
              ],
              [
                -77.09163261099985,
                -7.924160350999955
              ],
              [
                -77.08885973699984,
                -7.91804422599995
              ],
              [
                -77.08803898599996,
                -7.912935850999872
              ],
              [
                -77.08898361099989,
                -7.909723100999884
              ],
              [
                -77.0929929859999,
                -7.901480725999932
              ],
              [
                -77.09388411099991,
                -7.898064975999944
              ],
              [
                -77.09384173599994,
                -7.895154475999902
              ],
              [
                -77.09132423599982,
                -7.888205100999926
              ],
              [
                -77.09164448699994,
                -7.883395600999961
              ],
              [
                -77.09137998599982,
                -7.875572350999903
              ],
              [
                -77.08996686099988,
                -7.870665975999941
              ],
              [
                -77.08680748599994,
                -7.86393310099993
              ],
              [
                -77.08039886200004,
                -7.854745225999977
              ],
              [
                -77.07697411099991,
                -7.848622975999945
              ],
              [
                -77.07420823699994,
                -7.847113850999961
              ],
              [
                -77.0707738609999,
                -7.846881225999937
              ],
              [
                -77.06583398599992,
                -7.844898475999969
              ],
              [
                -77.05747011100004,
                -7.839934100999926
              ],
              [
                -77.05293361099996,
                -7.836562475999926
              ],
              [
                -77.05067948599986,
                -7.832627100999957
              ],
              [
                -77.05113386199997,
                -7.829602225999963
              ],
              [
                -77.05056986099999,
                -7.827193600999976
              ],
              [
                -77.04886123599988,
                -7.825445100999957
              ],
              [
                -77.04064561099995,
                -7.820001225999931
              ],
              [
                -77.03530073600001,
                -7.817203100999961
              ],
              [
                -77.02824411099994,
                -7.81430272599988
              ],
              [
                -77.02465923599988,
                -7.811188474999938
              ],
              [
                -77.02273636200005,
                -7.807595725999875
              ],
              [
                -77.02084298599988,
                -7.805872725999961
              ],
              [
                -77.01589048599999,
                -7.808048600999939
              ],
              [
                -77.01253998599998,
                -7.807451850999882
              ],
              [
                -77.00589648599998,
                -7.802914100999942
              ],
              [
                -77.00184173699995,
                -7.806197725999937
              ],
              [
                -76.99630236099995,
                -7.808139475999951
              ],
              [
                -76.98188086099987,
                -7.813767600999938
              ],
              [
                -76.96572073599992,
                -7.821427724999921
              ],
              [
                -76.94958736099989,
                -7.830306600999961
              ],
              [
                -76.93356011100002,
                -7.839869974999942
              ],
              [
                -76.92952998599998,
                -7.841739975999872
              ],
              [
                -76.92928998599984,
                -7.843479975999969
              ],
              [
                -76.92587998599987,
                -7.845409975999928
              ],
              [
                -76.92312998699998,
                -7.849039975999915
              ],
              [
                -76.91923998599992,
                -7.848379975999933
              ],
              [
                -76.91812998599994,
                -7.852509975999965
              ],
              [
                -76.91543011099998,
                -7.85289997599989
              ],
              [
                -76.91263998699986,
                -7.854699975999893
              ],
              [
                -76.90982998599998,
                -7.859659975999932
              ],
              [
                -76.90533998699993,
                -7.861349975999872
              ],
              [
                -76.90394998599993,
                -7.860789975999978
              ],
              [
                -76.90224998599996,
                -7.863169975999938
              ],
              [
                -76.90047411099982,
                -7.86333235099994
              ],
              [
                -76.89938236199993,
                -7.866499100999931
              ],
              [
                -76.89768373599998,
                -7.867153475999942
              ],
              [
                -76.89415086099996,
                -7.873842975999878
              ],
              [
                -76.8956731109999,
                -7.876857100999871
              ],
              [
                -76.89209636099997,
                -7.878660850999893
              ],
              [
                -76.88986186199992,
                -7.88122410099993
              ],
              [
                -76.88809536099996,
                -7.881976725999891
              ],
              [
                -76.88544061100004,
                -7.880817225999976
              ],
              [
                -76.88374873600003,
                -7.884234850999974
              ],
              [
                -76.881795861,
                -7.88402797599997
              ],
              [
                -76.87743561100001,
                -7.88759485099996
              ],
              [
                -76.87501836199993,
                -7.891466725999976
              ],
              [
                -76.875208111,
                -7.893870600999833
              ],
              [
                -76.87324498600003,
                -7.898796975999858
              ],
              [
                -76.87060373599996,
                -7.903326725999932
              ],
              [
                -76.86971211100001,
                -7.903564100999915
              ],
              [
                -76.86526373599992,
                -7.900719475999949
              ],
              [
                -76.86060523599986,
                -7.900702475999935
              ],
              [
                -76.85508711099999,
                -7.899157725999942
              ],
              [
                -76.85569323599987,
                -7.904391725999915
              ],
              [
                -76.85117536099989,
                -7.903179725999905
              ],
              [
                -76.84538861099992,
                -7.904436975999943
              ],
              [
                -76.8438009859999,
                -7.90575635099998
              ],
              [
                -76.83821948599996,
                -7.906061600999976
              ],
              [
                -76.83554511099999,
                -7.906934600999932
              ],
              [
                -76.83112061099985,
                -7.90681072599989
              ],
              [
                -76.83003561099997,
                -7.907587350999847
              ],
              [
                -76.82544148599987,
                -7.913389350999921
              ],
              [
                -76.8218422359999,
                -7.918820975999949
              ],
              [
                -76.81869536099993,
                -7.918720350999934
              ],
              [
                -76.81530548599994,
                -7.920337475999929
              ],
              [
                -76.81159648599993,
                -7.91963685099995
              ],
              [
                -76.80865636099992,
                -7.921294976000013
              ],
              [
                -76.80030386099992,
                -7.920584100999974
              ],
              [
                -76.795568736,
                -7.918228475999911
              ],
              [
                -76.79261886099982,
                -7.913564350999934
              ],
              [
                -76.78814486099992,
                -7.91287472599987
              ],
              [
                -76.784114736,
                -7.911313725999946
              ],
              [
                -76.78215273599983,
                -7.906342975999905
              ],
              [
                -76.77967673599994,
                -7.905383975999882
              ],
              [
                -76.77553348599997,
                -7.90526485099997
              ],
              [
                -76.77281311099995,
                -7.90202422599998
              ],
              [
                -76.76677061099997,
                -7.900162600999977
              ],
              [
                -76.76457036099998,
                -7.897291725999935
              ],
              [
                -76.76489011099989,
                -7.892546725999978
              ],
              [
                -76.76358636099991,
                -7.892264601000022
              ],
              [
                -76.760784361,
                -7.89441460099988
              ],
              [
                -76.75901673599992,
                -7.893505725999944
              ],
              [
                -76.75791986099989,
                -7.890114600999937
              ],
              [
                -76.75953073599999,
                -7.887745225999879
              ],
              [
                -76.75749361099997,
                -7.883344975999876
              ],
              [
                -76.7542341109999,
                -7.881665100999953
              ],
              [
                -76.75274236099983,
                -7.879502600999956
              ],
              [
                -76.74933236099986,
                -7.87938347599993
              ],
              [
                -76.74993411100002,
                -7.875710100999925
              ],
              [
                -76.74775911099994,
                -7.875428225999883
              ],
              [
                -76.74512011099995,
                -7.876681850999944
              ],
              [
                -76.74335873599989,
                -7.876092600999868
              ],
              [
                -76.73760461099994,
                -7.87601110099996
              ],
              [
                -76.7350159859999,
                -7.878436975999932
              ],
              [
                -76.73077223599978,
                -7.875114850999978
              ],
              [
                -76.72760998599995,
                -7.87558722599988
              ],
              [
                -76.727257361,
                -7.870682350999971
              ],
              [
                -76.72605848599983,
                -7.868942975999914
              ],
              [
                -76.7192964859999,
                -7.864526975999922
              ],
              [
                -76.71889198600002,
                -7.8610293509999
              ],
              [
                -76.72031973599991,
                -7.858221475999926
              ],
              [
                -76.72641111099989,
                -7.85312935099995
              ],
              [
                -76.72693473599986,
                -7.848346850999917
              ],
              [
                -76.72672048599998,
                -7.84408747599997
              ],
              [
                -76.7297186109999,
                -7.83771047599987
              ],
              [
                -76.72902848599989,
                -7.833712975999958
              ],
              [
                -76.72964723599978,
                -7.830643475999921
              ],
              [
                -76.73136036099993,
                -7.827050475999954
              ],
              [
                -76.73433473599982,
                -7.8267173509999
              ],
              [
                -76.74271086099992,
                -7.822637725999925
              ],
              [
                -76.74207373599995,
                -7.817630100999963
              ],
              [
                -76.7434276109999,
                -7.814334850999956
              ],
              [
                -76.74620511099977,
                -7.810193476
              ],
              [
                -76.74765861100002,
                -7.806848350999928
              ],
              [
                -76.74746948599983,
                -7.804688100999897
              ],
              [
                -76.7453191109999,
                -7.802796600999898
              ],
              [
                -76.74241211099996,
                -7.802209225999889
              ],
              [
                -76.74025186099993,
                -7.799480225999957
              ],
              [
                -76.73999011099994,
                -7.796601100999965
              ],
              [
                -76.743088736,
                -7.793975600999943
              ],
              [
                -76.74466798600002,
                -7.794231600999979
              ],
              [
                -76.74728873599997,
                -7.797456600999965
              ],
              [
                -76.75292323599996,
                -7.800393100999884
              ],
              [
                -76.75560423599984,
                -7.799550600999908
              ],
              [
                -76.75817461099996,
                -7.795728975999907
              ],
              [
                -76.76343461099998,
                -7.793464975999882
              ],
              [
                -76.76666886099997,
                -7.788349725999979
              ],
              [
                -76.76711148599992,
                -7.783328100999938
              ],
              [
                -76.76103448599991,
                -7.780136350999953
              ],
              [
                -76.75958748599999,
                -7.777846975999978
              ],
              [
                -76.76021736099989,
                -7.774714725999956
              ],
              [
                -76.761511236,
                -7.773974225999893
              ],
              [
                -76.768192361,
                -7.775778599999967
              ],
              [
                -76.77165648599993,
                -7.778331975999947
              ],
              [
                -76.77373323599988,
                -7.777446850999979
              ],
              [
                -76.77344386099992,
                -7.774604100999966
              ],
              [
                -76.77116623599994,
                -7.773292476
              ],
              [
                -76.76985886099988,
                -7.770841225999902
              ],
              [
                -76.770206111,
                -7.766558350999958
              ],
              [
                -76.76898736099997,
                -7.763930100999971
              ],
              [
                -76.76359461099997,
                -7.76516935099994
              ],
              [
                -76.7602358609999,
                -7.764407350999932
              ],
              [
                -76.75522623599983,
                -7.765046850999909
              ],
              [
                -76.75367386099998,
                -7.763964225999871
              ],
              [
                -76.753633111,
                -7.760096725999972
              ],
              [
                -76.75489948599989,
                -7.756964475999894
              ],
              [
                -76.759788361,
                -7.75558235099993
              ],
              [
                -76.76394186100003,
                -7.751741976
              ],
              [
                -76.76805448599987,
                -7.750148725999964
              ],
              [
                -76.773045486,
                -7.745709225999974
              ],
              [
                -76.77455711099992,
                -7.740663850999965
              ],
              [
                -76.77180623599997,
                -7.734937475999914
              ],
              [
                -76.76914398599979,
                -7.733173850999947
              ],
              [
                -76.7619263609999,
                -7.732268350999959
              ],
              [
                -76.75795123599988,
                -7.730459475999965
              ],
              [
                -76.75655936099992,
                -7.728621850999957
              ],
              [
                -76.75335998599996,
                -7.7306199759999
              ],
              [
                -76.75363998599994,
                -7.733009975999948
              ],
              [
                -76.75209998599996,
                -7.735099850999973
              ],
              [
                -76.74560998599998,
                -7.738119974999904
              ],
              [
                -76.74122998599995,
                -7.739009974999931
              ],
              [
                -76.73655761099991,
                -7.735139724999954
              ],
              [
                -76.73111836099997,
                -7.736499475999949
              ],
              [
                -76.72622998599991,
                -7.734989974999905
              ],
              [
                -76.72237998599985,
                -7.734749975999932
              ],
              [
                -76.71936998599995,
                -7.733819975999836
              ],
              [
                -76.71813998600004,
                -7.734849975999964
              ],
              [
                -76.712639986,
                -7.734049975999937
              ],
              [
                -76.70780998600003,
                -7.734739975999901
              ],
              [
                -76.70587998599984,
                -7.735819975999959
              ],
              [
                -76.69943998600002,
                -7.736049975999947
              ],
              [
                -76.69785998600003,
                -7.735589975999915
              ],
              [
                -76.69269998599992,
                -7.736279975999878
              ],
              [
                -76.69129998599982,
                -7.734479974999886
              ],
              [
                -76.68702998599986,
                -7.733299975999955
              ],
              [
                -76.682939986,
                -7.731229975999952
              ],
              [
                -76.67862998599992,
                -7.730579975999888
              ],
              [
                -76.67707998599991,
                -7.731169975999933
              ],
              [
                -76.67454998599993,
                -7.729419975999917
              ],
              [
                -76.67086598600002,
                -7.72834172499995
              ],
              [
                -76.66676111100003,
                -7.728815850999922
              ],
              [
                -76.66437911099985,
                -7.727277975999868
              ],
              [
                -76.657790986,
                -7.726422475999868
              ],
              [
                -76.65524973599997,
                -7.722000600999934
              ],
              [
                -76.65119661099982,
                -7.71751222599994
              ],
              [
                -76.64777823599985,
                -7.712363850999907
              ],
              [
                -76.64655536099991,
                -7.709342600999946
              ],
              [
                -76.64468486099997,
                -7.70741447599994
              ],
              [
                -76.64261461000001,
                -7.70089485099993
              ],
              [
                -76.63598635999995,
                -7.692939475999879
              ],
              [
                -76.6341802359999,
                -7.686844475999976
              ],
              [
                -76.63297736100003,
                -7.685967724999955
              ],
              [
                -76.62779836099986,
                -7.686840725999957
              ],
              [
                -76.62309210999985,
                -7.690219100999968
              ],
              [
                -76.61871486099989,
                -7.691329100999951
              ],
              [
                -76.61229160999983,
                -7.691572600999962
              ],
              [
                -76.6063028609999,
                -7.691345725999952
              ],
              [
                -76.59771673499995,
                -7.689289100999929
              ]
            ]
          ]
        ],
        "type": "MultiPolygon"
      },
      "type": "Feature",
      "properties": {
        "PROVINCIA": "TOCACHE",
        "name": "TOCACHE",
        "ID": "210800",
        "DEPARTAMEN": "SAN MARTIN"
      }
    }
  ]
}
