{
  "type": "FeatureCollection",
  "features": [
    {
      "geometry": {
        "coordinates": [
          [
            [
              [
                -70.82019810599996,
                -15.978467983999906
              ],
              [
                -70.82340235499987,
                -15.98215198299988
              ],
              [
                -70.8253938549999,
                -15.986337732999914
              ],
              [
                -70.82752985499997,
                -15.989150107999933
              ],
              [
                -70.82910160499989,
                -15.995490107999956
              ],
              [
                -70.8286056049999,
                -15.999205607999954
              ],
              [
                -70.82619473,
                -16.000566482999943
              ],
              [
                -70.819007855,
                -16.001371358999904
              ],
              [
                -70.81655885500004,
                -16.002756108999904
              ],
              [
                -70.8140258549999,
                -16.00976748399995
              ],
              [
                -70.81378935600003,
                -16.013000483999974
              ],
              [
                -70.81437685599997,
                -16.016780857999947
              ],
              [
                -70.81600185599996,
                -16.020557483999937
              ],
              [
                -70.81899260599988,
                -16.02341273299993
              ],
              [
                -70.82097623000004,
                -16.028676983999958
              ],
              [
                -70.82012173000004,
                -16.031614357999956
              ],
              [
                -70.81546785499984,
                -16.035587357999873
              ],
              [
                -70.80985260499983,
                -16.03849985799991
              ],
              [
                -70.80664823099983,
                -16.042297358999974
              ],
              [
                -70.80503085600003,
                -16.050491358999977
              ],
              [
                -70.80411535499985,
                -16.05304523299992
              ],
              [
                -70.80451197999997,
                -16.055133982999905
              ],
              [
                -70.80654910599986,
                -16.055589732999977
              ],
              [
                -70.81256860500002,
                -16.053960857999982
              ],
              [
                -70.81983185499996,
                -16.054868733999967
              ],
              [
                -70.82372297999984,
                -16.056035982999845
              ],
              [
                -70.82734685499992,
                -16.05599598299989
              ],
              [
                -70.83271798099997,
                -16.055112857999916
              ],
              [
                -70.83435060499988,
                -16.05572510899998
              ],
              [
                -70.8389816049999,
                -16.05511285899985
              ],
              [
                -70.84714510499998,
                -16.05552098299995
              ],
              [
                -70.84952548099983,
                -16.055112857999916
              ],
              [
                -70.8567352299998,
                -16.056337357999894
              ],
              [
                -70.85905460599986,
                -16.058921857999962
              ],
              [
                -70.86032110500003,
                -16.061744732999955
              ],
              [
                -70.86449435599991,
                -16.06715585799992
              ],
              [
                -70.86605835599988,
                -16.070898107999938
              ],
              [
                -70.86531073099985,
                -16.07395935799991
              ],
              [
                -70.865852356,
                -16.078586607999966
              ],
              [
                -70.86680597999992,
                -16.0800819829999
              ],
              [
                -70.87075047999991,
                -16.081375107999975
              ],
              [
                -70.87810510500003,
                -16.081443733999947
              ],
              [
                -70.87742610599997,
                -16.085920358999886
              ],
              [
                -70.87473298099991,
                -16.091812107999942
              ],
              [
                -70.87506098099993,
                -16.09457773399987
              ],
              [
                -70.87987523100003,
                -16.097225232999904
              ],
              [
                -70.88272860599994,
                -16.099786732999917
              ],
              [
                -70.88548273099991,
                -16.10091785899982
              ],
              [
                -70.88729860599989,
                -16.09930223399988
              ],
              [
                -70.89036560599982,
                -16.100437108999927
              ],
              [
                -70.89376073099987,
                -16.102830858999937
              ],
              [
                -70.89548498,
                -16.1052246079999
              ],
              [
                -70.89537047999983,
                -16.107004107999956
              ],
              [
                -70.89086148099989,
                -16.109786983999925
              ],
              [
                -70.88919072999994,
                -16.111957607999955
              ],
              [
                -70.88834397999995,
                -16.115346858999885
              ],
              [
                -70.88613122999993,
                -16.118141234
              ],
              [
                -70.88356797999995,
                -16.120021858999962
              ],
              [
                -70.875732481,
                -16.12467198299987
              ],
              [
                -70.86820998099984,
                -16.126918858999886
              ],
              [
                -70.86711123099997,
                -16.12848473399987
              ],
              [
                -70.86795047999988,
                -16.130626733999975
              ],
              [
                -70.87123873099989,
                -16.134807608999893
              ],
              [
                -70.87193297999994,
                -16.142879482999945
              ],
              [
                -70.8674697309998,
                -16.146694108999895
              ],
              [
                -70.86708072999983,
                -16.14845660899988
              ],
              [
                -70.86782835599996,
                -16.153865858999893
              ],
              [
                -70.87294010599987,
                -16.160140982999962
              ],
              [
                -70.87775422999994,
                -16.163766858999963
              ],
              [
                -70.87859347999984,
                -16.16661648400003
              ],
              [
                -70.87692260499989,
                -16.169185608999953
              ],
              [
                -70.87430572999989,
                -16.17103573399993
              ],
              [
                -70.86609647999984,
                -16.172281108999925
              ],
              [
                -70.86106873099988,
                -16.17474735899998
              ],
              [
                -70.85865023099996,
                -16.17822460799988
              ],
              [
                -70.85735322999994,
                -16.181407983999975
              ],
              [
                -70.854133606,
                -16.192798608999965
              ],
              [
                -70.85388948099995,
                -16.20248048399992
              ],
              [
                -70.85524747999989,
                -16.206657357999916
              ],
              [
                -70.85762773099992,
                -16.208679233999874
              ],
              [
                -70.85844423099996,
                -16.211223608999887
              ],
              [
                -70.86653135599994,
                -16.218389482999953
              ],
              [
                -70.86695860500004,
                -16.224584608999976
              ],
              [
                -70.8657761049999,
                -16.226270733999968
              ],
              [
                -70.86219023099994,
                -16.226650233999976
              ],
              [
                -70.85962672999995,
                -16.225765233999937
              ],
              [
                -70.85050960599983,
                -16.227981607999936
              ],
              [
                -70.847663856,
                -16.22929948399991
              ],
              [
                -70.84513860599986,
                -16.232406608999952
              ],
              [
                -70.84447473099982,
                -16.235877983999956
              ],
              [
                -70.84640510599985,
                -16.23814773399988
              ],
              [
                -70.85388185600004,
                -16.241466483999943
              ],
              [
                -70.85609435599997,
                -16.24367910899997
              ],
              [
                -70.85846710499999,
                -16.24784085899995
              ],
              [
                -70.86347197999987,
                -16.25452998399993
              ],
              [
                -70.86757660500001,
                -16.258640232999824
              ],
              [
                -70.87200160599986,
                -16.26569748399993
              ],
              [
                -70.87368772999992,
                -16.27049260899986
              ],
              [
                -70.87448122999984,
                -16.27502248399992
              ],
              [
                -70.87648010500004,
                -16.281553233999944
              ],
              [
                -70.88080598099992,
                -16.284543983999924
              ],
              [
                -70.88613885599983,
                -16.28527260899989
              ],
              [
                -70.89371485499998,
                -16.280574858999955
              ],
              [
                -70.90146635499991,
                -16.277702358999875
              ],
              [
                -70.90342697999995,
                -16.27761073399995
              ],
              [
                -70.90853123099987,
                -16.2801189839999
              ],
              [
                -70.91578673099986,
                -16.282400108999923
              ],
              [
                -70.91938785600001,
                -16.284589733999894
              ],
              [
                -70.9209976059999,
                -16.28769498399987
              ],
              [
                -70.93910985599996,
                -16.298932983999975
              ],
              [
                -70.93926997999989,
                -16.303228358999945
              ],
              [
                -70.94040685599998,
                -16.306384983999976
              ],
              [
                -70.9403532309999,
                -16.31031798399988
              ],
              [
                -70.94242085600001,
                -16.31388860899989
              ],
              [
                -70.94625085500002,
                -16.31383510899991
              ],
              [
                -70.95111848099987,
                -16.309747732999938
              ],
              [
                -70.95701598099987,
                -16.308402983999883
              ],
              [
                -70.96125798000003,
                -16.30824648399988
              ],
              [
                -70.96622473000002,
                -16.308919858999843
              ],
              [
                -70.97508235599997,
                -16.30849073399986
              ],
              [
                -70.97897335600004,
                -16.309827858999938
              ],
              [
                -70.98284148099998,
                -16.309417732999975
              ],
              [
                -70.98628998099986,
                -16.309946107999906
              ],
              [
                -70.98503873099997,
                -16.31360048399995
              ],
              [
                -70.98506923099984,
                -16.317537358999914
              ],
              [
                -70.98635860499985,
                -16.320190483999966
              ],
              [
                -70.98625948099982,
                -16.323148732999925
              ],
              [
                -70.98513035600001,
                -16.325393858999973
              ],
              [
                -70.98226922999982,
                -16.32827760899994
              ],
              [
                -70.98001098099991,
                -16.33179860899986
              ],
              [
                -70.97947698099989,
                -16.343357108999896
              ],
              [
                -70.97781373099991,
                -16.34880448399997
              ],
              [
                -70.97276310599983,
                -16.35374835899995
              ],
              [
                -70.97264097999994,
                -16.354968983999925
              ],
              [
                -70.97570797999987,
                -16.3594932339999
              ],
              [
                -70.97557073099989,
                -16.36223798399982
              ],
              [
                -70.97075647999998,
                -16.36660760899997
              ],
              [
                -70.96939860499998,
                -16.36960798399997
              ],
              [
                -70.96960447999987,
                -16.37226485899987
              ],
              [
                -70.97183985499993,
                -16.374532733999956
              ],
              [
                -70.97303773099992,
                -16.37730785899987
              ],
              [
                -70.97539523099982,
                -16.388910233999923
              ],
              [
                -70.97384648099978,
                -16.39419748399996
              ],
              [
                -70.96482085599985,
                -16.397590608999963
              ],
              [
                -70.96424860599984,
                -16.401481608999916
              ],
              [
                -70.96877285599999,
                -16.40860748399996
              ],
              [
                -70.97312160499985,
                -16.40953260899994
              ],
              [
                -70.97524260499983,
                -16.41216473399993
              ],
              [
                -70.97561647999993,
                -16.418321608999975
              ],
              [
                -70.97370148100003,
                -16.425865358999943
              ],
              [
                -70.97034460499992,
                -16.431064608999918
              ],
              [
                -70.9672088559999,
                -16.43294148399997
              ],
              [
                -70.96489710599985,
                -16.43716435899995
              ],
              [
                -70.96572873100001,
                -16.440702483999928
              ],
              [
                -70.96482848100004,
                -16.44630048399995
              ],
              [
                -70.96228785599988,
                -16.451257733999967
              ],
              [
                -70.9583129799999,
                -16.45370673399998
              ],
              [
                -70.95403285599986,
                -16.458356858999878
              ],
              [
                -70.9529264809999,
                -16.460988983999982
              ],
              [
                -70.95446010599989,
                -16.466129358999865
              ],
              [
                -70.95543673099985,
                -16.471626233999928
              ],
              [
                -70.95905298100001,
                -16.47394373399993
              ],
              [
                -70.96424098099993,
                -16.47949023399991
              ],
              [
                -70.967201231,
                -16.481109608999873
              ],
              [
                -70.976097106,
                -16.479736358999958
              ],
              [
                -70.98055272999989,
                -16.48132710899995
              ],
              [
                -70.9853211059999,
                -16.486135483999874
              ],
              [
                -70.9871749809999,
                -16.490018858999917
              ],
              [
                -70.99245447999982,
                -16.49586673399989
              ],
              [
                -70.99566648099994,
                -16.497501358999955
              ],
              [
                -70.99969485600002,
                -16.49840923399995
              ],
              [
                -71.00225073000001,
                -16.498025858999938
              ],
              [
                -71.00540160599985,
                -16.49568173399996
              ],
              [
                -71.00685123099981,
                -16.49568173399996
              ],
              [
                -71.01149760499993,
                -16.49828148399996
              ],
              [
                -71.01370998099992,
                -16.498067858999946
              ],
              [
                -71.01593785599988,
                -16.494914983999934
              ],
              [
                -71.01832585499994,
                -16.487415358999897
              ],
              [
                -71.0207214799999,
                -16.486759233999976
              ],
              [
                -71.02389523100004,
                -16.487087233999944
              ],
              [
                -71.0288162309999,
                -16.48595060899993
              ],
              [
                -71.03168485499992,
                -16.486308983999947
              ],
              [
                -71.0372578549999,
                -16.485685608999972
              ],
              [
                -71.03741460599997,
                -16.480422983999915
              ],
              [
                -71.03852848099996,
                -16.478675858999964
              ],
              [
                -71.04130547999995,
                -16.478631983999946
              ],
              [
                -71.04284673099994,
                -16.476074233999896
              ],
              [
                -71.04255673099982,
                -16.473909358999833
              ],
              [
                -71.04409023099987,
                -16.472125983999888
              ],
              [
                -71.04447173099999,
                -16.469100983999965
              ],
              [
                -71.04179385500004,
                -16.467096358999925
              ],
              [
                -71.043258606,
                -16.463243483999918
              ],
              [
                -71.04746248100003,
                -16.460439734000033
              ],
              [
                -71.04811098100004,
                -16.455078108999942
              ],
              [
                -71.05304723099988,
                -16.461566983999944
              ],
              [
                -71.05484010599992,
                -16.462362233999897
              ],
              [
                -71.05770873099993,
                -16.461606983999957
              ],
              [
                -71.06494897999983,
                -16.461805358999925
              ],
              [
                -71.06761935499998,
                -16.463834733999875
              ],
              [
                -71.07265485599999,
                -16.465755483999942
              ],
              [
                -71.07547760599994,
                -16.46394535899998
              ],
              [
                -71.07826998099995,
                -16.458564733999935
              ],
              [
                -71.08235173100002,
                -16.456935858999827
              ],
              [
                -71.08522797999979,
                -16.458719233999943
              ],
              [
                -71.08988185499999,
                -16.45698735899998
              ],
              [
                -71.09161372999995,
                -16.457582483999943
              ],
              [
                -71.09339910599988,
                -16.462289858999952
              ],
              [
                -71.09447473099988,
                -16.46299935899998
              ],
              [
                -71.10070035599983,
                -16.46413035899991
              ],
              [
                -71.105873106,
                -16.461664233999898
              ],
              [
                -71.10631560600001,
                -16.46392823399998
              ],
              [
                -71.10845948099995,
                -16.465705858999968
              ],
              [
                -71.11019898099988,
                -16.46578785899993
              ],
              [
                -71.11597448099991,
                -16.46303935899988
              ],
              [
                -71.11830898099998,
                -16.462791608999908
              ],
              [
                -71.12391660499998,
                -16.460971858999812
              ],
              [
                -71.12963098099982,
                -16.46408085899992
              ],
              [
                -71.1332244809999,
                -16.467409233999888
              ],
              [
                -71.135360731,
                -16.467872608999926
              ],
              [
                -71.13639073099978,
                -16.46970748399997
              ],
              [
                -71.13685610599998,
                -16.47400473399989
              ],
              [
                -71.13951873099995,
                -16.474973733999946
              ],
              [
                -71.14344785599997,
                -16.473983733999944
              ],
              [
                -71.15203847999993,
                -16.473163608999926
              ],
              [
                -71.15792835599984,
                -16.47096635899993
              ],
              [
                -71.16338347999982,
                -16.470746983999902
              ],
              [
                -71.16759485499995,
                -16.47176935899995
              ],
              [
                -71.174255356,
                -16.471273483999937
              ],
              [
                -71.18269348099989,
                -16.472631483999976
              ],
              [
                -71.18601223099995,
                -16.472631483999976
              ],
              [
                -71.19136048099989,
                -16.471820858999934
              ],
              [
                -71.19702910599995,
                -16.47165873399996
              ],
              [
                -71.20423885499991,
                -16.465019233999953
              ],
              [
                -71.20634460599996,
                -16.46380423399995
              ],
              [
                -71.21913910599989,
                -16.460565608999957
              ],
              [
                -71.22452548099994,
                -16.46055985899983
              ],
              [
                -71.229476981,
                -16.461904483999945
              ],
              [
                -71.23178085599977,
                -16.465053608999938
              ],
              [
                -71.23620610599988,
                -16.46600910899997
              ],
              [
                -71.24210360599989,
                -16.46306423399983
              ],
              [
                -71.24564360600004,
                -16.466863608999972
              ],
              [
                -71.24597935600002,
                -16.468517358999918
              ],
              [
                -71.24416347999988,
                -16.471013983999967
              ],
              [
                -71.24328610600003,
                -16.47442248399983
              ],
              [
                -71.2448043559998,
                -16.47786335899997
              ],
              [
                -71.24934385599988,
                -16.482358983999973
              ],
              [
                -71.24647523099992,
                -16.48854260899998
              ],
              [
                -71.24460598099989,
                -16.48990435899998
              ],
              [
                -71.24124147999987,
                -16.495819233999953
              ],
              [
                -71.23706823099991,
                -16.502115233999973
              ],
              [
                -71.23613735599997,
                -16.506482983999888
              ],
              [
                -71.23823548099995,
                -16.516738858999815
              ],
              [
                -71.24179073099992,
                -16.52165223399993
              ],
              [
                -71.242767356,
                -16.525634733999937
              ],
              [
                -71.24279023099984,
                -16.530048358999977
              ],
              [
                -71.24346160599998,
                -16.535892483999817
              ],
              [
                -71.2433166059999,
                -16.5395412339999
              ],
              [
                -71.24422460600005,
                -16.5434303589999
              ],
              [
                -71.24479673099995,
                -16.55022810899999
              ],
              [
                -71.24713135599995,
                -16.55435560899997
              ],
              [
                -71.24804685599986,
                -16.560846358999925
              ],
              [
                -71.24909973099983,
                -16.56410035899995
              ],
              [
                -71.25163273099997,
                -16.568876358999887
              ],
              [
                -71.25275423099987,
                -16.57256698399982
              ],
              [
                -71.25933073099992,
                -16.577400233999867
              ],
              [
                -71.26066585599989,
                -16.582563483999934
              ],
              [
                -71.26284023100004,
                -16.584911233999946
              ],
              [
                -71.26154335599995,
                -16.588020358999813
              ],
              [
                -71.25930023099988,
                -16.591058733999944
              ],
              [
                -71.25967410599998,
                -16.6020793589999
              ],
              [
                -71.26150498099986,
                -16.606662733999883
              ],
              [
                -71.26495360499985,
                -16.60696985899989
              ],
              [
                -71.27043910600003,
                -16.606628358999956
              ],
              [
                -71.27317810599999,
                -16.607017483999925
              ],
              [
                -71.27751923099999,
                -16.61136248399987
              ],
              [
                -71.279151856,
                -16.615821858999936
              ],
              [
                -71.279586731,
                -16.623277608999956
              ],
              [
                -71.27930448099983,
                -16.62722010899995
              ],
              [
                -71.28047948099987,
                -16.632581608999885
              ],
              [
                -71.27957910599991,
                -16.635934858999974
              ],
              [
                -71.27998348099987,
                -16.64869698399997
              ],
              [
                -71.280860856,
                -16.652277108999897
              ],
              [
                -71.28037260600001,
                -16.657644233999974
              ],
              [
                -71.28375248099996,
                -16.662893234999956
              ],
              [
                -71.28473660599985,
                -16.667007483999953
              ],
              [
                -71.28463748099983,
                -16.673387483999875
              ],
              [
                -71.28368373099988,
                -16.677421608999964
              ],
              [
                -71.28390497999999,
                -16.68223948399998
              ],
              [
                -71.2863082309998,
                -16.68521498399997
              ],
              [
                -71.28995498099988,
                -16.686984983999878
              ],
              [
                -71.29364010599988,
                -16.690559358999963
              ],
              [
                -71.29551698099976,
                -16.701030733999858
              ],
              [
                -71.29603573099996,
                -16.707427859999882
              ],
              [
                -71.29531098099994,
                -16.709732108999958
              ],
              [
                -71.29254135600002,
                -16.7124003589999
              ],
              [
                -71.28581235599995,
                -16.71635435999997
              ],
              [
                -71.28800960599995,
                -16.71958535899995
              ],
              [
                -71.28927610599993,
                -16.7227172339999
              ],
              [
                -71.2890929809999,
                -16.726457608999965
              ],
              [
                -71.29597473099989,
                -16.732187234999913
              ],
              [
                -71.30193310599992,
                -16.734882483999968
              ],
              [
                -71.3057861059998,
                -16.735761608999894
              ],
              [
                -71.31143185600001,
                -16.738679859999934
              ],
              [
                -71.31265260600003,
                -16.74032398399993
              ],
              [
                -71.312416106,
                -16.742969483999957
              ],
              [
                -71.31416323099995,
                -16.744651733999945
              ],
              [
                -71.31758123099996,
                -16.745588358999896
              ],
              [
                -71.32238010599991,
                -16.749727234999966
              ],
              [
                -71.32608035600003,
                -16.752176233999933
              ],
              [
                -71.32756810599983,
                -16.752256359999876
              ],
              [
                -71.33103185599998,
                -16.74806398399994
              ],
              [
                -71.3330002309998,
                -16.746999733999814
              ],
              [
                -71.33655548099995,
                -16.746742108999968
              ],
              [
                -71.34367373099997,
                -16.744884483999954
              ],
              [
                -71.34698485599995,
                -16.742242983999972
              ],
              [
                -71.34853360599993,
                -16.736440608999942
              ],
              [
                -71.34883885600004,
                -16.73246385899995
              ],
              [
                -71.35060123099993,
                -16.73086923399984
              ],
              [
                -71.35041810599989,
                -16.727872858999888
              ],
              [
                -71.35328673099991,
                -16.72495273399994
              ],
              [
                -71.35633848099991,
                -16.72462273499991
              ],
              [
                -71.35818485599998,
                -16.72284123399993
              ],
              [
                -71.36167910599983,
                -16.722091733999946
              ],
              [
                -71.36378473099995,
                -16.72049335899993
              ],
              [
                -71.36943048099982,
                -16.719676983999875
              ],
              [
                -71.37496185599991,
                -16.722257608999882
              ],
              [
                -71.37859348099983,
                -16.724588358999938
              ],
              [
                -71.38376623099998,
                -16.726217233999932
              ],
              [
                -71.3859558559999,
                -16.72809023399992
              ],
              [
                -71.39026635599993,
                -16.729278608999948
              ],
              [
                -71.3945617309999,
                -16.731199233999973
              ],
              [
                -71.39823910599995,
                -16.731122984999956
              ],
              [
                -71.4009018559999,
                -16.728143734999946
              ],
              [
                -71.40709685599984,
                -16.730108358999928
              ],
              [
                -71.41275785599998,
                -16.733789483999942
              ],
              [
                -71.4176788559999,
                -16.738304108999955
              ],
              [
                -71.42261523099995,
                -16.73775673399996
              ],
              [
                -71.42592623099983,
                -16.741376858999956
              ],
              [
                -71.42858885599986,
                -16.738824858999862
              ],
              [
                -71.43662273099989,
                -16.732967359999975
              ],
              [
                -71.44063573099999,
                -16.730392483999935
              ],
              [
                -71.446746856,
                -16.73122023399992
              ],
              [
                -71.45167535599984,
                -16.73270410899994
              ],
              [
                -71.45276635599987,
                -16.73362160899984
              ],
              [
                -71.45571898100002,
                -16.742069234999974
              ],
              [
                -71.45233148099987,
                -16.746396983999944
              ],
              [
                -71.45207973099991,
                -16.748441733999925
              ],
              [
                -71.45370485599989,
                -16.75161935899996
              ],
              [
                -71.45457460599982,
                -16.756435359999898
              ],
              [
                -71.45705410599999,
                -16.75855060899994
              ],
              [
                -71.46055598099991,
                -16.756607233999887
              ],
              [
                -71.46270748099994,
                -16.75710485899998
              ],
              [
                -71.46524048200001,
                -16.762004858999944
              ],
              [
                -71.46702573100004,
                -16.76284985999996
              ],
              [
                -71.46952060599995,
                -16.762405359999946
              ],
              [
                -71.47667698099991,
                -16.764869733999944
              ],
              [
                -71.48122410600001,
                -16.763805358999946
              ],
              [
                -71.49079135599987,
                -16.76673123399985
              ],
              [
                -71.49268335700003,
                -16.767856609999967
              ],
              [
                -71.500617981,
                -16.766618733999962
              ],
              [
                -71.5031814809999,
                -16.76487160900001
              ],
              [
                -71.50469210599977,
                -16.762302358999932
              ],
              [
                -71.5077743559998,
                -16.75921635899988
              ],
              [
                -71.51029210699983,
                -16.758659358999978
              ],
              [
                -71.51268773099997,
                -16.75391385899991
              ],
              [
                -71.5149002309999,
                -16.751367608999885
              ],
              [
                -71.51320648199999,
                -16.747571983999933
              ],
              [
                -71.51285548099992,
                -16.74504285899991
              ],
              [
                -71.51581573099998,
                -16.740169483999978
              ],
              [
                -71.52317810599993,
                -16.73525810899997
              ],
              [
                -71.52844235600003,
                -16.734682108999834
              ],
              [
                -71.52983860599983,
                -16.733045608999873
              ],
              [
                -71.53134160599984,
                -16.7285996089999
              ],
              [
                -71.5309601059999,
                -16.72228810999991
              ],
              [
                -71.52985373099983,
                -16.717809733999957
              ],
              [
                -71.5306014819999,
                -16.713235983999937
              ],
              [
                -71.53383635699993,
                -16.71105760899991
              ],
              [
                -71.53472135599998,
                -16.709077858999876
              ],
              [
                -71.53547673099985,
                -16.70075610899994
              ],
              [
                -71.53725423100002,
                -16.698114359999977
              ],
              [
                -71.54070285599983,
                -16.695396483999957
              ],
              [
                -71.5421294809999,
                -16.692756608999957
              ],
              [
                -71.545120231,
                -16.6893081099999
              ],
              [
                -71.55464935599991,
                -16.684278483999947
              ],
              [
                -71.55973048199996,
                -16.68928723399995
              ],
              [
                -71.56524660600002,
                -16.695646233999923
              ],
              [
                -71.56915285600002,
                -16.69726748399995
              ],
              [
                -71.571556106,
                -16.699491484999953
              ],
              [
                -71.57372285599979,
                -16.699302733999957
              ],
              [
                -71.57484435599986,
                -16.69595723499998
              ],
              [
                -71.581512481,
                -16.692958858999873
              ],
              [
                -71.58384723099982,
                -16.691095358999974
              ],
              [
                -71.59368898099984,
                -16.686580609999908
              ],
              [
                -71.5957183559999,
                -16.686494859999925
              ],
              [
                -71.5987701059999,
                -16.68780523399988
              ],
              [
                -71.60353848099999,
                -16.68593785899992
              ],
              [
                -71.60655973099995,
                -16.68316835899992
              ],
              [
                -71.609367356,
                -16.683978983999964
              ],
              [
                -71.61228185599992,
                -16.683135983999932
              ],
              [
                -71.61572273099995,
                -16.683298108999907
              ],
              [
                -71.6203689809999,
                -16.681907608999893
              ],
              [
                -71.62873073099985,
                -16.68368335899993
              ],
              [
                -71.63172910699996,
                -16.689500858999963
              ],
              [
                -71.63256073099984,
                -16.692893983999966
              ],
              [
                -71.63782498199993,
                -16.69891735899995
              ],
              [
                -71.63882448099986,
                -16.704437233999897
              ],
              [
                -71.64132685599998,
                -16.70476160999982
              ],
              [
                -71.64119723099998,
                -16.701345483999944
              ],
              [
                -71.64678198099995,
                -16.695699733999902
              ],
              [
                -71.64932248100001,
                -16.694950108999876
              ],
              [
                -71.65212248099988,
                -16.69618223499998
              ],
              [
                -71.65324398099995,
                -16.698385233999886
              ],
              [
                -71.65964510599986,
                -16.70120235899992
              ],
              [
                -71.66697698099995,
                -16.7016334839999
              ],
              [
                -71.66892235699999,
                -16.703193608999925
              ],
              [
                -71.66973110599986,
                -16.70545198399992
              ],
              [
                -71.67287448099995,
                -16.705694233999964
              ],
              [
                -71.67455285699992,
                -16.703676233999886
              ],
              [
                -71.677597107,
                -16.70350073399993
              ],
              [
                -71.68024448099993,
                -16.70236585899994
              ],
              [
                -71.68616485699988,
                -16.702743483999882
              ],
              [
                -71.691589357,
                -16.70060160899999
              ],
              [
                -71.69902035699994,
                -16.69896310899992
              ],
              [
                -71.70300298099994,
                -16.69858735899993
              ],
              [
                -71.71035760599989,
                -16.699279733999845
              ],
              [
                -71.72447210599995,
                -16.699655483999948
              ],
              [
                -71.73442835699996,
                -16.700538608999977
              ],
              [
                -71.73908998099984,
                -16.700035109999817
              ],
              [
                -71.74439998199989,
                -16.698142983999844
              ],
              [
                -71.7480087309998,
                -16.698228858999926
              ],
              [
                -71.75480648099995,
                -16.7010249839999
              ],
              [
                -71.76022335699986,
                -16.705036108999877
              ],
              [
                -71.765235857,
                -16.708244358999934
              ],
              [
                -71.86950698099992,
                -16.785982109999964
              ],
              [
                -71.86978910599993,
                -16.77419085899993
              ],
              [
                -71.86932373099995,
                -16.766155233999882
              ],
              [
                -71.86946110599979,
                -16.75704585899996
              ],
              [
                -71.870078981,
                -16.743287983999835
              ],
              [
                -71.86994935599984,
                -16.734741234999944
              ],
              [
                -71.87035373099991,
                -16.727197608999973
              ],
              [
                -71.87072748100002,
                -16.71343423399992
              ],
              [
                -71.88351448100002,
                -16.700956358999917
              ],
              [
                -71.89698023199986,
                -16.68824761000002
              ],
              [
                -71.90514373199994,
                -16.679706609999926
              ],
              [
                -71.90996548199985,
                -16.675044983999953
              ],
              [
                -71.91663360599983,
                -16.686006483999904
              ],
              [
                -71.92423248099982,
                -16.696062108999968
              ],
              [
                -71.93307498099995,
                -16.70845798399995
              ],
              [
                -71.93894960599994,
                -16.71608735899997
              ],
              [
                -71.94627385699994,
                -16.726877233999915
              ],
              [
                -71.95488735600003,
                -16.738878233999912
              ],
              [
                -71.96003723099989,
                -16.74664110899988
              ],
              [
                -71.96955110599987,
                -16.75939748399992
              ],
              [
                -71.9794387309999,
                -16.773490858999935
              ],
              [
                -71.9880523569999,
                -16.785331734999886
              ],
              [
                -71.99670410699997,
                -16.799554859999887
              ],
              [
                -71.9992752309999,
                -16.79730610999991
              ],
              [
                -72.00208285699995,
                -16.796421108999937
              ],
              [
                -72.00466923099998,
                -16.79711910899988
              ],
              [
                -72.01449585699993,
                -16.796791108999912
              ],
              [
                -72.01742548200002,
                -16.793710734999877
              ],
              [
                -72.0217437309999,
                -16.79198648399995
              ],
              [
                -72.02433773199988,
                -16.79207998399994
              ],
              [
                -72.03234098199982,
                -16.79090685899996
              ],
              [
                -72.036384607,
                -16.792314484999906
              ],
              [
                -72.03833773099996,
                -16.792243983999924
              ],
              [
                -72.03792573199996,
                -16.78754610999988
              ],
              [
                -72.03855898199987,
                -16.78450398399997
              ],
              [
                -72.04201510599984,
                -16.782369608999943
              ],
              [
                -72.045326231,
                -16.781551358999934
              ],
              [
                -72.04836273200004,
                -16.779540983999937
              ],
              [
                -72.04991923099988,
                -16.779518108999923
              ],
              [
                -72.05346685699993,
                -16.781366359999822
              ],
              [
                -72.05677798199991,
                -16.780027358999973
              ],
              [
                -72.05958560699986,
                -16.780715983999983
              ],
              [
                -72.06310273199989,
                -16.78058248399998
              ],
              [
                -72.06690973199994,
                -16.784431483999924
              ],
              [
                -72.06787873199983,
                -16.781700108999814
              ],
              [
                -72.07214360699993,
                -16.777517358999944
              ],
              [
                -72.077964732,
                -16.775754983999946
              ],
              [
                -72.0802993559999,
                -16.773948608999888
              ],
              [
                -72.08260348200002,
                -16.770315108999966
              ],
              [
                -72.08668535699991,
                -16.76996235899992
              ],
              [
                -72.08880610599988,
                -16.76867673499987
              ],
              [
                -72.0969314809999,
                -16.76757048399992
              ],
              [
                -72.09889223199986,
                -16.769601858999863
              ],
              [
                -72.10377498100002,
                -16.77031898499996
              ],
              [
                -72.10697173099993,
                -16.771940233999885
              ],
              [
                -72.10895535599991,
                -16.776000984999882
              ],
              [
                -72.11045835599992,
                -16.776824984999962
              ],
              [
                -72.11580660599986,
                -16.77787585899995
              ],
              [
                -72.11920923199983,
                -16.77968023399984
              ],
              [
                -72.12193298199998,
                -16.77915573399997
              ],
              [
                -72.12484748099996,
                -16.77480698399995
              ],
              [
                -72.12461085699994,
                -16.771844858999884
              ],
              [
                -72.12644198199985,
                -16.76922798399994
              ],
              [
                -72.13190460699991,
                -16.76665685899991
              ],
              [
                -72.13247685599993,
                -16.76503560899988
              ],
              [
                -72.13016510700004,
                -16.761831233999942
              ],
              [
                -72.12759398099985,
                -16.756586108999954
              ],
              [
                -72.12869260699989,
                -16.75462910899995
              ],
              [
                -72.13180548099996,
                -16.752815233999968
              ],
              [
                -72.13214110699994,
                -16.750348983999913
              ],
              [
                -72.13135523199992,
                -16.747211483999934
              ],
              [
                -72.13216398199995,
                -16.744090984999843
              ],
              [
                -72.13482660699992,
                -16.74348835899997
              ],
              [
                -72.13789373199984,
                -16.744337109999947
              ],
              [
                -72.14373773099993,
                -16.744260734999955
              ],
              [
                -72.14582060699996,
                -16.743642859999966
              ],
              [
                -72.14823910699988,
                -16.740884734999952
              ],
              [
                -72.1520004809999,
                -16.738481483999976
              ],
              [
                -72.15395360600002,
                -16.736459733999936
              ],
              [
                -72.15508273199993,
                -16.733846608999897
              ],
              [
                -72.15682223199997,
                -16.73246385899995
              ],
              [
                -72.16136173200005,
                -16.730874983999968
              ],
              [
                -72.16129298100003,
                -16.729196608999928
              ],
              [
                -72.16383360700002,
                -16.72545810899993
              ],
              [
                -72.16452023199997,
                -16.720226233999938
              ],
              [
                -72.16718285699994,
                -16.716999109000028
              ],
              [
                -72.17127985699989,
                -16.71552473399987
              ],
              [
                -72.1730499819999,
                -16.711645234999878
              ],
              [
                -72.17881773199991,
                -16.708038358999943
              ],
              [
                -72.18588260699994,
                -16.70736885899987
              ],
              [
                -72.19077298199983,
                -16.706052733999968
              ],
              [
                -72.19589235699993,
                -16.702602358999968
              ],
              [
                -72.1968612309999,
                -16.6986159839999
              ],
              [
                -72.194732607,
                -16.69517310899994
              ],
              [
                -72.19427485700004,
                -16.690263733999927
              ],
              [
                -72.19564823199988,
                -16.686820983999894
              ],
              [
                -72.2028198569999,
                -16.686189608999882
              ],
              [
                -72.20500948199987,
                -16.685096733999956
              ],
              [
                -72.21308135699991,
                -16.677961358999937
              ],
              [
                -72.21776585700002,
                -16.676919983999937
              ],
              [
                -72.22161848199983,
                -16.67478373399996
              ],
              [
                -72.22715760699992,
                -16.667674983999916
              ],
              [
                -72.23161310699982,
                -16.665729483999883
              ],
              [
                -72.24013523199989,
                -16.666625984
              ],
              [
                -72.24446873199997,
                -16.668468483999845
              ],
              [
                -72.24857335599995,
                -16.668250983999883
              ],
              [
                -72.25506585699998,
                -16.66663935899993
              ],
              [
                -72.25801085599994,
                -16.66451448399988
              ],
              [
                -72.26166535699997,
                -16.660448109999948
              ],
              [
                -72.26605223099978,
                -16.658618984999976
              ],
              [
                -72.26868435599994,
                -16.65945435899988
              ],
              [
                -72.27171323199991,
                -16.656791733999967
              ],
              [
                -72.27381898199997,
                -16.656606734000036
              ],
              [
                -72.27854923199993,
                -16.648250608999888
              ],
              [
                -72.2823638569999,
                -16.640220733999968
              ],
              [
                -72.28353135699979,
                -16.635658233999834
              ],
              [
                -72.2820816069999,
                -16.62575148399992
              ],
              [
                -72.28289035700004,
                -16.621410358999924
              ],
              [
                -72.28099823199989,
                -16.614677483999913
              ],
              [
                -72.2784576059999,
                -16.609271983999918
              ],
              [
                -72.27438360699989,
                -16.605728108999926
              ],
              [
                -72.27408598200003,
                -16.60079573400003
              ],
              [
                -72.2718277309998,
                -16.599498733999894
              ],
              [
                -72.26689148199983,
                -16.59205623399987
              ],
              [
                -72.26384735700003,
                -16.586385734000032
              ],
              [
                -72.2620239819999,
                -16.583951983999896
              ],
              [
                -72.25873560699995,
                -16.581182483999896
              ],
              [
                -72.25322723199992,
                -16.57497210899993
              ],
              [
                -72.24761198199991,
                -16.56654548399996
              ],
              [
                -72.24292760699984,
                -16.561462358999904
              ],
              [
                -72.24118810699997,
                -16.55798535899993
              ],
              [
                -72.23731235699984,
                -16.54701810899985
              ],
              [
                -72.23262785700001,
                -16.540998483999942
              ],
              [
                -72.22881323199988,
                -16.53540798399996
              ],
              [
                -72.22044373199981,
                -16.525035858999843
              ],
              [
                -72.21338648200003,
                -16.515197858999954
              ],
              [
                -72.211364732,
                -16.509778983999922
              ],
              [
                -72.21102910699994,
                -16.506952233999982
              ],
              [
                -72.2090148559999,
                -16.50349823399995
              ],
              [
                -72.203193607,
                -16.498786983999935
              ],
              [
                -72.19988248199985,
                -16.49500085899996
              ],
              [
                -72.19768523199986,
                -16.491453108999963
              ],
              [
                -72.19517523199983,
                -16.48230935899994
              ],
              [
                -72.19833373099988,
                -16.47900773399988
              ],
              [
                -72.19874573100003,
                -16.47715185899989
              ],
              [
                -72.195930482,
                -16.46828285899994
              ],
              [
                -72.19847110700005,
                -16.469657858999938
              ],
              [
                -72.19875335599994,
                -16.46282198399996
              ],
              [
                -72.19950860699993,
                -16.458721108999896
              ],
              [
                -72.19922635699993,
                -16.452413608999905
              ],
              [
                -72.1942291069999,
                -16.444767108999883
              ],
              [
                -72.19128423099994,
                -16.438003608999907
              ],
              [
                -72.18721773200002,
                -16.42648698399995
              ],
              [
                -72.18452448200003,
                -16.417512733999956
              ],
              [
                -72.18050385699996,
                -16.40859410899992
              ],
              [
                -72.17275235599988,
                -16.395357107999814
              ],
              [
                -72.17024235699978,
                -16.39016348399997
              ],
              [
                -72.16706848199988,
                -16.385751734
              ],
              [
                -72.16049960699985,
                -16.369378983999923
              ],
              [
                -72.1552811069999,
                -16.362396232999856
              ],
              [
                -72.15397648199996,
                -16.36149023399986
              ],
              [
                -72.14582823199999,
                -16.351528109000014
              ],
              [
                -72.14432523099987,
                -16.350580233999892
              ],
              [
                -72.14461523199998,
                -16.340667733999965
              ],
              [
                -72.13983148200003,
                -16.33181948299989
              ],
              [
                -72.1359864819998,
                -16.32373423399997
              ],
              [
                -72.13256073199983,
                -16.313741733999905
              ],
              [
                -72.13073735699987,
                -16.310115733999908
              ],
              [
                -72.12532810699986,
                -16.303482108999958
              ],
              [
                -72.12291723099997,
                -16.29949360899991
              ],
              [
                -72.12019348199976,
                -16.29761510899982
              ],
              [
                -72.11560060699986,
                -16.289482108999948
              ],
              [
                -72.11281585599994,
                -16.28365710799983
              ],
              [
                -72.10846710599992,
                -16.28042410799992
              ],
              [
                -72.105461107,
                -16.276035358999877
              ],
              [
                -72.08787535699986,
                -16.249214233999908
              ],
              [
                -72.08559423199995,
                -16.245414857999947
              ],
              [
                -72.083785982,
                -16.237266483999974
              ],
              [
                -72.08374785599995,
                -16.233734108999897
              ],
              [
                -72.08290098099997,
                -16.230421108999963
              ],
              [
                -72.07837673099988,
                -16.223619483999983
              ],
              [
                -72.07474523199988,
                -16.222055483999952
              ],
              [
                -72.07402798199996,
                -16.218252233999976
              ],
              [
                -72.0734787319999,
                -16.209464983999965
              ],
              [
                -72.08723448199987,
                -16.201150858999938
              ],
              [
                -72.09131623199983,
                -16.189315733999933
              ],
              [
                -72.0852889809999,
                -16.190410607999922
              ],
              [
                -72.08276373199988,
                -16.18946835899993
              ],
              [
                -72.07643123199995,
                -16.19312285899997
              ],
              [
                -72.073555107,
                -16.196935607999876
              ],
              [
                -72.07053373199994,
                -16.19910435899982
              ],
              [
                -72.06392660699987,
                -16.200130482999896
              ],
              [
                -72.06079860700004,
                -16.20378298399993
              ],
              [
                -72.05731198199987,
                -16.205983982999896
              ],
              [
                -72.05660248199979,
                -16.207488984
              ],
              [
                -72.05231473100002,
                -16.19980623399988
              ],
              [
                -72.04350285700002,
                -16.188764608999975
              ],
              [
                -72.03623210599983,
                -16.18141560899994
              ],
              [
                -72.03426360700001,
                -16.180086107999898
              ],
              [
                -72.0312652309999,
                -16.176290483999935
              ],
              [
                -72.03115085699994,
                -16.173479107999924
              ],
              [
                -72.02976985599992,
                -16.171201733999965
              ],
              [
                -72.02731323199987,
                -16.169420233999915
              ],
              [
                -72.02411648099985,
                -16.168361607999884
              ],
              [
                -72.02139285700002,
                -16.16657060799986
              ],
              [
                -72.02037810699989,
                -16.16408173399998
              ],
              [
                -72.01130673199992,
                -16.160770358999912
              ],
              [
                -72.00752260699983,
                -16.155576733999965
              ],
              [
                -72.00698085599993,
                -16.153224983999905
              ],
              [
                -72.00513460599996,
                -16.15150260799993
              ],
              [
                -72.00514985699988,
                -16.149728733999893
              ],
              [
                -72.00088498099996,
                -16.14385223399995
              ],
              [
                -71.99623110699991,
                -16.138612732999945
              ],
              [
                -71.98715973099985,
                -16.138034858999845
              ],
              [
                -71.98031610599992,
                -16.139432857999964
              ],
              [
                -71.97417448199997,
                -16.14138035899998
              ],
              [
                -71.96868135599988,
                -16.139583608999885
              ],
              [
                -71.96548448099986,
                -16.137285233999876
              ],
              [
                -71.9623302309999,
                -16.13803910899992
              ],
              [
                -71.96082623199982,
                -16.14041410799996
              ],
              [
                -71.957344106,
                -16.14372823399998
              ],
              [
                -71.95327935700004,
                -16.144951232999915
              ],
              [
                -71.94636323099996,
                -16.142431608999914
              ],
              [
                -71.93979885700003,
                -16.14454110799994
              ],
              [
                -71.93387885699985,
                -16.146005858999956
              ],
              [
                -71.92872073099983,
                -16.148292982999862
              ],
              [
                -71.921160107,
                -16.153390608999928
              ],
              [
                -71.9174082319999,
                -16.156615233999844
              ],
              [
                -71.91272073199991,
                -16.158900358999972
              ],
              [
                -71.90826560599999,
                -16.158783232999895
              ],
              [
                -71.90580473199992,
                -16.15626373399988
              ],
              [
                -71.90439635699977,
                -16.15116410899992
              ],
              [
                -71.89859373199988,
                -16.148234357999968
              ],
              [
                -71.8927929809999,
                -16.146533233999833
              ],
              [
                -71.8894512309999,
                -16.146123107999927
              ],
              [
                -71.88734185599981,
                -16.144658233999962
              ],
              [
                -71.88306248100002,
                -16.138386733999823
              ],
              [
                -71.880835982,
                -16.136628857999938
              ],
              [
                -71.87116410599998,
                -16.131294983999965
              ],
              [
                -71.86987498099984,
                -16.13018160899992
              ],
              [
                -71.86770698199996,
                -16.12150585799992
              ],
              [
                -71.86641673199995,
                -16.117986108999958
              ],
              [
                -71.86620348199989,
                -16.112199733999887
              ],
              [
                -71.86545560599984,
                -16.11034773399996
              ],
              [
                -71.86479948099998,
                -16.10473635799991
              ],
              [
                -71.86250323199988,
                -16.101213358999928
              ],
              [
                -71.85701748099984,
                -16.100395232999915
              ],
              [
                -71.853370606,
                -16.097608608999906
              ],
              [
                -71.84812160599984,
                -16.094455733999894
              ],
              [
                -71.84562685599991,
                -16.09101485899987
              ],
              [
                -71.84077448099981,
                -16.086374233999948
              ],
              [
                -71.83904260699978,
                -16.082473608999976
              ],
              [
                -71.83652498200001,
                -16.069400732999952
              ],
              [
                -71.83235173099985,
                -16.0675658589999
              ],
              [
                -71.82879635599977,
                -16.06241985899993
              ],
              [
                -71.8269729819998,
                -16.058752108999954
              ],
              [
                -71.82426448199988,
                -16.060424857999976
              ],
              [
                -71.81829073199987,
                -16.062347358999887
              ],
              [
                -71.81688685599988,
                -16.061202983999976
              ],
              [
                -71.81558985699996,
                -16.05772398299996
              ],
              [
                -71.81571960599985,
                -16.05182648399989
              ],
              [
                -71.81516260599994,
                -16.050815608999926
              ],
              [
                -71.80739598199983,
                -16.04961973299993
              ],
              [
                -71.80021673199985,
                -16.04374123399998
              ],
              [
                -71.79455560599979,
                -16.041933107999853
              ],
              [
                -71.79179385599997,
                -16.039398232999815
              ],
              [
                -71.7868423569999,
                -16.037269482999875
              ],
              [
                -71.78245548099994,
                -16.037099858999966
              ],
              [
                -71.7815093559999,
                -16.03610223299995
              ],
              [
                -71.774337731,
                -16.033189733999848
              ],
              [
                -71.769279482,
                -16.032506982999905
              ],
              [
                -71.76409910699982,
                -16.033531232999962
              ],
              [
                -71.76115423099998,
                -16.031387357999904
              ],
              [
                -71.7554168559999,
                -16.03043173399982
              ],
              [
                -71.74921423099988,
                -16.024753607999855
              ],
              [
                -71.74535373199984,
                -16.022605857999963
              ],
              [
                -71.74342348099992,
                -16.019765858999904
              ],
              [
                -71.73796085599986,
                -16.016197233999947
              ],
              [
                -71.73777773099988,
                -16.01331898399991
              ],
              [
                -71.73479460699997,
                -16.01029773399995
              ],
              [
                -71.73435973099987,
                -16.008367482999972
              ],
              [
                -71.73555760699986,
                -16.005124982999973
              ],
              [
                -71.73555760699986,
                -16.00264948399996
              ],
              [
                -71.73085785599994,
                -15.999845483999877
              ],
              [
                -71.7270659809999,
                -15.99242110899985
              ],
              [
                -71.72454073099988,
                -15.989056607999885
              ],
              [
                -71.72128298199988,
                -15.989078483999947
              ],
              [
                -71.71637723199996,
                -15.98701460899997
              ],
              [
                -71.70971685699999,
                -15.98540498299991
              ],
              [
                -71.7069549819999,
                -15.983750358999885
              ],
              [
                -71.70726773099994,
                -15.97680085899998
              ],
              [
                -71.70613098199993,
                -15.974967983999932
              ],
              [
                -71.70565035699997,
                -15.969683607999968
              ],
              [
                -71.7067261059999,
                -15.96580123299998
              ],
              [
                -71.70668035699993,
                -15.960924108999961
              ],
              [
                -71.70917510599992,
                -15.956443732999958
              ],
              [
                -71.71146398099995,
                -15.946179357999881
              ],
              [
                -71.70927423099988,
                -15.94284348399998
              ],
              [
                -71.70629123099997,
                -15.936469107999812
              ],
              [
                -71.70433810600002,
                -15.93370535899993
              ],
              [
                -71.69554135699985,
                -15.933256232999895
              ],
              [
                -71.69200123099995,
                -15.933403983999938
              ],
              [
                -71.68984223099994,
                -15.935418107999965
              ],
              [
                -71.68463910599985,
                -15.944313982999972
              ],
              [
                -71.68168635599994,
                -15.947222732999876
              ],
              [
                -71.67501073099987,
                -15.94981673399991
              ],
              [
                -71.67163085599992,
                -15.954100608999966
              ],
              [
                -71.66735835599991,
                -15.957900982999945
              ],
              [
                -71.66531373099991,
                -15.958970107999903
              ],
              [
                -71.66113285599994,
                -15.964471857999968
              ],
              [
                -71.65880585599996,
                -15.972615232999942
              ],
              [
                -71.65695185600003,
                -15.974847732999933
              ],
              [
                -71.65219873099988,
                -15.982091857999876
              ],
              [
                -71.65262598099986,
                -15.986373857999979
              ],
              [
                -71.65196985599994,
                -15.987555483999984
              ],
              [
                -71.64871210599995,
                -15.98888973399994
              ],
              [
                -71.64574435599991,
                -15.987691732999963
              ],
              [
                -71.64263910599982,
                -15.987691732999963
              ],
              [
                -71.63374323099998,
                -15.98114585899998
              ],
              [
                -71.6296844819999,
                -15.980919858999982
              ],
              [
                -71.62654873099996,
                -15.97917360799994
              ],
              [
                -71.616195731,
                -15.981380483999942
              ],
              [
                -71.61153410699978,
                -15.983221108999885
              ],
              [
                -71.60668935599983,
                -15.983398482999917
              ],
              [
                -71.60272210599987,
                -15.981781859000023
              ],
              [
                -71.60029598099993,
                -15.982133857999884
              ],
              [
                -71.59345248099993,
                -15.986150732999818
              ],
              [
                -71.58798985600004,
                -15.988467233999927
              ],
              [
                -71.5775909809999,
                -15.990863858999944
              ],
              [
                -71.57191473099982,
                -15.987937982999881
              ],
              [
                -71.56793973099991,
                -15.98401735899995
              ],
              [
                -71.564308106,
                -15.979566607999857
              ],
              [
                -71.56073010599988,
                -15.97765260899996
              ],
              [
                -71.556495606,
                -15.972140357999933
              ],
              [
                -71.55479435599983,
                -15.968921608999892
              ],
              [
                -71.55297085599994,
                -15.967587482999818
              ],
              [
                -71.55024723100001,
                -15.96324248399992
              ],
              [
                -71.54695898099999,
                -15.95918748399987
              ],
              [
                -71.543693481,
                -15.957469108999817
              ],
              [
                -71.54257198099992,
                -15.955894483999828
              ],
              [
                -71.54244235600004,
                -15.952382983999883
              ],
              [
                -71.54008485699984,
                -15.949554482999872
              ],
              [
                -71.53660585599994,
                -15.947524982999937
              ],
              [
                -71.53521723099988,
                -15.944681107999884
              ],
              [
                -71.53169248199993,
                -15.94422823399998
              ],
              [
                -71.53080760599988,
                -15.939753482999947
              ],
              [
                -71.53170010600002,
                -15.935039482999912
              ],
              [
                -71.53144073099998,
                -15.932665857999893
              ],
              [
                -71.52916723099997,
                -15.929961232999915
              ],
              [
                -71.517967231,
                -15.927144984
              ],
              [
                -71.51553348199997,
                -15.927699108999889
              ],
              [
                -71.51238248199985,
                -15.926505107999958
              ],
              [
                -71.50947573099995,
                -15.926485983999896
              ],
              [
                -71.50484460599984,
                -15.925452233999977
              ],
              [
                -71.50100710600003,
                -15.926633858999878
              ],
              [
                -71.49729160599992,
                -15.929020857999944
              ],
              [
                -71.49278260599988,
                -15.930596357999889
              ],
              [
                -71.490097106,
                -15.932156608999946
              ],
              [
                -71.48667923099998,
                -15.931694982999943
              ],
              [
                -71.48416135599985,
                -15.92978760799997
              ],
              [
                -71.47978973099998,
                -15.928372358999923
              ],
              [
                -71.47227473099991,
                -15.926794983999969
              ],
              [
                -71.46829223099991,
                -15.926515607999931
              ],
              [
                -71.46351623099991,
                -15.927669482999931
              ],
              [
                -71.46121973099986,
                -15.929000858999984
              ],
              [
                -71.45626073099999,
                -15.930377982999971
              ],
              [
                -71.45096585600004,
                -15.934965107999972
              ],
              [
                -71.44622798099988,
                -15.930480983999928
              ],
              [
                -71.444465606,
                -15.927434983999888
              ],
              [
                -71.44261173099989,
                -15.926035732999935
              ],
              [
                -71.435729981,
                -15.926322982999977
              ],
              [
                -71.430343606,
                -15.92843148299994
              ],
              [
                -71.4263458559999,
                -15.931268732999854
              ],
              [
                -71.42247773099996,
                -15.930405608999934
              ],
              [
                -71.41551210599988,
                -15.930118608999976
              ],
              [
                -71.41238398099995,
                -15.928809107999825
              ],
              [
                -71.40830998099983,
                -15.926142732999892
              ],
              [
                -71.40583035600002,
                -15.925523733999967
              ],
              [
                -71.39830023099978,
                -15.925341608999872
              ],
              [
                -71.38695523099989,
                -15.92696285799991
              ],
              [
                -71.3823318559999,
                -15.928853983999886
              ],
              [
                -71.37805935599988,
                -15.928953108999906
              ],
              [
                -71.37269598099982,
                -15.926986733999854
              ],
              [
                -71.37051385599977,
                -15.926915108999879
              ],
              [
                -71.36625673099985,
                -15.930276858999946
              ],
              [
                -71.35375210599994,
                -15.933569858999931
              ],
              [
                -71.35061648099986,
                -15.935276983999927
              ],
              [
                -71.34780123099989,
                -15.937728858999947
              ],
              [
                -71.34152235599987,
                -15.939279607999936
              ],
              [
                -71.33709710599993,
                -15.941726732999882
              ],
              [
                -71.33175660599983,
                -15.941467232999912
              ],
              [
                -71.32807923099995,
                -15.939447357999939
              ],
              [
                -71.32478335600001,
                -15.939883232999932
              ],
              [
                -71.32198335599986,
                -15.941599857999961
              ],
              [
                -71.31855773099994,
                -15.945033107999961
              ],
              [
                -71.31419373099999,
                -15.947256108999966
              ],
              [
                -71.31052398099985,
                -15.950778983999953
              ],
              [
                -71.30875398099994,
                -15.954824483999914
              ],
              [
                -71.3041534809999,
                -15.952765482999837
              ],
              [
                -71.30255885600002,
                -15.951306358999886
              ],
              [
                -71.29817960599996,
                -15.951102357999957
              ],
              [
                -71.29386898099983,
                -15.95222285799997
              ],
              [
                -71.29146998099992,
                -15.954749482999944
              ],
              [
                -71.28817198099989,
                -15.95684823299996
              ],
              [
                -71.28357485599992,
                -15.95704810799998
              ],
              [
                -71.27667910599985,
                -15.95414985899987
              ],
              [
                -71.27420810599995,
                -15.954441982999981
              ],
              [
                -71.27306360599994,
                -15.956928233999918
              ],
              [
                -71.27408060599987,
                -15.963244108999959
              ],
              [
                -71.27398073099988,
                -15.965842733999978
              ],
              [
                -71.27102660599996,
                -15.971826607999901
              ],
              [
                -71.26889035600004,
                -15.974010482999859
              ],
              [
                -71.26942448099993,
                -15.980027233999863
              ],
              [
                -71.26879885599993,
                -15.981628358999899
              ],
              [
                -71.26637273099993,
                -15.982162483999957
              ],
              [
                -71.263791981,
                -15.984966358999941
              ],
              [
                -71.25050960599987,
                -15.995899108999936
              ],
              [
                -71.24648185599995,
                -15.9997352339999
              ],
              [
                -71.243604731,
                -16.000310483999897
              ],
              [
                -71.23526135599997,
                -16.000742107999884
              ],
              [
                -71.23156910599982,
                -16.001940983
              ],
              [
                -71.22308348000001,
                -16.009437607999928
              ],
              [
                -71.21759798099998,
                -16.01462923399987
              ],
              [
                -71.21627810599978,
                -16.017076483999972
              ],
              [
                -71.20809935599993,
                -16.02359010799995
              ],
              [
                -71.2016831059999,
                -16.025598483999943
              ],
              [
                -71.19943998099995,
                -16.024707733999946
              ],
              [
                -71.198699981,
                -16.02256198299989
              ],
              [
                -71.194145231,
                -16.015216857999917
              ],
              [
                -71.19159698099992,
                -16.014726608999865
              ],
              [
                -71.18778223100003,
                -16.01198385899994
              ],
              [
                -71.17863460599989,
                -16.00947948299995
              ],
              [
                -71.17610173100002,
                -16.006944608999902
              ],
              [
                -71.17407985599988,
                -16.006683358999965
              ],
              [
                -71.16868585499986,
                -16.00831035899995
              ],
              [
                -71.16038173099997,
                -16.00475335799996
              ],
              [
                -71.152633606,
                -16.001878733999888
              ],
              [
                -71.15164948099982,
                -15.999641358999952
              ],
              [
                -71.15128335599991,
                -15.993351982999968
              ],
              [
                -71.14802548099982,
                -15.98958010799987
              ],
              [
                -71.14519510499986,
                -15.987470607999967
              ],
              [
                -71.14445497999998,
                -15.983701732999975
              ],
              [
                -71.13894648099983,
                -15.982584982999924
              ],
              [
                -71.13343810599997,
                -15.985896107999963
              ],
              [
                -71.12802885599996,
                -15.986367233999943
              ],
              [
                -71.12507635499992,
                -15.98454098399992
              ],
              [
                -71.12216185499983,
                -15.984615358999974
              ],
              [
                -71.11594385599989,
                -15.988238358999979
              ],
              [
                -71.10846723099996,
                -15.986961358999906
              ],
              [
                -71.10568998099995,
                -15.984902358999932
              ],
              [
                -71.10301210599988,
                -15.984056482999904
              ],
              [
                -71.0970611059999,
                -15.985463108999966
              ],
              [
                -71.09597773099989,
                -15.984142358999975
              ],
              [
                -71.09214023099997,
                -15.98216535899985
              ],
              [
                -71.08666998099989,
                -15.981054357999938
              ],
              [
                -71.08532710499998,
                -15.982981732999974
              ],
              [
                -71.08668523099982,
                -15.989656483999966
              ],
              [
                -71.08654785499982,
                -15.994096858999853
              ],
              [
                -71.08724973099999,
                -15.996368357999927
              ],
              [
                -71.0859527299998,
                -15.998011607999842
              ],
              [
                -71.08133698099988,
                -15.999620483999934
              ],
              [
                -71.07962798099987,
                -16.002382232999878
              ],
              [
                -71.07689660599976,
                -16.00419998399991
              ],
              [
                -71.06768035499988,
                -16.00417323399995
              ],
              [
                -71.06447597999994,
                -16.00178910799991
              ],
              [
                -71.06163785599995,
                -15.998183233999896
              ],
              [
                -71.05738073099997,
                -15.996900608999908
              ],
              [
                -71.05529785499994,
                -15.995613108999976
              ],
              [
                -71.05138398000003,
                -15.99113848299993
              ],
              [
                -71.04703523099982,
                -15.984318732999952
              ],
              [
                -71.0438918559999,
                -15.981011357999932
              ],
              [
                -71.03826897999988,
                -15.980804607999971
              ],
              [
                -71.036094606,
                -15.98023223399997
              ],
              [
                -71.03379823,
                -15.977453232999949
              ],
              [
                -71.03079985599987,
                -15.975302732999921
              ],
              [
                -71.02843472999996,
                -15.97530460799993
              ],
              [
                -71.02082822999978,
                -15.973287608000021
              ],
              [
                -71.0119171049999,
                -15.972017233999964
              ],
              [
                -71.0062179809999,
                -15.969953483999916
              ],
              [
                -71.00353235499983,
                -15.968324608999978
              ],
              [
                -70.9982681059999,
                -15.967929857999877
              ],
              [
                -70.99442285499998,
                -15.968622232999962
              ],
              [
                -70.97432710599992,
                -15.96989723299987
              ],
              [
                -70.96134948099996,
                -15.969596857999875
              ],
              [
                -70.95702372999989,
                -15.963431357999923
              ],
              [
                -70.95430760600004,
                -15.962225858999943
              ],
              [
                -70.94941710599988,
                -15.961492484000019
              ],
              [
                -70.94194798099988,
                -15.963381733999881
              ],
              [
                -70.93949122999999,
                -15.963491483999917
              ],
              [
                -70.93585210599997,
                -15.962224983999931
              ],
              [
                -70.93151098099997,
                -15.958935733999908
              ],
              [
                -70.92310335599996,
                -15.954261732999896
              ],
              [
                -70.9205779799999,
                -15.951634357999922
              ],
              [
                -70.91892248099998,
                -15.948076232999881
              ],
              [
                -70.91351323099985,
                -15.945694983999942
              ],
              [
                -70.90625010499986,
                -15.943258232999938
              ],
              [
                -70.90439610499993,
                -15.943536732999974
              ],
              [
                -70.90248873099995,
                -15.945558607999942
              ],
              [
                -70.90042110599984,
                -15.946240483999986
              ],
              [
                -70.892867981,
                -15.945865608999952
              ],
              [
                -70.88549035499983,
                -15.947040608999885
              ],
              [
                -70.88289647999989,
                -15.94794935899995
              ],
              [
                -70.87798310599987,
                -15.947976108999967
              ],
              [
                -70.8755112309999,
                -15.947261732999891
              ],
              [
                -70.87203985499991,
                -15.942676483999946
              ],
              [
                -70.86895748099988,
                -15.940552733999937
              ],
              [
                -70.86891173099991,
                -15.935663233999833
              ],
              [
                -70.8667068559999,
                -15.92969135899989
              ],
              [
                -70.86394497999993,
                -15.927887858999895
              ],
              [
                -70.86134335499986,
                -15.927522608999936
              ],
              [
                -70.85451510499985,
                -15.924734107999882
              ],
              [
                -70.84703823000001,
                -15.923518233999914
              ],
              [
                -70.84533835499997,
                -15.921928484000034
              ],
              [
                -70.84327697999993,
                -15.92325585899988
              ],
              [
                -70.84387972999997,
                -15.92620748399986
              ],
              [
                -70.8432541059999,
                -15.92871573399998
              ],
              [
                -70.84111022999997,
                -15.930231233999962
              ],
              [
                -70.83980560599986,
                -15.93352323399995
              ],
              [
                -70.84014898100003,
                -15.937896732999889
              ],
              [
                -70.83683010499988,
                -15.940015732999882
              ],
              [
                -70.83715060600002,
                -15.941840233999926
              ],
              [
                -70.83917235599995,
                -15.944251983999948
              ],
              [
                -70.83829497999983,
                -15.945849357999919
              ],
              [
                -70.83441160599995,
                -15.946534107999923
              ],
              [
                -70.83219923099995,
                -15.949095732999865
              ],
              [
                -70.83270260499995,
                -15.951692607999973
              ],
              [
                -70.83431248099993,
                -15.953432107999902
              ],
              [
                -70.83838647999994,
                -15.95514873299993
              ],
              [
                -70.84086610599985,
                -15.958840357999918
              ],
              [
                -70.84048460499992,
                -15.96157835899993
              ],
              [
                -70.84265135599986,
                -15.967433983999967
              ],
              [
                -70.84194935499994,
                -15.970998733999977
              ],
              [
                -70.83723447999984,
                -15.974691358999962
              ],
              [
                -70.8343734799999,
                -15.974372858999914
              ],
              [
                -70.83016960499998,
                -15.977428483999972
              ],
              [
                -70.8265457309999,
                -15.978509858999814
              ],
              [
                -70.82304385499987,
                -15.977555233999965
              ],
              [
                -70.82019810599996,
                -15.978467983999906
              ]
            ],
            [
              [
                -71.13862610599989,
                -16.340639108999824
              ],
              [
                -71.13637548099985,
                -16.342317608999963
              ],
              [
                -71.13758848099991,
                -16.346336358999963
              ],
              [
                -71.14035798099991,
                -16.34977910899994
              ],
              [
                -71.14385223099993,
                -16.351819983999974
              ],
              [
                -71.15240473099988,
                -16.352165233999926
              ],
              [
                -71.15478523099983,
                -16.351203857999963
              ],
              [
                -71.16181185599999,
                -16.351831482999955
              ],
              [
                -71.17188260599988,
                -16.35091210899992
              ],
              [
                -71.17505648099996,
                -16.348760608999896
              ],
              [
                -71.17691023100002,
                -16.34891510899996
              ],
              [
                -71.1810607299999,
                -16.353485108999905
              ],
              [
                -71.18607335599995,
                -16.35386273399996
              ],
              [
                -71.19081873099992,
                -16.35554310899994
              ],
              [
                -71.19399260599988,
                -16.35546298399987
              ],
              [
                -71.19735723100001,
                -16.356908733999944
              ],
              [
                -71.1987457309998,
                -16.36067585899997
              ],
              [
                -71.20158385599996,
                -16.36327173399991
              ],
              [
                -71.20319360600001,
                -16.366149858999904
              ],
              [
                -71.20333085599992,
                -16.36951260899997
              ],
              [
                -71.20241548099983,
                -16.372850358999926
              ],
              [
                -71.19747160599997,
                -16.37636948399995
              ],
              [
                -71.197280981,
                -16.38151935899998
              ],
              [
                -71.19404598100004,
                -16.385173858999963
              ],
              [
                -71.19137573,
                -16.386445983999977
              ],
              [
                -71.18841548099977,
                -16.386049233999813
              ],
              [
                -71.18318172999989,
                -16.383985483999936
              ],
              [
                -71.17863460599989,
                -16.379936233999842
              ],
              [
                -71.17523198099991,
                -16.379383108000013
              ],
              [
                -71.17161572999993,
                -16.376926483999966
              ],
              [
                -71.16914373099985,
                -16.37969398399997
              ],
              [
                -71.165870606,
                -16.38093760899983
              ],
              [
                -71.16416935500001,
                -16.382781983999905
              ],
              [
                -71.16226198100003,
                -16.383068108999964
              ],
              [
                -71.156486481,
                -16.381891232999862
              ],
              [
                -71.153434731,
                -16.382579857999815
              ],
              [
                -71.15225985599989,
                -16.384506233999957
              ],
              [
                -71.15035248099997,
                -16.38492198399996
              ],
              [
                -71.14360810599999,
                -16.393896108999968
              ],
              [
                -71.13716885600002,
                -16.39909548399993
              ],
              [
                -71.133735731,
                -16.398006483999893
              ],
              [
                -71.12422947999994,
                -16.398336358999927
              ],
              [
                -71.115394606,
                -16.40026660899997
              ],
              [
                -71.11116785599995,
                -16.403285983999922
              ],
              [
                -71.10994722999993,
                -16.40555573399996
              ],
              [
                -71.10323335599998,
                -16.40870285899996
              ],
              [
                -71.09542085599998,
                -16.40909385899988
              ],
              [
                -71.08734135500004,
                -16.402223608999975
              ],
              [
                -71.08583835599984,
                -16.39753910899998
              ],
              [
                -71.08803560599983,
                -16.39528848399982
              ],
              [
                -71.08956148099986,
                -16.399974858999883
              ],
              [
                -71.09211735599985,
                -16.401700983999945
              ],
              [
                -71.09513860599992,
                -16.399574233999942
              ],
              [
                -71.09523010600003,
                -16.397252983999977
              ],
              [
                -71.09278885599991,
                -16.39625935899994
              ],
              [
                -71.090438856,
                -16.39297098399993
              ],
              [
                -71.08813485599978,
                -16.39230923399998
              ],
              [
                -71.08733373000001,
                -16.388957983999944
              ],
              [
                -71.09029385599996,
                -16.387073483999927
              ],
              [
                -71.08867648099982,
                -16.38597673399994
              ],
              [
                -71.08758548099996,
                -16.38110335899995
              ],
              [
                -71.09117123099992,
                -16.38063435899994
              ],
              [
                -71.09111785499994,
                -16.377269733999924
              ],
              [
                -71.09281160499984,
                -16.376201608999907
              ],
              [
                -71.09380335599991,
                -16.36528010899997
              ],
              [
                -71.09596247999986,
                -16.362178858999982
              ],
              [
                -71.09572597999983,
                -16.358106608999947
              ],
              [
                -71.09790797999989,
                -16.355644233999953
              ],
              [
                -71.09644323100002,
                -16.35077098399995
              ],
              [
                -71.09908298100004,
                -16.347497983999972
              ],
              [
                -71.10159297999996,
                -16.34142298399985
              ],
              [
                -71.10613248099986,
                -16.337366108999902
              ],
              [
                -71.10958860599993,
                -16.33593173399987
              ],
              [
                -71.11233523099997,
                -16.336187358999894
              ],
              [
                -71.11438748099988,
                -16.334686233999946
              ],
              [
                -71.12092585599999,
                -16.327825483999902
              ],
              [
                -71.1231384809999,
                -16.326835607999897
              ],
              [
                -71.127059981,
                -16.328109733999895
              ],
              [
                -71.13080598099998,
                -16.32774360899998
              ],
              [
                -71.13915248099983,
                -16.325567233999948
              ],
              [
                -71.14217373099996,
                -16.323324233999926
              ],
              [
                -71.14607223099995,
                -16.324418983999976
              ],
              [
                -71.14836885599982,
                -16.32737735799998
              ],
              [
                -71.14911648099985,
                -16.3298187339999
              ],
              [
                -71.14812472999995,
                -16.33289910899998
              ],
              [
                -71.13862610599989,
                -16.340639108999824
              ]
            ]
          ]
        ],
        "type": "MultiPolygon"
      },
      "type": "Feature",
      "properties": {
        "PROVINCIA": "AREQUIPA",
        "name": "AREQUIPA",
        "ID": "040100",
        "DEPARTAMEN": "AREQUIPA"
      }
    }
  ]
}
