{
  "type": "FeatureCollection",
  "features": [
    {
      "geometry": {
        "coordinates": [
          [
            [
              [
                -70.38846685499993,
                -13.192388730999937
              ],
              [
                -70.38739897999994,
                -13.195671605999962
              ],
              [
                -70.38532710499993,
                -13.199038355999903
              ],
              [
                -70.38446385499992,
                -13.2047358559999
              ],
              [
                -70.38722622999984,
                -13.211037730999976
              ],
              [
                -70.39000897999989,
                -13.215340105999928
              ],
              [
                -70.3910742299999,
                -13.219084605999967
              ],
              [
                -70.39065872999998,
                -13.222037605999958
              ],
              [
                -70.38794660499985,
                -13.225163230999954
              ],
              [
                -70.3883986049998,
                -13.228233855999974
              ],
              [
                -70.39062648099991,
                -13.232108480999955
              ],
              [
                -70.39408135499986,
                -13.234174855999925
              ],
              [
                -70.4005278549999,
                -13.234743730999924
              ],
              [
                -70.40276623,
                -13.237806855999906
              ],
              [
                -70.40641835500003,
                -13.237924605999979
              ],
              [
                -70.41127772999982,
                -13.241178605999892
              ],
              [
                -70.41525297999993,
                -13.241986105999842
              ],
              [
                -70.41736472999986,
                -13.243600980999872
              ],
              [
                -70.42202323000004,
                -13.249936480999963
              ],
              [
                -70.42295497999993,
                -13.254719105999982
              ],
              [
                -70.42040835499989,
                -13.258570105999922
              ],
              [
                -70.41630885500001,
                -13.260681980999891
              ],
              [
                -70.41394860499992,
                -13.260992480999903
              ],
              [
                -70.40792360499995,
                -13.263042230999872
              ],
              [
                -70.40748885499994,
                -13.26739010599988
              ],
              [
                -70.40535235499976,
                -13.269408480999914
              ],
              [
                -70.40134722999983,
                -13.27060448099985
              ],
              [
                -70.39351560499995,
                -13.270363355999962
              ],
              [
                -70.38656935499995,
                -13.271739105999927
              ],
              [
                -70.38240097999994,
                -13.271612730999948
              ],
              [
                -70.37608522999989,
                -13.273507480999967
              ],
              [
                -70.37083747999992,
                -13.276411355999812
              ],
              [
                -70.36706860499993,
                -13.28168773099992
              ],
              [
                -70.36329972999982,
                -13.284223230999942
              ],
              [
                -70.36007885499987,
                -13.284976980999943
              ],
              [
                -70.35816035499994,
                -13.286347480999893
              ],
              [
                -70.35473410499986,
                -13.291897980999977
              ],
              [
                -70.35260972999987,
                -13.292994480999937
              ],
              [
                -70.34829272999991,
                -13.293611105999958
              ],
              [
                -70.34664810499999,
                -13.295187230999886
              ],
              [
                -70.34507197999989,
                -13.29977835599982
              ],
              [
                -70.34678510500004,
                -13.302724980999926
              ],
              [
                -70.34692223000002,
                -13.305260480999891
              ],
              [
                -70.34512060499998,
                -13.310460480999836
              ],
              [
                -70.34584660500002,
                -13.312746105999963
              ],
              [
                -70.34826660499988,
                -13.313122605999922
              ],
              [
                -70.35001447999991,
                -13.311643730999947
              ],
              [
                -70.35878047999984,
                -13.308847105999916
              ],
              [
                -70.366739855,
                -13.307126230999927
              ],
              [
                -70.36918685499995,
                -13.307583355999896
              ],
              [
                -70.36999347999989,
                -13.31132110599998
              ],
              [
                -70.372816855,
                -13.31331085599993
              ],
              [
                -70.37814110599999,
                -13.312530980999895
              ],
              [
                -70.38222822999984,
                -13.311025230999917
              ],
              [
                -70.38658435499985,
                -13.31175123099996
              ],
              [
                -70.38895072999998,
                -13.313283980999927
              ],
              [
                -70.39283622999994,
                -13.314160730999902
              ],
              [
                -70.3955987299999,
                -13.316665480999973
              ],
              [
                -70.39985322999985,
                -13.322841980999954
              ],
              [
                -70.40195072999995,
                -13.326540230999967
              ],
              [
                -70.4022818549999,
                -13.33211510599989
              ],
              [
                -70.4011387299999,
                -13.334885105999945
              ],
              [
                -70.394755105,
                -13.338154730999918
              ],
              [
                -70.39335385499999,
                -13.340723730999969
              ],
              [
                -70.39273110499988,
                -13.344771855999966
              ],
              [
                -70.39389872999993,
                -13.350532480999902
              ],
              [
                -70.39623423,
                -13.353023605999965
              ],
              [
                -70.39701273000003,
                -13.35831735599993
              ],
              [
                -70.39958172999985,
                -13.363766605999956
              ],
              [
                -70.3991924799999,
                -13.36944948099989
              ],
              [
                -70.40007310499993,
                -13.371738605999951
              ],
              [
                -70.40454960499994,
                -13.370097980999901
              ],
              [
                -70.40661210499997,
                -13.367918355999961
              ],
              [
                -70.41275260499992,
                -13.36400423099991
              ],
              [
                -70.41723647999993,
                -13.361813730999927
              ],
              [
                -70.41886635499986,
                -13.35893723099997
              ],
              [
                -70.42266997999991,
                -13.358713480999938
              ],
              [
                -70.42631360500002,
                -13.359608480999896
              ],
              [
                -70.429030355,
                -13.357850605999943
              ],
              [
                -70.43200273100001,
                -13.358010230999923
              ],
              [
                -70.43404835499996,
                -13.362101480999968
              ],
              [
                -70.44060047999994,
                -13.363156230999834
              ],
              [
                -70.44440385499979,
                -13.364562480999837
              ],
              [
                -70.45044460499992,
                -13.36449860599987
              ],
              [
                -70.45236235600004,
                -13.36852573099992
              ],
              [
                -70.44836710499987,
                -13.374694355999964
              ],
              [
                -70.44603397999992,
                -13.38166198099998
              ],
              [
                -70.44708860499998,
                -13.385752981999872
              ],
              [
                -70.44523485499997,
                -13.388054230999956
              ],
              [
                -70.44255010499995,
                -13.393359855999904
              ],
              [
                -70.44315735500004,
                -13.395820980999872
              ],
              [
                -70.44565035499988,
                -13.396172355999909
              ],
              [
                -70.44868672999985,
                -13.397770606999927
              ],
              [
                -70.45095597999978,
                -13.402117355999849
              ],
              [
                -70.45076422999989,
                -13.410842855999874
              ],
              [
                -70.45268322999993,
                -13.413334730999907
              ],
              [
                -70.45709372999983,
                -13.416324230999976
              ],
              [
                -70.458126231,
                -13.421542605999946
              ],
              [
                -70.45916297999997,
                -13.423443356999826
              ],
              [
                -70.46233435599993,
                -13.425800980999952
              ],
              [
                -70.46767197999986,
                -13.435836855999867
              ],
              [
                -70.470452605,
                -13.437818481999955
              ],
              [
                -70.47182698099994,
                -13.439927980999869
              ],
              [
                -70.47099610499993,
                -13.442325105999885
              ],
              [
                -70.46866272999995,
                -13.443028230999971
              ],
              [
                -70.45741222999982,
                -13.444274730999894
              ],
              [
                -70.4531613559999,
                -13.445457355999963
              ],
              [
                -70.45261797999996,
                -13.447918355999946
              ],
              [
                -70.45624497999995,
                -13.451587605999862
              ],
              [
                -70.45662497999984,
                -13.456558730999859
              ],
              [
                -70.4594746059999,
                -13.459820105999881
              ],
              [
                -70.463939105,
                -13.463366355999938
              ],
              [
                -70.46621885499991,
                -13.466184356999861
              ],
              [
                -70.46881523099995,
                -13.472010355999885
              ],
              [
                -70.46910022999992,
                -13.474258606000035
              ],
              [
                -70.47141160599995,
                -13.476348230999974
              ],
              [
                -70.47479960500004,
                -13.47805798099995
              ],
              [
                -70.48258872999997,
                -13.487651980999829
              ],
              [
                -70.48477347999989,
                -13.490913231000036
              ],
              [
                -70.48879473,
                -13.500380730999893
              ],
              [
                -70.48996622999994,
                -13.501077105999968
              ],
              [
                -70.49576060499993,
                -13.501425480999899
              ],
              [
                -70.50447872999996,
                -13.505909980999888
              ],
              [
                -70.50940422999992,
                -13.50897073099992
              ],
              [
                -70.51987385499984,
                -13.513967605999824
              ],
              [
                -70.52772610499994,
                -13.520035230999952
              ],
              [
                -70.53403172999987,
                -13.525270106999926
              ],
              [
                -70.53982760499997,
                -13.532619605999969
              ],
              [
                -70.54187197999977,
                -13.53718523099991
              ],
              [
                -70.54249010499984,
                -13.54000223199995
              ],
              [
                -70.54590647999999,
                -13.545437105999838
              ],
              [
                -70.54659773099996,
                -13.549843355999883
              ],
              [
                -70.54594960499998,
                -13.553169730999969
              ],
              [
                -70.54304185499984,
                -13.557015730999979
              ],
              [
                -70.54215285499998,
                -13.55977473099989
              ],
              [
                -70.54267398099978,
                -13.567101230999981
              ],
              [
                -70.54242873099992,
                -13.572741730999951
              ],
              [
                -70.54172372999983,
                -13.574488980999945
              ],
              [
                -70.54362547999989,
                -13.577635230999931
              ],
              [
                -70.54660873,
                -13.578225980999946
              ],
              [
                -70.55027122999991,
                -13.576837605999913
              ],
              [
                -70.55425873099995,
                -13.580795730999853
              ],
              [
                -70.55836423099993,
                -13.583335855999962
              ],
              [
                -70.56037273099992,
                -13.58661435599987
              ],
              [
                -70.56964722999999,
                -13.587205105999942
              ],
              [
                -70.57165572999992,
                -13.58602360599997
              ],
              [
                -70.57439273099999,
                -13.586454730999833
              ],
              [
                -70.57787010499993,
                -13.585841105999975
              ],
              [
                -70.58032460599998,
                -13.586932106999882
              ],
              [
                -70.58200085600004,
                -13.589525355999967
              ],
              [
                -70.58423835499997,
                -13.59124435599989
              ],
              [
                -70.58584822999978,
                -13.596428855999875
              ],
              [
                -70.58860422999999,
                -13.598584480999875
              ],
              [
                -70.59247872999993,
                -13.599484980999875
              ],
              [
                -70.59728135499984,
                -13.5986663569999
              ],
              [
                -70.60071935499991,
                -13.599075605999928
              ],
              [
                -70.60486697999988,
                -13.603032231999919
              ],
              [
                -70.60770472999985,
                -13.604696730999876
              ],
              [
                -70.61067897999993,
                -13.608953481999947
              ],
              [
                -70.61619085599989,
                -13.609062482000013
              ],
              [
                -70.62167548000002,
                -13.617575980999902
              ],
              [
                -70.62156635599979,
                -13.621095980999826
              ],
              [
                -70.625260605,
                -13.625852481999914
              ],
              [
                -70.62747510499992,
                -13.627750480999907
              ],
              [
                -70.6332053559999,
                -13.629879605999975
              ],
              [
                -70.63691635599992,
                -13.632775230999925
              ],
              [
                -70.63773148099995,
                -13.634928730999945
              ],
              [
                -70.63740297999988,
                -13.637666106999916
              ],
              [
                -70.64428922999986,
                -13.641157980999935
              ],
              [
                -70.64786610599987,
                -13.644832231999828
              ],
              [
                -70.64836173000003,
                -13.650231605999977
              ],
              [
                -70.65360610599998,
                -13.652623731999938
              ],
              [
                -70.65391285599986,
                -13.6559361059999
              ],
              [
                -70.66016935499982,
                -13.657040231999872
              ],
              [
                -70.66280698100002,
                -13.660567105999917
              ],
              [
                -70.66489248099998,
                -13.661395231999961
              ],
              [
                -70.66875685499991,
                -13.661211231999914
              ],
              [
                -70.67065835499977,
                -13.662069980999945
              ],
              [
                -70.6763321059999,
                -13.659677730999874
              ],
              [
                -70.6780496049999,
                -13.658420105999937
              ],
              [
                -70.68096322999992,
                -13.658113605999972
              ],
              [
                -70.68458222999993,
                -13.654617230999975
              ],
              [
                -70.68887585599992,
                -13.652593106999973
              ],
              [
                -70.69194285499987,
                -13.653053105999959
              ],
              [
                -70.6982607299999,
                -13.657285480999917
              ],
              [
                -70.69899685499996,
                -13.659401730999946
              ],
              [
                -70.70424123099986,
                -13.658420106999927
              ],
              [
                -70.70694023000004,
                -13.6604444809999
              ],
              [
                -70.71009910499993,
                -13.660689730999934
              ],
              [
                -70.71512885499999,
                -13.662253980999878
              ],
              [
                -70.71558898099994,
                -13.663450105999914
              ],
              [
                -70.71439285600002,
                -13.66780510599989
              ],
              [
                -70.71500622999997,
                -13.672589480999932
              ],
              [
                -70.71425235499993,
                -13.677209356999981
              ],
              [
                -70.71625397999992,
                -13.680599105999875
              ],
              [
                -70.7209404809999,
                -13.683006855999963
              ],
              [
                -70.72044960499994,
                -13.687588606999896
              ],
              [
                -70.72103873000003,
                -13.689552231999926
              ],
              [
                -70.72054785499984,
                -13.69439573099993
              ],
              [
                -70.7212678549999,
                -13.695933855999897
              ],
              [
                -70.72123510599977,
                -13.700155606999886
              ],
              [
                -70.72388248000004,
                -13.703173231999926
              ],
              [
                -70.72717485499987,
                -13.704061230999912
              ],
              [
                -70.73134522999987,
                -13.706680355999936
              ],
              [
                -70.735644981,
                -13.711784480999825
              ],
              [
                -70.73578360599993,
                -13.713226980999877
              ],
              [
                -70.73353673099984,
                -13.716084230999968
              ],
              [
                -70.7339251059999,
                -13.720716731999914
              ],
              [
                -70.73253810499989,
                -13.72812360699993
              ],
              [
                -70.7334258549999,
                -13.73145235599992
              ],
              [
                -70.73537572999993,
                -13.735299355999814
              ],
              [
                -70.73474710499988,
                -13.739016730999879
              ],
              [
                -70.73105698,
                -13.7413947309999
              ],
              [
                -70.72641022999994,
                -13.747134855999946
              ],
              [
                -70.72389560499988,
                -13.755170980999878
              ],
              [
                -70.72170885599996,
                -13.757385106999948
              ],
              [
                -70.72231023099988,
                -13.761457856999925
              ],
              [
                -70.71982285499996,
                -13.76301585699997
              ],
              [
                -70.71840148099994,
                -13.765776480999875
              ],
              [
                -70.72159948099988,
                -13.769111231999943
              ],
              [
                -70.72181822999994,
                -13.771024605999969
              ],
              [
                -70.71941272999987,
                -13.77209060599995
              ],
              [
                -70.7149301049999,
                -13.772309356999926
              ],
              [
                -70.71350872999989,
                -13.773320731999945
              ],
              [
                -70.71225135600002,
                -13.776600731999906
              ],
              [
                -70.70790172999983,
                -13.782512605999955
              ],
              [
                -70.70574310499984,
                -13.787871605999896
              ],
              [
                -70.70518498099995,
                -13.792560855999909
              ],
              [
                -70.69945347999993,
                -13.801083356999868
              ],
              [
                -70.69885822999987,
                -13.80316760699992
              ],
              [
                -70.70027235499998,
                -13.807075106999946
              ],
              [
                -70.70235647999993,
                -13.81075948199998
              ],
              [
                -70.70302647999995,
                -13.81332723199995
              ],
              [
                -70.70280310500004,
                -13.817086231999951
              ],
              [
                -70.70421735499991,
                -13.82151498199994
              ],
              [
                -70.70650985499987,
                -13.823950855999954
              ],
              [
                -70.70855835499998,
                -13.828099731999941
              ],
              [
                -70.70950973100003,
                -13.840480480999872
              ],
              [
                -70.71063472999992,
                -13.841578106999918
              ],
              [
                -70.71306235599997,
                -13.836757856999895
              ],
              [
                -70.715216855,
                -13.834519481999962
              ],
              [
                -70.71831247999995,
                -13.832615231999966
              ],
              [
                -70.72136135599999,
                -13.829341855999928
              ],
              [
                -70.72386322999995,
                -13.829107480999937
              ],
              [
                -70.72860347999995,
                -13.826341855999885
              ],
              [
                -70.72912298100005,
                -13.824990231999948
              ],
              [
                -70.73260935599984,
                -13.823414105999916
              ],
              [
                -70.7359238549999,
                -13.824248106999903
              ],
              [
                -70.74283397999983,
                -13.82010160699997
              ],
              [
                -70.74925585499989,
                -13.818031231999953
              ],
              [
                -70.7519141059999,
                -13.81648248199997
              ],
              [
                -70.75725585600003,
                -13.815978480999945
              ],
              [
                -70.76837497999986,
                -13.81433210699987
              ],
              [
                -70.7721913549999,
                -13.81447660699996
              ],
              [
                -70.77373047999987,
                -13.815572230999976
              ],
              [
                -70.77852147999988,
                -13.815066356999978
              ],
              [
                -70.78263673000004,
                -13.816839855999888
              ],
              [
                -70.78725585599994,
                -13.817662106999876
              ],
              [
                -70.79025585499994,
                -13.816732481999964
              ],
              [
                -70.79449410599995,
                -13.818058606999841
              ],
              [
                -70.79631447999992,
                -13.822150356999884
              ],
              [
                -70.80007622999989,
                -13.822423856
              ],
              [
                -70.80441410599997,
                -13.820165981999935
              ],
              [
                -70.80642185599999,
                -13.821439605999899
              ],
              [
                -70.81104297999991,
                -13.821787106999977
              ],
              [
                -70.8143652309999,
                -13.820326231999957
              ],
              [
                -70.81790623099988,
                -13.820525356999838
              ],
              [
                -70.81966397999992,
                -13.823708980999982
              ],
              [
                -70.823873106,
                -13.824767606999899
              ],
              [
                -70.82655473099993,
                -13.8272363559999
              ],
              [
                -70.82840035599997,
                -13.827630855999928
              ],
              [
                -70.83022460500001,
                -13.825998105999929
              ],
              [
                -70.83497072999978,
                -13.824327980999954
              ],
              [
                -70.83617772999997,
                -13.822191355999905
              ],
              [
                -70.83891997999984,
                -13.819958980999957
              ],
              [
                -70.84045685599983,
                -13.820162106999874
              ],
              [
                -70.84335347999979,
                -13.817945356999871
              ],
              [
                -70.84706448099996,
                -13.816970731999959
              ],
              [
                -70.84908285499989,
                -13.81529923099987
              ],
              [
                -70.85027085599995,
                -13.81278623199995
              ],
              [
                -70.84995073100004,
                -13.808082355999943
              ],
              [
                -70.8511396049999,
                -13.80118635699995
              ],
              [
                -70.85392648099992,
                -13.798604981999972
              ],
              [
                -70.85652060599989,
                -13.800287355999899
              ],
              [
                -70.86250235499983,
                -13.800291856999934
              ],
              [
                -70.86438773099997,
                -13.793198231999895
              ],
              [
                -70.86944785599985,
                -13.790351855999916
              ],
              [
                -70.87050198099985,
                -13.788032730999817
              ],
              [
                -70.87020548099991,
                -13.785944105999931
              ],
              [
                -70.87211622999985,
                -13.78423098099995
              ],
              [
                -70.87751898099992,
                -13.782715606999943
              ],
              [
                -70.88120860499987,
                -13.780936606999944
              ],
              [
                -70.88582073099991,
                -13.777971731999855
              ],
              [
                -70.88832447999994,
                -13.777905855999904
              ],
              [
                -70.896296731,
                -13.785219356999903
              ],
              [
                -70.89735097999994,
                -13.787657106999973
              ],
              [
                -70.90057935599998,
                -13.790819730999942
              ],
              [
                -70.90514573099995,
                -13.793068231999882
              ],
              [
                -70.90472123,
                -13.796064231
              ],
              [
                -70.90533372999988,
                -13.80396185599983
              ],
              [
                -70.90706610599995,
                -13.809196105999945
              ],
              [
                -70.91252148099989,
                -13.813803605999965
              ],
              [
                -70.91587573100003,
                -13.811923730999922
              ],
              [
                -70.92210523099988,
                -13.807463606999931
              ],
              [
                -70.92977210599997,
                -13.804367356999876
              ],
              [
                -70.93281298099998,
                -13.801173106999897
              ],
              [
                -70.93501260499988,
                -13.800623231999964
              ],
              [
                -70.9386786049999,
                -13.801784106999946
              ],
              [
                -70.94114597999987,
                -13.80344835699998
              ],
              [
                -70.94422598099987,
                -13.80406435599997
              ],
              [
                -70.9493593549999,
                -13.80382473099985
              ],
              [
                -70.95113885599989,
                -13.804919856999959
              ],
              [
                -70.95654598099998,
                -13.804714481999838
              ],
              [
                -70.95818860599991,
                -13.80375635699994
              ],
              [
                -70.95935223099991,
                -13.799991855999963
              ],
              [
                -70.96304810499998,
                -13.797972730999959
              ],
              [
                -70.96852373099989,
                -13.796364356999959
              ],
              [
                -70.96924235599994,
                -13.794858605999877
              ],
              [
                -70.96951610599984,
                -13.786679480999908
              ],
              [
                -70.96999523099998,
                -13.782743980999896
              ],
              [
                -70.97204847999978,
                -13.779629731999876
              ],
              [
                -70.9754023559999,
                -13.778192355999977
              ],
              [
                -70.98214410499992,
                -13.777199980999967
              ],
              [
                -70.98311685600004,
                -13.772015106999959
              ],
              [
                -70.98300710599983,
                -13.769199855999886
              ],
              [
                -70.98618810499988,
                -13.766786730999968
              ],
              [
                -70.98827210499991,
                -13.763313230999813
              ],
              [
                -70.99163585599979,
                -13.761338855999952
              ],
              [
                -70.99997210600003,
                -13.75994948199991
              ],
              [
                -71.0036687299999,
                -13.756051356999876
              ],
              [
                -71.00870872999991,
                -13.75521135699995
              ],
              [
                -71.01223198099984,
                -13.752784730999963
              ],
              [
                -71.01743523099987,
                -13.751664731999938
              ],
              [
                -71.0200718559999,
                -13.751991355999962
              ],
              [
                -71.02551135499982,
                -13.750075230999869
              ],
              [
                -71.032890355,
                -13.753283481999858
              ],
              [
                -71.035573731,
                -13.753225105999888
              ],
              [
                -71.04129048099986,
                -13.750130730999956
              ],
              [
                -71.04565185599995,
                -13.74880673199982
              ],
              [
                -71.048728105,
                -13.747249106999902
              ],
              [
                -71.05920310600004,
                -13.739616730999899
              ],
              [
                -71.06200685499994,
                -13.736618355999951
              ],
              [
                -71.07088535600002,
                -13.732373855999981
              ],
              [
                -71.07279335499987,
                -13.730816231999938
              ],
              [
                -71.07594760599983,
                -13.729764856999907
              ],
              [
                -71.08097073099987,
                -13.725501981999969
              ],
              [
                -71.08228698099981,
                -13.72904773099998
              ],
              [
                -71.08524510599995,
                -13.73146248199987
              ],
              [
                -71.08699573099983,
                -13.734722480999949
              ],
              [
                -71.09061798099987,
                -13.738586230999886
              ],
              [
                -71.09368548100002,
                -13.746628106999935
              ],
              [
                -71.09864723000004,
                -13.751384605999931
              ],
              [
                -71.10118273099988,
                -13.758387605999928
              ],
              [
                -71.10353710599998,
                -13.76037973099983
              ],
              [
                -71.1068574809999,
                -13.759534480999946
              ],
              [
                -71.1115663559998,
                -13.75971560599993
              ],
              [
                -71.11579223099977,
                -13.760862731999907
              ],
              [
                -71.12219148099996,
                -13.761587106999968
              ],
              [
                -71.1237611059999,
                -13.759896731999902
              ],
              [
                -71.13222472999996,
                -13.755981980999934
              ],
              [
                -71.13615485599996,
                -13.750971231999927
              ],
              [
                -71.13605660600001,
                -13.746648106999828
              ],
              [
                -71.13829210599988,
                -13.744064230999982
              ],
              [
                -71.1637694809998,
                -13.743197230999954
              ],
              [
                -71.16463423100004,
                -13.743691855999941
              ],
              [
                -71.16746648099996,
                -13.74919410599989
              ],
              [
                -71.16779348099993,
                -13.752281356999902
              ],
              [
                -71.17040835599994,
                -13.754424356999948
              ],
              [
                -71.1737862299999,
                -13.760562481999955
              ],
              [
                -71.17661010599988,
                -13.762764355999934
              ],
              [
                -71.17878935599998,
                -13.765624605999903
              ],
              [
                -71.17952023099997,
                -13.768119356999932
              ],
              [
                -71.17947035600002,
                -13.774205356999971
              ],
              [
                -71.17851698099992,
                -13.776021356999934
              ],
              [
                -71.17901635499993,
                -13.779108605999966
              ],
              [
                -71.18233048099995,
                -13.78042523199997
              ],
              [
                -71.18380073000003,
                -13.78271673199987
              ],
              [
                -71.18266735599985,
                -13.785869980999905
              ],
              [
                -71.18322223099995,
                -13.788724855999988
              ],
              [
                -71.1930982309998,
                -13.793154981999976
              ],
              [
                -71.197584731,
                -13.790925856999934
              ],
              [
                -71.20480498099994,
                -13.78898473199996
              ],
              [
                -71.20809973099995,
                -13.787035105999962
              ],
              [
                -71.21092660599999,
                -13.78245360699998
              ],
              [
                -71.21445548099996,
                -13.778573980999965
              ],
              [
                -71.21930985599988,
                -13.780250731999956
              ],
              [
                -71.22361835599986,
                -13.780387230999963
              ],
              [
                -71.22472960599987,
                -13.785397481000018
              ],
              [
                -71.22848260599989,
                -13.789325730999963
              ],
              [
                -71.22895160599995,
                -13.793181981999965
              ],
              [
                -71.2307756059999,
                -13.797924355999953
              ],
              [
                -71.23358973099994,
                -13.806992106999928
              ],
              [
                -71.23640385599998,
                -13.81246398199994
              ],
              [
                -71.23708123099982,
                -13.814861230999952
              ],
              [
                -71.24225148100004,
                -13.819486855999969
              ],
              [
                -71.24652298099988,
                -13.82212760699997
              ],
              [
                -71.2489694809999,
                -13.822787731999881
              ],
              [
                -71.25157123099996,
                -13.82461285599993
              ],
              [
                -71.25797860499995,
                -13.825816605999933
              ],
              [
                -71.26248323099998,
                -13.824806980999881
              ],
              [
                -71.26749260499986,
                -13.825117607000038
              ],
              [
                -71.27061297999984,
                -13.826207605999969
              ],
              [
                -71.27531973099991,
                -13.825284230999955
              ],
              [
                -71.27817973100002,
                -13.825937356999873
              ],
              [
                -71.28036410599992,
                -13.827401231999943
              ],
              [
                -71.28475560599992,
                -13.826657981999915
              ],
              [
                -71.28931235599993,
                -13.82770623099998
              ],
              [
                -71.29765660600003,
                -13.840483355999936
              ],
              [
                -71.29687360499992,
                -13.84327923199993
              ],
              [
                -71.3010792309999,
                -13.84781673099991
              ],
              [
                -71.3044293559999,
                -13.857571856999982
              ],
              [
                -71.30277398099997,
                -13.85972385599996
              ],
              [
                -71.30316798099989,
                -13.863852856999927
              ],
              [
                -71.30171673099989,
                -13.866301605999922
              ],
              [
                -71.30080048100001,
                -13.872976355999924
              ],
              [
                -71.3051787309999,
                -13.873216356999876
              ],
              [
                -71.3079076059999,
                -13.874865606999833
              ],
              [
                -71.31141623099995,
                -13.875855106999893
              ],
              [
                -71.3107264809999,
                -13.88122310599988
              ],
              [
                -71.30883723099998,
                -13.883892106999895
              ],
              [
                -71.30781773099983,
                -13.890009606999968
              ],
              [
                -71.31138623099986,
                -13.892228731999921
              ],
              [
                -71.31303560599991,
                -13.895977231999836
              ],
              [
                -71.31777373099999,
                -13.898646231999976
              ],
              [
                -71.31945310599986,
                -13.905093731999898
              ],
              [
                -71.32023273099998,
                -13.905993356999886
              ],
              [
                -71.32648348099997,
                -13.907156106999935
              ],
              [
                -71.32880510599995,
                -13.908379231999959
              ],
              [
                -71.33505098099982,
                -13.905680980999819
              ],
              [
                -71.33617523100003,
                -13.904082106999965
              ],
              [
                -71.34112173100004,
                -13.900284480999971
              ],
              [
                -71.34526910599982,
                -13.901483856999903
              ],
              [
                -71.34864198100001,
                -13.900684355999942
              ],
              [
                -71.35221773099983,
                -13.901162106999948
              ],
              [
                -71.36192998099989,
                -13.909094356999958
              ],
              [
                -71.3637763559999,
                -13.912408606999918
              ],
              [
                -71.36789798099994,
                -13.914254980999942
              ],
              [
                -71.37345610599994,
                -13.920335355999953
              ],
              [
                -71.37554535599986,
                -13.919875605999948
              ],
              [
                -71.37882598099998,
                -13.915007231999823
              ],
              [
                -71.38379898100004,
                -13.911455105999892
              ],
              [
                -71.387288356,
                -13.90965823099998
              ],
              [
                -71.38859523099995,
                -13.907670106999888
              ],
              [
                -71.38861810599997,
                -13.90400348199995
              ],
              [
                -71.39029110599995,
                -13.902399355999876
              ],
              [
                -71.39317873100003,
                -13.896211856999969
              ],
              [
                -71.39597435599995,
                -13.8961659819999
              ],
              [
                -71.39881598099998,
                -13.894905606999885
              ],
              [
                -71.40305560599995,
                -13.896509606999928
              ],
              [
                -71.40555360599978,
                -13.896074356999975
              ],
              [
                -71.40834935599997,
                -13.896899356999938
              ],
              [
                -71.40908260599991,
                -13.900634732000015
              ],
              [
                -71.41226810599994,
                -13.901734731999966
              ],
              [
                -71.41201598099997,
                -13.90519510699994
              ],
              [
                -71.41359723099987,
                -13.906799231999969
              ],
              [
                -71.41442223099983,
                -13.911222230999897
              ],
              [
                -71.4122909809999,
                -13.913857605999908
              ],
              [
                -71.41242848099989,
                -13.91601173099997
              ],
              [
                -71.41515560599987,
                -13.91814298199995
              ],
              [
                -71.41685135599982,
                -13.92080135599997
              ],
              [
                -71.42125135599991,
                -13.923070106999944
              ],
              [
                -71.42271810599993,
                -13.925774230999934
              ],
              [
                -71.42604098099991,
                -13.925476355999876
              ],
              [
                -71.43252635599987,
                -13.926232605999928
              ],
              [
                -71.436101356,
                -13.925040856999829
              ],
              [
                -71.44098260599992,
                -13.926003356999956
              ],
              [
                -71.44185348099995,
                -13.928317981999896
              ],
              [
                -71.44093673099985,
                -13.931045106999932
              ],
              [
                -71.44187635599997,
                -13.932420106999928
              ],
              [
                -71.44112023099984,
                -13.936086731999922
              ],
              [
                -71.44297635599986,
                -13.937782605999928
              ],
              [
                -71.45019523099995,
                -13.93533048199987
              ],
              [
                -71.4567222309999,
                -13.93737385699984
              ],
              [
                -71.460176731,
                -13.934394106999946
              ],
              [
                -71.46165323099984,
                -13.931941731
              ],
              [
                -71.46418473099988,
                -13.930095855999923
              ],
              [
                -71.46686423099982,
                -13.927038356999901
              ],
              [
                -71.47292573099986,
                -13.925771606999888
              ],
              [
                -71.47539960599983,
                -13.926777356999878
              ],
              [
                -71.47847973099988,
                -13.929779105999899
              ],
              [
                -71.47881898099979,
                -13.932885355999872
              ],
              [
                -71.48226448199983,
                -13.935469480999927
              ],
              [
                -71.48531848100004,
                -13.93975023199988
              ],
              [
                -71.48962198100003,
                -13.944036106999874
              ],
              [
                -71.49530335599991,
                -13.94676323099992
              ],
              [
                -71.49666685599993,
                -13.94812685699992
              ],
              [
                -71.50271198099989,
                -13.951944731999902
              ],
              [
                -71.50403860599994,
                -13.956689481999831
              ],
              [
                -71.50905660599983,
                -13.958386731999951
              ],
              [
                -71.51359498099998,
                -13.960785105999946
              ],
              [
                -71.516878856,
                -13.967218731999878
              ],
              [
                -71.51952685599991,
                -13.964596231999963
              ],
              [
                -71.52466848099988,
                -13.964677480999967
              ],
              [
                -71.52680635599995,
                -13.962918481999964
              ],
              [
                -71.52729348100002,
                -13.961159480999925
              ],
              [
                -71.53064910599983,
                -13.955178981999893
              ],
              [
                -71.5315421059999,
                -13.951552606999883
              ],
              [
                -71.53091960599983,
                -13.948440606999952
              ],
              [
                -71.536061356,
                -13.943975481999928
              ],
              [
                -71.53695435599991,
                -13.941296356999942
              ],
              [
                -71.54117598099987,
                -13.942027105999898
              ],
              [
                -71.54217723099987,
                -13.945815606999929
              ],
              [
                -71.54765173099986,
                -13.94495235699992
              ],
              [
                -71.55066098099996,
                -13.941337105999935
              ],
              [
                -71.55672273099987,
                -13.937396856999953
              ],
              [
                -71.56239473100004,
                -13.934712355999977
              ],
              [
                -71.566464731,
                -13.930101105999938
              ],
              [
                -71.56722323099996,
                -13.923344106999934
              ],
              [
                -71.5647526059999,
                -13.921479481999938
              ],
              [
                -71.55864585699993,
                -13.922178731999963
              ],
              [
                -71.55920523100002,
                -13.916258481999876
              ],
              [
                -71.56202673199988,
                -13.912738481999952
              ],
              [
                -71.5616587319999,
                -13.910746856999936
              ],
              [
                -71.56293610599988,
                -13.905745856999943
              ],
              [
                -71.56525248099996,
                -13.903385980999929
              ],
              [
                -71.57038323099994,
                -13.90533460699993
              ],
              [
                -71.57389035699987,
                -13.90607060699989
              ],
              [
                -71.5763748569999,
                -13.905642856999862
              ],
              [
                -71.58086148099989,
                -13.902345981999929
              ],
              [
                -71.5868097309999,
                -13.902481855999952
              ],
              [
                -71.58976685599998,
                -13.902039981999906
              ],
              [
                -71.59393373199987,
                -13.904769105999947
              ],
              [
                -71.60085135599996,
                -13.90627285699992
              ],
              [
                -71.60634173100004,
                -13.903208356999869
              ],
              [
                -71.60853885599983,
                -13.903452480999817
              ],
              [
                -71.610695356,
                -13.900604230999875
              ],
              [
                -71.61594410599997,
                -13.897267855999928
              ],
              [
                -71.6201757319999,
                -13.897267856999974
              ],
              [
                -71.62325535599996,
                -13.893836230999966
              ],
              [
                -71.62390798099989,
                -13.892158106999943
              ],
              [
                -71.62903573100004,
                -13.884186856999975
              ],
              [
                -71.63215898099992,
                -13.875935856999945
              ],
              [
                -71.63239210599983,
                -13.870621606999975
              ],
              [
                -71.63613573099997,
                -13.865190105999886
              ],
              [
                -71.63807523099979,
                -13.86111610599994
              ],
              [
                -71.63874460599999,
                -13.857139731999837
              ],
              [
                -71.6389096069999,
                -13.849849106999955
              ],
              [
                -71.63452160599991,
                -13.845605981999881
              ],
              [
                -71.63586698099994,
                -13.839334355999938
              ],
              [
                -71.64185373199996,
                -13.828282606999949
              ],
              [
                -71.64505123200001,
                -13.82503873099995
              ],
              [
                -71.64755360599986,
                -13.823370481999973
              ],
              [
                -71.65195598099984,
                -13.823324105999859
              ],
              [
                -71.65337498199995,
                -13.823942731999978
              ],
              [
                -71.656957606,
                -13.82301735699997
              ],
              [
                -71.65997085599997,
                -13.824322356999858
              ],
              [
                -71.66307910599994,
                -13.823705481
              ],
              [
                -71.66908185599993,
                -13.82147510599998
              ],
              [
                -71.67064773099992,
                -13.821522606999906
              ],
              [
                -71.67994873099997,
                -13.824820606999936
              ],
              [
                -71.68538185599982,
                -13.825911981999923
              ],
              [
                -71.68922560599998,
                -13.824085106999917
              ],
              [
                -71.69586898099988,
                -13.82353935599997
              ],
              [
                -71.69771960699995,
                -13.821878480999885
              ],
              [
                -71.70168198199991,
                -13.81979060599997
              ],
              [
                -71.7090177319999,
                -13.822557606999965
              ],
              [
                -71.71246798099997,
                -13.820303606999971
              ],
              [
                -71.71246798099997,
                -13.818680481999934
              ],
              [
                -71.7102547319999,
                -13.816998356999932
              ],
              [
                -71.70945785599997,
                -13.812630855999885
              ],
              [
                -71.70810035599999,
                -13.810594480999896
              ],
              [
                -71.70866110699978,
                -13.808794356999897
              ],
              [
                -71.70458860699995,
                -13.803659481999944
              ],
              [
                -71.70458860699995,
                -13.801711731999887
              ],
              [
                -71.7021982309999,
                -13.798258980999947
              ],
              [
                -71.69921760699992,
                -13.798052355999971
              ],
              [
                -71.69600098199987,
                -13.795366981999848
              ],
              [
                -71.7013128559999,
                -13.788490856999886
              ],
              [
                -71.70104735599989,
                -13.780316355999958
              ],
              [
                -71.70163748199985,
                -13.779017855999882
              ],
              [
                -71.7019311059999,
                -13.77097185699995
              ],
              [
                -71.70382323199988,
                -13.768275605999975
              ],
              [
                -71.7047221059999,
                -13.764727855999979
              ],
              [
                -71.70330285599988,
                -13.759524480999858
              ],
              [
                -71.70609373199989,
                -13.755598355999894
              ],
              [
                -71.70921110699999,
                -13.750145980999946
              ],
              [
                -71.71277898100004,
                -13.74676260599989
              ],
              [
                -71.71296360599979,
                -13.742794855999932
              ],
              [
                -71.7140093569999,
                -13.741841355999952
              ],
              [
                -71.719391981,
                -13.739842106999959
              ],
              [
                -71.72231398099984,
                -13.737873605999823
              ],
              [
                -71.7271429819998,
                -13.733013855999957
              ],
              [
                -71.73028035700003,
                -13.733659730999932
              ],
              [
                -71.73135685599993,
                -13.735658980999972
              ],
              [
                -71.73587823100002,
                -13.736858606999931
              ],
              [
                -71.73753923199979,
                -13.735812856999928
              ],
              [
                -71.7398152319999,
                -13.73255248099997
              ],
              [
                -71.7424912309998,
                -13.730491730999915
              ],
              [
                -71.74651948099995,
                -13.726335980999977
              ],
              [
                -71.74658048100002,
                -13.723784480999882
              ],
              [
                -71.74523248199978,
                -13.719936855999947
              ],
              [
                -71.74523248199978,
                -13.717552855999884
              ],
              [
                -71.74836723199996,
                -13.71032810599985
              ],
              [
                -71.75329298099984,
                -13.710716980999962
              ],
              [
                -71.76391273199994,
                -13.708143481000036
              ],
              [
                -71.76992848099997,
                -13.703234855999938
              ],
              [
                -71.77975260700003,
                -13.699251106999952
              ],
              [
                -71.78342785699982,
                -13.696993355999894
              ],
              [
                -71.78634185599998,
                -13.698095980999938
              ],
              [
                -71.78976173099989,
                -13.698355480999908
              ],
              [
                -71.79411960599992,
                -13.697490105999975
              ],
              [
                -71.79667098099992,
                -13.694819230999883
              ],
              [
                -71.797361981,
                -13.69154623199995
              ],
              [
                -71.79891910699996,
                -13.689300480999975
              ],
              [
                -71.80379985699983,
                -13.684808855999847
              ],
              [
                -71.80703385699991,
                -13.686335981999889
              ],
              [
                -71.81140160599989,
                -13.686431731999903
              ],
              [
                -71.81609448099988,
                -13.685170980999942
              ],
              [
                -71.81812573199988,
                -13.683419980999929
              ],
              [
                -71.82232823199996,
                -13.678376855999943
              ],
              [
                -71.82716110599989,
                -13.671442730999956
              ],
              [
                -71.82512285699983,
                -13.667387356
              ],
              [
                -71.82551510599995,
                -13.662680480999825
              ],
              [
                -71.82770035600004,
                -13.660663355999816
              ],
              [
                -71.82887710599988,
                -13.655115980999938
              ],
              [
                -71.83106235600002,
                -13.652426355999978
              ],
              [
                -71.83246323199984,
                -13.647831606999944
              ],
              [
                -71.83593735599987,
                -13.64458173199995
              ],
              [
                -71.83554510599993,
                -13.64099560599982
              ],
              [
                -71.84227910699985,
                -13.63255410599993
              ],
              [
                -71.84315885699982,
                -13.630794730999924
              ],
              [
                -71.83924410700001,
                -13.62735823099996
              ],
              [
                -71.83590710699985,
                -13.622093230999894
              ],
              [
                -71.83237223199978,
                -13.62194485599997
              ],
              [
                -71.82746060599999,
                -13.613221480999925
              ],
              [
                -71.82210160699987,
                -13.609820356999819
              ],
              [
                -71.8198176059999,
                -13.607757730999936
              ],
              [
                -71.82146285599987,
                -13.605606355999953
              ],
              [
                -71.82315560599994,
                -13.601619606999918
              ],
              [
                -71.82734798199982,
                -13.598439731999918
              ],
              [
                -71.82983685699986,
                -13.594870105999973
              ],
              [
                -71.83559010699992,
                -13.590832355999908
              ],
              [
                -71.83335660599994,
                -13.588253480999981
              ],
              [
                -71.82977735600002,
                -13.585619105999967
              ],
              [
                -71.82735748099998,
                -13.58476948099991
              ],
              [
                -71.82099610699981,
                -13.580169980999926
              ],
              [
                -71.8185002309998,
                -13.578962355999863
              ],
              [
                -71.81590985599996,
                -13.576244981999821
              ],
              [
                -71.81610160599985,
                -13.573814605999814
              ],
              [
                -71.81756060600003,
                -13.569923856999935
              ],
              [
                -71.8174354809999,
                -13.567945355999939
              ],
              [
                -71.81433198199989,
                -13.568066356999907
              ],
              [
                -71.81481060599987,
                -13.566097607000017
              ],
              [
                -71.81732035699997,
                -13.56212110599995
              ],
              [
                -71.81803510599985,
                -13.558509730999958
              ],
              [
                -71.81495310600002,
                -13.553197230999956
              ],
              [
                -71.81504298099992,
                -13.549050730999966
              ],
              [
                -71.81661723199994,
                -13.547072230999959
              ],
              [
                -71.81793560699998,
                -13.54307423099982
              ],
              [
                -71.81602148099995,
                -13.54125198099996
              ],
              [
                -71.81511323099994,
                -13.538480481999954
              ],
              [
                -71.81709185599988,
                -13.536363230999939
              ],
              [
                -71.81944535599985,
                -13.527790981999942
              ],
              [
                -71.8194141059999,
                -13.525958980999974
              ],
              [
                -71.82089848099997,
                -13.52174998099997
              ],
              [
                -71.81931060699986,
                -13.517044981999959
              ],
              [
                -71.80852110699993,
                -13.510642605999976
              ],
              [
                -71.80524135600001,
                -13.509417730999928
              ],
              [
                -71.8046259809999,
                -13.508258105999914
              ],
              [
                -71.80277735699997,
                -13.508365105999815
              ],
              [
                -71.79756035599996,
                -13.51202073099995
              ],
              [
                -71.79371273199985,
                -13.515832730999932
              ],
              [
                -71.7911316069999,
                -13.517293481999957
              ],
              [
                -71.78716298099988,
                -13.520627105999893
              ],
              [
                -71.78440485600004,
                -13.522016105999967
              ],
              [
                -71.77960298199991,
                -13.525627480999901
              ],
              [
                -71.77561435599983,
                -13.532770981
              ],
              [
                -71.7734317309999,
                -13.53537035699992
              ],
              [
                -71.77275698100004,
                -13.538644480999949
              ],
              [
                -71.76999885700002,
                -13.545629106999911
              ],
              [
                -71.76864960599983,
                -13.54699835599996
              ],
              [
                -71.76158860600003,
                -13.549389980999877
              ],
              [
                -71.76010035699989,
                -13.5508782309999
              ],
              [
                -71.75420948199991,
                -13.559156481999878
              ],
              [
                -71.75101598200001,
                -13.56089273099991
              ],
              [
                -71.74914960699994,
                -13.56356710599988
              ],
              [
                -71.748281732,
                -13.569875230999912
              ],
              [
                -71.74655048099993,
                -13.574967106999964
              ],
              [
                -71.74256835599988,
                -13.574330105999934
              ],
              [
                -71.73767160699998,
                -13.570121605999873
              ],
              [
                -71.73238473099997,
                -13.560537106999902
              ],
              [
                -71.7301906059999,
                -13.559418980999851
              ],
              [
                -71.72285273099999,
                -13.556913481999914
              ],
              [
                -71.72170735599991,
                -13.554371981999964
              ],
              [
                -71.71952348099995,
                -13.552474605999919
              ],
              [
                -71.71737310600003,
                -13.55566010699988
              ],
              [
                -71.71619135599985,
                -13.559765605999928
              ],
              [
                -71.71730760600002,
                -13.56216685599992
              ],
              [
                -71.71920885599985,
                -13.562911855999914
              ],
              [
                -71.72445123199992,
                -13.563468730999887
              ],
              [
                -71.72513473099997,
                -13.566685605999965
              ],
              [
                -71.72428510600002,
                -13.57236910599994
              ],
              [
                -71.72172073099995,
                -13.575097605999929
              ],
              [
                -71.71728323099995,
                -13.576193480999905
              ],
              [
                -71.71451560699995,
                -13.578031230999898
              ],
              [
                -71.713060606,
                -13.580123105999974
              ],
              [
                -71.710191356,
                -13.58113873100001
              ],
              [
                -71.70853523099993,
                -13.584933605999936
              ],
              [
                -71.70601948200004,
                -13.585322231999896
              ],
              [
                -71.70392185599997,
                -13.58694335599995
              ],
              [
                -71.70310348099991,
                -13.589544980999904
              ],
              [
                -71.70280073099991,
                -13.594706980999888
              ],
              [
                -71.70069335599999,
                -13.597773480999933
              ],
              [
                -71.69858010599984,
                -13.602718731999914
              ],
              [
                -71.69632623199988,
                -13.605263730999923
              ],
              [
                -71.68814848200003,
                -13.60978910599988
              ],
              [
                -71.68675973199987,
                -13.611040980999917
              ],
              [
                -71.68403123099989,
                -13.616355480999971
              ],
              [
                -71.68099810599995,
                -13.61779685599987
              ],
              [
                -71.68114648100004,
                -13.619501980999928
              ],
              [
                -71.68351373099989,
                -13.622132855999894
              ],
              [
                -71.68138873099991,
                -13.626203105999878
              ],
              [
                -71.6807808559999,
                -13.62947823099995
              ],
              [
                -71.67516248099992,
                -13.634345106999945
              ],
              [
                -71.67072510600002,
                -13.636313105999875
              ],
              [
                -71.66587623099991,
                -13.637601605999919
              ],
              [
                -71.65998948200001,
                -13.637601605999919
              ],
              [
                -71.65766348099993,
                -13.638174105999951
              ],
              [
                -71.65574610599992,
                -13.640009730999964
              ],
              [
                -71.65208435699992,
                -13.634225730999958
              ],
              [
                -71.65070073200002,
                -13.63284210699993
              ],
              [
                -71.64891898099984,
                -13.628585480999902
              ],
              [
                -71.6459987319999,
                -13.624675355999955
              ],
              [
                -71.6436723559998,
                -13.623536982000019
              ],
              [
                -71.63816460599998,
                -13.617476481999915
              ],
              [
                -71.63184298099998,
                -13.612944981999874
              ],
              [
                -71.62936810600002,
                -13.609331731
              ],
              [
                -71.62263673199993,
                -13.604283105999968
              ],
              [
                -71.621547856,
                -13.601313356999981
              ],
              [
                -71.61986498099992,
                -13.599877980999963
              ],
              [
                -71.61941185599983,
                -13.59661485700002
              ],
              [
                -71.62003235600002,
                -13.589097730999924
              ],
              [
                -71.6247574809999,
                -13.582988480999916
              ],
              [
                -71.62516323199992,
                -13.5809122309999
              ],
              [
                -71.62470985699997,
                -13.575972356000023
              ],
              [
                -71.62673010599997,
                -13.568370855999945
              ],
              [
                -71.62660935600002,
                -13.566173855999978
              ],
              [
                -71.62362235599988,
                -13.564817980999976
              ],
              [
                -71.62012660699992,
                -13.564584980999882
              ],
              [
                -71.61656110599995,
                -13.565548730999978
              ],
              [
                -71.6136247309999,
                -13.563984480999864
              ],
              [
                -71.61120973100003,
                -13.564149106999878
              ],
              [
                -71.60797148199987,
                -13.567579480999939
              ],
              [
                -71.60459648100004,
                -13.564980855999977
              ],
              [
                -71.59896848099987,
                -13.564042855999958
              ],
              [
                -71.59677935599984,
                -13.562810606999903
              ],
              [
                -71.59353023100005,
                -13.562759480999944
              ],
              [
                -71.59001748100002,
                -13.564267855999958
              ],
              [
                -71.58162273099998,
                -13.565140982
              ],
              [
                -71.57713748099985,
                -13.568574355999942
              ],
              [
                -71.57355773099988,
                -13.569514605999927
              ],
              [
                -71.56905660599995,
                -13.562181605999967
              ],
              [
                -71.56636335599995,
                -13.56554523099993
              ],
              [
                -71.55872323099993,
                -13.57154073099997
              ],
              [
                -71.55915360599982,
                -13.580447605999893
              ],
              [
                -71.55824998099985,
                -13.582039730999952
              ],
              [
                -71.55575435599997,
                -13.58302935699993
              ],
              [
                -71.55523798099995,
                -13.589698730999942
              ],
              [
                -71.55265635599994,
                -13.594560855999873
              ],
              [
                -71.549859481,
                -13.597357730999931
              ],
              [
                -71.54706260599994,
                -13.599078855999949
              ],
              [
                -71.54452398099988,
                -13.599293981999892
              ],
              [
                -71.53756823099997,
                -13.597060606999946
              ],
              [
                -71.53333373099991,
                -13.593467230999977
              ],
              [
                -71.53156185599994,
                -13.590859480999939
              ],
              [
                -71.52631285599995,
                -13.590926355999954
              ],
              [
                -71.52333723199996,
                -13.588385355999947
              ],
              [
                -71.51939210599994,
                -13.582935730999907
              ],
              [
                -71.517686981,
                -13.579224605999968
              ],
              [
                -71.511969857,
                -13.575613855999904
              ],
              [
                -71.51196985599984,
                -13.571367731999942
              ],
              [
                -71.509896981,
                -13.568459105999978
              ],
              [
                -71.50792435599993,
                -13.56407923099988
              ],
              [
                -71.50802473099998,
                -13.562273855999877
              ],
              [
                -71.51043185599985,
                -13.556389605999925
              ],
              [
                -71.51501235599994,
                -13.552043230999914
              ],
              [
                -71.51497998199983,
                -13.547309231999918
              ],
              [
                -71.5127167309999,
                -13.54374373099995
              ],
              [
                -71.51220723099993,
                -13.54132373099992
              ],
              [
                -71.51289485599989,
                -13.539017355999874
              ],
              [
                -71.51205473199991,
                -13.535656606999908
              ],
              [
                -71.51482035599986,
                -13.531525730999874
              ],
              [
                -71.51653573099986,
                -13.52553935599991
              ],
              [
                -71.51720085599993,
                -13.521338480999873
              ],
              [
                -71.51762098099994,
                -13.51073110599998
              ],
              [
                -71.51426023099998,
                -13.509120855999981
              ],
              [
                -71.51317498099996,
                -13.507125355999904
              ],
              [
                -71.51355998099984,
                -13.501769231999958
              ],
              [
                -71.51597560599998,
                -13.499143605999961
              ],
              [
                -71.51604560599998,
                -13.49480260699994
              ],
              [
                -71.51772598099984,
                -13.489166355999885
              ],
              [
                -71.5200364809998,
                -13.487556106
              ],
              [
                -71.52094660599988,
                -13.48570060599991
              ],
              [
                -71.52465748099996,
                -13.48261998199996
              ],
              [
                -71.52637285599997,
                -13.47645860599988
              ],
              [
                -71.52661785599997,
                -13.469842105999874
              ],
              [
                -71.52602273099984,
                -13.469176980999919
              ],
              [
                -71.52031635599985,
                -13.469456980999894
              ],
              [
                -71.51438673099995,
                -13.466294980999862
              ],
              [
                -71.51145123099991,
                -13.46358598099988
              ],
              [
                -71.505142606,
                -13.461462855999912
              ],
              [
                -71.50204885599999,
                -13.45689448099995
              ],
              [
                -71.49888673099991,
                -13.458005855999943
              ],
              [
                -71.49398823099989,
                -13.466357355999946
              ],
              [
                -71.49053123099986,
                -13.468812480999873
              ],
              [
                -71.48329098099987,
                -13.469390605999934
              ],
              [
                -71.48028523100004,
                -13.472529480999924
              ],
              [
                -71.47753135599999,
                -13.47827348199985
              ],
              [
                -71.47642573099984,
                -13.483615230999874
              ],
              [
                -71.47286135599995,
                -13.489152480999905
              ],
              [
                -71.47074810599992,
                -13.491017605999957
              ],
              [
                -71.46878123199997,
                -13.49424410599994
              ],
              [
                -71.46468710599987,
                -13.496065355999974
              ],
              [
                -71.46305248099998,
                -13.497913355999913
              ],
              [
                -71.45871673099998,
                -13.50040098099987
              ],
              [
                -71.44868160600004,
                -13.50722260599997
              ],
              [
                -71.43932385599999,
                -13.508678980999946
              ],
              [
                -71.43488073099991,
                -13.51491473099992
              ],
              [
                -71.43222848099992,
                -13.520121105999863
              ],
              [
                -71.42954160599999,
                -13.52033198099997
              ],
              [
                -71.4256052309999,
                -13.517759856
              ],
              [
                -71.41991510600002,
                -13.518266480999955
              ],
              [
                -71.41625160599995,
                -13.516941355999847
              ],
              [
                -71.41274398099989,
                -13.513433730999964
              ],
              [
                -71.41024973100002,
                -13.509575355999914
              ],
              [
                -71.40541710599985,
                -13.506145730999947
              ],
              [
                -71.40385810599992,
                -13.504352980999954
              ],
              [
                -71.40627448099991,
                -13.50053360599992
              ],
              [
                -71.4061186059999,
                -13.496441355999934
              ],
              [
                -71.40136385599993,
                -13.488997480999956
              ],
              [
                -71.39925923099997,
                -13.484983230999887
              ],
              [
                -71.39555673099989,
                -13.483735980999825
              ],
              [
                -71.39111385599989,
                -13.478708480999956
              ],
              [
                -71.38752823099986,
                -13.47574648199992
              ],
              [
                -71.38752823099986,
                -13.473641980999957
              ],
              [
                -71.38343610599986,
                -13.469354855999882
              ],
              [
                -71.38265648099991,
                -13.467172355999878
              ],
              [
                -71.38265648099991,
                -13.462846355999886
              ],
              [
                -71.38109760599991,
                -13.458247480999944
              ],
              [
                -71.37688848099981,
                -13.45649360699997
              ],
              [
                -71.37544648100004,
                -13.453492730999926
              ],
              [
                -71.37486185599988,
                -13.44827023099998
              ],
              [
                -71.37279635599998,
                -13.446204731999899
              ],
              [
                -71.3706527309999,
                -13.44632160599997
              ],
              [
                -71.36297498099992,
                -13.448620980999976
              ],
              [
                -71.35985710599988,
                -13.450491730999943
              ],
              [
                -71.35803998099982,
                -13.452737480999872
              ],
              [
                -71.35618873100003,
                -13.453322230999959
              ],
              [
                -71.35073248099985,
                -13.450447980999968
              ],
              [
                -71.34849160599998,
                -13.45205560599993
              ],
              [
                -71.34341873099993,
                -13.459685855999965
              ],
              [
                -71.33952160599989,
                -13.460538355999972
              ],
              [
                -71.33605048099992,
                -13.45938135599988
              ],
              [
                -71.33233585599999,
                -13.459320480999907
              ],
              [
                -71.32843848099992,
                -13.460660106000034
              ],
              [
                -71.32636798099992,
                -13.458589730999961
              ],
              [
                -71.32046110600004,
                -13.454874980999875
              ],
              [
                -71.3149804809999,
                -13.454022480999981
              ],
              [
                -71.31199648099982,
                -13.454692480999881
              ],
              [
                -71.3095608559999,
                -13.456458355999814
              ],
              [
                -71.3060288559999,
                -13.45517948099996
              ],
              [
                -71.30115710599978,
                -13.45420523099989
              ],
              [
                -71.29409323099998,
                -13.45530135699994
              ],
              [
                -71.2919009809998,
                -13.460538355999972
              ],
              [
                -71.28410635599994,
                -13.465592730999845
              ],
              [
                -71.28106148099988,
                -13.466749730999936
              ],
              [
                -71.27673785599984,
                -13.466810730999896
              ],
              [
                -71.27156173100002,
                -13.467906730999971
              ],
              [
                -71.26772535600003,
                -13.4652273559999
              ],
              [
                -71.26577660599997,
                -13.465653605999819
              ],
              [
                -71.26547210599983,
                -13.469246480999914
              ],
              [
                -71.26669010599988,
                -13.471377855999947
              ],
              [
                -71.26632460599984,
                -13.479720730999873
              ],
              [
                -71.2630972309999,
                -13.482399980999958
              ],
              [
                -71.26047873099986,
                -13.481851855999878
              ],
              [
                -71.25274498099998,
                -13.48154748099995
              ],
              [
                -71.24750785599991,
                -13.485383855999942
              ],
              [
                -71.24154010599989,
                -13.491656105999937
              ],
              [
                -71.23821098099995,
                -13.493183605999945
              ],
              [
                -71.2347806059999,
                -13.50024248099993
              ],
              [
                -71.2298481059999,
                -13.501825855999982
              ],
              [
                -71.2251926059999,
                -13.504439230999878
              ],
              [
                -71.223015606,
                -13.506287605999944
              ],
              [
                -71.22209898099999,
                -13.509580105999873
              ],
              [
                -71.22037210600001,
                -13.511053605999962
              ],
              [
                -71.21894460600004,
                -13.515727980999884
              ],
              [
                -71.21733560599995,
                -13.518552105999959
              ],
              [
                -71.20878685599996,
                -13.519788605999963
              ],
              [
                -71.2066659809999,
                -13.519040980999932
              ],
              [
                -71.20167998099993,
                -13.520075480999822
              ],
              [
                -71.20003410599998,
                -13.52305898099985
              ],
              [
                -71.19300785599978,
                -13.526648731999956
              ],
              [
                -71.18956560599997,
                -13.52569910699998
              ],
              [
                -71.18992160599993,
                -13.523087730999919
              ],
              [
                -71.18909073100002,
                -13.519942230999959
              ],
              [
                -71.18588585599997,
                -13.51525360599993
              ],
              [
                -71.18435048099985,
                -13.514053855999919
              ],
              [
                -71.18405198100004,
                -13.508592730999908
              ],
              [
                -71.18224235599996,
                -13.50571085599995
              ],
              [
                -71.18023173099988,
                -13.500550105999878
              ],
              [
                -71.17529685599993,
                -13.497392605999949
              ],
              [
                -71.17317573000003,
                -13.494207980999931
              ],
              [
                -71.17049885599988,
                -13.493590230999928
              ],
              [
                -71.16504235599996,
                -13.495649230999902
              ],
              [
                -71.16185085599977,
                -13.497656855999935
              ],
              [
                -71.16031448099983,
                -13.49758198099994
              ],
              [
                -71.15578123,
                -13.487986355999965
              ],
              [
                -71.15356460599992,
                -13.488569105999943
              ],
              [
                -71.150584606,
                -13.487444605999883
              ],
              [
                -71.14715485499983,
                -13.480697480999936
              ],
              [
                -71.1432751059998,
                -13.476536730999953
              ],
              [
                -71.14603023099994,
                -13.472207355999956
              ],
              [
                -71.14518685499996,
                -13.46962098199998
              ],
              [
                -71.14648010599984,
                -13.464897605999965
              ],
              [
                -71.1485042299999,
                -13.463154730999918
              ],
              [
                -71.14912285499986,
                -13.458319230999962
              ],
              [
                -71.14822310599993,
                -13.455564105999883
              ],
              [
                -71.14895410600002,
                -13.45067248099997
              ],
              [
                -71.14586160499994,
                -13.445162231999973
              ],
              [
                -71.1452431059999,
                -13.441732480999974
              ],
              [
                -71.14754848099989,
                -13.438246480999908
              ],
              [
                -71.14985373000002,
                -13.429699980999942
              ],
              [
                -71.15082548099986,
                -13.424343355999952
              ],
              [
                -71.15439510599981,
                -13.42030223099988
              ],
              [
                -71.15675235599997,
                -13.419224730999929
              ],
              [
                -71.15823398099991,
                -13.415924480999877
              ],
              [
                -71.15816673099994,
                -13.41222035699991
              ],
              [
                -71.16146685599989,
                -13.409526230999916
              ],
              [
                -71.16173623099996,
                -13.40339735599997
              ],
              [
                -71.15985035499989,
                -13.401309480999885
              ],
              [
                -71.15877285599998,
                -13.394708980999894
              ],
              [
                -71.15729110499996,
                -13.393564105999928
              ],
              [
                -71.15284597999988,
                -13.39363148099983
              ],
              [
                -71.15008460599984,
                -13.391408980999984
              ],
              [
                -71.15026785599991,
                -13.38699748099998
              ],
              [
                -71.14906098099988,
                -13.384626730999969
              ],
              [
                -71.14837123099983,
                -13.380100980999941
              ],
              [
                -71.15031097999992,
                -13.377471480999873
              ],
              [
                -71.15297660600004,
                -13.375373105999927
              ],
              [
                -71.15268160600004,
                -13.373979980999934
              ],
              [
                -71.14664710599999,
                -13.37165235599997
              ],
              [
                -71.14773323099996,
                -13.366053105999981
              ],
              [
                -71.14347023100004,
                -13.357897105999882
              ],
              [
                -71.13965635600005,
                -13.353815605999955
              ],
              [
                -71.13771598099999,
                -13.352811980999945
              ],
              [
                -71.13443748099996,
                -13.349160105999886
              ],
              [
                -71.13497273099995,
                -13.346455480999907
              ],
              [
                -71.13269773000002,
                -13.34137035599997
              ],
              [
                -71.13102498099988,
                -13.336084480999887
              ],
              [
                -71.12638285600002,
                -13.332558605999907
              ],
              [
                -71.12188510600004,
                -13.33093910599996
              ],
              [
                -71.12140335599986,
                -13.328958605999958
              ],
              [
                -71.12231335599984,
                -13.326014480999959
              ],
              [
                -71.11910173099994,
                -13.320501106
              ],
              [
                -71.11348122999988,
                -13.318948855999963
              ],
              [
                -71.1120359809999,
                -13.317235980999897
              ],
              [
                -71.11503360599988,
                -13.309474355999953
              ],
              [
                -71.11674648099995,
                -13.308510730999956
              ],
              [
                -71.11833785499988,
                -13.305206981000026
              ],
              [
                -71.11514060599984,
                -13.30155223099996
              ],
              [
                -71.11058710500004,
                -13.301708480999821
              ],
              [
                -71.1074132309999,
                -13.300900480999928
              ],
              [
                -71.10406623099988,
                -13.30372823099998
              ],
              [
                -71.10146923099978,
                -13.30442073099988
              ],
              [
                -71.09685260599997,
                -13.303266605999966
              ],
              [
                -71.09229360499995,
                -13.298188230999983
              ],
              [
                -71.09171660599992,
                -13.295475980999981
              ],
              [
                -71.09460198099993,
                -13.292261605999954
              ],
              [
                -71.09344785499991,
                -13.288383605999968
              ],
              [
                -71.09090623099985,
                -13.286361605999844
              ],
              [
                -71.0897934799998,
                -13.283280355999977
              ],
              [
                -71.085171731,
                -13.282424355999922
              ],
              [
                -71.08157673099993,
                -13.281140480999966
              ],
              [
                -71.07815298099996,
                -13.277374480999981
              ],
              [
                -71.06976660599992,
                -13.266452355999945
              ],
              [
                -71.06680835600002,
                -13.262179356
              ],
              [
                -71.06417873099997,
                -13.256700980999938
              ],
              [
                -71.059405481,
                -13.257453355999928
              ],
              [
                -71.05361948099988,
                -13.25965748099992
              ],
              [
                -71.04764973099986,
                -13.262780105999923
              ],
              [
                -71.04094523099991,
                -13.268749855999943
              ],
              [
                -71.03626123000004,
                -13.270494855999914
              ],
              [
                -71.03203648099998,
                -13.271045855999944
              ],
              [
                -71.02790360599988,
                -13.270678480999948
              ],
              [
                -71.02340335599985,
                -13.269117230999882
              ],
              [
                -71.0201888549999,
                -13.26902535599993
              ],
              [
                -71.01697435499983,
                -13.268566105999923
              ],
              [
                -71.01403535500003,
                -13.267188480999891
              ],
              [
                -71.01200198099991,
                -13.264962855999954
              ],
              [
                -71.00965385599989,
                -13.26066360599998
              ],
              [
                -71.00849785499997,
                -13.256760605999887
              ],
              [
                -71.00809860599998,
                -13.253846105999969
              ],
              [
                -71.00789897999988,
                -13.251530355999932
              ],
              [
                -71.00901698099995,
                -13.245661355999971
              ],
              [
                -71.01149235599985,
                -13.239792230999967
              ],
              [
                -71.01121285599999,
                -13.238714230999904
              ],
              [
                -71.01013485599981,
                -13.23647848099995
              ],
              [
                -71.0091367309999,
                -13.233603855999945
              ],
              [
                -71.0078592299999,
                -13.230968730999962
              ],
              [
                -71.0071004809999,
                -13.230489605999935
              ],
              [
                -71.00398635599998,
                -13.230170230999875
              ],
              [
                -71.00111172999982,
                -13.229331730999888
              ],
              [
                -70.99396498099992,
                -13.222783855999978
              ],
              [
                -70.9924478559999,
                -13.2229836059999
              ],
              [
                -70.99085085599984,
                -13.22154635599992
              ],
              [
                -70.99053135599996,
                -13.220228730999963
              ],
              [
                -70.99053135599996,
                -13.21759360599998
              ],
              [
                -70.99057135499999,
                -13.21551748099995
              ],
              [
                -70.99432435599982,
                -13.203220480999903
              ],
              [
                -70.99352573099992,
                -13.20098448099992
              ],
              [
                -70.98993248099998,
                -13.197670855999945
              ],
              [
                -70.98945335499985,
                -13.196912230999942
              ],
              [
                -70.98841535599985,
                -13.194636480999975
              ],
              [
                -70.98780472999988,
                -13.189593730999889
              ],
              [
                -70.98486197999983,
                -13.185932730999923
              ],
              [
                -70.9838238559999,
                -13.18253898099988
              ],
              [
                -70.98206722999987,
                -13.180143480999845
              ],
              [
                -70.97791497999987,
                -13.173555730999908
              ],
              [
                -70.97659735499991,
                -13.169163980999826
              ],
              [
                -70.97300423099989,
                -13.168085980999876
              ],
              [
                -70.96973022999998,
                -13.167726605999974
              ],
              [
                -70.9680932309999,
                -13.168405355999937
              ],
              [
                -70.966695856,
                -13.16936360599982
              ],
              [
                -70.96350185499989,
                -13.169682980999937
              ],
              [
                -70.96078685599986,
                -13.167606855999963
              ],
              [
                -70.95954923100004,
                -13.166409105999946
              ],
              [
                -70.9573532309999,
                -13.16345460599996
              ],
              [
                -70.95300135599996,
                -13.160979229999953
              ],
              [
                -70.94928335599991,
                -13.158638605999897
              ],
              [
                -70.94384347999994,
                -13.157540605999884
              ],
              [
                -70.94219022999994,
                -13.156498854999938
              ],
              [
                -70.93857197999995,
                -13.150135730999978
              ],
              [
                -70.93782348099984,
                -13.142524855999966
              ],
              [
                -70.93914610599995,
                -13.141207730999952
              ],
              [
                -70.93969335600002,
                -13.139267480999933
              ],
              [
                -70.94034010499996,
                -13.138222730999928
              ],
              [
                -70.94228035499992,
                -13.136282604999963
              ],
              [
                -70.94108635599991,
                -13.133546355999954
              ],
              [
                -70.93974310599987,
                -13.132302605999882
              ],
              [
                -70.93536873099987,
                -13.130008855999904
              ],
              [
                -70.92825810499994,
                -13.129237480999961
              ],
              [
                -70.92520610599985,
                -13.12443635599982
              ],
              [
                -70.92318172999978,
                -13.123306605999971
              ],
              [
                -70.92214610499997,
                -13.121517730999926
              ],
              [
                -70.92285222999988,
                -13.116480355999954
              ],
              [
                -70.92289935499986,
                -13.114973855999892
              ],
              [
                -70.92139285499991,
                -13.110830980999935
              ],
              [
                -70.91503735499987,
                -13.108665355999904
              ],
              [
                -70.91178898099986,
                -13.107676730999913
              ],
              [
                -70.9067044799998,
                -13.107158855999955
              ],
              [
                -70.89747723099998,
                -13.104051729999924
              ],
              [
                -70.89347560599992,
                -13.103439855999909
              ],
              [
                -70.88732635499986,
                -13.10303548099995
              ],
              [
                -70.89149835499984,
                -13.098873230999914
              ],
              [
                -70.89309897999982,
                -13.09647223099995
              ],
              [
                -70.89498210499994,
                -13.091340730999889
              ],
              [
                -70.89460547999988,
                -13.088515980999944
              ],
              [
                -70.89710060599998,
                -13.08625610599995
              ],
              [
                -70.89667685599983,
                -13.08399647999994
              ],
              [
                -70.89903073099993,
                -13.08074810599993
              ],
              [
                -70.8985129809999,
                -13.076699480999935
              ],
              [
                -70.90006647999991,
                -13.071191355999929
              ],
              [
                -70.89926622999985,
                -13.06968485599998
              ],
              [
                -70.89215735599998,
                -13.070485105999921
              ],
              [
                -70.89069798099985,
                -13.069637730999887
              ],
              [
                -70.88726135499991,
                -13.069731855999976
              ],
              [
                -70.88217685499984,
                -13.070673480999972
              ],
              [
                -70.87912110499997,
                -13.073837855999955
              ],
              [
                -70.875115231,
                -13.074816355999928
              ],
              [
                -70.87393822999985,
                -13.07613448099994
              ],
              [
                -70.86970123099985,
                -13.078394230999947
              ],
              [
                -70.86311035599988,
                -13.080324355999949
              ],
              [
                -70.85939110499999,
                -13.079618355999969
              ],
              [
                -70.85529535599994,
                -13.07975948099994
              ],
              [
                -70.852423606,
                -13.079100480999841
              ],
              [
                -70.85082297999992,
                -13.077405605999957
              ],
              [
                -70.84945772999993,
                -13.07199160599987
              ],
              [
                -70.84296098099998,
                -13.067048480999972
              ],
              [
                -70.836981981,
                -13.068037105999963
              ],
              [
                -70.82954373099989,
                -13.067001230999892
              ],
              [
                -70.82634235599994,
                -13.068601981000029
              ],
              [
                -70.8209754799999,
                -13.070014354999898
              ],
              [
                -70.81735348099988,
                -13.06985148099983
              ],
              [
                -70.81447873099995,
                -13.071285481000018
              ],
              [
                -70.81334885599983,
                -13.072933230999979
              ],
              [
                -70.81203073,
                -13.077593980999893
              ],
              [
                -70.80722872999996,
                -13.081736980999949
              ],
              [
                -70.80289760599999,
                -13.084137730999885
              ],
              [
                -70.79985347999991,
                -13.089910105999934
              ],
              [
                -70.79621248099983,
                -13.091764355999942
              ],
              [
                -70.79174847999997,
                -13.092554980999921
              ],
              [
                -70.78250160499988,
                -13.09804610599997
              ],
              [
                -70.77887535599996,
                -13.09988522999987
              ],
              [
                -70.77429085499989,
                -13.103278230999877
              ],
              [
                -70.771363855,
                -13.10353735599989
              ],
              [
                -70.76962847999994,
                -13.105298605999963
              ],
              [
                -70.76286823099997,
                -13.107733480999912
              ],
              [
                -70.75841310600003,
                -13.108044230999951
              ],
              [
                -70.7540468549999,
                -13.105585980999933
              ],
              [
                -70.75072172999984,
                -13.105465980999952
              ],
              [
                -70.74601698000004,
                -13.103492979999942
              ],
              [
                -70.73220610500005,
                -13.10511185599995
              ],
              [
                -70.72780485500004,
                -13.10511185599995
              ],
              [
                -70.72294822999993,
                -13.105820105999953
              ],
              [
                -70.71298222999991,
                -13.109260105999908
              ],
              [
                -70.71004810499988,
                -13.109462605999965
              ],
              [
                -70.70564685499988,
                -13.10516248099998
              ],
              [
                -70.70205498099995,
                -13.104352980999977
              ],
              [
                -70.695883105,
                -13.105870730999982
              ],
              [
                -70.69305010599999,
                -13.10501060599995
              ],
              [
                -70.68763710500002,
                -13.10551660599998
              ],
              [
                -70.68520873,
                -13.1067812309999
              ],
              [
                -70.68394410499991,
                -13.105465979999963
              ],
              [
                -70.68343822999998,
                -13.098434104999967
              ],
              [
                -70.679138105,
                -13.096359980999978
              ],
              [
                -70.67463560600004,
                -13.096612855999922
              ],
              [
                -70.66962098099998,
                -13.090672479999967
              ],
              [
                -70.65975610499993,
                -13.08845910599996
              ],
              [
                -70.65842822999991,
                -13.090229730999908
              ],
              [
                -70.65387510499994,
                -13.093265105999876
              ],
              [
                -70.65008097999998,
                -13.09383423099996
              ],
              [
                -70.64793097999984,
                -13.093391605999955
              ],
              [
                -70.64167385500002,
                -13.09075585599993
              ],
              [
                -70.63737048000002,
                -13.090798855999935
              ],
              [
                -70.63003497999989,
                -13.091810730999953
              ],
              [
                -70.62491285599992,
                -13.093138605999968
              ],
              [
                -70.62118197999996,
                -13.095857855999895
              ],
              [
                -70.61422585499986,
                -13.09946235599989
              ],
              [
                -70.6097993549999,
                -13.099715230999948
              ],
              [
                -70.60638460599995,
                -13.101738854999951
              ],
              [
                -70.60126247999989,
                -13.100474105999922
              ],
              [
                -70.59949185499994,
                -13.09914623099985
              ],
              [
                -70.58754010499979,
                -13.103129980999938
              ],
              [
                -70.58507397999983,
                -13.105280105999952
              ],
              [
                -70.58355623099993,
                -13.112994854999954
              ],
              [
                -70.57799148000004,
                -13.117547980999973
              ],
              [
                -70.57438685499994,
                -13.122922980999931
              ],
              [
                -70.57052960499982,
                -13.130321729999878
              ],
              [
                -70.56673535499993,
                -13.13101723099993
              ],
              [
                -70.56161035499991,
                -13.133820355999887
              ],
              [
                -70.55800848099989,
                -13.136694229999932
              ],
              [
                -70.55670572999992,
                -13.140181105999943
              ],
              [
                -70.55455985499992,
                -13.143131605999884
              ],
              [
                -70.55103460599992,
                -13.145967105999944
              ],
              [
                -70.54984672999984,
                -13.152864355999952
              ],
              [
                -70.54842897999987,
                -13.153554105999945
              ],
              [
                -70.54199160499996,
                -13.154626980999979
              ],
              [
                -70.5351711049999,
                -13.154320480999843
              ],
              [
                -70.52972985499991,
                -13.15255785599993
              ],
              [
                -70.52555323000001,
                -13.153055980999909
              ],
              [
                -70.52195135499989,
                -13.155355105999888
              ],
              [
                -70.5118353549999,
                -13.15723260599998
              ],
              [
                -70.50903322999989,
                -13.158703105999905
              ],
              [
                -70.50432497999986,
                -13.159455105999939
              ],
              [
                -70.50076147999988,
                -13.156542980999973
              ],
              [
                -70.49773435499998,
                -13.156542980999973
              ],
              [
                -70.49429847999983,
                -13.157649855999978
              ],
              [
                -70.47937385499989,
                -13.160167230999889
              ],
              [
                -70.47086260599997,
                -13.159148229999971
              ],
              [
                -70.46424772999995,
                -13.15969060499998
              ],
              [
                -70.4582914799999,
                -13.163281230999871
              ],
              [
                -70.45381372999987,
                -13.16509773099989
              ],
              [
                -70.44912472999994,
                -13.167632231000027
              ],
              [
                -70.44650572999996,
                -13.17037810599993
              ],
              [
                -70.44080298,
                -13.171898730999942
              ],
              [
                -70.43847247999992,
                -13.171986355999934
              ],
              [
                -70.43594498000004,
                -13.173461730999975
              ],
              [
                -70.43104485499998,
                -13.173461729999872
              ],
              [
                -70.42838360499985,
                -13.174222105999888
              ],
              [
                -70.42546885499985,
                -13.176123105999977
              ],
              [
                -70.42048423099988,
                -13.175404980999929
              ],
              [
                -70.41773835499998,
                -13.176629980999905
              ],
              [
                -70.41372535499977,
                -13.176756729999909
              ],
              [
                -70.41228910499984,
                -13.177643855999975
              ],
              [
                -70.40959760499999,
                -13.18275198099991
              ],
              [
                -70.40485435499977,
                -13.18359998099993
              ],
              [
                -70.40105247999986,
                -13.181234480999876
              ],
              [
                -70.39843347999988,
                -13.182670605999931
              ],
              [
                -70.39547647999984,
                -13.183050855999966
              ],
              [
                -70.39357547999992,
                -13.18579660599994
              ],
              [
                -70.39125260499992,
                -13.187632105999967
              ],
              [
                -70.38846685499993,
                -13.192388730999937
              ]
            ]
          ]
        ],
        "type": "MultiPolygon"
      },
      "type": "Feature",
      "properties": {
        "PROVINCIA": "QUISPICANCHI",
        "name": "QUISPICANCHI",
        "ID": "071200",
        "DEPARTAMEN": "CUSCO"
      }
    }
  ]
}
