{
  "type": "FeatureCollection",
  "features": [
    {
      "geometry": {
        "coordinates": [
          [
            [
              [
                -78.41972811299985,
                -6.188424599999962
              ],
              [
                -78.41778948699994,
                -6.190516348999893
              ],
              [
                -78.41694786299985,
                -6.193475224999929
              ],
              [
                -78.41733036199992,
                -6.200847099999976
              ],
              [
                -78.41886086199986,
                -6.203015223999955
              ],
              [
                -78.41898623799983,
                -6.205714848999946
              ],
              [
                -78.41636098699996,
                -6.211152473999903
              ],
              [
                -78.41424386299985,
                -6.213805348999927
              ],
              [
                -78.41207561199997,
                -6.214545099999953
              ],
              [
                -78.409031862,
                -6.213690848999875
              ],
              [
                -78.40508211199995,
                -6.216268599999921
              ],
              [
                -78.4020253619999,
                -6.219774223999877
              ],
              [
                -78.40161723699998,
                -6.225972723999917
              ],
              [
                -78.40072448799992,
                -6.227885848999961
              ],
              [
                -78.39807161199997,
                -6.228753223999945
              ],
              [
                -78.39409236299997,
                -6.227477723999925
              ],
              [
                -78.38863361299985,
                -6.22990109899996
              ],
              [
                -78.38439923699991,
                -6.231201974999976
              ],
              [
                -78.380255863,
                -6.230738223999879
              ],
              [
                -78.37480811199993,
                -6.236278099999936
              ],
              [
                -78.37008911299989,
                -6.239083974999915
              ],
              [
                -78.36980848800005,
                -6.241022599999951
              ],
              [
                -78.37093086200002,
                -6.244185723999976
              ],
              [
                -78.37047173699995,
                -6.247425223999869
              ],
              [
                -78.37220623699983,
                -6.252577849999966
              ],
              [
                -78.37210423800002,
                -6.255052223999883
              ],
              [
                -78.37021673699991,
                -6.260459973999957
              ],
              [
                -78.36985948799992,
                -6.264362724999955
              ],
              [
                -78.36996273800003,
                -6.271083974999954
              ],
              [
                -78.36694998699988,
                -6.278469098999949
              ],
              [
                -78.36512498699994,
                -6.280772848999959
              ],
              [
                -78.360367988,
                -6.280383849999907
              ],
              [
                -78.35827373699982,
                -6.283734724999874
              ],
              [
                -78.35800436199992,
                -6.285529848999829
              ],
              [
                -78.35866411299997,
                -6.292052723999973
              ],
              [
                -78.356418738,
                -6.295432973999937
              ],
              [
                -78.353121112,
                -6.296974598999952
              ],
              [
                -78.34938786200001,
                -6.297407473999897
              ],
              [
                -78.34774236299995,
                -6.298544349999929
              ],
              [
                -78.34536723699989,
                -6.304591848999962
              ],
              [
                -78.34190836199986,
                -6.309614224999962
              ],
              [
                -78.33885661299996,
                -6.315178974999924
              ],
              [
                -78.33538611299986,
                -6.318679473999964
              ],
              [
                -78.33514673799988,
                -6.322299599999894
              ],
              [
                -78.33389023699982,
                -6.328881599999931
              ],
              [
                -78.33287298799985,
                -6.336450973999888
              ],
              [
                -78.33487761299989,
                -6.341866224999933
              ],
              [
                -78.33480861199996,
                -6.345925723999926
              ],
              [
                -78.33373498799995,
                -6.350977723999961
              ],
              [
                -78.33056636199996,
                -6.353330099999823
              ],
              [
                -78.3270014879999,
                -6.356836725
              ],
              [
                -78.32403523700003,
                -6.358189473999971
              ],
              [
                -78.32179248699993,
                -6.357016723999948
              ],
              [
                -78.31900361299995,
                -6.357016724999937
              ],
              [
                -78.31297248799996,
                -6.3617578489999
              ],
              [
                -78.30962298699984,
                -6.363898349999943
              ],
              [
                -78.30556648699985,
                -6.367918599999939
              ],
              [
                -78.30426261299988,
                -6.372808099999929
              ],
              [
                -78.303248612,
                -6.374111849999963
              ],
              [
                -78.29951798799988,
                -6.375379598999871
              ],
              [
                -78.2977071119999,
                -6.374872474999961
              ],
              [
                -78.29354198699997,
                -6.371793973999957
              ],
              [
                -78.2912602369999,
                -6.37251834999995
              ],
              [
                -78.28901473699983,
                -6.374981099999957
              ],
              [
                -78.287493487,
                -6.378928973999905
              ],
              [
                -78.28307486199998,
                -6.381753974999981
              ],
              [
                -78.2801504869999,
                -6.387222599999916
              ],
              [
                -78.27793186299988,
                -6.388961474999917
              ],
              [
                -78.283919863,
                -6.392107474999932
              ],
              [
                -78.2881621119999,
                -6.395716849999928
              ],
              [
                -78.29109761299986,
                -6.396988224999973
              ],
              [
                -78.2951308619999,
                -6.400583974999961
              ],
              [
                -78.29714448799996,
                -6.401048849999938
              ],
              [
                -78.29784761299987,
                -6.406251973999986
              ],
              [
                -78.29983198799994,
                -6.409439473999896
              ],
              [
                -78.30190236199991,
                -6.410744099999931
              ],
              [
                -78.304326113,
                -6.414289099999962
              ],
              [
                -78.306304737,
                -6.41867972499989
              ],
              [
                -78.30829298699985,
                -6.420341848999954
              ],
              [
                -78.31010936300004,
                -6.424052723999921
              ],
              [
                -78.31530661199992,
                -6.429738223999891
              ],
              [
                -78.31658598699988,
                -6.439052724999897
              ],
              [
                -78.31847648799999,
                -6.442521473999932
              ],
              [
                -78.31983786199993,
                -6.447322223999947
              ],
              [
                -78.321345738,
                -6.449972599999967
              ],
              [
                -78.32563861199992,
                -6.45222659999996
              ],
              [
                -78.32904886199998,
                -6.452406224999947
              ],
              [
                -78.3322636129999,
                -6.451726599999972
              ],
              [
                -78.3372499869999,
                -6.449658224999894
              ],
              [
                -78.34107623800003,
                -6.450873723999905
              ],
              [
                -78.34542386299995,
                -6.453190599999971
              ],
              [
                -78.35052323699989,
                -6.457750349000037
              ],
              [
                -78.35592111299985,
                -6.459769224999889
              ],
              [
                -78.35683636199991,
                -6.460655849999966
              ],
              [
                -78.35775173699989,
                -6.465289599999949
              ],
              [
                -78.36142398699997,
                -6.469210723999936
              ],
              [
                -78.36545511299983,
                -6.472150473999818
              ],
              [
                -78.36603911299983,
                -6.483267474999934
              ],
              [
                -78.36810048699994,
                -6.487121224999953
              ],
              [
                -78.36806536299997,
                -6.492494973999953
              ],
              [
                -78.36687011299983,
                -6.494457974999932
              ],
              [
                -78.36604336199991,
                -6.508446473999925
              ],
              [
                -78.3643749879999,
                -6.5157734739999
              ],
              [
                -78.36141598699993,
                -6.520203098999957
              ],
              [
                -78.35712361199995,
                -6.521537974999887
              ],
              [
                -78.35536136299999,
                -6.524304723999933
              ],
              [
                -78.35577586199992,
                -6.529402099999913
              ],
              [
                -78.35349161299996,
                -6.534874849999937
              ],
              [
                -78.3540194869999,
                -6.539757848999841
              ],
              [
                -78.35536248799991,
                -6.544616099999928
              ],
              [
                -78.3547291129999,
                -6.547652599999878
              ],
              [
                -78.35518111199991,
                -6.553767723999954
              ],
              [
                -78.354157987,
                -6.557098974999974
              ],
              [
                -78.35382486299989,
                -6.561358224999935
              ],
              [
                -78.35260286300002,
                -6.564633224999966
              ],
              [
                -78.34890848699996,
                -6.569370724999885
              ],
              [
                -78.34332998699989,
                -6.57251172499997
              ],
              [
                -78.34125323699993,
                -6.574756724999929
              ],
              [
                -78.33902273699994,
                -6.578950598999938
              ],
              [
                -78.3413351129999,
                -6.58331359999994
              ],
              [
                -78.34586711299994,
                -6.583906599999978
              ],
              [
                -78.35344173799996,
                -6.576689099999953
              ],
              [
                -78.3566397379999,
                -6.575432724999928
              ],
              [
                -78.36018036199994,
                -6.573034223999969
              ],
              [
                -78.36325598699995,
                -6.57259084999987
              ],
              [
                -78.37355073699996,
                -6.574630849999892
              ],
              [
                -78.38037348799986,
                -6.577032723999935
              ],
              [
                -78.38565823699997,
                -6.577222599999857
              ],
              [
                -78.38982298699995,
                -6.578784849999977
              ],
              [
                -78.40160348699999,
                -6.588831974999948
              ],
              [
                -78.40717573699999,
                -6.593162098999926
              ],
              [
                -78.41137886199994,
                -6.594603474999928
              ],
              [
                -78.41297261299991,
                -6.595857474999946
              ],
              [
                -78.41597461299989,
                -6.591798849999918
              ],
              [
                -78.418949237,
                -6.589933599999938
              ],
              [
                -78.42200198799986,
                -6.586578099999883
              ],
              [
                -78.42341986199995,
                -6.583548849999886
              ],
              [
                -78.4263261129999,
                -6.580409974999952
              ],
              [
                -78.4296483629999,
                -6.579371099999889
              ],
              [
                -78.43177736299992,
                -6.575124974999937
              ],
              [
                -78.43562498700004,
                -6.57356247499996
              ],
              [
                -78.43729686299991,
                -6.570246099999906
              ],
              [
                -78.43701361299992,
                -6.567154349999896
              ],
              [
                -78.437933487,
                -6.564058599999896
              ],
              [
                -78.43925386299992,
                -6.563919849999877
              ],
              [
                -78.43902348800003,
                -6.568175724999946
              ],
              [
                -78.44175198799996,
                -6.571869099999901
              ],
              [
                -78.44315423799986,
                -6.571531224999944
              ],
              [
                -78.44588473700003,
                -6.567560599999979
              ],
              [
                -78.44921673800002,
                -6.564668099999892
              ],
              [
                -78.45560548799989,
                -6.56112109999998
              ],
              [
                -78.45827536299998,
                -6.560466849999898
              ],
              [
                -78.46318361299996,
                -6.565443474999938
              ],
              [
                -78.46763473699991,
                -6.568205099999886
              ],
              [
                -78.470089862,
                -6.570466974999931
              ],
              [
                -78.47178123699996,
                -6.570330099999978
              ],
              [
                -78.47554886299986,
                -6.572093723999956
              ],
              [
                -78.47831048699993,
                -6.574810599999921
              ],
              [
                -78.48289848799993,
                -6.577029348999929
              ],
              [
                -78.48463473699996,
                -6.578773474999934
              ],
              [
                -78.48675586299987,
                -6.582687474999943
              ],
              [
                -78.4904628619999,
                -6.586267599999928
              ],
              [
                -78.49510161299997,
                -6.58568559999992
              ],
              [
                -78.49887886299985,
                -6.587511723999967
              ],
              [
                -78.50119823699993,
                -6.59209784899997
              ],
              [
                -78.50235736199988,
                -6.596093724999946
              ],
              [
                -78.50604836299982,
                -6.602491474999908
              ],
              [
                -78.50964661299992,
                -6.60256972499991
              ],
              [
                -78.52082523699988,
                -6.60674572399995
              ],
              [
                -78.52285948699989,
                -6.60818447399987
              ],
              [
                -78.52647886299997,
                -6.609090724999874
              ],
              [
                -78.52965898799982,
                -6.60912285
              ],
              [
                -78.53460586299985,
                -6.607998599999974
              ],
              [
                -78.54019523799985,
                -6.605300224999951
              ],
              [
                -78.54514398799995,
                -6.601053849999971
              ],
              [
                -78.54806536299992,
                -6.596498599999961
              ],
              [
                -78.55024973799993,
                -6.595502848999956
              ],
              [
                -78.5566421129999,
                -6.596434349999981
              ],
              [
                -78.56040048799991,
                -6.597847724999951
              ],
              [
                -78.56322723699998,
                -6.600513974999899
              ],
              [
                -78.56573286299988,
                -6.605171724999934
              ],
              [
                -78.56872023799997,
                -6.608416099999943
              ],
              [
                -78.57087248699986,
                -6.609251349999965
              ],
              [
                -78.57481286300003,
                -6.616275849999965
              ],
              [
                -78.57924836199993,
                -6.616848223999966
              ],
              [
                -78.58271798699985,
                -6.621516099999894
              ],
              [
                -78.58656248799991,
                -6.628427723999948
              ],
              [
                -78.59137698799998,
                -6.632876974999931
              ],
              [
                -78.59579411199991,
                -6.634147349999978
              ],
              [
                -78.60090686199999,
                -6.634375349999857
              ],
              [
                -78.60561048699986,
                -6.635502099999826
              ],
              [
                -78.6082397379999,
                -6.638202724999871
              ],
              [
                -78.60918736199989,
                -6.640470849999872
              ],
              [
                -78.61281623799994,
                -6.64223872499997
              ],
              [
                -78.61788711299982,
                -6.643541349999907
              ],
              [
                -78.6204921129999,
                -6.64746359999998
              ],
              [
                -78.623306738,
                -6.653341725000018
              ],
              [
                -78.62696636299995,
                -6.654121599999939
              ],
              [
                -78.63361573799995,
                -6.653157974999885
              ],
              [
                -78.63650673799998,
                -6.65453934999988
              ],
              [
                -78.64299561300004,
                -6.66668159999989
              ],
              [
                -78.64363811299984,
                -6.669155099999955
              ],
              [
                -78.64370448699998,
                -6.675643599999887
              ],
              [
                -78.645050738,
                -6.678050724999935
              ],
              [
                -78.64973636299999,
                -6.680755848999922
              ],
              [
                -78.65398148799989,
                -6.680462223999882
              ],
              [
                -78.6559731129999,
                -6.677988849999963
              ],
              [
                -78.65526523799997,
                -6.670449349999899
              ],
              [
                -78.65854298799991,
                -6.663822724999875
              ],
              [
                -78.66085736299982,
                -6.662953099999982
              ],
              [
                -78.66827136299997,
                -6.662293350000027
              ],
              [
                -78.674945363,
                -6.661087599999973
              ],
              [
                -78.67730636299996,
                -6.659834849999868
              ],
              [
                -78.686027738,
                -6.652125349999892
              ],
              [
                -78.69331248699996,
                -6.648104974999967
              ],
              [
                -78.69813098799983,
                -6.646237848999931
              ],
              [
                -78.7050351129999,
                -6.641654224999911
              ],
              [
                -78.70976186299993,
                -6.641486848999932
              ],
              [
                -78.71074611299991,
                -6.640517598999963
              ],
              [
                -78.71309811299983,
                -6.635336224999946
              ],
              [
                -78.71517611299998,
                -6.633860599999878
              ],
              [
                -78.71795986300003,
                -6.633815474999892
              ],
              [
                -78.72074736299999,
                -6.629795099999967
              ],
              [
                -78.72309361299989,
                -6.62945547399994
              ],
              [
                -78.72582036299991,
                -6.631814474999885
              ],
              [
                -78.72951173699988,
                -6.633105473999933
              ],
              [
                -78.73796661299991,
                -6.628533224999899
              ],
              [
                -78.7434978629999,
                -6.626462849999939
              ],
              [
                -78.74755273799991,
                -6.629634849999945
              ],
              [
                -78.75284761299997,
                -6.63231634899995
              ],
              [
                -78.75801948799989,
                -6.632123099999944
              ],
              [
                -78.75743948800005,
                -6.630105475
              ],
              [
                -78.75807811299984,
                -6.620896349999953
              ],
              [
                -78.7595214879999,
                -6.617603474999896
              ],
              [
                -78.76235548799991,
                -6.614460974999872
              ],
              [
                -78.76322848799992,
                -6.611560098999917
              ],
              [
                -78.76303323799993,
                -6.60865884999987
              ],
              [
                -78.76061848799998,
                -6.602967224999929
              ],
              [
                -78.75971498799993,
                -6.596851974999936
              ],
              [
                -78.76512286299999,
                -6.59009572399998
              ],
              [
                -78.767103238,
                -6.586058724999873
              ],
              [
                -78.77063673799995,
                -6.581272349999892
              ],
              [
                -78.77294961299992,
                -6.579955349999921
              ],
              [
                -78.77630661299986,
                -6.580019474999972
              ],
              [
                -78.78406411299983,
                -6.582589474999907
              ],
              [
                -78.78599148799981,
                -6.582493099999908
              ],
              [
                -78.78666598799992,
                -6.577878849999877
              ],
              [
                -78.78393948799993,
                -6.574496099999863
              ],
              [
                -78.77986523799996,
                -6.572064474999934
              ],
              [
                -78.777513613,
                -6.564289099999883
              ],
              [
                -78.77927336299985,
                -6.562855348999904
              ],
              [
                -78.7861946129999,
                -6.561448473999974
              ],
              [
                -78.78729436299994,
                -6.560629098999925
              ],
              [
                -78.791111113,
                -6.554871598999966
              ],
              [
                -78.79311798799995,
                -6.55302409899997
              ],
              [
                -78.80052611299988,
                -6.552223099999935
              ],
              [
                -78.80493348799996,
                -6.555345974999966
              ],
              [
                -78.80685261300005,
                -6.555777224999929
              ],
              [
                -78.80963598800003,
                -6.554252474999885
              ],
              [
                -78.81422498799992,
                -6.547036098999968
              ],
              [
                -78.81500311299993,
                -6.543399974999943
              ],
              [
                -78.81490923799987,
                -6.538381099999981
              ],
              [
                -78.81641411299995,
                -6.535734349999927
              ],
              [
                -78.81707373799992,
                -6.532143599999927
              ],
              [
                -78.82106311299987,
                -6.526968099999976
              ],
              [
                -78.82326261299994,
                -6.525738974999967
              ],
              [
                -78.83225473799985,
                -6.52379822499995
              ],
              [
                -78.83927511299993,
                -6.523855474999891
              ],
              [
                -78.84387473799984,
                -6.522602349999943
              ],
              [
                -78.84810436299995,
                -6.523314349999964
              ],
              [
                -78.85207961299989,
                -6.522801098999878
              ],
              [
                -78.85625011299999,
                -6.521035849999919
              ],
              [
                -78.86066473800003,
                -6.521733724999933
              ],
              [
                -78.86399711299998,
                -6.52114972499993
              ],
              [
                -78.87141648799985,
                -6.521519974999933
              ],
              [
                -78.87469186299995,
                -6.524254223999947
              ],
              [
                -78.87715148799998,
                -6.523868348999883
              ],
              [
                -78.88146311299988,
                -6.52543709899993
              ],
              [
                -78.89237886300003,
                -6.526271474999874
              ],
              [
                -78.89524798799994,
                -6.526001974999872
              ],
              [
                -78.90127898799994,
                -6.52864134999993
              ],
              [
                -78.90614298799989,
                -6.527808474999972
              ],
              [
                -78.909013738,
                -6.52623234999993
              ],
              [
                -78.91061936299997,
                -6.522470848999831
              ],
              [
                -78.9140428629999,
                -6.521693224999979
              ],
              [
                -78.91727586299999,
                -6.519221599999923
              ],
              [
                -78.92045848799995,
                -6.512648349999949
              ],
              [
                -78.92477123799995,
                -6.507829723999976
              ],
              [
                -78.9254256129999,
                -6.505956098999945
              ],
              [
                -78.92777536299991,
                -6.503636099999937
              ],
              [
                -78.93090823800003,
                -6.503986349999934
              ],
              [
                -78.93495511299977,
                -6.506724599999927
              ],
              [
                -78.93817573799987,
                -6.510253850000026
              ],
              [
                -78.9411152379999,
                -6.512083973999893
              ],
              [
                -78.94242573799988,
                -6.514158224999846
              ],
              [
                -78.94675786299985,
                -6.518044973999906
              ],
              [
                -78.94865036299996,
                -6.524191349999967
              ],
              [
                -78.95234373799991,
                -6.527244098999972
              ],
              [
                -78.95520311299998,
                -6.526587724999956
              ],
              [
                -78.95856248799993,
                -6.527406224999879
              ],
              [
                -78.960265613,
                -6.526263724999922
              ],
              [
                -78.96277348799993,
                -6.52742184899995
              ],
              [
                -78.96409173799992,
                -6.530365224999912
              ],
              [
                -78.96741411300002,
                -6.531365224999888
              ],
              [
                -78.97064648799994,
                -6.52976947499991
              ],
              [
                -78.97560548799993,
                -6.528396474999909
              ],
              [
                -78.97626561300001,
                -6.526165974999856
              ],
              [
                -78.97928911299988,
                -6.522923849999927
              ],
              [
                -78.97886323799992,
                -6.51891597499997
              ],
              [
                -78.98113861299987,
                -6.51706447499987
              ],
              [
                -78.98374411299989,
                -6.516558599999939
              ],
              [
                -78.98510948799998,
                -6.514367224999887
              ],
              [
                -78.98917573799997,
                -6.512015599999927
              ],
              [
                -78.99772848799984,
                -6.511777349999932
              ],
              [
                -78.9999979879999,
                -6.513964849999923
              ],
              [
                -79.00247848799995,
                -6.51506059999997
              ],
              [
                -79.006960988,
                -6.51336909999992
              ],
              [
                -79.01068536299988,
                -6.513175724999883
              ],
              [
                -79.01316598799997,
                -6.514794974999973
              ],
              [
                -79.016427738,
                -6.515050724999981
              ],
              [
                -79.02194536299993,
                -6.514222598999936
              ],
              [
                -79.02384961299992,
                -6.512765599999966
              ],
              [
                -79.02858598800003,
                -6.51486522499988
              ],
              [
                -79.03569723800001,
                -6.515777349999951
              ],
              [
                -79.03997848899985,
                -6.518914099999961
              ],
              [
                -79.04023436299997,
                -6.520298849999961
              ],
              [
                -79.04776411299991,
                -6.524795724999876
              ],
              [
                -79.05161136299984,
                -6.524021349999941
              ],
              [
                -79.05309561299998,
                -6.518521474999886
              ],
              [
                -79.05594336299998,
                -6.516363224999964
              ],
              [
                -79.06295311299994,
                -6.520187473999897
              ],
              [
                -79.06602348799993,
                -6.523009724999895
              ],
              [
                -79.06620698799992,
                -6.527042974999915
              ],
              [
                -79.07079098799994,
                -6.531472599999972
              ],
              [
                -79.07419923799995,
                -6.533810599999981
              ],
              [
                -79.07518361299987,
                -6.536535099999981
              ],
              [
                -79.07685936299987,
                -6.538249974999928
              ],
              [
                -79.07708198799992,
                -6.543955099999948
              ],
              [
                -79.07883023799991,
                -6.545382849999953
              ],
              [
                -79.07997661300004,
                -6.548117223999952
              ],
              [
                -79.08229686300001,
                -6.551072224999928
              ],
              [
                -79.08260736300002,
                -6.552865224999948
              ],
              [
                -79.08587886299989,
                -6.557714848999865
              ],
              [
                -79.08754098799977,
                -6.558144474999949
              ],
              [
                -79.08836911299989,
                -6.561421849999874
              ],
              [
                -79.0887558629999,
                -6.566630849999967
              ],
              [
                -79.08743161300004,
                -6.572539099999915
              ],
              [
                -79.09019336300003,
                -6.578615224999965
              ],
              [
                -79.09133798799996,
                -6.57974997499997
              ],
              [
                -79.09260548799983,
                -6.583642474999976
              ],
              [
                -79.09116598799994,
                -6.586775349999925
              ],
              [
                -79.09239648799996,
                -6.591164099999901
              ],
              [
                -79.09400786399988,
                -6.592996224999979
              ],
              [
                -79.09497073799992,
                -6.596427724999955
              ],
              [
                -79.09351561300002,
                -6.599052724999979
              ],
              [
                -79.09428123799984,
                -6.601749974999962
              ],
              [
                -79.09603123899996,
                -6.603040974999942
              ],
              [
                -79.09926948799983,
                -6.609480474999884
              ],
              [
                -79.10219923899996,
                -6.609835973999907
              ],
              [
                -79.10316598799983,
                -6.612162099999921
              ],
              [
                -79.10616998799986,
                -6.61406447499985
              ],
              [
                -79.10727736299992,
                -6.617638724999892
              ],
              [
                -79.10959761299989,
                -6.618425724999895
              ],
              [
                -79.110708988,
                -6.620970724999893
              ],
              [
                -79.11474998799986,
                -6.623517598999968
              ],
              [
                -79.11840236299992,
                -6.62849609999995
              ],
              [
                -79.12365236299996,
                -6.629499974999987
              ],
              [
                -79.12684373799988,
                -6.632224599999972
              ],
              [
                -79.129449239,
                -6.631955099999971
              ],
              [
                -79.13298823799988,
                -6.632970725
              ],
              [
                -79.1342109879999,
                -6.632406224999897
              ],
              [
                -79.14257811299979,
                -6.631642599999964
              ],
              [
                -79.14940036299998,
                -6.630564474999915
              ],
              [
                -79.15416211299998,
                -6.629253848999952
              ],
              [
                -79.1592694879999,
                -6.626976599999978
              ],
              [
                -79.1644433639998,
                -6.626380849999975
              ],
              [
                -79.16718948799996,
                -6.62507034999993
              ],
              [
                -79.17197848899991,
                -6.62566597499989
              ],
              [
                -79.175496114,
                -6.628292973999919
              ],
              [
                -79.18111911300002,
                -6.62864847499992
              ],
              [
                -79.18536523799997,
                -6.627244099999928
              ],
              [
                -79.19317386399985,
                -6.628447224999888
              ],
              [
                -79.19571673799999,
                -6.627542974999869
              ],
              [
                -79.19838673799984,
                -6.624451223999927
              ],
              [
                -79.20226761399988,
                -6.621365223999931
              ],
              [
                -79.20533011299995,
                -6.620128849999958
              ],
              [
                -79.21256448899999,
                -6.619548849999944
              ],
              [
                -79.21816598800001,
                -6.616068349999978
              ],
              [
                -79.21943161299993,
                -6.613560598999925
              ],
              [
                -79.22138861299993,
                -6.61253709999994
              ],
              [
                -79.22695511299997,
                -6.613560599999971
              ],
              [
                -79.2296249879999,
                -6.612783224999873
              ],
              [
                -79.23534961399992,
                -6.612406224999972
              ],
              [
                -79.24013286299999,
                -6.610062474999836
              ],
              [
                -79.24545898799988,
                -6.60976372499988
              ],
              [
                -79.24916211299984,
                -6.608845724
              ],
              [
                -79.25214098899994,
                -6.610398224999926
              ],
              [
                -79.2480292379999,
                -6.611747349999973
              ],
              [
                -79.24366011299998,
                -6.614645099999905
              ],
              [
                -79.24023898799999,
                -6.617656599999975
              ],
              [
                -79.23888986299994,
                -6.620403099999919
              ],
              [
                -79.23806611299995,
                -6.628583723999895
              ],
              [
                -79.23616748899991,
                -6.635340099999894
              ],
              [
                -79.233321864,
                -6.640743974999907
              ],
              [
                -79.23357161299987,
                -6.647435974999951
              ],
              [
                -79.23249323899984,
                -6.655863974999988
              ],
              [
                -79.23166186299994,
                -6.657716224999945
              ],
              [
                -79.23073523800002,
                -6.663280224999937
              ],
              [
                -79.22877536399994,
                -6.667443724999885
              ],
              [
                -79.22906036299992,
                -6.671405974999914
              ],
              [
                -79.23604048799996,
                -6.672894349999979
              ],
              [
                -79.24190898899997,
                -6.672084349999921
              ],
              [
                -79.24928998799987,
                -6.67510397399991
              ],
              [
                -79.25073536399998,
                -6.677220223999939
              ],
              [
                -79.25303211299979,
                -6.67783959999997
              ],
              [
                -79.25618086299988,
                -6.677116974999933
              ],
              [
                -79.25956173899993,
                -6.67835572499996
              ],
              [
                -79.26456748899994,
                -6.678536725000015
              ],
              [
                -79.27187223899995,
                -6.680265599999871
              ],
              [
                -79.2758478639999,
                -6.67865009999997
              ],
              [
                -79.28072398799986,
                -6.677560348999918
              ],
              [
                -79.2854989889999,
                -6.67791697499996
              ],
              [
                -79.29135748799985,
                -6.677220224999871
              ],
              [
                -79.29641586399998,
                -6.675671724999916
              ],
              [
                -79.29908823900001,
                -6.667155224999931
              ],
              [
                -79.29814498900004,
                -6.662819224999907
              ],
              [
                -79.29974511299991,
                -6.661219099999926
              ],
              [
                -79.30041611299993,
                -6.657270474999962
              ],
              [
                -79.30232598899994,
                -6.653115349999894
              ],
              [
                -79.30402336299989,
                -6.651605349999954
              ],
              [
                -79.31517086299993,
                -6.648009724999895
              ],
              [
                -79.3219266129999,
                -6.6468676
              ],
              [
                -79.32374798799987,
                -6.642261724999912
              ],
              [
                -79.325355489,
                -6.64065622499993
              ],
              [
                -79.32833011399993,
                -6.641037099999949
              ],
              [
                -79.33270448799976,
                -6.643091099999879
              ],
              [
                -79.33520636399999,
                -6.643285474999971
              ],
              [
                -79.33908198799986,
                -6.645902348999869
              ],
              [
                -79.34362886299982,
                -6.646732474999908
              ],
              [
                -79.35073948799993,
                -6.639752224999938
              ],
              [
                -79.35457011299997,
                -6.63707809999994
              ],
              [
                -79.35690698899987,
                -6.636162598999931
              ],
              [
                -79.36158086299997,
                -6.635608474999913
              ],
              [
                -79.36232773800003,
                -6.633536474999971
              ],
              [
                -79.35871398899991,
                -6.628260349999891
              ],
              [
                -79.35300411299988,
                -6.627007599999956
              ],
              [
                -79.35035398899998,
                -6.623538348999887
              ],
              [
                -79.34881211399988,
                -6.619418474999975
              ],
              [
                -79.34980273900004,
                -6.614869099999964
              ],
              [
                -79.34737261399988,
                -6.613126349999959
              ],
              [
                -79.34662573899993,
                -6.610066724999911
              ],
              [
                -79.3441641129998,
                -6.605960974999959
              ],
              [
                -79.33662748899997,
                -6.603369099999952
              ],
              [
                -79.33573611299994,
                -6.602429474999951
              ],
              [
                -79.34057473799999,
                -6.592693224999948
              ],
              [
                -79.34296373899986,
                -6.589732974999947
              ],
              [
                -79.3436383639999,
                -6.587203349999925
              ],
              [
                -79.34590623899987,
                -6.584716849999893
              ],
              [
                -79.34668161399998,
                -6.582496098999911
              ],
              [
                -79.34502536299982,
                -6.580546848999916
              ],
              [
                -79.34551948800004,
                -6.577880849999985
              ],
              [
                -79.3479267379999,
                -6.573687723999967
              ],
              [
                -79.34973361300001,
                -6.571856724999975
              ],
              [
                -79.35366061299993,
                -6.570097974999953
              ],
              [
                -79.36049223899988,
                -6.568218724999952
              ],
              [
                -79.357931613,
                -6.565460974999951
              ],
              [
                -79.36008398799993,
                -6.55821559899988
              ],
              [
                -79.36462336299991,
                -6.555043223999974
              ],
              [
                -79.36698948899993,
                -6.549522224999862
              ],
              [
                -79.36593786400005,
                -6.546788099999958
              ],
              [
                -79.36569248799998,
                -6.542073348999907
              ],
              [
                -79.36667411400003,
                -6.538252474999979
              ],
              [
                -79.36599048799997,
                -6.535746099999926
              ],
              [
                -79.36700698899995,
                -6.529909724999925
              ],
              [
                -79.369707114,
                -6.524041848999957
              ],
              [
                -79.36961336399986,
                -6.520802848999949
              ],
              [
                -79.37137448800001,
                -6.520118974999946
              ],
              [
                -79.3747416139999,
                -6.520542849999913
              ],
              [
                -79.37944073799986,
                -6.522719474999974
              ],
              [
                -79.38402848899983,
                -6.526839224999947
              ],
              [
                -79.38795023899996,
                -6.531416724999872
              ],
              [
                -79.39426761399989,
                -6.531724599999961
              ],
              [
                -79.39818923899992,
                -6.533036224999933
              ],
              [
                -79.40146848899991,
                -6.536034349999966
              ],
              [
                -79.40327536400002,
                -6.540732348999825
              ],
              [
                -79.40609223799993,
                -6.541306724999913
              ],
              [
                -79.40869461399996,
                -6.540514474999895
              ],
              [
                -79.4124531139999,
                -6.537865099999976
              ],
              [
                -79.41867773899986,
                -6.536962848999963
              ],
              [
                -79.42127736299994,
                -6.534593724999922
              ],
              [
                -79.42206423899995,
                -6.532587099999944
              ],
              [
                -79.41948098899991,
                -6.526430224999956
              ],
              [
                -79.41938248899993,
                -6.519442349999963
              ],
              [
                -79.4183032389999,
                -6.517315474999975
              ],
              [
                -79.41864848899985,
                -6.513934849999941
              ],
              [
                -79.41704498899986,
                -6.506353599999954
              ],
              [
                -79.41795523899987,
                -6.503676724999821
              ],
              [
                -79.420484864,
                -6.500477848999822
              ],
              [
                -79.42197048899999,
                -6.496850599999902
              ],
              [
                -79.42209098900003,
                -6.494521723999924
              ],
              [
                -79.424767863,
                -6.488672724999958
              ],
              [
                -79.42749836399992,
                -6.486838973999966
              ],
              [
                -79.43017523799995,
                -6.482422099999951
              ],
              [
                -79.43388086399995,
                -6.481265849999943
              ],
              [
                -79.43006811299995,
                -6.478727973999924
              ],
              [
                -79.42583636300003,
                -6.473865723999893
              ],
              [
                -79.42269548900003,
                -6.467488848999949
              ],
              [
                -79.42215561299986,
                -6.460201599999948
              ],
              [
                -79.42288823799998,
                -6.451881974999935
              ],
              [
                -79.42541123900003,
                -6.446823974999973
              ],
              [
                -79.4285913629999,
                -6.442415099999948
              ],
              [
                -79.42880823799999,
                -6.438126724999961
              ],
              [
                -79.43284736399988,
                -6.427982849999978
              ],
              [
                -79.43760173899989,
                -6.419864973999836
              ],
              [
                -79.444781239,
                -6.416299349999974
              ],
              [
                -79.44630761299999,
                -6.415039224999987
              ],
              [
                -79.44728673899982,
                -6.411649599999976
              ],
              [
                -79.44994336399998,
                -6.409017598999981
              ],
              [
                -79.45004473900002,
                -6.404360348999944
              ],
              [
                -79.45315586399988,
                -6.399085599999978
              ],
              [
                -79.45348986299996,
                -6.396841599999902
              ],
              [
                -79.44931048800004,
                -6.389162099000032
              ],
              [
                -79.44699023899989,
                -6.385933599999873
              ],
              [
                -79.44608886399993,
                -6.381011098999977
              ],
              [
                -79.44667186299984,
                -6.376717723999946
              ],
              [
                -79.45032423899988,
                -6.373614348999922
              ],
              [
                -79.45384373799993,
                -6.372183599999971
              ],
              [
                -79.45690423899998,
                -6.373152348999895
              ],
              [
                -79.45795698899991,
                -6.371925723999937
              ],
              [
                -79.45370898899989,
                -6.368693348999898
              ],
              [
                -79.45179286299998,
                -6.365802723999934
              ],
              [
                -79.44424798800003,
                -6.36157422399998
              ],
              [
                -79.44315623900002,
                -6.357945348999863
              ],
              [
                -79.44543486299989,
                -6.355078598999967
              ],
              [
                -79.44068211400003,
                -6.350381223999875
              ],
              [
                -79.43681548899997,
                -6.343171474999963
              ],
              [
                -79.43400773899998,
                -6.340268598999955
              ],
              [
                -79.43180861399992,
                -6.335992224999927
              ],
              [
                -79.42656398899993,
                -6.328897474999906
              ],
              [
                -79.42596511299985,
                -6.325539724999942
              ],
              [
                -79.42634586299982,
                -6.322898474999874
              ],
              [
                -79.42802911299992,
                -6.318954974999826
              ],
              [
                -79.42767848899996,
                -6.317401973999949
              ],
              [
                -79.42429948899996,
                -6.313904098999956
              ],
              [
                -79.42265773799977,
                -6.310430098999973
              ],
              [
                -79.41609036300002,
                -6.308597973999952
              ],
              [
                -79.41195011399986,
                -6.309525848999897
              ],
              [
                -79.40898836399992,
                -6.3121039749999
              ],
              [
                -79.40562073799993,
                -6.312071973999934
              ],
              [
                -79.39993386399993,
                -6.309002473999954
              ],
              [
                -79.39674536299992,
                -6.304457598999875
              ],
              [
                -79.39241473799996,
                -6.302292349999959
              ],
              [
                -79.38794136399986,
                -6.298294849999877
              ],
              [
                -79.38508636299997,
                -6.298297348999881
              ],
              [
                -79.38184648799995,
                -6.300589349999939
              ],
              [
                -79.37897086299989,
                -6.300698098999931
              ],
              [
                -79.37497336399997,
                -6.29950834999994
              ],
              [
                -79.37104723799985,
                -6.299579723999955
              ],
              [
                -79.36381361299988,
                -6.303553474999944
              ],
              [
                -79.3590819879999,
                -6.304717724999932
              ],
              [
                -79.35356136299998,
                -6.304291223999883
              ],
              [
                -79.351959739,
                -6.302736349999918
              ],
              [
                -79.3515356129999,
                -6.29774759999998
              ],
              [
                -79.35036973799987,
                -6.295510848999925
              ],
              [
                -79.34466298799998,
                -6.287738599999955
              ],
              [
                -79.34568948899988,
                -6.283138224999902
              ],
              [
                -79.34168773799996,
                -6.278066474999946
              ],
              [
                -79.33508011399988,
                -6.272927224999876
              ],
              [
                -79.33235298799997,
                -6.268858598999941
              ],
              [
                -79.32903486299989,
                -6.266270223999925
              ],
              [
                -79.32178936399998,
                -6.263057973999878
              ],
              [
                -79.31995123799987,
                -6.26298659899993
              ],
              [
                -79.31234373899997,
                -6.265271473999974
              ],
              [
                -79.30844061299996,
                -6.27005359899988
              ],
              [
                -79.30633473799998,
                -6.27026772499994
              ],
              [
                -79.30048748799987,
                -6.267469724999955
              ],
              [
                -79.29460998900004,
                -6.263075848999961
              ],
              [
                -79.29202236299989,
                -6.259702973999936
              ],
              [
                -79.28875648899998,
                -6.257775599000013
              ],
              [
                -79.28473823799993,
                -6.25449609899988
              ],
              [
                -79.28308148899998,
                -6.252011348999929
              ],
              [
                -79.28088648799991,
                -6.246050849999961
              ],
              [
                -79.2780489879998,
                -6.243141973999968
              ],
              [
                -79.27638923799998,
                -6.239858224999978
              ],
              [
                -79.27587173799992,
                -6.234415223999974
              ],
              [
                -79.27642498899996,
                -6.232238098999971
              ],
              [
                -79.27917211399989,
                -6.231194098999936
              ],
              [
                -79.27904836399995,
                -6.229257723999922
              ],
              [
                -79.2726849889998,
                -6.225764224999978
              ],
              [
                -79.27016098799993,
                -6.225313848999861
              ],
              [
                -79.26266073800002,
                -6.225171348999879
              ],
              [
                -79.25890036299984,
                -6.225492223999936
              ],
              [
                -79.25541798799992,
                -6.226623099999927
              ],
              [
                -79.25226148799987,
                -6.226687973999958
              ],
              [
                -79.2491028629999,
                -6.224439348999965
              ],
              [
                -79.24916748899977,
                -6.221776849999969
              ],
              [
                -79.24373348799992,
                -6.215389974999937
              ],
              [
                -79.24177448799992,
                -6.214789974999974
              ],
              [
                -79.23788161299996,
                -6.215192349999938
              ],
              [
                -79.22560986399986,
                -6.21293409999987
              ],
              [
                -79.22228186300003,
                -6.211983349999912
              ],
              [
                -79.22109336300002,
                -6.218252848999953
              ],
              [
                -79.22237098799985,
                -6.226721348999945
              ],
              [
                -79.22126748799985,
                -6.229329974999871
              ],
              [
                -79.217289988,
                -6.230078973999866
              ],
              [
                -79.21639848799987,
                -6.231356723999966
              ],
              [
                -79.21723048799987,
                -6.237923474999945
              ],
              [
                -79.21723048799987,
                -6.244341598999938
              ],
              [
                -79.2159457379999,
                -6.248393223999869
              ],
              [
                -79.21206036400002,
                -6.250224974999981
              ],
              [
                -79.20608011299993,
                -6.249017599999945
              ],
              [
                -79.2072733629999,
                -6.252992848999952
              ],
              [
                -79.21030723799993,
                -6.258069349999971
              ],
              [
                -79.21119861399995,
                -6.26130822499988
              ],
              [
                -79.21089711299987,
                -6.264334724999912
              ],
              [
                -79.20962373899994,
                -6.267666974999941
              ],
              [
                -79.21096586399989,
                -6.277051349999965
              ],
              [
                -79.209351739,
                -6.277413724999917
              ],
              [
                -79.2038854889999,
                -6.274872724000033
              ],
              [
                -79.199158238,
                -6.270406224999931
              ],
              [
                -79.1919198629999,
                -6.270246098999905
              ],
              [
                -79.18971873799978,
                -6.269513723999978
              ],
              [
                -79.1842306129999,
                -6.270490098999971
              ],
              [
                -79.1796953629999,
                -6.2699668489999
              ],
              [
                -79.17774798799996,
                -6.268585973999961
              ],
              [
                -79.17526761299985,
                -6.270376974999976
              ],
              [
                -79.17042973799994,
                -6.271283223999944
              ],
              [
                -79.16675586299988,
                -6.27269922399995
              ],
              [
                -79.16260736399983,
                -6.272800723999978
              ],
              [
                -79.15792186399995,
                -6.276798848999931
              ],
              [
                -79.15353911299985,
                -6.279732473999957
              ],
              [
                -79.15129486299998,
                -6.280248099999881
              ],
              [
                -79.14958198799991,
                -6.282068349999861
              ],
              [
                -79.1482031129998,
                -6.286284974999944
              ],
              [
                -79.14574611299997,
                -6.288121099000023
              ],
              [
                -79.14377736299991,
                -6.287826223999957
              ],
              [
                -79.14201561399994,
                -6.290259724999942
              ],
              [
                -79.13892186299995,
                -6.291398473999834
              ],
              [
                -79.13576173800004,
                -6.290581974999952
              ],
              [
                -79.134447238,
                -6.291878849999989
              ],
              [
                -79.12896098800002,
                -6.289824224999961
              ],
              [
                -79.126074239,
                -6.291224599999907
              ],
              [
                -79.11965236299994,
                -6.291197224999962
              ],
              [
                -79.11846273899994,
                -6.293807223999977
              ],
              [
                -79.1154618629999,
                -6.2976705989999
              ],
              [
                -79.11167036299986,
                -6.301408224999818
              ],
              [
                -79.10804061300001,
                -6.303348973999903
              ],
              [
                -79.10311698799995,
                -6.304031848999898
              ],
              [
                -79.10115836299991,
                -6.308488223999973
              ],
              [
                -79.09586373799988,
                -6.316029598999876
              ],
              [
                -79.08991561299985,
                -6.317301599999894
              ],
              [
                -79.08561798799991,
                -6.320028848999925
              ],
              [
                -79.082535114,
                -6.319257849999929
              ],
              [
                -79.08019348899995,
                -6.316781224999886
              ],
              [
                -79.07736723799997,
                -6.316173848999938
              ],
              [
                -79.07415623799994,
                -6.312246099999925
              ],
              [
                -79.07053511399982,
                -6.309078098999976
              ],
              [
                -79.06509373799992,
                -6.314419973999918
              ],
              [
                -79.0626172389999,
                -6.317367223999895
              ],
              [
                -79.060224613,
                -6.31887697399992
              ],
              [
                -79.05693711399988,
                -6.322419473999958
              ],
              [
                -79.05634773799994,
                -6.326600973999973
              ],
              [
                -79.05455398799995,
                -6.329197099999931
              ],
              [
                -79.05085648799991,
                -6.328095724999912
              ],
              [
                -79.04662398799991,
                -6.327733849999902
              ],
              [
                -79.04537111299999,
                -6.323714099999961
              ],
              [
                -79.0424072379999,
                -6.321109724999928
              ],
              [
                -79.0416911129999,
                -6.318283849999887
              ],
              [
                -79.03658198799997,
                -6.318824224999844
              ],
              [
                -79.03057511299994,
                -6.317553849999967
              ],
              [
                -79.02697461299988,
                -6.31325384999991
              ],
              [
                -79.02146286299995,
                -6.310900348999951
              ],
              [
                -79.01839261299995,
                -6.312906223999903
              ],
              [
                -79.01668548799984,
                -6.312826224999981
              ],
              [
                -79.0136503629999,
                -6.309976599999914
              ],
              [
                -79.01024998899999,
                -6.303544973999976
              ],
              [
                -79.00989648799998,
                -6.301943473999984
              ],
              [
                -79.00465236299993,
                -6.300277348999941
              ],
              [
                -78.99989848799999,
                -6.300628848999963
              ],
              [
                -78.99618361299991,
                -6.298581974999934
              ],
              [
                -78.99285348799998,
                -6.294943349999926
              ],
              [
                -78.98957423799999,
                -6.292542974999947
              ],
              [
                -78.98781448799997,
                -6.29215822499998
              ],
              [
                -78.98685161299989,
                -6.295914098999958
              ],
              [
                -78.97722461299986,
                -6.303679849999924
              ],
              [
                -78.97426761299988,
                -6.309335974999954
              ],
              [
                -78.97371286299995,
                -6.312398474999839
              ],
              [
                -78.97098636299995,
                -6.316628850000029
              ],
              [
                -78.965619113,
                -6.320892598999933
              ],
              [
                -78.9637734879999,
                -6.323824223999907
              ],
              [
                -78.9609687379999,
                -6.32499809899997
              ],
              [
                -78.96033398799989,
                -6.327544848999935
              ],
              [
                -78.95723823799989,
                -6.331275349999942
              ],
              [
                -78.9514589879999,
                -6.335076224999909
              ],
              [
                -78.94530861299995,
                -6.336796849999928
              ],
              [
                -78.94133198799989,
                -6.339023474999919
              ],
              [
                -78.93746098799988,
                -6.340146473999937
              ],
              [
                -78.93494923799989,
                -6.342169973999944
              ],
              [
                -78.93428323800003,
                -6.344066349999935
              ],
              [
                -78.93147073800003,
                -6.346605474999933
              ],
              [
                -78.93161911299995,
                -6.348187474999918
              ],
              [
                -78.92944923799996,
                -6.350683599999968
              ],
              [
                -78.92912498800001,
                -6.352642598999978
              ],
              [
                -78.92702923799988,
                -6.354742223999949
              ],
              [
                -78.924062488,
                -6.359810599999889
              ],
              [
                -78.92430473799988,
                -6.362478474999932
              ],
              [
                -78.91776761299991,
                -6.368191349999961
              ],
              [
                -78.91643748799981,
                -6.370529348999924
              ],
              [
                -78.91698636299992,
                -6.373550724999973
              ],
              [
                -78.9157226129999,
                -6.375461098999949
              ],
              [
                -78.91641986299993,
                -6.379749973999935
              ],
              [
                -78.91400586299994,
                -6.381873098999904
              ],
              [
                -78.91358011299991,
                -6.38467384899991
              ],
              [
                -78.9121191129999,
                -6.386204974999941
              ],
              [
                -78.91307423799987,
                -6.39119922499998
              ],
              [
                -78.91168361299992,
                -6.393128849999925
              ],
              [
                -78.911783238,
                -6.395550724999964
              ],
              [
                -78.9132461129999,
                -6.398052723999967
              ],
              [
                -78.9120878629999,
                -6.400261849999936
              ],
              [
                -78.91340423799983,
                -6.403548724999951
              ],
              [
                -78.91045111299991,
                -6.405400349999923
              ],
              [
                -78.90916798799981,
                -6.409669973999883
              ],
              [
                -78.90762698799983,
                -6.410857473999897
              ],
              [
                -78.90747261299992,
                -6.413162099999965
              ],
              [
                -78.90606636300004,
                -6.414675723999892
              ],
              [
                -78.905042988,
                -6.419380848999936
              ],
              [
                -78.89998236299988,
                -6.423716848999959
              ],
              [
                -78.89946673799983,
                -6.425949223999908
              ],
              [
                -78.89702723799996,
                -6.427972599999976
              ],
              [
                -78.89747848799982,
                -6.430685598999958
              ],
              [
                -78.89590336299989,
                -6.432122474999971
              ],
              [
                -78.89296261299984,
                -6.431175474999975
              ],
              [
                -78.8876959879999,
                -6.433817223999881
              ],
              [
                -78.88329323799996,
                -6.434099598999978
              ],
              [
                -78.87619336299986,
                -6.437387349999938
              ],
              [
                -78.86971473799991,
                -6.438515098999915
              ],
              [
                -78.86481661300002,
                -6.438653723999948
              ],
              [
                -78.86143786299988,
                -6.437987474999943
              ],
              [
                -78.85613161299995,
                -6.43510834999995
              ],
              [
                -78.85203323799988,
                -6.434535723999886
              ],
              [
                -78.84782923799992,
                -6.432189349999931
              ],
              [
                -78.84548423799987,
                -6.432928224999955
              ],
              [
                -78.8411154879999,
                -6.432414224999945
              ],
              [
                -78.83704236299985,
                -6.431074974999831
              ],
              [
                -78.83452523799986,
                -6.428584724999951
              ],
              [
                -78.8324528629999,
                -6.428445849999889
              ],
              [
                -78.82626586299983,
                -6.432137098999931
              ],
              [
                -78.8227273629999,
                -6.433341849999977
              ],
              [
                -78.81139448799985,
                -6.434015473999921
              ],
              [
                -78.8063109879999,
                -6.435740473999942
              ],
              [
                -78.80286073799988,
                -6.438883849999968
              ],
              [
                -78.79580111199982,
                -6.441442599999959
              ],
              [
                -78.79637061199986,
                -6.444657225000014
              ],
              [
                -78.79907223799978,
                -6.447763724999902
              ],
              [
                -78.80383973799997,
                -6.450712849999945
              ],
              [
                -78.80599798799994,
                -6.453199224999935
              ],
              [
                -78.80810348799992,
                -6.453353473999925
              ],
              [
                -78.81089648799986,
                -6.45767772499994
              ],
              [
                -78.81162298799995,
                -6.465201098999898
              ],
              [
                -78.813314488,
                -6.469085974999928
              ],
              [
                -78.819050737,
                -6.475972473999946
              ],
              [
                -78.82424023800002,
                -6.479656224999928
              ],
              [
                -78.82654686299992,
                -6.479232473999957
              ],
              [
                -78.8328984879999,
                -6.479800724999961
              ],
              [
                -78.83749998799988,
                -6.481591849999916
              ],
              [
                -78.8411854879999,
                -6.48207809999991
              ],
              [
                -78.84320898800001,
                -6.48619922499995
              ],
              [
                -78.84334173799988,
                -6.489148473999876
              ],
              [
                -78.83973436299993,
                -6.491527348999909
              ],
              [
                -78.83470898799987,
                -6.495827973999951
              ],
              [
                -78.82717773799988,
                -6.496617224999966
              ],
              [
                -78.822747988,
                -6.496724599999936
              ],
              [
                -78.81742186299994,
                -6.499314474999949
              ],
              [
                -78.8136426129999,
                -6.50202934999993
              ],
              [
                -78.80985936299993,
                -6.503314474999968
              ],
              [
                -78.8074198629999,
                -6.505111349999936
              ],
              [
                -78.805113238,
                -6.505281223999873
              ],
              [
                -78.8010801129999,
                -6.510001974999966
              ],
              [
                -78.79915623799997,
                -6.518273474999887
              ],
              [
                -78.79570698799989,
                -6.521531224999876
              ],
              [
                -78.79383598799996,
                -6.525751975
              ],
              [
                -78.793212863,
                -6.52953709999997
              ],
              [
                -78.79174023799993,
                -6.531492224999909
              ],
              [
                -78.78914261299985,
                -6.53242972399994
              ],
              [
                -78.78738673799995,
                -6.534935599999926
              ],
              [
                -78.78668748799993,
                -6.537679724999919
              ],
              [
                -78.78272836299993,
                -6.539742223999951
              ],
              [
                -78.78051361299987,
                -6.539697223999951
              ],
              [
                -78.77730073799995,
                -6.540992224999911
              ],
              [
                -78.77349798799992,
                -6.544537099999957
              ],
              [
                -78.77073636299986,
                -6.545501973999933
              ],
              [
                -78.76972073799993,
                -6.548290974999929
              ],
              [
                -78.76659223799999,
                -6.548441349999962
              ],
              [
                -78.76355873799992,
                -6.540526598999918
              ],
              [
                -78.75687236299984,
                -6.535601099999894
              ],
              [
                -78.75675348799984,
                -6.529747724999936
              ],
              [
                -78.758910738,
                -6.522117099999946
              ],
              [
                -78.75908523799995,
                -6.514090849999945
              ],
              [
                -78.7581098629999,
                -6.510378849999938
              ],
              [
                -78.75482898800004,
                -6.506760849999978
              ],
              [
                -78.75321286299999,
                -6.500527348999981
              ],
              [
                -78.75266211299999,
                -6.49454497499994
              ],
              [
                -78.74940411299991,
                -6.490103474999955
              ],
              [
                -78.74816986299993,
                -6.48440434999992
              ],
              [
                -78.7478067379999,
                -6.475495973999955
              ],
              [
                -78.74576048799997,
                -6.47328309999989
              ],
              [
                -78.74274298799986,
                -6.47237347499987
              ],
              [
                -78.73948736299997,
                -6.472368223999979
              ],
              [
                -78.73823523800002,
                -6.468144848999941
              ],
              [
                -78.73222123799997,
                -6.459886724999933
              ],
              [
                -78.732779613,
                -6.457772349999971
              ],
              [
                -78.73565536299998,
                -6.455322973999898
              ],
              [
                -78.73703123799987,
                -6.4531173499999
              ],
              [
                -78.738365988,
                -6.448196599999903
              ],
              [
                -78.740113613,
                -6.4457930989999
              ],
              [
                -78.74335798799996,
                -6.443255473999898
              ],
              [
                -78.74589886300004,
                -6.442454723999901
              ],
              [
                -78.74648236299993,
                -6.437128848999976
              ],
              [
                -78.74503061299987,
                -6.433369349999964
              ],
              [
                -78.74534961299997,
                -6.424431599999934
              ],
              [
                -78.74713723799982,
                -6.420906723999963
              ],
              [
                -78.7464737379999,
                -6.418263974999945
              ],
              [
                -78.74479886199981,
                -6.416710974999887
              ],
              [
                -78.7413984879999,
                -6.417464848999941
              ],
              [
                -78.73743148799986,
                -6.415449224999975
              ],
              [
                -78.73473973799992,
                -6.415527599999962
              ],
              [
                -78.7290418629999,
                -6.413600099999883
              ],
              [
                -78.72821986299994,
                -6.408960348999869
              ],
              [
                -78.7267683629999,
                -6.404225224999948
              ],
              [
                -78.72420298799983,
                -6.402505849999898
              ],
              [
                -78.71827373799988,
                -6.400394224999957
              ],
              [
                -78.71504336299995,
                -6.397511098999871
              ],
              [
                -78.71132573799991,
                -6.391899598999942
              ],
              [
                -78.71417186300005,
                -6.384886724999944
              ],
              [
                -78.71415336299992,
                -6.379261723999946
              ],
              [
                -78.71267548799995,
                -6.373601224999902
              ],
              [
                -78.71278711199994,
                -6.371230974999889
              ],
              [
                -78.71408786199993,
                -6.368482474999951
              ],
              [
                -78.71289398699992,
                -6.36748984999997
              ],
              [
                -78.70761836199995,
                -6.365515724999966
              ],
              [
                -78.70331436299989,
                -6.362978599999849
              ],
              [
                -78.69880823799991,
                -6.362188723999964
              ],
              [
                -78.691607363,
                -6.355578099999946
              ],
              [
                -78.69164448799995,
                -6.351150349999955
              ],
              [
                -78.69060948799995,
                -6.346310599999981
              ],
              [
                -78.68905273799993,
                -6.342939474999923
              ],
              [
                -78.68645111200004,
                -6.340560599999947
              ],
              [
                -78.67972461300002,
                -6.337746098999958
              ],
              [
                -78.67507036299986,
                -6.334273474999918
              ],
              [
                -78.67177148799993,
                -6.332675724999888
              ],
              [
                -78.67064061299993,
                -6.330501974999891
              ],
              [
                -78.67109761299986,
                -6.325712848999956
              ],
              [
                -78.66784961299993,
                -6.318720724999878
              ],
              [
                -78.66773823799991,
                -6.315040974999874
              ],
              [
                -78.66274223699992,
                -6.312984349999908
              ],
              [
                -78.65456036299992,
                -6.312523474999978
              ],
              [
                -78.64728711299995,
                -6.314677723999864
              ],
              [
                -78.6433417369999,
                -6.312183599999912
              ],
              [
                -78.63912698799987,
                -6.313312474999975
              ],
              [
                -78.63682223799987,
                -6.311683599999924
              ],
              [
                -78.63340236199997,
                -6.31061909899995
              ],
              [
                -78.62831836299995,
                -6.312359349999952
              ],
              [
                -78.62360548699985,
                -6.30998834899998
              ],
              [
                -78.62184173799983,
                -6.31026947499987
              ],
              [
                -78.6105078629999,
                -6.305724599999905
              ],
              [
                -78.60449023799998,
                -6.30588672399989
              ],
              [
                -78.60019923799996,
                -6.303878849999933
              ],
              [
                -78.59327736299997,
                -6.306693349999932
              ],
              [
                -78.5904141129999,
                -6.306300849999957
              ],
              [
                -78.58692773699983,
                -6.304396473999873
              ],
              [
                -78.58401948799991,
                -6.306415974999936
              ],
              [
                -78.58153911300002,
                -6.305509723999876
              ],
              [
                -78.58025586299988,
                -6.303804724999964
              ],
              [
                -78.57663286299999,
                -6.303833974999975
              ],
              [
                -78.57556261299987,
                -6.302943349999907
              ],
              [
                -78.57035148799991,
                -6.302718848999973
              ],
              [
                -78.56597261299999,
                -6.298251974999971
              ],
              [
                -78.56292198799991,
                -6.295941349000032
              ],
              [
                -78.55873048800004,
                -6.294070349000037
              ],
              [
                -78.55566986199983,
                -6.293765598999926
              ],
              [
                -78.54893548799987,
                -6.290644474999965
              ],
              [
                -78.54449023800004,
                -6.290984349999917
              ],
              [
                -78.54187298800002,
                -6.288703099999907
              ],
              [
                -78.53950973699989,
                -6.287996099999873
              ],
              [
                -78.53688286299996,
                -6.289546848999919
              ],
              [
                -78.529519488,
                -6.289748099999883
              ],
              [
                -78.52665623799999,
                -6.291894473999946
              ],
              [
                -78.52337886199996,
                -6.291300723999939
              ],
              [
                -78.52101361300004,
                -6.291753848999917
              ],
              [
                -78.5150566129999,
                -6.289822223999977
              ],
              [
                -78.51076361299988,
                -6.284187473999964
              ],
              [
                -78.50939848799999,
                -6.279529348999915
              ],
              [
                -78.51118536299987,
                -6.274369099999888
              ],
              [
                -78.50974998699985,
                -6.268279349999887
              ],
              [
                -78.51042573799998,
                -6.261060599999837
              ],
              [
                -78.51190823699983,
                -6.257226599999967
              ],
              [
                -78.51064448799997,
                -6.253199099999961
              ],
              [
                -78.51127536199994,
                -6.251648599999839
              ],
              [
                -78.509677737,
                -6.245755848999977
              ],
              [
                -78.51290236199992,
                -6.241787098999964
              ],
              [
                -78.51545698799998,
                -6.239999974999989
              ],
              [
                -78.51859173799983,
                -6.235839848999944
              ],
              [
                -78.5198066129999,
                -6.231181598999967
              ],
              [
                -78.523126988,
                -6.227915973999927
              ],
              [
                -78.52496286299993,
                -6.223794973999929
              ],
              [
                -78.52770698799998,
                -6.220019474999958
              ],
              [
                -78.52834186299992,
                -6.217574224999964
              ],
              [
                -78.53033398799982,
                -6.214337848999946
              ],
              [
                -78.530605488,
                -6.210597598999925
              ],
              [
                -78.53177736199996,
                -6.205388849999963
              ],
              [
                -78.53045698799986,
                -6.201749973999881
              ],
              [
                -78.53110548699988,
                -6.198300724999967
              ],
              [
                -78.53407036299996,
                -6.191652348999924
              ],
              [
                -78.53369136299995,
                -6.189888848999942
              ],
              [
                -78.53391986299994,
                -6.183156098999916
              ],
              [
                -78.53333598699999,
                -6.180921848999901
              ],
              [
                -78.53011136199996,
                -6.178718849999882
              ],
              [
                -78.52963473700004,
                -6.176456973999962
              ],
              [
                -78.52646486299994,
                -6.170595724999941
              ],
              [
                -78.526167987,
                -6.168351598999891
              ],
              [
                -78.52338286299994,
                -6.163710974999958
              ],
              [
                -78.51922461299989,
                -6.160439598999915
              ],
              [
                -78.5192676129999,
                -6.157302723999976
              ],
              [
                -78.51743361199988,
                -6.153515598999888
              ],
              [
                -78.51639061299988,
                -6.146687473999918
              ],
              [
                -78.52010936199991,
                -6.14509572399993
              ],
              [
                -78.52167973799999,
                -6.143421848999822
              ],
              [
                -78.523710988,
                -6.139419973999907
              ],
              [
                -78.52138286299993,
                -6.133144473999891
              ],
              [
                -78.521363238,
                -6.129484348999938
              ],
              [
                -78.51765423799998,
                -6.123267598999973
              ],
              [
                -78.517230488,
                -6.117527348999943
              ],
              [
                -78.51912123799985,
                -6.114507848999949
              ],
              [
                -78.52044923699987,
                -6.108693348999964
              ],
              [
                -78.51760736299991,
                -6.10229097399997
              ],
              [
                -78.51823636299991,
                -6.098939474999952
              ],
              [
                -78.51167573699985,
                -6.09214059899989
              ],
              [
                -78.50895698799997,
                -6.086398473999964
              ],
              [
                -78.50906423699996,
                -6.085308348999888
              ],
              [
                -78.5051026129999,
                -6.087263598999925
              ],
              [
                -78.50199261299997,
                -6.086778348999928
              ],
              [
                -78.49888261199987,
                -6.088653223999927
              ],
              [
                -78.49723348699985,
                -6.094350223999925
              ],
              [
                -78.49714736299995,
                -6.098485849999975
              ],
              [
                -78.49844386199999,
                -6.102500849999899
              ],
              [
                -78.4963001129999,
                -6.104084224999895
              ],
              [
                -78.49024648799985,
                -6.104875973999981
              ],
              [
                -78.48578848799986,
                -6.108030723999946
              ],
              [
                -78.4826458629999,
                -6.109029474999886
              ],
              [
                -78.47872848699996,
                -6.112681598999927
              ],
              [
                -78.47728273799999,
                -6.114830348999874
              ],
              [
                -78.47686448799993,
                -6.117711098999962
              ],
              [
                -78.47901173799994,
                -6.126210973999889
              ],
              [
                -78.47584223699988,
                -6.132626223999921
              ],
              [
                -78.47440186199992,
                -6.133834348999869
              ],
              [
                -78.47035948799993,
                -6.135181974999909
              ],
              [
                -78.46738523799985,
                -6.134635223999965
              ],
              [
                -78.46552711299995,
                -6.137644598999827
              ],
              [
                -78.46561111299997,
                -6.142169974999888
              ],
              [
                -78.46471361199997,
                -6.14392322499998
              ],
              [
                -78.46050198699993,
                -6.148173724999879
              ],
              [
                -78.45653261200005,
                -6.150224848999926
              ],
              [
                -78.44982223800002,
                -6.156929723999951
              ],
              [
                -78.44242211199986,
                -6.161727224
              ],
              [
                -78.43816423699991,
                -6.165692849999914
              ],
              [
                -78.437968862,
                -6.169412224999974
              ],
              [
                -78.43702273799988,
                -6.173629848999894
              ],
              [
                -78.43235736299994,
                -6.17561322399996
              ],
              [
                -78.42744536299995,
                -6.179908223999973
              ],
              [
                -78.42544198799993,
                -6.184547348999956
              ],
              [
                -78.41972811299985,
                -6.188424599999962
              ]
            ]
          ]
        ],
        "type": "MultiPolygon"
      },
      "type": "Feature",
      "properties": {
        "PROVINCIA": "CHOTA",
        "name": "CHOTA",
        "ID": "060600",
        "DEPARTAMEN": "CAJAMARCA"
      }
    }
  ]
}
