{
  "type": "FeatureCollection",
  "features": [
    {
      "geometry": {
        "coordinates": [
          [
            [
              [
                -70.56288998000002,
                -15.982499982999911
              ],
              [
                -70.56022510499997,
                -15.988298232999966
              ],
              [
                -70.55305860499988,
                -15.993874982999955
              ],
              [
                -70.54929310499989,
                -15.995183733999966
              ],
              [
                -70.54766160599996,
                -15.996512857999903
              ],
              [
                -70.54441797999982,
                -16.000835983999934
              ],
              [
                -70.54188472999982,
                -16.005945357999906
              ],
              [
                -70.53884185599986,
                -16.010453108999968
              ],
              [
                -70.53526810599993,
                -16.01344748299988
              ],
              [
                -70.53091622999983,
                -16.014159357999915
              ],
              [
                -70.52871885600001,
                -16.01727623399995
              ],
              [
                -70.52876372999992,
                -16.021351607999918
              ],
              [
                -70.5260754799998,
                -16.026723482999955
              ],
              [
                -70.51945947999985,
                -16.03253423299998
              ],
              [
                -70.51669198000002,
                -16.03319310799992
              ],
              [
                -70.51194772999997,
                -16.029766733999963
              ],
              [
                -70.51032235499986,
                -16.029986358999906
              ],
              [
                -70.50830172999991,
                -16.0328856079999
              ],
              [
                -70.50771397999995,
                -16.037774983999952
              ],
              [
                -70.50241210599995,
                -16.03791410799994
              ],
              [
                -70.49490347999989,
                -16.040660982999952
              ],
              [
                -70.483965355,
                -16.039343108999958
              ],
              [
                -70.48255960499995,
                -16.039474858999938
              ],
              [
                -70.4786914799999,
                -16.04374410899993
              ],
              [
                -70.47566285499988,
                -16.04465848399991
              ],
              [
                -70.47250010499977,
                -16.04688560799991
              ],
              [
                -70.4697538559999,
                -16.04982785899989
              ],
              [
                -70.46577897999993,
                -16.050369108999917
              ],
              [
                -70.46305535499988,
                -16.049622358999954
              ],
              [
                -70.45412285499987,
                -16.041902733999905
              ],
              [
                -70.45040397999992,
                -16.03697098299989
              ],
              [
                -70.44746485600001,
                -16.034470733999967
              ],
              [
                -70.44519673000002,
                -16.033775108999976
              ],
              [
                -70.4411213549999,
                -16.03581423399993
              ],
              [
                -70.43920285499996,
                -16.038081482999928
              ],
              [
                -70.43845548099983,
                -16.04307698299982
              ],
              [
                -70.43678622999994,
                -16.049666233999915
              ],
              [
                -70.43506935499988,
                -16.060150608999948
              ],
              [
                -70.43324510599984,
                -16.06270798399987
              ],
              [
                -70.42981810499998,
                -16.0631001079999
              ],
              [
                -70.42764722999988,
                -16.06743348299989
              ],
              [
                -70.42476097999997,
                -16.06879735899986
              ],
              [
                -70.42009847999992,
                -16.06987573299989
              ],
              [
                -70.41752935599999,
                -16.074411358999953
              ],
              [
                -70.41495372999987,
                -16.07611123399988
              ],
              [
                -70.41346960499999,
                -16.075172482999847
              ],
              [
                -70.40979035500004,
                -16.07634610899987
              ],
              [
                -70.40733947999985,
                -16.081216983999923
              ],
              [
                -70.40497697999979,
                -16.08401985799992
              ],
              [
                -70.40287585499993,
                -16.089064733999976
              ],
              [
                -70.40357373099994,
                -16.09172910799998
              ],
              [
                -70.40576222999982,
                -16.095915733999902
              ],
              [
                -70.40665998000003,
                -16.101659983999923
              ],
              [
                -70.40128710499982,
                -16.102527357999918
              ],
              [
                -70.4011162299999,
                -16.105016107999973
              ],
              [
                -70.40348847999991,
                -16.110287608999954
              ],
              [
                -70.40553972999999,
                -16.11777798399993
              ],
              [
                -70.40830160499996,
                -16.120795733999955
              ],
              [
                -70.40657322999988,
                -16.126298233999876
              ],
              [
                -70.406061605,
                -16.13107273299994
              ],
              [
                -70.40423872999997,
                -16.13660185899994
              ],
              [
                -70.40255073000003,
                -16.144036483999912
              ],
              [
                -70.40194210499993,
                -16.149029732999963
              ],
              [
                -70.3993676049999,
                -16.15223510899989
              ],
              [
                -70.38965097999994,
                -16.156236733999947
              ],
              [
                -70.38732272999994,
                -16.15896023299996
              ],
              [
                -70.38640022999982,
                -16.163704608999865
              ],
              [
                -70.38411147999989,
                -16.16754835799992
              ],
              [
                -70.380279481,
                -16.171118983999975
              ],
              [
                -70.37375310499982,
                -16.175917358999982
              ],
              [
                -70.36934210499999,
                -16.182992608999882
              ],
              [
                -70.36722985499983,
                -16.189255857999854
              ],
              [
                -70.36718735499988,
                -16.190783858999964
              ],
              [
                -70.36882035499991,
                -16.19898260899987
              ],
              [
                -70.36467972999986,
                -16.20424873399992
              ],
              [
                -70.35919635499994,
                -16.208630233999827
              ],
              [
                -70.35577060499992,
                -16.20824960899995
              ],
              [
                -70.34941010499989,
                -16.205353482999953
              ],
              [
                -70.34438472999977,
                -16.202376983999955
              ],
              [
                -70.34027885499995,
                -16.20090335799989
              ],
              [
                -70.334596605,
                -16.201568108999936
              ],
              [
                -70.33077010499994,
                -16.202886358999933
              ],
              [
                -70.32856010499995,
                -16.20541198399991
              ],
              [
                -70.32778910500002,
                -16.21089498399988
              ],
              [
                -70.3245286049999,
                -16.215912983999942
              ],
              [
                -70.324524355,
                -16.220679233999874
              ],
              [
                -70.32648935499986,
                -16.22260910899996
              ],
              [
                -70.32743185500004,
                -16.225787733999937
              ],
              [
                -70.32652747999992,
                -16.228690607999965
              ],
              [
                -70.32651710499994,
                -16.232111857999882
              ],
              [
                -70.32783848000003,
                -16.234819108999886
              ],
              [
                -70.33417097999995,
                -16.237575733999904
              ],
              [
                -70.33547247999991,
                -16.240946983999947
              ],
              [
                -70.33625597999998,
                -16.24506985899984
              ],
              [
                -70.33915597999993,
                -16.249100358999897
              ],
              [
                -70.34175610499989,
                -16.249962982999932
              ],
              [
                -70.34513485499991,
                -16.25610198399994
              ],
              [
                -70.3442544799999,
                -16.261098858999958
              ],
              [
                -70.34037597999998,
                -16.26883210899996
              ],
              [
                -70.3405424799999,
                -16.27202060899998
              ],
              [
                -70.34270797999977,
                -16.275803983999936
              ],
              [
                -70.34305072999996,
                -16.28327573399997
              ],
              [
                -70.34396297999979,
                -16.285696858999927
              ],
              [
                -70.34779985499989,
                -16.290836858999967
              ],
              [
                -70.344151355,
                -16.297025733999817
              ],
              [
                -70.34684810499994,
                -16.301406983999925
              ],
              [
                -70.3465954799999,
                -16.305602483999962
              ],
              [
                -70.34563447999989,
                -16.30914010899994
              ],
              [
                -70.34270797999977,
                -16.31190035899988
              ],
              [
                -70.34275547999988,
                -16.315041233999978
              ],
              [
                -70.341803605,
                -16.31742073399994
              ],
              [
                -70.339257605,
                -16.31963360899988
              ],
              [
                -70.33875797999997,
                -16.322798358999933
              ],
              [
                -70.3399476049999,
                -16.32774760899997
              ],
              [
                -70.34137535499991,
                -16.32955598399991
              ],
              [
                -70.34369010499984,
                -16.336861857999907
              ],
              [
                -70.34618360499991,
                -16.338816358999907
              ],
              [
                -70.34541260499998,
                -16.342217358999847
              ],
              [
                -70.34561072999986,
                -16.348139483999944
              ],
              [
                -70.34766410500004,
                -16.35182335899998
              ],
              [
                -70.34832547999986,
                -16.354771358999926
              ],
              [
                -70.3522568549999,
                -16.35772810899988
              ],
              [
                -70.35660385499978,
                -16.362225982999973
              ],
              [
                -70.35631835499987,
                -16.366033108999943
              ],
              [
                -70.3578173549999,
                -16.368317358999946
              ],
              [
                -70.37059510499984,
                -16.368650483999886
              ],
              [
                -70.37147547999996,
                -16.374527858999897
              ],
              [
                -70.37494273000004,
                -16.378087983999933
              ],
              [
                -70.37718260499992,
                -16.381840733999923
              ],
              [
                -70.38211397999999,
                -16.38495523399996
              ],
              [
                -70.3813947299999,
                -16.38663910899993
              ],
              [
                -70.37856635499992,
                -16.387400733999982
              ],
              [
                -70.37300572999999,
                -16.390449858999943
              ],
              [
                -70.36700210499993,
                -16.392207233999954
              ],
              [
                -70.35886497999996,
                -16.398141733999978
              ],
              [
                -70.35655372999997,
                -16.400270608999904
              ],
              [
                -70.35663497999985,
                -16.40319473399984
              ],
              [
                -70.35809698000003,
                -16.405915858999833
              ],
              [
                -70.36110247999983,
                -16.408555733999947
              ],
              [
                -70.3608876049999,
                -16.41083135899993
              ],
              [
                -70.35032210499986,
                -16.415716233999888
              ],
              [
                -70.3486802299999,
                -16.41583523399987
              ],
              [
                -70.3413214799998,
                -16.414637234
              ],
              [
                -70.33340235499986,
                -16.41144723399998
              ],
              [
                -70.33007285499997,
                -16.412599233999913
              ],
              [
                -70.32505172999993,
                -16.417524983999897
              ],
              [
                -70.32250622999999,
                -16.421141483999975
              ],
              [
                -70.31824373,
                -16.42850385899993
              ],
              [
                -70.31589285500002,
                -16.431591483999966
              ],
              [
                -70.31585760500002,
                -16.43569685899996
              ],
              [
                -70.31698060499986,
                -16.440398608999942
              ],
              [
                -70.31673510499996,
                -16.44439860899996
              ],
              [
                -70.31427885499994,
                -16.44608273399996
              ],
              [
                -70.30827885499991,
                -16.445907358999932
              ],
              [
                -70.30631385500004,
                -16.44720560899998
              ],
              [
                -70.30684022999998,
                -16.451135358999863
              ],
              [
                -70.31114660499998,
                -16.456512233999945
              ],
              [
                -70.3129394799999,
                -16.461577983999973
              ],
              [
                -70.3252402299999,
                -16.461615233999908
              ],
              [
                -70.3299569799999,
                -16.462154358999953
              ],
              [
                -70.33509760499999,
                -16.46587885899993
              ],
              [
                -70.33912697999995,
                -16.467537108999977
              ],
              [
                -70.34649610500003,
                -16.471312483999895
              ],
              [
                -70.35100585500004,
                -16.47567573399988
              ],
              [
                -70.35974810499994,
                -16.47763860899994
              ],
              [
                -70.36084573,
                -16.479474483999923
              ],
              [
                -70.36094722999997,
                -16.484083983999938
              ],
              [
                -70.3618554799998,
                -16.489980483999943
              ],
              [
                -70.36399022999984,
                -16.494191358999956
              ],
              [
                -70.37130660499992,
                -16.496537108999973
              ],
              [
                -70.37258197999984,
                -16.498599608999882
              ],
              [
                -70.37370310499995,
                -16.5039961089999
              ],
              [
                -70.3790351049999,
                -16.506279358999905
              ],
              [
                -70.38191998000002,
                -16.509033233999958
              ],
              [
                -70.38372072999988,
                -16.512279358999876
              ],
              [
                -70.38807623000002,
                -16.51689648399997
              ],
              [
                -70.39663273099984,
                -16.523763358999872
              ],
              [
                -70.39912772999986,
                -16.52508010899993
              ],
              [
                -70.40432572999998,
                -16.526396983999916
              ],
              [
                -70.40792960499982,
                -16.525565358999927
              ],
              [
                -70.41070185499996,
                -16.52605048399994
              ],
              [
                -70.41809760499984,
                -16.530529358999956
              ],
              [
                -70.41949410499984,
                -16.530845733999968
              ],
              [
                -70.42457072999986,
                -16.529419858999916
              ],
              [
                -70.429072356,
                -16.52616485899989
              ],
              [
                -70.43121635499995,
                -16.525842483999952
              ],
              [
                -70.43495897999992,
                -16.52875335899995
              ],
              [
                -70.4364143549999,
                -16.531802858999924
              ],
              [
                -70.43800197999997,
                -16.533054858999947
              ],
              [
                -70.44105785499994,
                -16.53187210899995
              ],
              [
                -70.4456319799998,
                -16.53249585899988
              ],
              [
                -70.45096860499984,
                -16.53734735899991
              ],
              [
                -70.45935473000003,
                -16.54795110899994
              ],
              [
                -70.4637208559999,
                -16.55231735899997
              ],
              [
                -70.46730997999992,
                -16.553209983999864
              ],
              [
                -70.47041997999986,
                -16.556379983999875
              ],
              [
                -70.47284998099985,
                -16.5554699839999
              ],
              [
                -70.48089997999978,
                -16.555349983999918
              ],
              [
                -70.48346997999988,
                -16.55496998399991
              ],
              [
                -70.49250997999991,
                -16.555319983999937
              ],
              [
                -70.49498997999984,
                -16.552159983999957
              ],
              [
                -70.49761998000002,
                -16.552929983999945
              ],
              [
                -70.49999997999987,
                -16.554689983999936
              ],
              [
                -70.51237998099992,
                -16.554559983999923
              ],
              [
                -70.51377997999987,
                -16.55486998399988
              ],
              [
                -70.51632997999991,
                -16.558249983999872
              ],
              [
                -70.51964997999988,
                -16.559849983999925
              ],
              [
                -70.52557010499999,
                -16.55851998399993
              ],
              [
                -70.5293699799999,
                -16.55694998399997
              ],
              [
                -70.5344099809999,
                -16.553979983999966
              ],
              [
                -70.53789998000002,
                -16.55337998399989
              ],
              [
                -70.54590997999992,
                -16.556179983999925
              ],
              [
                -70.54848997999994,
                -16.557609983999953
              ],
              [
                -70.55220998099998,
                -16.558169983999903
              ],
              [
                -70.55723997999996,
                -16.562059858999874
              ],
              [
                -70.56148997999998,
                -16.562889983999924
              ],
              [
                -70.56277997999996,
                -16.563879983999925
              ],
              [
                -70.56558998000003,
                -16.562089983999897
              ],
              [
                -70.57746997999988,
                -16.565309983999953
              ],
              [
                -70.57879997999987,
                -16.563499983999918
              ],
              [
                -70.58176997999976,
                -16.562059858999874
              ],
              [
                -70.58305997999992,
                -16.560400108999943
              ],
              [
                -70.58659997999996,
                -16.561019983999927
              ],
              [
                -70.59218997999994,
                -16.56010998399995
              ],
              [
                -70.5932199799999,
                -16.5590499839999
              ],
              [
                -70.59414997999983,
                -16.554779983999936
              ],
              [
                -70.59896997999994,
                -16.549739983999814
              ],
              [
                -70.60302985500005,
                -16.54807998399997
              ],
              [
                -70.60985998000001,
                -16.548399983999957
              ],
              [
                -70.61202998099998,
                -16.55004010899995
              ],
              [
                -70.61747997999998,
                -16.551439983999956
              ],
              [
                -70.6197399799999,
                -16.55388998399991
              ],
              [
                -70.62333997999997,
                -16.555859983999937
              ],
              [
                -70.62598998100003,
                -16.55568998399997
              ],
              [
                -70.63027998099989,
                -16.557239983999978
              ],
              [
                -70.63419997999989,
                -16.55777998399998
              ],
              [
                -70.63917998,
                -16.555949983999824
              ],
              [
                -70.64000998,
                -16.552569858999902
              ],
              [
                -70.6425699799999,
                -16.55282998399997
              ],
              [
                -70.64406998100003,
                -16.550699983999948
              ],
              [
                -70.64838997999988,
                -16.551419983999892
              ],
              [
                -70.65120998099997,
                -16.549619983999833
              ],
              [
                -70.65454998000001,
                -16.548769983999932
              ],
              [
                -70.65870997999986,
                -16.550089983999897
              ],
              [
                -70.66332985600002,
                -16.550719983999898
              ],
              [
                -70.66713498000001,
                -16.54948310899988
              ],
              [
                -70.67902998099993,
                -16.548419983999906
              ],
              [
                -70.68086998000001,
                -16.547209983999892
              ],
              [
                -70.6839999799999,
                -16.55123998399995
              ],
              [
                -70.68930997999996,
                -16.55411998399984
              ],
              [
                -70.69247997999997,
                -16.55916998399988
              ],
              [
                -70.69509997999995,
                -16.56244998399984
              ],
              [
                -70.69602985599988,
                -16.564769983999952
              ],
              [
                -70.69964998099982,
                -16.569279983999877
              ],
              [
                -70.70739998,
                -16.570669983999892
              ],
              [
                -70.70992997999997,
                -16.57031998399998
              ],
              [
                -70.71317998099994,
                -16.571539983999912
              ],
              [
                -70.71634998099978,
                -16.570929983999974
              ],
              [
                -70.72165847999997,
                -16.572485608999898
              ],
              [
                -70.72784372999996,
                -16.572841858999823
              ],
              [
                -70.72769135499988,
                -16.576173858999823
              ],
              [
                -70.72450972999991,
                -16.576949233999926
              ],
              [
                -70.7220547309999,
                -16.57945510899998
              ],
              [
                -70.72134372999994,
                -16.58243560899996
              ],
              [
                -70.7197714799999,
                -16.58394923399993
              ],
              [
                -70.7155312299999,
                -16.58517973399995
              ],
              [
                -70.71195310499985,
                -16.586962858999982
              ],
              [
                -70.70845698100004,
                -16.59154498399994
              ],
              [
                -70.70755860499986,
                -16.594078108999838
              ],
              [
                -70.70484185499981,
                -16.595374983999932
              ],
              [
                -70.70314847999992,
                -16.59783785999997
              ],
              [
                -70.70426173099986,
                -16.59966410899989
              ],
              [
                -70.70663272999991,
                -16.600382983999964
              ],
              [
                -70.70839998099996,
                -16.603279983999926
              ],
              [
                -70.71241985599983,
                -16.60793998399987
              ],
              [
                -70.71462997999993,
                -16.61179998399996
              ],
              [
                -70.71718997999983,
                -16.61403998399993
              ],
              [
                -70.71836997999992,
                -16.616979983999897
              ],
              [
                -70.72048998100001,
                -16.619359984999903
              ],
              [
                -70.7267499809999,
                -16.622769983999888
              ],
              [
                -70.72855998099999,
                -16.625309984999888
              ],
              [
                -70.73200997999999,
                -16.62673998500003
              ],
              [
                -70.73519998099988,
                -16.62638998499989
              ],
              [
                -70.73980998000002,
                -16.628569983999967
              ],
              [
                -70.74266998099995,
                -16.627879983999833
              ],
              [
                -70.74722998000004,
                -16.623069983999926
              ],
              [
                -70.75219997999977,
                -16.62466998399998
              ],
              [
                -70.75653997999996,
                -16.628669983999828
              ],
              [
                -70.76093998099992,
                -16.633489983999937
              ],
              [
                -70.76394997999984,
                -16.63463998499998
              ],
              [
                -70.76467998100003,
                -16.64280998399994
              ],
              [
                -70.76414010499985,
                -16.645069983999974
              ],
              [
                -70.76593997999993,
                -16.64764998399994
              ],
              [
                -70.76628997999984,
                -16.650049983999907
              ],
              [
                -70.76900997999991,
                -16.655629983999916
              ],
              [
                -70.77071998099984,
                -16.66174998399987
              ],
              [
                -70.77048998099997,
                -16.665379858999927
              ],
              [
                -70.77125997999991,
                -16.67178998399993
              ],
              [
                -70.77038998099988,
                -16.675519983999948
              ],
              [
                -70.7711299799999,
                -16.680679983999937
              ],
              [
                -70.77327998099992,
                -16.68398998399988
              ],
              [
                -70.77476997999992,
                -16.687539983999955
              ],
              [
                -70.77748997999998,
                -16.698459983999953
              ],
              [
                -70.77893998099995,
                -16.705789983999978
              ],
              [
                -70.77904997999991,
                -16.710819983999897
              ],
              [
                -70.77835998099994,
                -16.715169983999942
              ],
              [
                -70.77969473099989,
                -16.71751323399991
              ],
              [
                -70.77918310500002,
                -16.719900358999894
              ],
              [
                -70.78206047999987,
                -16.725356483999974
              ],
              [
                -70.78583285499991,
                -16.72908635899995
              ],
              [
                -70.78760185599998,
                -16.734862109
              ],
              [
                -70.78898723000003,
                -16.736950859
              ],
              [
                -70.79286623099989,
                -16.739614983999957
              ],
              [
                -70.79957985499993,
                -16.740872483999908
              ],
              [
                -70.80234997999997,
                -16.743379983999887
              ],
              [
                -70.80774273099996,
                -16.744921983999916
              ],
              [
                -70.81631060599983,
                -16.746030233999875
              ],
              [
                -70.81835672999983,
                -16.74760735899997
              ],
              [
                -70.81980597999984,
                -16.752253608999922
              ],
              [
                -70.82289635499984,
                -16.75517360899994
              ],
              [
                -70.82585885499992,
                -16.76150360899993
              ],
              [
                -70.82922635599982,
                -16.762505234999935
              ],
              [
                -70.8321888559999,
                -16.761247733999824
              ],
              [
                -70.83615310599998,
                -16.761546234999912
              ],
              [
                -70.84212085500002,
                -16.76359223499992
              ],
              [
                -70.85128547999989,
                -16.765425108999978
              ],
              [
                -70.8571252299999,
                -16.770732108999937
              ],
              [
                -70.85985335600003,
                -16.771200984999837
              ],
              [
                -70.86439297999993,
                -16.769623858999978
              ],
              [
                -70.87339997999993,
                -16.770129983999936
              ],
              [
                -70.87608998099984,
                -16.77141010899993
              ],
              [
                -70.877039981,
                -16.774129984999888
              ],
              [
                -70.87892998099989,
                -16.774850108999942
              ],
              [
                -70.88094997999985,
                -16.77360998399996
              ],
              [
                -70.88727998099984,
                -16.77289998499998
              ],
              [
                -70.89161998099985,
                -16.770529983999893
              ],
              [
                -70.89388998099992,
                -16.77045985899997
              ],
              [
                -70.89790923099986,
                -16.77564773399996
              ],
              [
                -70.90150273099982,
                -16.77770585899998
              ],
              [
                -70.90580998099995,
                -16.77666998399991
              ],
              [
                -70.91016998099991,
                -16.776550108999913
              ],
              [
                -70.912069981,
                -16.77479998399997
              ],
              [
                -70.91396998099992,
                -16.774869983999906
              ],
              [
                -70.91725998099992,
                -16.777559983999936
              ],
              [
                -70.92044197999985,
                -16.778003858999966
              ],
              [
                -70.92646085500002,
                -16.7752099839999
              ],
              [
                -70.93154823099997,
                -16.773678608999944
              ],
              [
                -70.94135810599983,
                -16.77436210899998
              ],
              [
                -70.94525997999983,
                -16.77238998499996
              ],
              [
                -70.94643997999992,
                -16.773289983999916
              ],
              [
                -70.95149998099998,
                -16.77460998399988
              ],
              [
                -70.95574997999984,
                -16.778270108999948
              ],
              [
                -70.96153998099999,
                -16.777529983999898
              ],
              [
                -70.96568998099991,
                -16.77765998399991
              ],
              [
                -70.96845998099985,
                -16.77500998399995
              ],
              [
                -70.9713899809999,
                -16.77361998399988
              ],
              [
                -70.97209998100004,
                -16.771129984999902
              ],
              [
                -70.97356998099997,
                -16.77028998399993
              ],
              [
                -70.97761985499989,
                -16.770819983999843
              ],
              [
                -70.97988998100004,
                -16.769359983999834
              ],
              [
                -70.98330998099993,
                -16.768820108999932
              ],
              [
                -70.98853998099986,
                -16.76506998399998
              ],
              [
                -70.99177998099998,
                -16.765389984999956
              ],
              [
                -70.99456998099998,
                -16.76425998399992
              ],
              [
                -70.99717998099993,
                -16.766319983999836
              ],
              [
                -71.00103998099985,
                -16.767869858999973
              ],
              [
                -71.00384998099997,
                -16.767869858999973
              ],
              [
                -71.00803998100002,
                -16.76936998499997
              ],
              [
                -71.01467998099997,
                -16.767869859999905
              ],
              [
                -71.0182899799999,
                -16.76530998399994
              ],
              [
                -71.02232823099996,
                -16.75854048399998
              ],
              [
                -71.02455235499997,
                -16.756710358999896
              ],
              [
                -71.03171060599993,
                -16.755126108999946
              ],
              [
                -71.03409335499998,
                -16.75351610899986
              ],
              [
                -71.03937410599985,
                -16.754482108999923
              ],
              [
                -71.04223985599998,
                -16.756542860000025
              ],
              [
                -71.04594285599995,
                -16.75734785899982
              ],
              [
                -71.04800360500002,
                -16.75676823399982
              ],
              [
                -71.05383185599987,
                -16.7585714839999
              ],
              [
                -71.05698723099982,
                -16.75779873399989
              ],
              [
                -71.06091573099991,
                -16.758603733999905
              ],
              [
                -71.0622359809999,
                -16.76169485899993
              ],
              [
                -71.06365335599992,
                -16.76789060899995
              ],
              [
                -71.06527997999979,
                -16.771259983999926
              ],
              [
                -71.06802998099977,
                -16.774289984999882
              ],
              [
                -71.07139998099996,
                -16.77519998399987
              ],
              [
                -71.07667998099987,
                -16.773629985000014
              ],
              [
                -71.07872998099992,
                -16.776349983999978
              ],
              [
                -71.07928997999988,
                -16.779069983999875
              ],
              [
                -71.07811998099999,
                -16.78380998399996
              ],
              [
                -71.07912997999989,
                -16.786299984999914
              ],
              [
                -71.08156997999981,
                -16.788659984999867
              ],
              [
                -71.08202997999985,
                -16.790999984999928
              ],
              [
                -71.083919981,
                -16.793149984999957
              ],
              [
                -71.08931997999986,
                -16.79436998499989
              ],
              [
                -71.09400998099989,
                -16.798589983999932
              ],
              [
                -71.09728997999991,
                -16.80395998399996
              ],
              [
                -71.10097998099997,
                -16.80721998399997
              ],
              [
                -71.10191998100004,
                -16.810229984999978
              ],
              [
                -71.10516010599997,
                -16.812989983999955
              ],
              [
                -71.10683985599997,
                -16.8135699849999
              ],
              [
                -71.11002998099985,
                -16.81658998399996
              ],
              [
                -71.11298998099988,
                -16.818339983999977
              ],
              [
                -71.11331998000003,
                -16.823099984999885
              ],
              [
                -71.11474998100005,
                -16.824869984999964
              ],
              [
                -71.11587998099992,
                -16.828859983999962
              ],
              [
                -71.11722997999988,
                -16.830539984999973
              ],
              [
                -71.12342998099996,
                -16.832269983999936
              ],
              [
                -71.12558998099996,
                -16.83334985999994
              ],
              [
                -71.12693998100002,
                -16.83715998399998
              ],
              [
                -71.1303199809999,
                -16.84167998399994
              ],
              [
                -71.13533998099979,
                -16.843879983999898
              ],
              [
                -71.13684997999985,
                -16.846869984999955
              ],
              [
                -71.13735998100003,
                -16.851649984999938
              ],
              [
                -71.13916998099978,
                -16.853609983999945
              ],
              [
                -71.14182998099994,
                -16.854779984999936
              ],
              [
                -71.14560348099997,
                -16.858736358999977
              ],
              [
                -71.14718748099995,
                -16.863220733999924
              ],
              [
                -71.15413860599989,
                -16.869238234999898
              ],
              [
                -71.15568747999998,
                -16.871179733999952
              ],
              [
                -71.1553613559999,
                -16.878267609999966
              ],
              [
                -71.15716997999988,
                -16.883159984999907
              ],
              [
                -71.15866998000001,
                -16.885689983999896
              ],
              [
                -71.1570938559999,
                -16.887649359999955
              ],
              [
                -71.15863860499991,
                -16.89409760899997
              ],
              [
                -71.16114060599989,
                -16.897751983999967
              ],
              [
                -71.16168748099983,
                -16.90060160899992
              ],
              [
                -71.16461523099997,
                -16.90418548399998
              ],
              [
                -71.16939848099986,
                -16.90697073399997
              ],
              [
                -71.17520898000004,
                -16.907201108999914
              ],
              [
                -71.17886910599992,
                -16.906271483999944
              ],
              [
                -71.18729298099987,
                -16.902365234999934
              ],
              [
                -71.19054098100003,
                -16.903189483999938
              ],
              [
                -71.19392185599997,
                -16.902509733999977
              ],
              [
                -71.1988554809999,
                -16.906064483999955
              ],
              [
                -71.20341597999993,
                -16.911177733999978
              ],
              [
                -71.20476948099991,
                -16.91611923499994
              ],
              [
                -71.20680073100004,
                -16.917671859999984
              ],
              [
                -71.2131034809999,
                -16.920138608999935
              ],
              [
                -71.21713873099992,
                -16.922410109999873
              ],
              [
                -71.21847073099991,
                -16.925400358999923
              ],
              [
                -71.221359356,
                -16.926451108999913
              ],
              [
                -71.23067998,
                -16.92814998399996
              ],
              [
                -71.23476760599988,
                -16.92787710899995
              ],
              [
                -71.23810748099999,
                -16.926503858999922
              ],
              [
                -71.24055660599987,
                -16.92669723499995
              ],
              [
                -71.24694335599986,
                -16.930263734999983
              ],
              [
                -71.24885748099996,
                -16.932779233999952
              ],
              [
                -71.2543691059999,
                -16.937169858999937
              ],
              [
                -71.2574101059999,
                -16.938152359999947
              ],
              [
                -71.2615741059999,
                -16.938417983999898
              ],
              [
                -71.26734585599996,
                -16.936925733999885
              ],
              [
                -71.27313473099986,
                -16.939683609999918
              ],
              [
                -71.27555273099983,
                -16.942117234999955
              ],
              [
                -71.27870698099986,
                -16.942855483999892
              ],
              [
                -71.28585935599995,
                -16.943136858999935
              ],
              [
                -71.28773648099991,
                -16.946152359999928
              ],
              [
                -71.29057223099989,
                -16.948068358999933
              ],
              [
                -71.29285548099989,
                -16.947789108999928
              ],
              [
                -71.29474610599982,
                -16.949304734999885
              ],
              [
                -71.29939060599997,
                -16.955242359999943
              ],
              [
                -71.30370123099993,
                -16.958203109999943
              ],
              [
                -71.3099159809999,
                -16.95360348399987
              ],
              [
                -71.31284573099992,
                -16.950765608999973
              ],
              [
                -71.31549610599984,
                -16.950101608999944
              ],
              [
                -71.319068356,
                -16.94817573499995
              ],
              [
                -71.32314448099993,
                -16.949259734999828
              ],
              [
                -71.32728510599986,
                -16.947617233999893
              ],
              [
                -71.33044923099993,
                -16.944179608999946
              ],
              [
                -71.33303323099994,
                -16.943474608999963
              ],
              [
                -71.34070898099998,
                -16.94438473499997
              ],
              [
                -71.34422073099995,
                -16.945646483999894
              ],
              [
                -71.3484668559999,
                -16.948378858999945
              ],
              [
                -71.3495253559999,
                -16.95016210899996
              ],
              [
                -71.3495508559999,
                -16.95640423499998
              ],
              [
                -71.34456010599979,
                -16.964019983999947
              ],
              [
                -71.34521998100001,
                -16.96722998499996
              ],
              [
                -71.35082998099995,
                -16.972629984999912
              ],
              [
                -71.35348998099994,
                -16.976239983999903
              ],
              [
                -71.35640998099996,
                -16.9782899839999
              ],
              [
                -71.36372460599989,
                -16.978594108999914
              ],
              [
                -71.36589060599994,
                -16.978177608999943
              ],
              [
                -71.36957260599985,
                -16.975828358999877
              ],
              [
                -71.37463760599991,
                -16.974162358999877
              ],
              [
                -71.377519856,
                -16.97402898499996
              ],
              [
                -71.38041710599998,
                -16.975100483999938
              ],
              [
                -71.38435085599997,
                -16.977577734999954
              ],
              [
                -71.39092260599995,
                -16.9804916089999
              ],
              [
                -71.39083098100002,
                -16.97806935899996
              ],
              [
                -71.39463048099981,
                -16.9734039839999
              ],
              [
                -71.40129848099986,
                -16.96984673499992
              ],
              [
                -71.40263360599977,
                -16.96726035899991
              ],
              [
                -71.40183260599991,
                -16.96051785999998
              ],
              [
                -71.40358735599989,
                -16.95764160999994
              ],
              [
                -71.40579223099996,
                -16.95583535999998
              ],
              [
                -71.41009523099984,
                -16.954349484999966
              ],
              [
                -71.414466856,
                -16.955717108999977
              ],
              [
                -71.41770173100002,
                -16.95460323499998
              ],
              [
                -71.42209623099984,
                -16.955079984999827
              ],
              [
                -71.42857360599993,
                -16.959403983999835
              ],
              [
                -71.43128985599986,
                -16.960447359999932
              ],
              [
                -71.43435673099998,
                -16.960294733999888
              ],
              [
                -71.43897248099995,
                -16.95729260999991
              ],
              [
                -71.44488523099989,
                -16.95647623399998
              ],
              [
                -71.44826510599984,
                -16.959197984999946
              ],
              [
                -71.45416260599984,
                -16.960758233999968
              ],
              [
                -71.45954148099992,
                -16.960819234999974
              ],
              [
                -71.46361535599976,
                -16.95727360899997
              ],
              [
                -71.46520235599996,
                -16.953914609999856
              ],
              [
                -71.46594235599991,
                -16.95056910999989
              ],
              [
                -71.46534723099995,
                -16.949050858999954
              ],
              [
                -71.46028898099996,
                -16.943885859999966
              ],
              [
                -71.46047210599983,
                -16.938381234999895
              ],
              [
                -71.45596298099986,
                -16.934186984999883
              ],
              [
                -71.44805910599996,
                -16.932184233999976
              ],
              [
                -71.44132235599989,
                -16.932466484999964
              ],
              [
                -71.44186398099993,
                -16.929265983999926
              ],
              [
                -71.43974298099994,
                -16.92756848399989
              ],
              [
                -71.43470760599996,
                -16.927865984999926
              ],
              [
                -71.43119048099993,
                -16.92653660999997
              ],
              [
                -71.42566685599985,
                -16.921636608999904
              ],
              [
                -71.42440035599986,
                -16.918313983999894
              ],
              [
                -71.42543035599982,
                -16.913509359999978
              ],
              [
                -71.4254913559999,
                -16.90638335899996
              ],
              [
                -71.42458348100001,
                -16.90215298399994
              ],
              [
                -71.42248535599987,
                -16.896398483999974
              ],
              [
                -71.42420948099988,
                -16.893352484999923
              ],
              [
                -71.43033610600003,
                -16.88880160899987
              ],
              [
                -71.43304448100002,
                -16.88487248499996
              ],
              [
                -71.43348698099987,
                -16.88266373499988
              ],
              [
                -71.43590560599995,
                -16.87894823399995
              ],
              [
                -71.43697360600004,
                -16.873628609999912
              ],
              [
                -71.43846898099986,
                -16.871484858999906
              ],
              [
                -71.43877410599998,
                -16.86874385899995
              ],
              [
                -71.44063573099999,
                -16.86522673399992
              ],
              [
                -71.44121548099992,
                -16.86119848499993
              ],
              [
                -71.44078823099983,
                -16.85768510899993
              ],
              [
                -71.44155885599992,
                -16.85372548499987
              ],
              [
                -71.44129948099993,
                -16.848453483999947
              ],
              [
                -71.44203185599997,
                -16.843547859999944
              ],
              [
                -71.44113923099991,
                -16.841043484999943
              ],
              [
                -71.43811035600004,
                -16.83795360899984
              ],
              [
                -71.43578335599989,
                -16.836830108999948
              ],
              [
                -71.43576048099993,
                -16.835313983999924
              ],
              [
                -71.43830110699992,
                -16.833103233999964
              ],
              [
                -71.43874360599978,
                -16.83122448399996
              ],
              [
                -71.44244385599995,
                -16.82854860899988
              ],
              [
                -71.44322973099986,
                -16.825969733999955
              ],
              [
                -71.44334410599993,
                -16.821281483999883
              ],
              [
                -71.44458773099996,
                -16.817388483999935
              ],
              [
                -71.4438858559999,
                -16.808004358999938
              ],
              [
                -71.44430548099996,
                -16.80467410899996
              ],
              [
                -71.441696106,
                -16.80054660899998
              ],
              [
                -71.43687435599992,
                -16.79688835899998
              ],
              [
                -71.43641660599997,
                -16.79301073399995
              ],
              [
                -71.43442535599996,
                -16.79079435899996
              ],
              [
                -71.43255610599977,
                -16.785469108999905
              ],
              [
                -71.43357085599996,
                -16.78274348499997
              ],
              [
                -71.433113106,
                -16.780254358999912
              ],
              [
                -71.42938998099999,
                -16.774732608999898
              ],
              [
                -71.42856598100002,
                -16.771730484999864
              ],
              [
                -71.42846685599989,
                -16.766277233999915
              ],
              [
                -71.43039698099989,
                -16.760395108999887
              ],
              [
                -71.43035123100003,
                -16.757022858999903
              ],
              [
                -71.42935185599993,
                -16.75527760999995
              ],
              [
                -71.4296798559999,
                -16.751335108999967
              ],
              [
                -71.42771135599992,
                -16.747373608999908
              ],
              [
                -71.42592623099983,
                -16.741376858999956
              ],
              [
                -71.42261523099995,
                -16.73775673399996
              ],
              [
                -71.4176788559999,
                -16.738304108999955
              ],
              [
                -71.41275785599998,
                -16.733789483999942
              ],
              [
                -71.40709685599984,
                -16.730108358999928
              ],
              [
                -71.4009018559999,
                -16.728143734999946
              ],
              [
                -71.39823910599995,
                -16.731122984999956
              ],
              [
                -71.3945617309999,
                -16.731199233999973
              ],
              [
                -71.39026635599993,
                -16.729278608999948
              ],
              [
                -71.3859558559999,
                -16.72809023399992
              ],
              [
                -71.38376623099998,
                -16.726217233999932
              ],
              [
                -71.37859348099983,
                -16.724588358999938
              ],
              [
                -71.37496185599991,
                -16.722257608999882
              ],
              [
                -71.36943048099982,
                -16.719676983999875
              ],
              [
                -71.36378473099995,
                -16.72049335899993
              ],
              [
                -71.36167910599983,
                -16.722091733999946
              ],
              [
                -71.35818485599998,
                -16.72284123399993
              ],
              [
                -71.35633848099991,
                -16.72462273499991
              ],
              [
                -71.35328673099991,
                -16.72495273399994
              ],
              [
                -71.35041810599989,
                -16.727872858999888
              ],
              [
                -71.35060123099993,
                -16.73086923399984
              ],
              [
                -71.34883885600004,
                -16.73246385899995
              ],
              [
                -71.34853360599993,
                -16.736440608999942
              ],
              [
                -71.34698485599995,
                -16.742242983999972
              ],
              [
                -71.34367373099997,
                -16.744884483999954
              ],
              [
                -71.33655548099995,
                -16.746742108999968
              ],
              [
                -71.3330002309998,
                -16.746999733999814
              ],
              [
                -71.33103185599998,
                -16.74806398399994
              ],
              [
                -71.32756810599983,
                -16.752256359999876
              ],
              [
                -71.32608035600003,
                -16.752176233999933
              ],
              [
                -71.32238010599991,
                -16.749727234999966
              ],
              [
                -71.31758123099996,
                -16.745588358999896
              ],
              [
                -71.31416323099995,
                -16.744651733999945
              ],
              [
                -71.312416106,
                -16.742969483999957
              ],
              [
                -71.31265260600003,
                -16.74032398399993
              ],
              [
                -71.31143185600001,
                -16.738679859999934
              ],
              [
                -71.3057861059998,
                -16.735761608999894
              ],
              [
                -71.30193310599992,
                -16.734882483999968
              ],
              [
                -71.29597473099989,
                -16.732187234999913
              ],
              [
                -71.2890929809999,
                -16.726457608999965
              ],
              [
                -71.28927610599993,
                -16.7227172339999
              ],
              [
                -71.28800960599995,
                -16.71958535899995
              ],
              [
                -71.28581235599995,
                -16.71635435999997
              ],
              [
                -71.29254135600002,
                -16.7124003589999
              ],
              [
                -71.29531098099994,
                -16.709732108999958
              ],
              [
                -71.29603573099996,
                -16.707427859999882
              ],
              [
                -71.29551698099976,
                -16.701030733999858
              ],
              [
                -71.29364010599988,
                -16.690559358999963
              ],
              [
                -71.28995498099988,
                -16.686984983999878
              ],
              [
                -71.2863082309998,
                -16.68521498399997
              ],
              [
                -71.28390497999999,
                -16.68223948399998
              ],
              [
                -71.28368373099988,
                -16.677421608999964
              ],
              [
                -71.28463748099983,
                -16.673387483999875
              ],
              [
                -71.28473660599985,
                -16.667007483999953
              ],
              [
                -71.28375248099996,
                -16.662893234999956
              ],
              [
                -71.28037260600001,
                -16.657644233999974
              ],
              [
                -71.280860856,
                -16.652277108999897
              ],
              [
                -71.27998348099987,
                -16.64869698399997
              ],
              [
                -71.27957910599991,
                -16.635934858999974
              ],
              [
                -71.28047948099987,
                -16.632581608999885
              ],
              [
                -71.27930448099983,
                -16.62722010899995
              ],
              [
                -71.279586731,
                -16.623277608999956
              ],
              [
                -71.279151856,
                -16.615821858999936
              ],
              [
                -71.27751923099999,
                -16.61136248399987
              ],
              [
                -71.27317810599999,
                -16.607017483999925
              ],
              [
                -71.27043910600003,
                -16.606628358999956
              ],
              [
                -71.26495360499985,
                -16.60696985899989
              ],
              [
                -71.26150498099986,
                -16.606662733999883
              ],
              [
                -71.25967410599998,
                -16.6020793589999
              ],
              [
                -71.25930023099988,
                -16.591058733999944
              ],
              [
                -71.26154335599995,
                -16.588020358999813
              ],
              [
                -71.26284023100004,
                -16.584911233999946
              ],
              [
                -71.26066585599989,
                -16.582563483999934
              ],
              [
                -71.25933073099992,
                -16.577400233999867
              ],
              [
                -71.25275423099987,
                -16.57256698399982
              ],
              [
                -71.25163273099997,
                -16.568876358999887
              ],
              [
                -71.24909973099983,
                -16.56410035899995
              ],
              [
                -71.24804685599986,
                -16.560846358999925
              ],
              [
                -71.24713135599995,
                -16.55435560899997
              ],
              [
                -71.24479673099995,
                -16.55022810899999
              ],
              [
                -71.24422460600005,
                -16.5434303589999
              ],
              [
                -71.2433166059999,
                -16.5395412339999
              ],
              [
                -71.24346160599998,
                -16.535892483999817
              ],
              [
                -71.24279023099984,
                -16.530048358999977
              ],
              [
                -71.242767356,
                -16.525634733999937
              ],
              [
                -71.24179073099992,
                -16.52165223399993
              ],
              [
                -71.23823548099995,
                -16.516738858999815
              ],
              [
                -71.23613735599997,
                -16.506482983999888
              ],
              [
                -71.23706823099991,
                -16.502115233999973
              ],
              [
                -71.24124147999987,
                -16.495819233999953
              ],
              [
                -71.24460598099989,
                -16.48990435899998
              ],
              [
                -71.24647523099992,
                -16.48854260899998
              ],
              [
                -71.24934385599988,
                -16.482358983999973
              ],
              [
                -71.2448043559998,
                -16.47786335899997
              ],
              [
                -71.24328610600003,
                -16.47442248399983
              ],
              [
                -71.24416347999988,
                -16.471013983999967
              ],
              [
                -71.24597935600002,
                -16.468517358999918
              ],
              [
                -71.24564360600004,
                -16.466863608999972
              ],
              [
                -71.24210360599989,
                -16.46306423399983
              ],
              [
                -71.23620610599988,
                -16.46600910899997
              ],
              [
                -71.23178085599977,
                -16.465053608999938
              ],
              [
                -71.229476981,
                -16.461904483999945
              ],
              [
                -71.22452548099994,
                -16.46055985899983
              ],
              [
                -71.21913910599989,
                -16.460565608999957
              ],
              [
                -71.20634460599996,
                -16.46380423399995
              ],
              [
                -71.20423885499991,
                -16.465019233999953
              ],
              [
                -71.19702910599995,
                -16.47165873399996
              ],
              [
                -71.19136048099989,
                -16.471820858999934
              ],
              [
                -71.18601223099995,
                -16.472631483999976
              ],
              [
                -71.18269348099989,
                -16.472631483999976
              ],
              [
                -71.174255356,
                -16.471273483999937
              ],
              [
                -71.16759485499995,
                -16.47176935899995
              ],
              [
                -71.16338347999982,
                -16.470746983999902
              ],
              [
                -71.15792835599984,
                -16.47096635899993
              ],
              [
                -71.15203847999993,
                -16.473163608999926
              ],
              [
                -71.14344785599997,
                -16.473983733999944
              ],
              [
                -71.13951873099995,
                -16.474973733999946
              ],
              [
                -71.13685610599998,
                -16.47400473399989
              ],
              [
                -71.13639073099978,
                -16.46970748399997
              ],
              [
                -71.135360731,
                -16.467872608999926
              ],
              [
                -71.1332244809999,
                -16.467409233999888
              ],
              [
                -71.12963098099982,
                -16.46408085899992
              ],
              [
                -71.12391660499998,
                -16.460971858999812
              ],
              [
                -71.11830898099998,
                -16.462791608999908
              ],
              [
                -71.11597448099991,
                -16.46303935899988
              ],
              [
                -71.11019898099988,
                -16.46578785899993
              ],
              [
                -71.10845948099995,
                -16.465705858999968
              ],
              [
                -71.10631560600001,
                -16.46392823399998
              ],
              [
                -71.105873106,
                -16.461664233999898
              ],
              [
                -71.10070035599983,
                -16.46413035899991
              ],
              [
                -71.09447473099988,
                -16.46299935899998
              ],
              [
                -71.09339910599988,
                -16.462289858999952
              ],
              [
                -71.09161372999995,
                -16.457582483999943
              ],
              [
                -71.08988185499999,
                -16.45698735899998
              ],
              [
                -71.08522797999979,
                -16.458719233999943
              ],
              [
                -71.08235173100002,
                -16.456935858999827
              ],
              [
                -71.07826998099995,
                -16.458564733999935
              ],
              [
                -71.07547760599994,
                -16.46394535899998
              ],
              [
                -71.07265485599999,
                -16.465755483999942
              ],
              [
                -71.06761935499998,
                -16.463834733999875
              ],
              [
                -71.06494897999983,
                -16.461805358999925
              ],
              [
                -71.05770873099993,
                -16.461606983999957
              ],
              [
                -71.05484010599992,
                -16.462362233999897
              ],
              [
                -71.05304723099988,
                -16.461566983999944
              ],
              [
                -71.04811098100004,
                -16.455078108999942
              ],
              [
                -71.04746248100003,
                -16.460439734000033
              ],
              [
                -71.043258606,
                -16.463243483999918
              ],
              [
                -71.04179385500004,
                -16.467096358999925
              ],
              [
                -71.04447173099999,
                -16.469100983999965
              ],
              [
                -71.04409023099987,
                -16.472125983999888
              ],
              [
                -71.04255673099982,
                -16.473909358999833
              ],
              [
                -71.04284673099994,
                -16.476074233999896
              ],
              [
                -71.04130547999995,
                -16.478631983999946
              ],
              [
                -71.03852848099996,
                -16.478675858999964
              ],
              [
                -71.03741460599997,
                -16.480422983999915
              ],
              [
                -71.0372578549999,
                -16.485685608999972
              ],
              [
                -71.03168485499992,
                -16.486308983999947
              ],
              [
                -71.0288162309999,
                -16.48595060899993
              ],
              [
                -71.02389523100004,
                -16.487087233999944
              ],
              [
                -71.0207214799999,
                -16.486759233999976
              ],
              [
                -71.01832585499994,
                -16.487415358999897
              ],
              [
                -71.01593785599988,
                -16.494914983999934
              ],
              [
                -71.01370998099992,
                -16.498067858999946
              ],
              [
                -71.01149760499993,
                -16.49828148399996
              ],
              [
                -71.00685123099981,
                -16.49568173399996
              ],
              [
                -71.00540160599985,
                -16.49568173399996
              ],
              [
                -71.00225073000001,
                -16.498025858999938
              ],
              [
                -70.99969485600002,
                -16.49840923399995
              ],
              [
                -70.99566648099994,
                -16.497501358999955
              ],
              [
                -70.99245447999982,
                -16.49586673399989
              ],
              [
                -70.9871749809999,
                -16.490018858999917
              ],
              [
                -70.9853211059999,
                -16.486135483999874
              ],
              [
                -70.98055272999989,
                -16.48132710899995
              ],
              [
                -70.976097106,
                -16.479736358999958
              ],
              [
                -70.967201231,
                -16.481109608999873
              ],
              [
                -70.96424098099993,
                -16.47949023399991
              ],
              [
                -70.95905298100001,
                -16.47394373399993
              ],
              [
                -70.95543673099985,
                -16.471626233999928
              ],
              [
                -70.95446010599989,
                -16.466129358999865
              ],
              [
                -70.9529264809999,
                -16.460988983999982
              ],
              [
                -70.95403285599986,
                -16.458356858999878
              ],
              [
                -70.9583129799999,
                -16.45370673399998
              ],
              [
                -70.96228785599988,
                -16.451257733999967
              ],
              [
                -70.96482848100004,
                -16.44630048399995
              ],
              [
                -70.96572873100001,
                -16.440702483999928
              ],
              [
                -70.96489710599985,
                -16.43716435899995
              ],
              [
                -70.9672088559999,
                -16.43294148399997
              ],
              [
                -70.97034460499992,
                -16.431064608999918
              ],
              [
                -70.97370148100003,
                -16.425865358999943
              ],
              [
                -70.97561647999993,
                -16.418321608999975
              ],
              [
                -70.97524260499983,
                -16.41216473399993
              ],
              [
                -70.97312160499985,
                -16.40953260899994
              ],
              [
                -70.96877285599999,
                -16.40860748399996
              ],
              [
                -70.96424860599984,
                -16.401481608999916
              ],
              [
                -70.96482085599985,
                -16.397590608999963
              ],
              [
                -70.97384648099978,
                -16.39419748399996
              ],
              [
                -70.97539523099982,
                -16.388910233999923
              ],
              [
                -70.97303773099992,
                -16.37730785899987
              ],
              [
                -70.97183985499993,
                -16.374532733999956
              ],
              [
                -70.96960447999987,
                -16.37226485899987
              ],
              [
                -70.96939860499998,
                -16.36960798399997
              ],
              [
                -70.97075647999998,
                -16.36660760899997
              ],
              [
                -70.97557073099989,
                -16.36223798399982
              ],
              [
                -70.97570797999987,
                -16.3594932339999
              ],
              [
                -70.97264097999994,
                -16.354968983999925
              ],
              [
                -70.97276310599983,
                -16.35374835899995
              ],
              [
                -70.97781373099991,
                -16.34880448399997
              ],
              [
                -70.97947698099989,
                -16.343357108999896
              ],
              [
                -70.98001098099991,
                -16.33179860899986
              ],
              [
                -70.98226922999982,
                -16.32827760899994
              ],
              [
                -70.98513035600001,
                -16.325393858999973
              ],
              [
                -70.98625948099982,
                -16.323148732999925
              ],
              [
                -70.98635860499985,
                -16.320190483999966
              ],
              [
                -70.98506923099984,
                -16.317537358999914
              ],
              [
                -70.98503873099997,
                -16.31360048399995
              ],
              [
                -70.98628998099986,
                -16.309946107999906
              ],
              [
                -70.98284148099998,
                -16.309417732999975
              ],
              [
                -70.97897335600004,
                -16.309827858999938
              ],
              [
                -70.97508235599997,
                -16.30849073399986
              ],
              [
                -70.96622473000002,
                -16.308919858999843
              ],
              [
                -70.96125798000003,
                -16.30824648399988
              ],
              [
                -70.95701598099987,
                -16.308402983999883
              ],
              [
                -70.95111848099987,
                -16.309747732999938
              ],
              [
                -70.94625085500002,
                -16.31383510899991
              ],
              [
                -70.94242085600001,
                -16.31388860899989
              ],
              [
                -70.9403532309999,
                -16.31031798399988
              ],
              [
                -70.94040685599998,
                -16.306384983999976
              ],
              [
                -70.93926997999989,
                -16.303228358999945
              ],
              [
                -70.93910985599996,
                -16.298932983999975
              ],
              [
                -70.9209976059999,
                -16.28769498399987
              ],
              [
                -70.91938785600001,
                -16.284589733999894
              ],
              [
                -70.91578673099986,
                -16.282400108999923
              ],
              [
                -70.90853123099987,
                -16.2801189839999
              ],
              [
                -70.90342697999995,
                -16.27761073399995
              ],
              [
                -70.90146635499991,
                -16.277702358999875
              ],
              [
                -70.89371485499998,
                -16.280574858999955
              ],
              [
                -70.88613885599983,
                -16.28527260899989
              ],
              [
                -70.88080598099992,
                -16.284543983999924
              ],
              [
                -70.87648010500004,
                -16.281553233999944
              ],
              [
                -70.87448122999984,
                -16.27502248399992
              ],
              [
                -70.87368772999992,
                -16.27049260899986
              ],
              [
                -70.87200160599986,
                -16.26569748399993
              ],
              [
                -70.86757660500001,
                -16.258640232999824
              ],
              [
                -70.86347197999987,
                -16.25452998399993
              ],
              [
                -70.85846710499999,
                -16.24784085899995
              ],
              [
                -70.85609435599997,
                -16.24367910899997
              ],
              [
                -70.85388185600004,
                -16.241466483999943
              ],
              [
                -70.84640510599985,
                -16.23814773399988
              ],
              [
                -70.84447473099982,
                -16.235877983999956
              ],
              [
                -70.84513860599986,
                -16.232406608999952
              ],
              [
                -70.847663856,
                -16.22929948399991
              ],
              [
                -70.85050960599983,
                -16.227981607999936
              ],
              [
                -70.85962672999995,
                -16.225765233999937
              ],
              [
                -70.86219023099994,
                -16.226650233999976
              ],
              [
                -70.8657761049999,
                -16.226270733999968
              ],
              [
                -70.86695860500004,
                -16.224584608999976
              ],
              [
                -70.86653135599994,
                -16.218389482999953
              ],
              [
                -70.85844423099996,
                -16.211223608999887
              ],
              [
                -70.85762773099992,
                -16.208679233999874
              ],
              [
                -70.85524747999989,
                -16.206657357999916
              ],
              [
                -70.85388948099995,
                -16.20248048399992
              ],
              [
                -70.854133606,
                -16.192798608999965
              ],
              [
                -70.85735322999994,
                -16.181407983999975
              ],
              [
                -70.85865023099996,
                -16.17822460799988
              ],
              [
                -70.86106873099988,
                -16.17474735899998
              ],
              [
                -70.86609647999984,
                -16.172281108999925
              ],
              [
                -70.87430572999989,
                -16.17103573399993
              ],
              [
                -70.87692260499989,
                -16.169185608999953
              ],
              [
                -70.87859347999984,
                -16.16661648400003
              ],
              [
                -70.87775422999994,
                -16.163766858999963
              ],
              [
                -70.87294010599987,
                -16.160140982999962
              ],
              [
                -70.86782835599996,
                -16.153865858999893
              ],
              [
                -70.86708072999983,
                -16.14845660899988
              ],
              [
                -70.8674697309998,
                -16.146694108999895
              ],
              [
                -70.87193297999994,
                -16.142879482999945
              ],
              [
                -70.87123873099989,
                -16.134807608999893
              ],
              [
                -70.86795047999988,
                -16.130626733999975
              ],
              [
                -70.86711123099997,
                -16.12848473399987
              ],
              [
                -70.86820998099984,
                -16.126918858999886
              ],
              [
                -70.875732481,
                -16.12467198299987
              ],
              [
                -70.88356797999995,
                -16.120021858999962
              ],
              [
                -70.88613122999993,
                -16.118141234
              ],
              [
                -70.88834397999995,
                -16.115346858999885
              ],
              [
                -70.88919072999994,
                -16.111957607999955
              ],
              [
                -70.89086148099989,
                -16.109786983999925
              ],
              [
                -70.89537047999983,
                -16.107004107999956
              ],
              [
                -70.89548498,
                -16.1052246079999
              ],
              [
                -70.89376073099987,
                -16.102830858999937
              ],
              [
                -70.89036560599982,
                -16.100437108999927
              ],
              [
                -70.88729860599989,
                -16.09930223399988
              ],
              [
                -70.88548273099991,
                -16.10091785899982
              ],
              [
                -70.88272860599994,
                -16.099786732999917
              ],
              [
                -70.87987523100003,
                -16.097225232999904
              ],
              [
                -70.87506098099993,
                -16.09457773399987
              ],
              [
                -70.87473298099991,
                -16.091812107999942
              ],
              [
                -70.87742610599997,
                -16.085920358999886
              ],
              [
                -70.87810510500003,
                -16.081443733999947
              ],
              [
                -70.87075047999991,
                -16.081375107999975
              ],
              [
                -70.86680597999992,
                -16.0800819829999
              ],
              [
                -70.865852356,
                -16.078586607999966
              ],
              [
                -70.86531073099985,
                -16.07395935799991
              ],
              [
                -70.86605835599988,
                -16.070898107999938
              ],
              [
                -70.86449435599991,
                -16.06715585799992
              ],
              [
                -70.86032110500003,
                -16.061744732999955
              ],
              [
                -70.85905460599986,
                -16.058921857999962
              ],
              [
                -70.8567352299998,
                -16.056337357999894
              ],
              [
                -70.84952548099983,
                -16.055112857999916
              ],
              [
                -70.84714510499998,
                -16.05552098299995
              ],
              [
                -70.8389816049999,
                -16.05511285899985
              ],
              [
                -70.83435060499988,
                -16.05572510899998
              ],
              [
                -70.83271798099997,
                -16.055112857999916
              ],
              [
                -70.82734685499992,
                -16.05599598299989
              ],
              [
                -70.82372297999984,
                -16.056035982999845
              ],
              [
                -70.81983185499996,
                -16.054868733999967
              ],
              [
                -70.81256860500002,
                -16.053960857999982
              ],
              [
                -70.80654910599986,
                -16.055589732999977
              ],
              [
                -70.80451197999997,
                -16.055133982999905
              ],
              [
                -70.80411535499985,
                -16.05304523299992
              ],
              [
                -70.80503085600003,
                -16.050491358999977
              ],
              [
                -70.80664823099983,
                -16.042297358999974
              ],
              [
                -70.80985260499983,
                -16.03849985799991
              ],
              [
                -70.81546785499984,
                -16.035587357999873
              ],
              [
                -70.82012173000004,
                -16.031614357999956
              ],
              [
                -70.82097623000004,
                -16.028676983999958
              ],
              [
                -70.81899260599988,
                -16.02341273299993
              ],
              [
                -70.81600185599996,
                -16.020557483999937
              ],
              [
                -70.81437685599997,
                -16.016780857999947
              ],
              [
                -70.81378935600003,
                -16.013000483999974
              ],
              [
                -70.8140258549999,
                -16.00976748399995
              ],
              [
                -70.81655885500004,
                -16.002756108999904
              ],
              [
                -70.819007855,
                -16.001371358999904
              ],
              [
                -70.82619473,
                -16.000566482999943
              ],
              [
                -70.8286056049999,
                -15.999205607999954
              ],
              [
                -70.82910160499989,
                -15.995490107999956
              ],
              [
                -70.82752985499997,
                -15.989150107999933
              ],
              [
                -70.8253938549999,
                -15.986337732999914
              ],
              [
                -70.82340235499987,
                -15.98215198299988
              ],
              [
                -70.82019810599996,
                -15.978467983999906
              ],
              [
                -70.817118731,
                -15.9805527339999
              ],
              [
                -70.8111741049999,
                -15.986676108999859
              ],
              [
                -70.8075091049999,
                -15.988016982999966
              ],
              [
                -70.80514010499991,
                -15.986452608000036
              ],
              [
                -70.804290981,
                -15.984664732999875
              ],
              [
                -70.8036307299999,
                -15.978424733999987
              ],
              [
                -70.80179135599985,
                -15.976103732999945
              ],
              [
                -70.79996960499983,
                -15.975963608999905
              ],
              [
                -70.79661785499991,
                -15.978530484000032
              ],
              [
                -70.79369798099998,
                -15.983279233999895
              ],
              [
                -70.7932062299999,
                -15.986094983999976
              ],
              [
                -70.79570922999994,
                -15.989581358999885
              ],
              [
                -70.79535172999994,
                -15.992397233999895
              ],
              [
                -70.7897199809999,
                -15.99650923299987
              ],
              [
                -70.78654685499998,
                -16.00163673299994
              ],
              [
                -70.78159760599993,
                -16.004915983999922
              ],
              [
                -70.77960997999998,
                -16.006959983999934
              ],
              [
                -70.77809998099991,
                -16.01124998399996
              ],
              [
                -70.77446010599994,
                -16.013829983999926
              ],
              [
                -70.77070998,
                -16.013079983999944
              ],
              [
                -70.7690599799999,
                -16.014339857999914
              ],
              [
                -70.76863997999993,
                -16.01679998399993
              ],
              [
                -70.76514997999993,
                -16.017729983999857
              ],
              [
                -70.76086997999982,
                -16.016569983999887
              ],
              [
                -70.75639648099997,
                -16.01351948399997
              ],
              [
                -70.75105998100003,
                -16.01595998299996
              ],
              [
                -70.74815997999997,
                -16.01658998399995
              ],
              [
                -70.74625998099998,
                -16.015899983999873
              ],
              [
                -70.74155998000003,
                -16.01605985799995
              ],
              [
                -70.7400566049999,
                -16.017781232999937
              ],
              [
                -70.73596998099998,
                -16.020159983999918
              ],
              [
                -70.73300997999985,
                -16.024219357999982
              ],
              [
                -70.72858998099991,
                -16.031409983999936
              ],
              [
                -70.72435998000003,
                -16.03366998399997
              ],
              [
                -70.71843997999986,
                -16.034049983999978
              ],
              [
                -70.71736510499983,
                -16.032642607999946
              ],
              [
                -70.7144999809999,
                -16.031711108999957
              ],
              [
                -70.7127499799999,
                -16.03344998299997
              ],
              [
                -70.70857035599983,
                -16.031986358999916
              ],
              [
                -70.705402355,
                -16.031757857999935
              ],
              [
                -70.70129997999993,
                -16.028449983999963
              ],
              [
                -70.69888285499997,
                -16.028718858999923
              ],
              [
                -70.69600385599995,
                -16.027447233999965
              ],
              [
                -70.69211910499996,
                -16.0229531089999
              ],
              [
                -70.68638285599991,
                -16.02059185899992
              ],
              [
                -70.68293560599994,
                -16.0212871089999
              ],
              [
                -70.68112685599988,
                -16.02015823399995
              ],
              [
                -70.67922848,
                -16.016816357999915
              ],
              [
                -70.67491210599991,
                -16.015271482999935
              ],
              [
                -70.67311910599989,
                -16.012021483999945
              ],
              [
                -70.66917997999991,
                -16.01377998299995
              ],
              [
                -70.66716997999987,
                -16.01204998399993
              ],
              [
                -70.66678985499988,
                -16.009149983999862
              ],
              [
                -70.66523635600004,
                -16.00746485899998
              ],
              [
                -70.66239997999992,
                -16.006249982999975
              ],
              [
                -70.66073985499986,
                -16.00408010799987
              ],
              [
                -70.65683998099996,
                -16.003799983999954
              ],
              [
                -70.65359997999991,
                -15.999039983999921
              ],
              [
                -70.64975998,
                -15.99548010899997
              ],
              [
                -70.64557997999998,
                -15.99381998399997
              ],
              [
                -70.64331835500002,
                -15.989736358999949
              ],
              [
                -70.64136910499985,
                -15.988089857999967
              ],
              [
                -70.63898635599986,
                -15.988431608999974
              ],
              [
                -70.63775397999996,
                -15.990923858999963
              ],
              [
                -70.63450997999996,
                -15.993419983999956
              ],
              [
                -70.63274997999997,
                -15.996049983999967
              ],
              [
                -70.62891010499987,
                -15.998819982999919
              ],
              [
                -70.62756997999986,
                -16.001679983999963
              ],
              [
                -70.62476998,
                -16.003019983999877
              ],
              [
                -70.62190997999988,
                -16.00207998299993
              ],
              [
                -70.62066998099993,
                -16.000629983999943
              ],
              [
                -70.61838210500002,
                -16.000396608999893
              ],
              [
                -70.61273047999993,
                -15.994976608999877
              ],
              [
                -70.60770997999992,
                -15.994099983999945
              ],
              [
                -70.6039707299999,
                -15.992208983999944
              ],
              [
                -70.59231448100002,
                -15.991572357999871
              ],
              [
                -70.58748635499978,
                -15.987935607999873
              ],
              [
                -70.58148635499992,
                -15.988378858999965
              ],
              [
                -70.57855872999988,
                -15.990730483999926
              ],
              [
                -70.57606997999994,
                -15.989699982999923
              ],
              [
                -70.56996997999988,
                -15.988979982999979
              ],
              [
                -70.56540998099996,
                -15.98553998299991
              ],
              [
                -70.56288998000002,
                -15.982499982999911
              ]
            ]
          ]
        ],
        "type": "MultiPolygon"
      },
      "type": "Feature",
      "properties": {
        "PROVINCIA": "GENERAL SANCHEZ CERRO",
        "name": "GENERAL SANCHEZ CERRO",
        "ID": "170200",
        "DEPARTAMEN": "MOQUEGUA"
      }
    }
  ]
}
