{
  "type": "FeatureCollection",
  "features": [
    {
      "geometry": {
        "coordinates": [
          [
            [
              [
                -79.20987386299987,
                -4.965507472999889
              ],
              [
                -79.2100301129999,
                -4.968866597999806
              ],
              [
                -79.21233473799998,
                -4.97285084799995
              ],
              [
                -79.21319411299999,
                -4.976600597999891
              ],
              [
                -79.21651423799995,
                -4.979452097999854
              ],
              [
                -79.21835011299987,
                -4.979569222999942
              ],
              [
                -79.2217092379999,
                -4.981326972999966
              ],
              [
                -79.22159211299993,
                -4.985545472999888
              ],
              [
                -79.21626697041859,
                -4.990770761964427
              ],
              [
                -79.21441004692957,
                -4.999929710898471
              ],
              [
                -79.21405579445911,
                -5.00740272061563
              ],
              [
                -79.21518264883247,
                -5.010263084790836
              ],
              [
                -79.21872566351146,
                -5.011382838319207
              ],
              [
                -79.21962082065346,
                -5.01418156518389
              ],
              [
                -79.21957300912442,
                -5.014922135581514
              ],
              [
                -79.21913676827432,
                -5.021517837659985
              ],
              [
                -79.2209453146341,
                -5.023210880362512
              ],
              [
                -79.2212533598929,
                -5.031485673547877
              ],
              [
                -79.22354949521736,
                -5.038096245121721
              ],
              [
                -79.22489737875077,
                -5.039355482565554
              ],
              [
                -79.22425020029425,
                -5.044330007767257
              ],
              [
                -79.22770345401437,
                -5.049531751868699
              ],
              [
                -79.23213512505265,
                -5.051959529961721
              ],
              [
                -79.23778387525078,
                -5.05088393704068
              ],
              [
                -79.24258466085308,
                -5.051415646932298
              ],
              [
                -79.2444224352891,
                -5.055064838167596
              ],
              [
                -79.24762596455895,
                -5.056206583154619
              ],
              [
                -79.2559510657369,
                -5.056447234356312
              ],
              [
                -79.26061651388534,
                -5.059093429495761
              ],
              [
                -79.26538524910501,
                -5.057375961980995
              ],
              [
                -79.2725289683624,
                -5.058329081846068
              ],
              [
                -79.27372930905369,
                -5.060583154506674
              ],
              [
                -79.27399814619832,
                -5.064293218261469
              ],
              [
                -79.27533375347537,
                -5.068086517111453
              ],
              [
                -79.27360093463619,
                -5.073709073387931
              ],
              [
                -79.2799411090985,
                -5.079764699607949
              ],
              [
                -79.27996912237234,
                -5.083265518141957
              ],
              [
                -79.2843198184554,
                -5.084121177871566
              ],
              [
                -79.28592516598275,
                -5.085190600032718
              ],
              [
                -79.28543485397017,
                -5.090141816878941
              ],
              [
                -79.28711803851905,
                -5.094261438447688
              ],
              [
                -79.28973559842547,
                -5.096948032830824
              ],
              [
                -79.29536595211266,
                -5.10086281426328
              ],
              [
                -79.29635472295689,
                -5.102320098004157
              ],
              [
                -79.29600582747639,
                -5.107219082518839
              ],
              [
                -79.29512851904116,
                -5.110764821057955
              ],
              [
                -79.3008474386379,
                -5.11372282354597
              ],
              [
                -79.30307584224539,
                -5.116630886580026
              ],
              [
                -79.30814178449361,
                -5.116493551292592
              ],
              [
                -79.31360212686178,
                -5.118015259496929
              ],
              [
                -79.32046761755953,
                -5.120588560022327
              ],
              [
                -79.3254615834565,
                -5.123472727595242
              ],
              [
                -79.33028278111823,
                -5.124296891107974
              ],
              [
                -79.33662462059641,
                -5.134538353382766
              ],
              [
                -79.34167817813392,
                -5.140293711602737
              ],
              [
                -79.34186710896569,
                -5.144744415284322
              ],
              [
                -79.34271777762478,
                -5.147990978104247
              ],
              [
                -79.34213978239586,
                -5.150027957613133
              ],
              [
                -79.34278233230884,
                -5.156231218249502
              ],
              [
                -79.34288889645507,
                -5.163613187596297
              ],
              [
                -79.34436898945216,
                -5.165843990089627
              ],
              [
                -79.34860462329073,
                -5.166850346878448
              ],
              [
                -79.3558196872118,
                -5.167405030291093
              ],
              [
                -79.35894423716132,
                -5.169901431478024
              ],
              [
                -79.36118785187836,
                -5.173467435777752
              ],
              [
                -79.3633443730348,
                -5.17438211861878
              ],
              [
                -79.3692330085729,
                -5.175623604902057
              ],
              [
                -79.37048518550995,
                -5.178698950496084
              ],
              [
                -79.37214278070905,
                -5.180023942271134
              ],
              [
                -79.37309835829984,
                -5.184861409393761
              ],
              [
                -79.37671356301428,
                -5.18667761294148
              ],
              [
                -79.37829340988458,
                -5.190706978511685
              ],
              [
                -79.37537786841216,
                -5.193844395546364
              ],
              [
                -79.3738489242757,
                -5.198175888210017
              ],
              [
                -79.3739289456098,
                -5.200473011071722
              ],
              [
                -79.37147949605577,
                -5.206367841140604
              ],
              [
                -79.371016132357,
                -5.209921306235913
              ],
              [
                -79.3697194231354,
                -5.213004421924097
              ],
              [
                -79.36436375460664,
                -5.216746910742245
              ],
              [
                -79.3616574690094,
                -5.220376621294008
              ],
              [
                -79.3563512383505,
                -5.223425281887216
              ],
              [
                -79.35431281786401,
                -5.227176316438261
              ],
              [
                -79.34953276127754,
                -5.232318351906883
              ],
              [
                -79.34855143748405,
                -5.235204099491625
              ],
              [
                -79.34862831300723,
                -5.238649630135797
              ],
              [
                -79.34973494354972,
                -5.242585967140769
              ],
              [
                -79.34954993323163,
                -5.246689726698719
              ],
              [
                -79.34761287422651,
                -5.249957665998579
              ],
              [
                -79.3473079759392,
                -5.252447541426136
              ],
              [
                -79.34976320187093,
                -5.255439988645378
              ],
              [
                -79.34944059304496,
                -5.258310241218851
              ],
              [
                -79.3524889944922,
                -5.264462479360475
              ],
              [
                -79.35248279508403,
                -5.266816772899631
              ],
              [
                -79.35433797811265,
                -5.269290836603204
              ],
              [
                -79.3560878813991,
                -5.269666186532845
              ],
              [
                -79.35899748048183,
                -5.272748485314651
              ],
              [
                -79.36059975281887,
                -5.273384358381008
              ],
              [
                -79.36055876443038,
                -5.278087145386166
              ],
              [
                -79.3578813194244,
                -5.283305504466284
              ],
              [
                -79.35729114684239,
                -5.28987879530257
              ],
              [
                -79.35659933555769,
                -5.29154220715867
              ],
              [
                -79.35200930677405,
                -5.294267137768941
              ],
              [
                -79.35058678759606,
                -5.297842660880747
              ],
              [
                -79.34666807524763,
                -5.299420879117235
              ],
              [
                -79.34593904927135,
                -5.300701354054127
              ],
              [
                -79.34559705617829,
                -5.305790893818539
              ],
              [
                -79.34482833330469,
                -5.307631121466159
              ],
              [
                -79.33783742032,
                -5.309709200062741
              ],
              [
                -79.33338265826688,
                -5.310344142824988
              ],
              [
                -79.3313101178993,
                -5.314147505034896
              ],
              [
                -79.32769560470388,
                -5.316737313222688
              ],
              [
                -79.32936542069069,
                -5.320665637338379
              ],
              [
                -79.3310477884184,
                -5.327024839587068
              ],
              [
                -79.33053904655299,
                -5.331559754965383
              ],
              [
                -79.32863150689877,
                -5.337851786532667
              ],
              [
                -79.32563283186391,
                -5.340875464901842
              ],
              [
                -79.32648416060186,
                -5.348043965852298
              ],
              [
                -79.32479897199562,
                -5.349769657781906
              ],
              [
                -79.32326166483057,
                -5.353287288343154
              ],
              [
                -79.32320790332574,
                -5.356196481972859
              ],
              [
                -79.32020952117,
                -5.362137088880672
              ],
              [
                -79.31875418558536,
                -5.363587756395759
              ],
              [
                -79.3144465402006,
                -5.363361524073184
              ],
              [
                -79.31152679055197,
                -5.363996581236051
              ],
              [
                -79.30852806929818,
                -5.365799980157647
              ],
              [
                -79.30984698029476,
                -5.368823005690558
              ],
              [
                -79.30921670291309,
                -5.372314357829964
              ],
              [
                -79.31095079874694,
                -5.375405527317696
              ],
              [
                -79.31010705169552,
                -5.378393856289165
              ],
              [
                -79.3074050143303,
                -5.380037206353222
              ],
              [
                -79.30531063570459,
                -5.38637158136919
              ],
              [
                -79.3053628964538,
                -5.390597884582291
              ],
              [
                -79.30442409603961,
                -5.393060525964756
              ],
              [
                -79.3061557287142,
                -5.396694336092196
              ],
              [
                -79.30480328608945,
                -5.40007287663343
              ],
              [
                -79.30513547518035,
                -5.404236796684756
              ],
              [
                -79.30646866368022,
                -5.409338513036062
              ],
              [
                -79.30543116349321,
                -5.416192588496756
              ],
              [
                -79.30627698889776,
                -5.421075705713747
              ],
              [
                -79.30546114529363,
                -5.427012621315896
              ],
              [
                -79.30390296049501,
                -5.429305070484645
              ],
              [
                -79.30139149961451,
                -5.430996701382242
              ],
              [
                -79.29576383113351,
                -5.437177448614989
              ],
              [
                -79.2945901828906,
                -5.439889585732374
              ],
              [
                -79.29690318103434,
                -5.449698287208491
              ],
              [
                -79.29644044999071,
                -5.454625548969148
              ],
              [
                -79.29849176789924,
                -5.459135022836506
              ],
              [
                -79.29624839186852,
                -5.463569162892554
              ],
              [
                -79.29595102868137,
                -5.467411645057609
              ],
              [
                -79.29143663176785,
                -5.469810447841553
              ],
              [
                -79.29142951582907,
                -5.47231777056453
              ],
              [
                -79.28925336920645,
                -5.478589482925713
              ],
              [
                -79.28791085487961,
                -5.480518783542948
              ],
              [
                -79.28439047003349,
                -5.482594956672074
              ],
              [
                -79.28085750221493,
                -5.486001288956516
              ],
              [
                -79.28070941635207,
                -5.488453407274505
              ],
              [
                -79.28275592015325,
                -5.490064409138142
              ],
              [
                -79.28177170912261,
                -5.493583323893802
              ],
              [
                -79.2793951139758,
                -5.496409183700678
              ],
              [
                -79.27869225602547,
                -5.501708903783708
              ],
              [
                -79.27985832441675,
                -5.504359919177091
              ],
              [
                -79.27951968038553,
                -5.509201332339444
              ],
              [
                -79.27871605019237,
                -5.511007727776416
              ],
              [
                -79.27891101408585,
                -5.516928254645279
              ],
              [
                -79.27647380996945,
                -5.51952804211021
              ],
              [
                -79.27777762307164,
                -5.521796067151683
              ],
              [
                -79.28132998265824,
                -5.524710898874787
              ],
              [
                -79.28624023799983,
                -5.525580098999967
              ],
              [
                -79.29330073799997,
                -5.525089848999926
              ],
              [
                -79.29469923799985,
                -5.523939472999871
              ],
              [
                -79.29922073799986,
                -5.522740222999914
              ],
              [
                -79.30451948799998,
                -5.523039098999959
              ],
              [
                -79.3091404879998,
                -5.519779348999975
              ],
              [
                -79.31007036299991,
                -5.519769473999872
              ],
              [
                -79.31455073799998,
                -5.523640597999929
              ],
              [
                -79.31433011299976,
                -5.52598047399988
              ],
              [
                -79.3166698629999,
                -5.528800723999893
              ],
              [
                -79.31908986299993,
                -5.530509723999899
              ],
              [
                -79.32294923800004,
                -5.531890598999951
              ],
              [
                -79.32896098799989,
                -5.53508009899997
              ],
              [
                -79.33318748799991,
                -5.533560598999941
              ],
              [
                -79.33619923799989,
                -5.529890598999941
              ],
              [
                -79.34464848799985,
                -5.529550723999876
              ],
              [
                -79.35211911299984,
                -5.527148473999887
              ],
              [
                -79.36131048799979,
                -5.527640473999952
              ],
              [
                -79.36491986300001,
                -5.529019473999881
              ],
              [
                -79.36749023799996,
                -5.528380848999973
              ],
              [
                -79.3730703629999,
                -5.524199223999972
              ],
              [
                -79.37694923799995,
                -5.52367972299993
              ],
              [
                -79.37901948799993,
                -5.522580098999924
              ],
              [
                -79.38713086299975,
                -5.521919848999914
              ],
              [
                -79.3898203629999,
                -5.52301947299992
              ],
              [
                -79.391960988,
                -5.525019473999976
              ],
              [
                -79.39501948799983,
                -5.52811909899998
              ],
              [
                -79.39747073799981,
                -5.532400348999943
              ],
              [
                -79.39832036299993,
                -5.537017598999967
              ],
              [
                -79.39631048799998,
                -5.54210747399992
              ],
              [
                -79.39610936299977,
                -5.545330222999951
              ],
              [
                -79.39360936299988,
                -5.546789098999966
              ],
              [
                -79.39333986299977,
                -5.551519473999917
              ],
              [
                -79.39106048799982,
                -5.553320473999975
              ],
              [
                -79.38843948799985,
                -5.556841847999863
              ],
              [
                -79.38775973799983,
                -5.55924022399995
              ],
              [
                -79.38483986299991,
                -5.560630848999949
              ],
              [
                -79.38374023799997,
                -5.562320347999901
              ],
              [
                -79.38193948799994,
                -5.569019473999958
              ],
              [
                -79.38047073799999,
                -5.571460972999944
              ],
              [
                -79.38065248799984,
                -5.573867222999979
              ],
              [
                -79.37944923799978,
                -5.576599598999906
              ],
              [
                -79.37967973799982,
                -5.580150347999904
              ],
              [
                -79.37800973799995,
                -5.582099598999889
              ],
              [
                -79.3786406129999,
                -5.585339847999933
              ],
              [
                -79.38066011300003,
                -5.587570347999929
              ],
              [
                -79.38023048799994,
                -5.590120972999955
              ],
              [
                -79.37735936300004,
                -5.591789098999925
              ],
              [
                -79.37516011299988,
                -5.596070348999945
              ],
              [
                -79.37183598799993,
                -5.597732472999894
              ],
              [
                -79.37205473799997,
                -5.603621098999952
              ],
              [
                -79.37555073799996,
                -5.606189473999962
              ],
              [
                -79.37625973799993,
                -5.608960848999914
              ],
              [
                -79.37533986299974,
                -5.611650348999945
              ],
              [
                -79.37591986299987,
                -5.615878848999955
              ],
              [
                -79.37827923799995,
                -5.623249973999975
              ],
              [
                -79.37784961299985,
                -5.625859348999938
              ],
              [
                -79.3808593629999,
                -5.630837848999931
              ],
              [
                -79.37978511300003,
                -5.638896473999921
              ],
              [
                -79.37744923799994,
                -5.641730473999928
              ],
              [
                -79.37805073799996,
                -5.646710973999916
              ],
              [
                -79.38141986299973,
                -5.650419973999931
              ],
              [
                -79.38181048799993,
                -5.653617098999973
              ],
              [
                -79.38509961299991,
                -5.657968723999943
              ],
              [
                -79.38266011300004,
                -5.660519473999898
              ],
              [
                -79.38355073799994,
                -5.667048848999968
              ],
              [
                -79.38297661299987,
                -5.668263723999928
              ],
              [
                -79.3858886129999,
                -5.673876973999938
              ],
              [
                -79.38539061299991,
                -5.680140598999913
              ],
              [
                -79.38657036299992,
                -5.685999973999969
              ],
              [
                -79.3906406129999,
                -5.690617223999936
              ],
              [
                -79.39256048799996,
                -5.691939348999881
              ],
              [
                -79.39351948799998,
                -5.695279223999933
              ],
              [
                -79.39624998799985,
                -5.6973690989999
              ],
              [
                -79.39828911299992,
                -5.700509723999971
              ],
              [
                -79.398970738,
                -5.708660098999928
              ],
              [
                -79.39683011299985,
                -5.718390598999974
              ],
              [
                -79.39681048799991,
                -5.722599598999977
              ],
              [
                -79.39897086299993,
                -5.729499973999907
              ],
              [
                -79.39950973799984,
                -5.731330223999919
              ],
              [
                -79.39946098799999,
                -5.735099473999981
              ],
              [
                -79.39930073799997,
                -5.736910098999942
              ],
              [
                -79.39916986299988,
                -5.738589848999936
              ],
              [
                -79.3989094879999,
                -5.739250473999959
              ],
              [
                -79.39870923800004,
                -5.741201223999894
              ],
              [
                -79.39899998799984,
                -5.743650473999935
              ],
              [
                -79.40068948799984,
                -5.749509723999893
              ],
              [
                -79.40049086300002,
                -5.755192973999897
              ],
              [
                -79.4003886129999,
                -5.756119098999875
              ],
              [
                -79.39916011299988,
                -5.75933009899984
              ],
              [
                -79.39940423799999,
                -5.761373098999968
              ],
              [
                -79.39947461299994,
                -5.762904348999882
              ],
              [
                -79.39930073799997,
                -5.763566348999973
              ],
              [
                -79.3985097379998,
                -5.764199223999924
              ],
              [
                -79.39778911299993,
                -5.766722598999877
              ],
              [
                -79.39799998799992,
                -5.767904348999878
              ],
              [
                -79.39854886299992,
                -5.76977734899998
              ],
              [
                -79.3976113629999,
                -5.773199223999939
              ],
              [
                -79.39276948799983,
                -5.778990223999926
              ],
              [
                -79.39306048799995,
                -5.7808300989999
              ],
              [
                -79.39194923799982,
                -5.78344922399998
              ],
              [
                -79.39050973799982,
                -5.787259723999966
              ],
              [
                -79.3898203629999,
                -5.791089848999889
              ],
              [
                -79.38635936299988,
                -5.793669973999954
              ],
              [
                -79.38505073799996,
                -5.796109348999892
              ],
              [
                -79.38451948799997,
                -5.796570348999921
              ],
              [
                -79.38163086299988,
                -5.797439473999873
              ],
              [
                -79.38080073799995,
                -5.79798059899997
              ],
              [
                -79.3794316129999,
                -5.798660098999903
              ],
              [
                -79.37647073799997,
                -5.799099598999931
              ],
              [
                -79.37589061300002,
                -5.800810598999931
              ],
              [
                -79.37593948799997,
                -5.801230473999965
              ],
              [
                -79.37539061300004,
                -5.804410098999938
              ],
              [
                -79.3755801129999,
                -5.80594922399996
              ],
              [
                -79.37518548799994,
                -5.809699223999871
              ],
              [
                -79.37520698799995,
                -5.810081973999957
              ],
              [
                -79.37618748799997,
                -5.810945348999951
              ],
              [
                -79.37630073799994,
                -5.810999973999969
              ],
              [
                -79.37711911299988,
                -5.811470723999889
              ],
              [
                -79.37756048799997,
                -5.812179723999975
              ],
              [
                -79.37663086299989,
                -5.815269473999876
              ],
              [
                -79.37468948799994,
                -5.818249973999968
              ],
              [
                -79.37464048799995,
                -5.820310598999981
              ],
              [
                -79.37506048799992,
                -5.821382848999974
              ],
              [
                -79.37431048799988,
                -5.823820348999959
              ],
              [
                -79.37223048799996,
                -5.826580098999955
              ],
              [
                -79.37207036300003,
                -5.828910098999927
              ],
              [
                -79.37059961300002,
                -5.830900348999933
              ],
              [
                -79.36949998799992,
                -5.834279348999928
              ],
              [
                -79.36764261299987,
                -5.835562473999914
              ],
              [
                -79.36623048799993,
                -5.836759723999876
              ],
              [
                -79.36390036299986,
                -5.840152348999936
              ],
              [
                -79.36282036300003,
                -5.841599598999949
              ],
              [
                -79.36124023799994,
                -5.842708973999891
              ],
              [
                -79.36055673799996,
                -5.842621098999814
              ],
              [
                -79.36027923799992,
                -5.842574223999918
              ],
              [
                -79.35938861299985,
                -5.842498098999954
              ],
              [
                -79.358410113,
                -5.842529223999918
              ],
              [
                -79.35785936299999,
                -5.844869098999936
              ],
              [
                -79.35797073799995,
                -5.845949223999924
              ],
              [
                -79.35758011299987,
                -5.847789098999954
              ],
              [
                -79.35552923799992,
                -5.848580098999946
              ],
              [
                -79.35508986299999,
                -5.849349598999822
              ],
              [
                -79.355640613,
                -5.851349473999903
              ],
              [
                -79.35096098799994,
                -5.854249973999913
              ],
              [
                -79.35033986299993,
                -5.855845723999948
              ],
              [
                -79.35186911299985,
                -5.85710934899987
              ],
              [
                -79.35317986299987,
                -5.857349598999974
              ],
              [
                -79.35357811299986,
                -5.857820348999894
              ],
              [
                -79.35434961299984,
                -5.859289098999966
              ],
              [
                -79.3543104879999,
                -5.860130848999972
              ],
              [
                -79.35199023799993,
                -5.863000098999862
              ],
              [
                -79.35200973799994,
                -5.867869098999847
              ],
              [
                -79.35296098799995,
                -5.869220723999945
              ],
              [
                -79.35306048799993,
                -5.870789098999865
              ],
              [
                -79.35292973799994,
                -5.872359348999908
              ],
              [
                -79.35249023799992,
                -5.872999973999981
              ],
              [
                -79.35124411299984,
                -5.87336522399994
              ],
              [
                -79.34881248799991,
                -5.87406434899998
              ],
              [
                -79.34477536299983,
                -5.877919973999951
              ],
              [
                -79.34378511299997,
                -5.878695348999884
              ],
              [
                -79.33875786299996,
                -5.882078098999898
              ],
              [
                -79.34045898799991,
                -5.888882848999913
              ],
              [
                -79.34022261299998,
                -5.890939473999936
              ],
              [
                -79.3384022379999,
                -5.89264059899989
              ],
              [
                -79.33406836299997,
                -5.893630848999919
              ],
              [
                -79.33846098799984,
                -5.89821097399988
              ],
              [
                -79.34083011299998,
                -5.899599598999941
              ],
              [
                -79.34310936299983,
                -5.902330098999926
              ],
              [
                -79.34849998799984,
                -5.906269473999828
              ],
              [
                -79.34964061299985,
                -5.908310598999947
              ],
              [
                -79.35465048799995,
                -5.912960973999873
              ],
              [
                -79.35453911299999,
                -5.91599022399987
              ],
              [
                -79.35666011299998,
                -5.916679723999891
              ],
              [
                -79.3569609879998,
                -5.918980473999909
              ],
              [
                -79.35899023799993,
                -5.919189473999893
              ],
              [
                -79.35898036299983,
                -5.922540973999901
              ],
              [
                -79.36226948799992,
                -5.925978473999862
              ],
              [
                -79.36091011299982,
                -5.928970723999896
              ],
              [
                -79.36379086299996,
                -5.932499973999882
              ],
              [
                -79.3647402379998,
                -5.934669973999917
              ],
              [
                -79.367410113,
                -5.937220723999928
              ],
              [
                -79.37180073799993,
                -5.938789223999947
              ],
              [
                -79.37650973799981,
                -5.939210973999934
              ],
              [
                -79.38022073799982,
                -5.940130848999956
              ],
              [
                -79.3886406129999,
                -5.944509598999957
              ],
              [
                -79.39835936299977,
                -5.949929723999958
              ],
              [
                -79.402769488,
                -5.95361909899998
              ],
              [
                -79.40530861299993,
                -5.956419973999971
              ],
              [
                -79.40796098799967,
                -5.959220723999977
              ],
              [
                -79.41057036299992,
                -5.962390598999889
              ],
              [
                -79.41713098799988,
                -5.968339848999904
              ],
              [
                -79.4186093629998,
                -5.97009959899998
              ],
              [
                -79.41940036299997,
                -5.96991009899989
              ],
              [
                -79.42076948800002,
                -5.969419973999948
              ],
              [
                -79.42198048800003,
                -5.968359348999854
              ],
              [
                -79.42322073799988,
                -5.967009723999979
              ],
              [
                -79.42806236299975,
                -5.962009723999927
              ],
              [
                -79.42976948800003,
                -5.96103909899989
              ],
              [
                -79.43293948799999,
                -5.957039098999871
              ],
              [
                -79.43679098899986,
                -5.954695348999962
              ],
              [
                -79.44096098799992,
                -5.952978473999906
              ],
              [
                -79.44630661399998,
                -5.950816473999964
              ],
              [
                -79.451109363,
                -5.949330098999951
              ],
              [
                -79.45541011299997,
                -5.94742972399996
              ],
              [
                -79.45830073799993,
                -5.946679723999921
              ],
              [
                -79.46290036399984,
                -5.944419973999914
              ],
              [
                -79.46486911399984,
                -5.938580098999978
              ],
              [
                -79.46475973899993,
                -5.936599473999877
              ],
              [
                -79.46567973899994,
                -5.934712848999936
              ],
              [
                -79.46616798899993,
                -5.933160098999963
              ],
              [
                -79.46625973799996,
                -5.932929723999905
              ],
              [
                -79.46827923799992,
                -5.931480473999898
              ],
              [
                -79.46953911399999,
                -5.928679723999892
              ],
              [
                -79.4715703629999,
                -5.927410098999928
              ],
              [
                -79.47478911399986,
                -5.926400348999948
              ],
              [
                -79.48116986399998,
                -5.923199223999916
              ],
              [
                -79.48905073799995,
                -5.920880848999957
              ],
              [
                -79.49077148899994,
                -5.917849598999965
              ],
              [
                -79.49339061299992,
                -5.917369098999927
              ],
              [
                -79.49893948899984,
                -5.915189473999874
              ],
              [
                -79.50035936299992,
                -5.91813284899996
              ],
              [
                -79.50219923899982,
                -5.917640598999981
              ],
              [
                -79.50346098899985,
                -5.916699223999899
              ],
              [
                -79.50668948899983,
                -5.916810598999973
              ],
              [
                -79.50815036299991,
                -5.917029348999961
              ],
              [
                -79.50925973899996,
                -5.917660098999932
              ],
              [
                -79.5098496139999,
                -5.916560598999979
              ],
              [
                -79.51115036299996,
                -5.916240223999978
              ],
              [
                -79.512249988,
                -5.917210973999886
              ],
              [
                -79.51291986399991,
                -5.92036909899997
              ],
              [
                -79.515550739,
                -5.920109473999901
              ],
              [
                -79.51694923899981,
                -5.920269473999895
              ],
              [
                -79.51740048900001,
                -5.920060598999953
              ],
              [
                -79.51730073800002,
                -5.917019473999972
              ],
              [
                -79.5176093639999,
                -5.916189473999907
              ],
              [
                -79.520117239,
                -5.913060598999948
              ],
              [
                -79.52143948799988,
                -5.912769473999958
              ],
              [
                -79.52601948899985,
                -5.913419973999908
              ],
              [
                -79.52717973799992,
                -5.912820348999958
              ],
              [
                -79.52809273899987,
                -5.913155848999907
              ],
              [
                -79.52885936299998,
                -5.913820348999934
              ],
              [
                -79.52997073900002,
                -5.916019473999881
              ],
              [
                -79.53041986399995,
                -5.916900348999945
              ],
              [
                -79.53196098900003,
                -5.918060598999944
              ],
              [
                -79.53183986399995,
                -5.919550723999976
              ],
              [
                -79.53146098899987,
                -5.920439473999863
              ],
              [
                -79.53733011399993,
                -5.922367223999913
              ],
              [
                -79.53730073799989,
                -5.92183984899998
              ],
              [
                -79.53766986399995,
                -5.920869098999958
              ],
              [
                -79.53800973900002,
                -5.920730473999981
              ],
              [
                -79.53882036299984,
                -5.920759723999879
              ],
              [
                -79.53949023799993,
                -5.920269473999895
              ],
              [
                -79.5399492389999,
                -5.920289098999945
              ],
              [
                -79.5400391129998,
                -5.925019473999896
              ],
              [
                -79.54299023899989,
                -5.925097598999969
              ],
              [
                -79.54343748799988,
                -5.925179723999918
              ],
              [
                -79.54361136399996,
                -5.925320473999932
              ],
              [
                -79.54364061299998,
                -5.926300723999873
              ],
              [
                -79.54687886299996,
                -5.930080098999952
              ],
              [
                -79.54926761399997,
                -5.930529348999926
              ],
              [
                -79.55138086299985,
                -5.932539098999939
              ],
              [
                -79.55166986399996,
                -5.934001973999898
              ],
              [
                -79.55159961399983,
                -5.935429723999903
              ],
              [
                -79.5522402389999,
                -5.937269473999891
              ],
              [
                -79.55241986299984,
                -5.937460973999919
              ],
              [
                -79.55489848799994,
                -5.938490223999906
              ],
              [
                -79.55591986299999,
                -5.937999973999922
              ],
              [
                -79.55683011399992,
                -5.936380848999931
              ],
              [
                -79.56077923899988,
                -5.935060598999939
              ],
              [
                -79.56305073899989,
                -5.934099598999978
              ],
              [
                -79.565839864,
                -5.934589848999963
              ],
              [
                -79.56813086299996,
                -5.935970723999901
              ],
              [
                -79.57189073899997,
                -5.937769473999879
              ],
              [
                -79.57316011300003,
                -5.937140598999974
              ],
              [
                -79.57661911299988,
                -5.936119098999939
              ],
              [
                -79.57699998899994,
                -5.935509723999928
              ],
              [
                -79.57706048799997,
                -5.934269473999905
              ],
              [
                -79.57749998899993,
                -5.933880848999934
              ],
              [
                -79.57777923899994,
                -5.933939473999885
              ],
              [
                -79.57868948799984,
                -5.934730473999934
              ],
              [
                -79.58161898899994,
                -5.935320348999937
              ],
              [
                -79.58186136400002,
                -5.935759723999922
              ],
              [
                -79.58299023799998,
                -5.936980473999938
              ],
              [
                -79.58491986299998,
                -5.93773047399992
              ],
              [
                -79.58821098799984,
                -5.937990223999918
              ],
              [
                -79.59006048799995,
                -5.935900348999951
              ],
              [
                -79.59297073899995,
                -5.934460848999947
              ],
              [
                -79.59374998799984,
                -5.933810598999969
              ],
              [
                -79.59508011399998,
                -5.933628848999945
              ],
              [
                -79.59645123799999,
                -5.933910098999945
              ],
              [
                -79.598990238,
                -5.93689059899998
              ],
              [
                -79.60044923899983,
                -5.939570348999951
              ],
              [
                -79.60206261399992,
                -5.93602347399991
              ],
              [
                -79.60454298899998,
                -5.93361522399988
              ],
              [
                -79.60786723899986,
                -5.927843723999899
              ],
              [
                -79.6111073639999,
                -5.923462848999975
              ],
              [
                -79.61074411399989,
                -5.920107473999906
              ],
              [
                -79.60930661399976,
                -5.917831973999967
              ],
              [
                -79.61125573899994,
                -5.91569334899998
              ],
              [
                -79.61339436400004,
                -5.910142598999926
              ],
              [
                -79.61331048899984,
                -5.904298848999929
              ],
              [
                -79.61175973899992,
                -5.902619098999935
              ],
              [
                -79.61235936399993,
                -5.897912098999939
              ],
              [
                -79.61348048899981,
                -5.895070348999923
              ],
              [
                -79.61724998899984,
                -5.891461098999969
              ],
              [
                -79.62259961399991,
                -5.889849598999888
              ],
              [
                -79.62633011399976,
                -5.88691009899992
              ],
              [
                -79.62521098899987,
                -5.885240223999972
              ],
              [
                -79.62566986399986,
                -5.882789098999922
              ],
              [
                -79.625572239,
                -5.87580072399993
              ],
              [
                -79.62889061399994,
                -5.870269598999869
              ],
              [
                -79.62993948899987,
                -5.863019473999941
              ],
              [
                -79.63261911399997,
                -5.858869098999833
              ],
              [
                -79.63390036399994,
                -5.858777473999965
              ],
              [
                -79.63688086399998,
                -5.857949348999909
              ],
              [
                -79.63726948899989,
                -5.855509723999944
              ],
              [
                -79.63498048899987,
                -5.852160098999946
              ],
              [
                -79.63359961399976,
                -5.852439473999937
              ],
              [
                -79.62991986399993,
                -5.852880848999973
              ],
              [
                -79.627800739,
                -5.844820348999974
              ],
              [
                -79.62805073899995,
                -5.840210973999945
              ],
              [
                -79.62901948899986,
                -5.836720723999917
              ],
              [
                -79.63158011399997,
                -5.83458984899994
              ],
              [
                -79.63142773899989,
                -5.829029348999939
              ],
              [
                -79.62774998899988,
                -5.825919973999873
              ],
              [
                -79.62398048900002,
                -5.823539098999959
              ],
              [
                -79.62290036399986,
                -5.819562473999895
              ],
              [
                -79.6225683639999,
                -5.815785098999925
              ],
              [
                -79.62118548899986,
                -5.813867223999978
              ],
              [
                -79.62057036399995,
                -5.809705098999927
              ],
              [
                -79.62142973899995,
                -5.799812473999964
              ],
              [
                -79.62258398899985,
                -5.797572223999964
              ],
              [
                -79.62488286399991,
                -5.797294973999954
              ],
              [
                -79.62652148899986,
                -5.797570348999955
              ],
              [
                -79.62875986399996,
                -5.796021473999815
              ],
              [
                -79.63097261399992,
                -5.796380848999945
              ],
              [
                -79.63226361399995,
                -5.798783223999976
              ],
              [
                -79.631706989,
                -5.80114059899995
              ],
              [
                -79.63215236399992,
                -5.804410098999938
              ],
              [
                -79.63426361399996,
                -5.807814598999926
              ],
              [
                -79.63650386399996,
                -5.810035098999947
              ],
              [
                -79.63973048900004,
                -5.811828098999968
              ],
              [
                -79.64581836399998,
                -5.813914098999931
              ],
              [
                -79.64918361399998,
                -5.815830098999925
              ],
              [
                -79.65135548899991,
                -5.81604297399997
              ],
              [
                -79.6532499889999,
                -5.818427723999889
              ],
              [
                -79.65582811399997,
                -5.823878848999925
              ],
              [
                -79.65942573899991,
                -5.827220723999915
              ],
              [
                -79.66199998899992,
                -5.834152348999964
              ],
              [
                -79.66524223899995,
                -5.835390598999936
              ],
              [
                -79.66987698899993,
                -5.835456973999896
              ],
              [
                -79.67344536399986,
                -5.837763723999899
              ],
              [
                -79.67783986400002,
                -5.841542973999935
              ],
              [
                -79.68271098899993,
                -5.846445348999964
              ],
              [
                -79.68513086400003,
                -5.847013723999908
              ],
              [
                -79.68739248899988,
                -5.847613223999929
              ],
              [
                -79.6945468639999,
                -5.847259848999954
              ],
              [
                -79.6962266139999,
                -5.84659572399994
              ],
              [
                -79.69808986399971,
                -5.846394473999908
              ],
              [
                -79.70296286399991,
                -5.842826223999907
              ],
              [
                -79.70733198899995,
                -5.845798848999948
              ],
              [
                -79.7084628639999,
                -5.845347598999979
              ],
              [
                -79.70856248899997,
                -5.843800723999891
              ],
              [
                -79.7085058639999,
                -5.841685598999959
              ],
              [
                -79.712605489,
                -5.838007848999951
              ],
              [
                -79.71533398899999,
                -5.837609348999933
              ],
              [
                -79.72308986399992,
                -5.838769473999889
              ],
              [
                -79.72700586399992,
                -5.838052723999908
              ],
              [
                -79.73103511399995,
                -5.839007848999813
              ],
              [
                -79.73539261399998,
                -5.838636723999912
              ],
              [
                -79.73732811399998,
                -5.837650348999944
              ],
              [
                -79.73904098899988,
                -5.833001973999899
              ],
              [
                -79.73911523899989,
                -5.830011723999917
              ],
              [
                -79.7378027389999,
                -5.826726598999926
              ],
              [
                -79.74022848899989,
                -5.82085547399987
              ],
              [
                -79.7419257389999,
                -5.818972598999949
              ],
              [
                -79.74145111399997,
                -5.816568348999965
              ],
              [
                -79.74194536399983,
                -5.81446872399988
              ],
              [
                -79.73962698900004,
                -5.81188084899992
              ],
              [
                -79.73814848899991,
                -5.808833973999981
              ],
              [
                -79.73957223900004,
                -5.80573434899992
              ],
              [
                -79.73858986399978,
                -5.80153909899991
              ],
              [
                -79.73931636399993,
                -5.79958784899992
              ],
              [
                -79.7355214889999,
                -5.796911973999954
              ],
              [
                -79.73320698899988,
                -5.794517598999903
              ],
              [
                -79.73454686399981,
                -5.787404348999928
              ],
              [
                -79.73264261399993,
                -5.786404348999895
              ],
              [
                -79.72963473899983,
                -5.783134723999979
              ],
              [
                -79.72742973899989,
                -5.781941348999908
              ],
              [
                -79.72612298899986,
                -5.778480473999934
              ],
              [
                -79.72572461399994,
                -5.773345723999967
              ],
              [
                -79.72327148900001,
                -5.769466848999912
              ],
              [
                -79.72235348899994,
                -5.763972598999828
              ],
              [
                -79.72094136399994,
                -5.759206973999937
              ],
              [
                -79.71842186399994,
                -5.75438472399992
              ],
              [
                -79.71775386399992,
                -5.750388723999947
              ],
              [
                -79.71982811399994,
                -5.748646473999941
              ],
              [
                -79.72008398899987,
                -5.746623098999976
              ],
              [
                -79.71709961399995,
                -5.743826223999918
              ],
              [
                -79.71728123899982,
                -5.739347598999927
              ],
              [
                -79.72174023899987,
                -5.734705098999939
              ],
              [
                -79.72447848899986,
                -5.73315034899997
              ],
              [
                -79.72573636399994,
                -5.731025348999935
              ],
              [
                -79.72776761399996,
                -5.730123098999968
              ],
              [
                -79.73514836399994,
                -5.722447223999893
              ],
              [
                -79.73648048899997,
                -5.72143559899996
              ],
              [
                -79.7411562389999,
                -5.720705098999929
              ],
              [
                -79.74395311399996,
                -5.718937473999972
              ],
              [
                -79.74384173899989,
                -5.713531223999837
              ],
              [
                -79.74927148899991,
                -5.709673848999955
              ],
              [
                -79.75836723899994,
                -5.712042973999871
              ],
              [
                -79.7609823639998,
                -5.710191348999956
              ],
              [
                -79.76334573899993,
                -5.710027348999915
              ],
              [
                -79.76641611399987,
                -5.708251973999836
              ],
              [
                -79.76455661399984,
                -5.703822223999964
              ],
              [
                -79.75928711399985,
                -5.696255848999897
              ],
              [
                -79.75359961399982,
                -5.69122659899989
              ],
              [
                -79.75170311399995,
                -5.69124222399995
              ],
              [
                -79.74553323899988,
                -5.686035098999866
              ],
              [
                -79.74407036399998,
                -5.682355473999962
              ],
              [
                -79.74413473899989,
                -5.678017598999872
              ],
              [
                -79.74617573899991,
                -5.675220723999928
              ],
              [
                -79.74725198899989,
                -5.675093723999964
              ],
              [
                -79.75088673899984,
                -5.675242223999931
              ],
              [
                -79.75493748899993,
                -5.673341848999883
              ],
              [
                -79.76148823899985,
                -5.669040973999927
              ],
              [
                -79.76420898899994,
                -5.663792973999932
              ],
              [
                -79.77015423899991,
                -5.659214848999966
              ],
              [
                -79.77383011400002,
                -5.65865434899996
              ],
              [
                -79.77757223899994,
                -5.658853473999955
              ],
              [
                -79.78133598899996,
                -5.655833973999904
              ],
              [
                -79.78176948899994,
                -5.653535098999953
              ],
              [
                -79.78515423899995,
                -5.649759723999921
              ],
              [
                -79.7869336139999,
                -5.646587848999957
              ],
              [
                -79.79175011399991,
                -5.645554723999908
              ],
              [
                -79.79624411400005,
                -5.646439473999919
              ],
              [
                -79.79925986399985,
                -5.645859348999977
              ],
              [
                -79.80500973899996,
                -5.646414098999969
              ],
              [
                -79.80705473899985,
                -5.649146473999906
              ],
              [
                -79.81016798899998,
                -5.651211098999966
              ],
              [
                -79.81253911399995,
                -5.654248098999972
              ],
              [
                -79.81506248899984,
                -5.656066348999957
              ],
              [
                -79.81517573899998,
                -5.659597598999824
              ],
              [
                -79.81823236399993,
                -5.664634723999939
              ],
              [
                -79.81964061399992,
                -5.663636723999957
              ],
              [
                -79.82010348899985,
                -5.660193348999883
              ],
              [
                -79.82181048899986,
                -5.656300723999948
              ],
              [
                -79.82445511399976,
                -5.654683598999952
              ],
              [
                -79.82568936399991,
                -5.651029348999828
              ],
              [
                -79.82619736399982,
                -5.648708973999931
              ],
              [
                -79.82759961399995,
                -5.644939473999898
              ],
              [
                -79.83131836399997,
                -5.644367223999893
              ],
              [
                -79.83293548900002,
                -5.6454902239999
              ],
              [
                -79.83518161399996,
                -5.638033223999912
              ],
              [
                -79.83733786399989,
                -5.635562473999869
              ],
              [
                -79.83943748900003,
                -5.630027348999931
              ],
              [
                -79.8376659889999,
                -5.626212848999955
              ],
              [
                -79.83596486399995,
                -5.620818348999933
              ],
              [
                -79.8330646139998,
                -5.614076223999973
              ],
              [
                -79.83202536399995,
                -5.611812473999976
              ],
              [
                -79.83198823899988,
                -5.611033223999868
              ],
              [
                -79.83243361399997,
                -5.609138723999877
              ],
              [
                -79.83273048900003,
                -5.606095723999829
              ],
              [
                -79.83258198899989,
                -5.604945348999934
              ],
              [
                -79.83165423899987,
                -5.60249609899995
              ],
              [
                -79.82720111399993,
                -5.597783223999954
              ],
              [
                -79.82616011399995,
                -5.595705223999971
              ],
              [
                -79.82556636399994,
                -5.594703098999901
              ],
              [
                -79.82419323899984,
                -5.592919973999813
              ],
              [
                -79.82081636399994,
                -5.589988098999868
              ],
              [
                -79.82018561399997,
                -5.588615223999966
              ],
              [
                -79.81884961399993,
                -5.586833848999845
              ],
              [
                -79.81120311399991,
                -5.575996098999894
              ],
              [
                -79.80901361399992,
                -5.573212848999844
              ],
              [
                -79.80222073899984,
                -5.568126848999952
              ],
              [
                -79.80207223899998,
                -5.565900348999833
              ],
              [
                -79.80040236399992,
                -5.562152348999973
              ],
              [
                -79.79513286399992,
                -5.561892598999975
              ],
              [
                -79.79004686400003,
                -5.562189473999922
              ],
              [
                -79.78759761399988,
                -5.563191348999965
              ],
              [
                -79.78373823899994,
                -5.562115223999911
              ],
              [
                -79.77704686399989,
                -5.56191597399993
              ],
              [
                -79.77432423899995,
                -5.557164098999976
              ],
              [
                -79.77323436400002,
                -5.553929723999943
              ],
              [
                -79.76696098899993,
                -5.548160098999972
              ],
              [
                -79.765068364,
                -5.545300723999901
              ],
              [
                -79.75986523899985,
                -5.542724598999939
              ],
              [
                -79.75704686399985,
                -5.538935598999956
              ],
              [
                -79.75707223899991,
                -5.53075784899994
              ],
              [
                -79.75282036399983,
                -5.52689259899995
              ],
              [
                -79.75011136399996,
                -5.523218723999889
              ],
              [
                -79.74918361399983,
                -5.519617223999887
              ],
              [
                -79.74681836399998,
                -5.51773822399997
              ],
              [
                -79.7418769889997,
                -5.515773598999942
              ],
              [
                -79.73738086399982,
                -5.50900197399983
              ],
              [
                -79.73545111399994,
                -5.502210973999979
              ],
              [
                -79.73478323899985,
                -5.500466848999906
              ],
              [
                -79.73489448899988,
                -5.493154348999894
              ],
              [
                -79.73108986399996,
                -5.486093723999943
              ],
              [
                -79.73004098899986,
                -5.482777348999889
              ],
              [
                -79.73014648899988,
                -5.47530272399996
              ],
              [
                -79.72734961399988,
                -5.475140598999872
              ],
              [
                -79.72513086399994,
                -5.479439473999946
              ],
              [
                -79.72000973899986,
                -5.482999973999938
              ],
              [
                -79.71733011399994,
                -5.48553909899988
              ],
              [
                -79.7151503639999,
                -5.491029348999916
              ],
              [
                -79.7135176139999,
                -5.496884723999926
              ],
              [
                -79.71093548899984,
                -5.500078098999893
              ],
              [
                -79.70658398899985,
                -5.5017753489999
              ],
              [
                -79.70052923899982,
                -5.507349598999951
              ],
              [
                -79.6968203639999,
                -5.512070348999941
              ],
              [
                -79.69274023899999,
                -5.51518947399984
              ],
              [
                -79.68909961400004,
                -5.52031059899997
              ],
              [
                -79.68658998899991,
                -5.521210973999871
              ],
              [
                -79.68433986400004,
                -5.524699348999945
              ],
              [
                -79.68435936399987,
                -5.526939473999903
              ],
              [
                -79.68458011400003,
                -5.52919922399991
              ],
              [
                -79.68160936399988,
                -5.530980348999947
              ],
              [
                -79.67676948899987,
                -5.528820348999943
              ],
              [
                -79.67238086399988,
                -5.528240223999887
              ],
              [
                -79.66956048899993,
                -5.528630848999967
              ],
              [
                -79.6669394889999,
                -5.531380973999887
              ],
              [
                -79.6630097389999,
                -5.532400348999943
              ],
              [
                -79.66113086399986,
                -5.5316797239999
              ],
              [
                -79.65899023899993,
                -5.527449223999895
              ],
              [
                -79.65884961399985,
                -5.52492972399989
              ],
              [
                -79.65516011399995,
                -5.522789098999965
              ],
              [
                -79.65038673899971,
                -5.521972598999923
              ],
              [
                -79.65000786399992,
                -5.521072223999965
              ],
              [
                -79.65000786399992,
                -5.516369098999917
              ],
              [
                -79.64921098899993,
                -5.514374973999963
              ],
              [
                -79.6487909889999,
                -5.506228473999954
              ],
              [
                -79.64956636399995,
                -5.503540973999975
              ],
              [
                -79.65158211399984,
                -5.501525348999905
              ],
              [
                -79.65145698899983,
                -5.499951223999972
              ],
              [
                -79.64948236399994,
                -5.495331973999953
              ],
              [
                -79.64750973900004,
                -5.489515598999901
              ],
              [
                -79.64547261399997,
                -5.487081973999977
              ],
              [
                -79.64253323900004,
                -5.485191348999876
              ],
              [
                -79.64400386399996,
                -5.478871098999889
              ],
              [
                -79.64385923899988,
                -5.475744098999883
              ],
              [
                -79.64685936399997,
                -5.474505848999968
              ],
              [
                -79.64832811399998,
                -5.474232473999962
              ],
              [
                -79.65473236399998,
                -5.470095723999975
              ],
              [
                -79.65645311399999,
                -5.470076223999968
              ],
              [
                -79.66037886399982,
                -5.472238223999966
              ],
              [
                -79.66409573899995,
                -5.471544848999883
              ],
              [
                -79.66898823899993,
                -5.471607473999939
              ],
              [
                -79.67215823899994,
                -5.46952934899997
              ],
              [
                -79.6730194889999,
                -5.467871098999979
              ],
              [
                -79.67776361400001,
                -5.464490348999902
              ],
              [
                -79.6864766139999,
                -5.461929723999958
              ],
              [
                -79.69103123899998,
                -5.459031223999943
              ],
              [
                -79.69514648899997,
                -5.458613223999919
              ],
              [
                -79.69634373899999,
                -5.458654348999971
              ],
              [
                -79.69993361399992,
                -5.457099598999946
              ],
              [
                -79.70190823899998,
                -5.457394473999898
              ],
              [
                -79.71059961399993,
                -5.456007848999946
              ],
              [
                -79.71567973899982,
                -5.456029348999948
              ],
              [
                -79.72256636399993,
                -5.452986348999957
              ],
              [
                -79.72433011399994,
                -5.451011723999898
              ],
              [
                -79.72529486399992,
                -5.450466848999952
              ],
              [
                -79.72632423899984,
                -5.44872259899995
              ],
              [
                -79.72903123899988,
                -5.447611348999942
              ],
              [
                -79.73283198899986,
                -5.444357473999901
              ],
              [
                -79.73749411399996,
                -5.444943348999971
              ],
              [
                -79.74047461399994,
                -5.446812473999898
              ],
              [
                -79.74998636399982,
                -5.446435598999813
              ],
              [
                -79.7517284889999,
                -5.444755848999932
              ],
              [
                -79.75596873899991,
                -5.443496098999958
              ],
              [
                -79.76037886399985,
                -5.44009959899995
              ],
              [
                -79.76080073899993,
                -5.438048848999927
              ],
              [
                -79.76403911400001,
                -5.435160098999972
              ],
              [
                -79.76450973899989,
                -5.431119098999943
              ],
              [
                -79.76566986399985,
                -5.430449223999858
              ],
              [
                -79.76799998899992,
                -5.426470723999898
              ],
              [
                -79.76843361399995,
                -5.424527348999959
              ],
              [
                -79.76730273899994,
                -5.420761723999874
              ],
              [
                -79.76774611399986,
                -5.416328098999941
              ],
              [
                -79.76572261399997,
                -5.411740223999971
              ],
              [
                -79.765003864,
                -5.410841848999951
              ],
              [
                -79.76414848899992,
                -5.40949209899992
              ],
              [
                -79.76482423899995,
                -5.403783223999937
              ],
              [
                -79.7640312389999,
                -5.402507848999903
              ],
              [
                -79.75884173899988,
                -5.400097598999878
              ],
              [
                -79.74981636399997,
                -5.393589848999909
              ],
              [
                -79.74863286399983,
                -5.392042973999935
              ],
              [
                -79.74605073899988,
                -5.391257848999885
              ],
              [
                -79.74410348899988,
                -5.386460973999931
              ],
              [
                -79.74035736399998,
                -5.380933598999889
              ],
              [
                -79.73713086399994,
                -5.379423848999977
              ],
              [
                -79.73302536399996,
                -5.378980473999945
              ],
              [
                -79.73198636399997,
                -5.377044973999944
              ],
              [
                -79.72830273900001,
                -5.378019473999927
              ],
              [
                -79.72608198899985,
                -5.377685598999904
              ],
              [
                -79.72263861399995,
                -5.375851598999873
              ],
              [
                -79.71544136399973,
                -5.375941348999959
              ],
              [
                -79.71084573899998,
                -5.377078098999846
              ],
              [
                -79.70790423899996,
                -5.37959372399996
              ],
              [
                -79.704199239,
                -5.384261723999941
              ],
              [
                -79.69803711400004,
                -5.385656223999945
              ],
              [
                -79.68920111399984,
                -5.384021473999951
              ],
              [
                -79.68745311399988,
                -5.382605473999945
              ],
              [
                -79.676326114,
                -5.381042973999968
              ],
              [
                -79.67476561399985,
                -5.378074223999931
              ],
              [
                -79.66920698899992,
                -5.373275348999869
              ],
              [
                -79.66740823899994,
                -5.372646473999964
              ],
              [
                -79.66282423899992,
                -5.368953098999953
              ],
              [
                -79.66096111399986,
                -5.364956973999938
              ],
              [
                -79.6600156139998,
                -5.359769473999904
              ],
              [
                -79.66052148899985,
                -5.353986223999925
              ],
              [
                -79.65988086399983,
                -5.348740223999926
              ],
              [
                -79.65682811399984,
                -5.347960973999932
              ],
              [
                -79.65338086399998,
                -5.343890598999963
              ],
              [
                -79.65151561399983,
                -5.342869223999912
              ],
              [
                -79.64780073899988,
                -5.335464848999948
              ],
              [
                -79.65018548899991,
                -5.335554723999905
              ],
              [
                -79.6551972389999,
                -5.333298848999959
              ],
              [
                -79.66054686399985,
                -5.329234348999933
              ],
              [
                -79.66209573899994,
                -5.324851598999942
              ],
              [
                -79.66808398899991,
                -5.319814473999884
              ],
              [
                -79.66983786399999,
                -5.317431598999917
              ],
              [
                -79.67063861399981,
                -5.312238223999941
              ],
              [
                -79.67064061399986,
                -5.306124973999943
              ],
              [
                -79.67127748899998,
                -5.30272459899993
              ],
              [
                -79.66900198899987,
                -5.299261723999962
              ],
              [
                -79.6686034889999,
                -5.296652348999885
              ],
              [
                -79.67140236400002,
                -5.292017598999905
              ],
              [
                -79.67330073899979,
                -5.287568348999912
              ],
              [
                -79.67743948899988,
                -5.2830253489999
              ],
              [
                -79.68058786400002,
                -5.280462848999889
              ],
              [
                -79.68250786399989,
                -5.275761723999949
              ],
              [
                -79.68666011399989,
                -5.272187473999963
              ],
              [
                -79.68719723899994,
                -5.265705098999831
              ],
              [
                -79.68910173899997,
                -5.263314473999912
              ],
              [
                -79.69158986399998,
                -5.261710973999925
              ],
              [
                -79.69410161399992,
                -5.259195473999966
              ],
              [
                -79.69653323899979,
                -5.251396473999932
              ],
              [
                -79.69778711399988,
                -5.248978473999898
              ],
              [
                -79.6981503639999,
                -5.245126973999902
              ],
              [
                -79.70053323899998,
                -5.239037098999972
              ],
              [
                -79.70777348899986,
                -5.226177722999921
              ],
              [
                -79.71068548899996,
                -5.224132972999939
              ],
              [
                -79.711187489,
                -5.221339847999957
              ],
              [
                -79.72003711399987,
                -5.215253847999975
              ],
              [
                -79.71345698899984,
                -5.213724597999942
              ],
              [
                -79.71009761399989,
                -5.210009722999871
              ],
              [
                -79.70310936399972,
                -5.209810597999933
              ],
              [
                -79.70164061399987,
                -5.204880847999959
              ],
              [
                -79.69999023899999,
                -5.203369222999868
              ],
              [
                -79.70164061399987,
                -5.196679722999875
              ],
              [
                -79.7073691139999,
                -5.189917972999979
              ],
              [
                -79.714240239,
                -5.187820347999946
              ],
              [
                -79.71885936399974,
                -5.184509722999962
              ],
              [
                -79.72033198899999,
                -5.182089847999919
              ],
              [
                -79.72033198899999,
                -5.177230472999952
              ],
              [
                -79.71758998900003,
                -5.168720722999979
              ],
              [
                -79.71571098899994,
                -5.16639059799985
              ],
              [
                -79.71363086399992,
                -5.161380847999965
              ],
              [
                -79.71257611399977,
                -5.154265597999881
              ],
              [
                -79.71526361399992,
                -5.148529347999954
              ],
              [
                -79.71481636399977,
                -5.145345722999934
              ],
              [
                -79.71298236399991,
                -5.14250784799998
              ],
              [
                -79.71370111399978,
                -5.138199222999901
              ],
              [
                -79.71321286399973,
                -5.133494097999971
              ],
              [
                -79.71491598899985,
                -5.126632847999929
              ],
              [
                -79.713124989,
                -5.124724597999943
              ],
              [
                -79.7107128639999,
                -5.123816347999934
              ],
              [
                -79.70730861399988,
                -5.118134722999969
              ],
              [
                -79.70541598899985,
                -5.117007847999957
              ],
              [
                -79.70518548899997,
                -5.114386722999882
              ],
              [
                -79.70186323899998,
                -5.112765597999953
              ],
              [
                -79.69579298899998,
                -5.108886722999841
              ],
              [
                -79.69049611400004,
                -5.103171847999931
              ],
              [
                -79.68804298899983,
                -5.097884722999936
              ],
              [
                -79.68315823899997,
                -5.099615222999944
              ],
              [
                -79.68039448899992,
                -5.103636722999966
              ],
              [
                -79.67600973899994,
                -5.107236347999958
              ],
              [
                -79.67362298899991,
                -5.118181597999978
              ],
              [
                -79.67081636399985,
                -5.123820347999981
              ],
              [
                -79.6658242389999,
                -5.124498097999947
              ],
              [
                -79.66319723899977,
                -5.12622259799997
              ],
              [
                -79.66258198899993,
                -5.128316347999942
              ],
              [
                -79.6621542389999,
                -5.138968722999891
              ],
              [
                -79.66249798899992,
                -5.143371097999818
              ],
              [
                -79.6663652389999,
                -5.148798722999913
              ],
              [
                -79.66624023899993,
                -5.150706972999899
              ],
              [
                -79.664339864,
                -5.152744097999971
              ],
              [
                -79.66090623899993,
                -5.151181597999823
              ],
              [
                -79.65775198899985,
                -5.146183597999823
              ],
              [
                -79.65230861399982,
                -5.140488097999935
              ],
              [
                -79.64750586399998,
                -5.139119097999981
              ],
              [
                -79.64675198899988,
                -5.137138722999907
              ],
              [
                -79.64726361399994,
                -5.13237309799996
              ],
              [
                -79.64966011399997,
                -5.129683597999929
              ],
              [
                -79.6549257389999,
                -5.121427722999897
              ],
              [
                -79.65260548899977,
                -5.120896472999902
              ],
              [
                -79.64981636399983,
                -5.11740822299987
              ],
              [
                -79.64524798900004,
                -5.116831972999876
              ],
              [
                -79.64351761399996,
                -5.115728472999876
              ],
              [
                -79.6428729889999,
                -5.108728472999871
              ],
              [
                -79.64220898900004,
                -5.10721684799995
              ],
              [
                -79.63800198900003,
                -5.106921972999885
              ],
              [
                -79.63080661399994,
                -5.103527472999872
              ],
              [
                -79.62323048899987,
                -5.101208972999871
              ],
              [
                -79.62161911399994,
                -5.101128847999917
              ],
              [
                -79.617708989,
                -5.098472597999944
              ],
              [
                -79.61641798899984,
                -5.098212847999946
              ],
              [
                -79.61519923899994,
                -5.097808722999844
              ],
              [
                -79.61165236399978,
                -5.094316347999893
              ],
              [
                -79.60952923899998,
                -5.092964847999895
              ],
              [
                -79.60568161399988,
                -5.08939447299997
              ],
              [
                -79.60409361399974,
                -5.087956972999962
              ],
              [
                -79.60154886399977,
                -5.085779347999903
              ],
              [
                -79.60003511399998,
                -5.084376972999962
              ],
              [
                -79.59877736399983,
                -5.079498097999931
              ],
              [
                -79.59983011399976,
                -5.072519472999943
              ],
              [
                -79.59874798899978,
                -5.07004684799989
              ],
              [
                -79.59642573899998,
                -5.067177722999929
              ],
              [
                -79.59534961400004,
                -5.065374972999962
              ],
              [
                -79.59567973899982,
                -5.062128847999873
              ],
              [
                -79.59590236400004,
                -5.060210972999926
              ],
              [
                -79.59516411399989,
                -5.058507847999977
              ],
              [
                -79.59524998899997,
                -5.056650347999948
              ],
              [
                -79.59076361400002,
                -5.05786134799996
              ],
              [
                -79.58752736400004,
                -5.057775347999836
              ],
              [
                -79.58605073899992,
                -5.058328097999834
              ],
              [
                -79.57922461399988,
                -5.060507847999872
              ],
              [
                -79.57892973899993,
                -5.065892597999891
              ],
              [
                -79.5784882389998,
                -5.07006247299995
              ],
              [
                -79.57745511399986,
                -5.071611347999863
              ],
              [
                -79.57667973899993,
                -5.072054722999951
              ],
              [
                -79.57465036399987,
                -5.072609222999915
              ],
              [
                -79.56933786399998,
                -5.070062472999894
              ],
              [
                -79.56631248899993,
                -5.069656222999924
              ],
              [
                -79.56465236399981,
                -5.070984347999854
              ],
              [
                -79.56276948899972,
                -5.07279097299994
              ],
              [
                -79.56114648899973,
                -5.074230472999943
              ],
              [
                -79.5552792389999,
                -5.076001847999976
              ],
              [
                -79.55395111399997,
                -5.07592772299995
              ],
              [
                -79.5488964889999,
                -5.07511722299995
              ],
              [
                -79.54406248899988,
                -5.075263722999978
              ],
              [
                -79.5427714889999,
                -5.076886722999973
              ],
              [
                -79.54096286399977,
                -5.079804722999938
              ],
              [
                -79.53318748899989,
                -5.079331972999967
              ],
              [
                -79.53115036399993,
                -5.081019472999969
              ],
              [
                -79.53032611399993,
                -5.084433597999919
              ],
              [
                -79.53006636399994,
                -5.085093722999943
              ],
              [
                -79.52938473899985,
                -5.085400347999894
              ],
              [
                -79.52844136399995,
                -5.085164097999893
              ],
              [
                -79.52714448899985,
                -5.08455072299995
              ],
              [
                -79.52525973899986,
                -5.083583972999975
              ],
              [
                -79.52320898900001,
                -5.083162097999889
              ],
              [
                -79.51702923899984,
                -5.085621097999933
              ],
              [
                -79.5144353639999,
                -5.08758984799988
              ],
              [
                -79.51194536399993,
                -5.092068347999941
              ],
              [
                -79.50600386399975,
                -5.098435597999924
              ],
              [
                -79.50317973899996,
                -5.100859347999915
              ],
              [
                -79.49686323899994,
                -5.108187472999873
              ],
              [
                -79.49479098899997,
                -5.109388722999881
              ],
              [
                -79.49335348899996,
                -5.110072222999975
              ],
              [
                -79.49123236399987,
                -5.108964847999971
              ],
              [
                -79.49347261399987,
                -5.10646697299984
              ],
              [
                -79.49432223899981,
                -5.103462847999936
              ],
              [
                -79.49544536399975,
                -5.100738222999951
              ],
              [
                -79.49648436399974,
                -5.097449222999956
              ],
              [
                -79.49541986399987,
                -5.095306597999922
              ],
              [
                -79.49248636399989,
                -5.092425722999792
              ],
              [
                -79.49307223899996,
                -5.0876268479999
              ],
              [
                -79.49240823899999,
                -5.085261722999974
              ],
              [
                -79.48937111399988,
                -5.08141797299993
              ],
              [
                -79.48566986399999,
                -5.080191347999914
              ],
              [
                -79.48427536399987,
                -5.078656222999939
              ],
              [
                -79.48362098899986,
                -5.075244097999871
              ],
              [
                -79.48149998899987,
                -5.071992347999867
              ],
              [
                -79.48091011399987,
                -5.064724722999927
              ],
              [
                -79.47939261399983,
                -5.059798847999843
              ],
              [
                -79.47565236399998,
                -5.055537097999832
              ],
              [
                -79.474609364,
                -5.053595722999944
              ],
              [
                -79.47553323899996,
                -5.046373097999947
              ],
              [
                -79.47998623899991,
                -5.037228472999857
              ],
              [
                -79.48038086399987,
                -5.029548847999934
              ],
              [
                -79.48210161399987,
                -5.024745972999824
              ],
              [
                -79.48098048899988,
                -5.020822222999868
              ],
              [
                -79.47687498899995,
                -5.013173722999966
              ],
              [
                -79.47452923899993,
                -5.009945347999917
              ],
              [
                -79.4698729889999,
                -4.995097597999916
              ],
              [
                -79.46589648899993,
                -4.990773472999933
              ],
              [
                -79.46499223899991,
                -4.986890597999889
              ],
              [
                -79.46579886399985,
                -4.984322222999936
              ],
              [
                -79.46577736399985,
                -4.982775347999848
              ],
              [
                -79.46591986399983,
                -4.978589847999899
              ],
              [
                -79.467015614,
                -4.974279347999868
              ],
              [
                -79.4665409889999,
                -4.972947222999949
              ],
              [
                -79.46523236399992,
                -4.97197072299997
              ],
              [
                -79.46400973899972,
                -4.96949809799986
              ],
              [
                -79.46087498899988,
                -4.966949222999972
              ],
              [
                -79.45854298899991,
                -4.964712847999863
              ],
              [
                -79.45411711399998,
                -4.960548847999974
              ],
              [
                -79.45330661399998,
                -4.958644472999936
              ],
              [
                -79.45140236399999,
                -4.954740222999931
              ],
              [
                -79.45057036399999,
                -4.949886722999793
              ],
              [
                -79.4512852389999,
                -4.944080097999972
              ],
              [
                -79.45140036399982,
                -4.937242222999885
              ],
              [
                -79.45101948900003,
                -4.934275347999971
              ],
              [
                -79.45170511399982,
                -4.930826222999883
              ],
              [
                -79.4512852389999,
                -4.927564472999904
              ],
              [
                -79.44872261399996,
                -4.924427722999894
              ],
              [
                -79.44329298900004,
                -4.923664097999961
              ],
              [
                -79.4389707389999,
                -4.924542972999859
              ],
              [
                -79.43174223899996,
                -4.923892597999952
              ],
              [
                -79.42726761299997,
                -4.923931597999967
              ],
              [
                -79.42443548800003,
                -4.922365347999914
              ],
              [
                -79.42114648800003,
                -4.919456972999967
              ],
              [
                -79.42003711299992,
                -4.917582097999968
              ],
              [
                -79.41766611299983,
                -4.916013722999878
              ],
              [
                -79.40971098799986,
                -4.907751972999961
              ],
              [
                -79.40799023799985,
                -4.904158222999968
              ],
              [
                -79.40427923799984,
                -4.899605472999951
              ],
              [
                -79.40254886299994,
                -4.896128847999933
              ],
              [
                -79.40037511299994,
                -4.893048722999936
              ],
              [
                -79.39854298799986,
                -4.891726597999934
              ],
              [
                -79.39627148799985,
                -4.887960972999963
              ],
              [
                -79.39345698799991,
                -4.880789097999923
              ],
              [
                -79.39219336299976,
                -4.874019472999976
              ],
              [
                -79.39169723799984,
                -4.865107472999966
              ],
              [
                -79.39024411299988,
                -4.858107472999961
              ],
              [
                -79.39077923799982,
                -4.854091847999882
              ],
              [
                -79.39223236299989,
                -4.850955097999872
              ],
              [
                -79.39353336299979,
                -4.849042972999939
              ],
              [
                -79.39387886299971,
                -4.847628847999943
              ],
              [
                -79.39318948799996,
                -4.84249609799997
              ],
              [
                -79.39169723799984,
                -4.838027347999969
              ],
              [
                -79.38914261299988,
                -4.834281222999891
              ],
              [
                -79.38386323799978,
                -4.832865222999885
              ],
              [
                -79.37273048799989,
                -4.832650347999959
              ],
              [
                -79.36709961299971,
                -4.835023472999922
              ],
              [
                -79.3653027379998,
                -4.836330097999962
              ],
              [
                -79.36268948799994,
                -4.843025347999969
              ],
              [
                -79.36071873799995,
                -4.845443347999947
              ],
              [
                -79.35906448799994,
                -4.849966847999951
              ],
              [
                -79.35817786299987,
                -4.860150347999877
              ],
              [
                -79.35759161299995,
                -4.863630847999957
              ],
              [
                -79.35559961299998,
                -4.869349597999872
              ],
              [
                -79.35241798799979,
                -4.873800722999931
              ],
              [
                -79.350056613,
                -4.881154347999882
              ],
              [
                -79.34766011299996,
                -4.88442772299976
              ],
              [
                -79.34342773799972,
                -4.886224597999899
              ],
              [
                -79.33626761299979,
                -4.886685597999872
              ],
              [
                -79.3309277379999,
                -4.88452147299995
              ],
              [
                -79.32411911299994,
                -4.884740222999937
              ],
              [
                -79.32070111299993,
                -4.886853472999974
              ],
              [
                -79.31854098799988,
                -4.890937597999937
              ],
              [
                -79.31545111299994,
                -4.894871097999896
              ],
              [
                -79.3088378629999,
                -4.897019472999943
              ],
              [
                -79.304074238,
                -4.902677722999954
              ],
              [
                -79.301001988,
                -4.905037097999923
              ],
              [
                -79.30260936299993,
                -4.911191347999932
              ],
              [
                -79.30081636299991,
                -4.915117222999868
              ],
              [
                -79.2988398629999,
                -4.917076222999981
              ],
              [
                -79.29542573799995,
                -4.922716847999936
              ],
              [
                -79.29411136299984,
                -4.927355472999864
              ],
              [
                -79.29117573799982,
                -4.931441347999964
              ],
              [
                -79.28897073799999,
                -4.933140597999966
              ],
              [
                -79.28416986299987,
                -4.940162097999973
              ],
              [
                -79.27827148799997,
                -4.944115222999926
              ],
              [
                -79.27377348799996,
                -4.9512402229999
              ],
              [
                -79.27358786299988,
                -4.953115222999941
              ],
              [
                -79.26958198799991,
                -4.961304722999955
              ],
              [
                -79.26550973799993,
                -4.967169972999898
              ],
              [
                -79.26303923799998,
                -4.968660097999873
              ],
              [
                -79.25698048799978,
                -4.968619097999976
              ],
              [
                -79.25247073799994,
                -4.967570347999867
              ],
              [
                -79.24791398799971,
                -4.967146472999957
              ],
              [
                -79.23875386299994,
                -4.966958972999976
              ],
              [
                -79.23178711299983,
                -4.966037097999845
              ],
              [
                -79.22424611299994,
                -4.964062472999956
              ],
              [
                -79.21895111299995,
                -4.964826222999932
              ],
              [
                -79.21620398799985,
                -4.96671934799997
              ],
              [
                -79.21165173799989,
                -4.967174597999815
              ],
              [
                -79.20987386299987,
                -4.965507472999889
              ]
            ]
          ]
        ],
        "type": "MultiPolygon"
      },
      "type": "Feature",
      "properties": {
        "PROVINCIA": "HUANCABAMBA",
        "name": "HUANCABAMBA",
        "ID": "190300",
        "DEPARTAMEN": "PIURA"
      }
    }
  ]
}
